num_procs,rank,matrix,elapsed_time,comm_time,local_nz,ghost_entries,local_flops,comp_time
1,0,Andrews,0.0017586945,9.778e-07,410077,0,820154,0.0017577167000000001
1,0,Hook_1498,0.1065803528,2.9324999999999995e-06,31207734,0,62415468,0.1065774203
1,0,bcsstk27,0.0001281024,7.15e-07,28675,0,57350,0.0001273874
1,0,msdoor,0.037371349,3.1467e-06,10328399,0,20656798,0.0373682023
1,0,tmt_sym,0.0128734825,3.3618e-06,2903837,0,5807674,0.0128701207
2,0,Andrews,0.0018555638,0.0001383063,202663,53459,405326,0.0017172575
2,0,Hook_1498,0.1541471481,0.0452093123,15603136,7596746,31206272,0.1089378358
2,0,bcsstk27,6.504099999999999e-05,1.3351e-05,14624,7303,29248,5.168999999999999e-05
2,0,msdoor,0.0347210882,0.0096578363,5144923,2512743,10289846,0.0250632519
2,0,tmt_sym,0.015526437399999999,0.0030328272999999998,1452176,725992,2904352,0.0124936101
2,1,Andrews,0.0018997666,0.0001312254,207414,54185,414828,0.0017685412
2,1,Hook_1498,0.1545383211,0.04521358,15604598,7598405,31209196,0.10932474109999998
2,1,bcsstk27,6.43732e-05,1.36138e-05,14051,6730,28102,5.07594e-05
2,1,msdoor,0.0351053477,0.009651971099999998,5183476,2545401,10366952,0.0254533766
2,1,tmt_sym,0.0154678106,0.0030002596,1451661,725736,2903322,0.012467551
4,0,Andrews,0.0015689376999999999,0.0003050569999999999,101144,56607,202288,0.0012638807
4,0,Hook_1498,0.10382208820000001,0.0379753355,7802548,5692709,15605096,0.06584675270000001
4,0,bcsstk27,3.70504e-05,1.07767e-05,7317,5395,14634,2.62737e-05
4,0,msdoor,0.0287817721,0.009097671399999998,2558744,1871027,5117488,0.0196841007
4,0,tmt_sym,0.0083617691,0.0026736255999999996,726120,453905,1452240,0.005688143499999999
4,1,Andrews,0.0016192917999999998,0.00031349619999999993,104188,58254,208376,0.0013057955999999998
4,1,Hook_1498,0.10417721229999999,0.0381219623,7800863,5692751,15601726,0.06605524999999998
4,1,bcsstk27,3.6263799999999997e-05,1.1206e-05,7016,5098,14032,2.5057799999999996e-05
4,1,msdoor,0.0286245342,0.0090242626,2576982,1887950,5153964,0.0196002716
4,1,tmt_sym,0.0085433002,0.0027117493999999995,725844,453588,1451688,0.0058315508
4,2,Andrews,0.0017861607999999998,0.00033817289999999996,101519,56581,203038,0.0014479878999999998
4,2,Hook_1498,0.1039374355,0.037860274,7800588,5690589,15601176,0.0660771615
4,2,bcsstk27,3.6955e-05,1.0967e-05,7307,5390,14614,2.5988000000000003e-05
4,2,msdoor,0.0287111517,0.009098624999999999,2586179,1899120,5172358,0.0196125267
4,2,tmt_sym,0.0082431074,0.0025659088999999994,726056,453802,1452112,0.0056771985
4,3,Andrews,0.0015380856,0.0003411291999999999,103226,57356,206452,0.0011969564
4,3,Hook_1498,0.1039768458,0.0381587984,7803735,5691972,15607470,0.0658180474
4,3,bcsstk27,3.6001e-05,1.1206e-05,7035,5115,14070,2.4795000000000002e-05
4,3,msdoor,0.0286665675,0.009070277399999998,2606494,1917833,5212988,0.019596290100000004
4,3,tmt_sym,0.008332753299999999,0.0026555298999999997,725817,453313,1451634,0.005677223399999999
8,0,Andrews,0.0006388666,0.00011286689999999995,50623,35617,101246,0.0005259997
8,0,Hook_1498,0.0537060973,0.0244009974,3898612,3308781,7797224,0.0293050999
8,0,bcsstk27,2.86577e-05,1.29703e-05,3667,3137,7334,1.5687399999999998e-05
8,0,msdoor,0.019054579899999997,0.0075773713999999995,1281251,1093631,2562502,0.011477208499999997
8,0,tmt_sym,0.0041736604,0.0014845375999999995,362930,251661,725860,0.0026891228000000007
8,1,Andrews,0.0006394622,0.00010621549999999997,51802,36707,103604,0.0005332467
8,1,Hook_1498,0.0525606871,0.0245622873,3895764,3306649,7791528,0.027998399800000004
8,1,bcsstk27,2.67507e-05,1.24218e-05,3509,2981,7018,1.4328900000000001e-05
8,1,msdoor,0.0194234609,0.007680606699999999,1290741,1102943,2581482,0.011742854200000003
8,1,tmt_sym,0.0044924978,0.0017145392999999998,363031,249543,726062,0.0027779585000000002
8,2,Andrews,0.0006196021,0.00011112679999999995,50656,35748,101312,0.0005084753
8,2,Hook_1498,0.05283637,0.023733639399999996,3896192,3307151,7792384,0.029102730600000005
8,2,bcsstk27,2.52486e-05,1.0633099999999998e-05,3641,3116,7282,1.4615500000000003e-05
8,2,msdoor,0.0191568136,0.007492447199999999,1295807,1108342,2591614,0.0116643664
8,2,tmt_sym,0.0045458076,0.0017588853999999997,363275,247632,726550,0.0027869222000000003
8,3,Andrews,0.0006356476,0.00010814659999999997,51507,36280,103014,0.0005275010000000001
8,3,Hook_1498,0.0528108593,0.0236140724,3900463,3310430,7800926,0.029196786899999997
8,3,bcsstk27,2.58444e-05,1.11339e-05,3500,2973,7000,1.47105e-05
8,3,msdoor,0.019208240799999998,0.0081465724,1305906,1118212,2611812,0.011061668399999999
8,3,tmt_sym,0.004525136999999999,0.0017937419999999996,362540,249164,725080,0.0027313949999999997
8,4,Andrews,0.0006195309,0.00011162719999999995,50521,35725,101042,0.0005079037
8,4,Hook_1498,0.0534173968,0.0239144799,3903936,3313492,7807872,0.029502916900000002
8,4,bcsstk27,2.6249699999999997e-05,1.1014599999999998e-05,3650,3122,7300,1.52351e-05
8,4,msdoor,0.018924927799999998,0.0077390196,1277493,1092082,2554986,0.011185908199999997
8,4,tmt_sym,0.0062672375999999995,0.0020208361,363190,251766,726380,0.0042464015
8,5,Andrews,0.0006468773999999999,0.00010914809999999996,52386,37119,104772,0.0005377293
8,5,Hook_1498,0.051706123199999995,0.022546148499999998,3905099,3314954,7810198,0.029159974699999997
8,5,bcsstk27,2.45569e-05,1.0275699999999999e-05,3507,2978,7014,1.42812e-05
8,5,msdoor,0.019065189599999997,0.0080603125,1286241,1100460,2572482,0.011004877099999998
8,5,tmt_sym,0.0047073604,0.002028346,362813,249458,725626,0.0026790144
8,6,Andrews,0.0006229876999999999,0.00010635869999999995,50863,35902,101726,0.0005166289999999999
8,6,Hook_1498,0.052990579999999995,0.023818444799999998,3904396,3313720,7808792,0.029172135199999998
8,6,bcsstk27,2.48431e-05,9.870799999999999e-06,3666,3135,7332,1.49723e-05
8,6,msdoor,0.0190868135,0.0076300147999999995,1290372,1105085,2580744,0.011456798700000001
8,6,tmt_sym,0.0042759181,0.0015507933999999997,362781,247182,725562,0.0027251247
8,7,Andrews,0.0006364103,0.00010788479999999995,51719,36647,103438,0.0005285255
8,7,Hook_1498,0.0526687146,0.0244498489,3903272,3312570,7806544,0.028218865699999998
8,7,bcsstk27,2.4509699999999997e-05,1.00134e-05,3535,3004,7070,1.4496299999999997e-05
8,7,msdoor,0.0191895965,0.0081956627,1300588,1114832,2601176,0.0109939338
8,7,tmt_sym,0.0044352058,0.0017106058999999997,363277,249681,726554,0.0027245999
16,0,Andrews,0.000308299,9.245879999999998e-05,25418,19812,50836,0.00021584020000000003
16,0,Hook_1498,0.0311527967,0.0160359148,1948584,1763661,3897168,0.0151168819
16,0,bcsstk27,2.3293299999999996e-05,1.56881e-05,1838,1691,3676,7.605199999999996e-06
16,0,msdoor,0.0116201158,0.005494737899999999,640437,584179,1280874,0.006125377900000001
16,0,tmt_sym,0.0023665428,0.0008049009999999998,181270,131233,362540,0.0015616418000000002
16,1,Andrews,0.00031688209999999997,8.897819999999999e-05,25973,20247,51946,0.00022790389999999998
16,1,Hook_1498,0.0313903811,0.0157715082,1946145,1761706,3892290,0.015618872900000004
16,1,bcsstk27,2.23164e-05,1.49493e-05,1756,1610,3512,7.367099999999999e-06
16,1,msdoor,0.0115205284,0.0054844618,644599,587876,1289198,0.006036066600000001
16,1,tmt_sym,0.0022082803999999997,0.0008097889999999999,181630,131157,363260,0.0013984913999999997
16,2,Andrews,0.0003105399,9.260199999999998e-05,25361,19701,50722,0.00021793790000000003
16,2,Hook_1498,0.0314083816,0.016180586599999998,1946169,1761720,3892338,0.015227795000000002
16,2,bcsstk27,2.02181e-05,1.28271e-05,1830,1684,3660,7.390999999999999e-06
16,2,msdoor,0.011173510699999998,0.0055281877,646874,589801,1293748,0.005645322999999998
16,2,tmt_sym,0.0021842952,0.0007542851999999998,181722,130102,363444,0.00143001
16,3,Andrews,0.00031614319999999997,9.791829999999999e-05,25702,20023,51404,0.00021822489999999997
16,3,Hook_1498,0.0309481146,0.0158258439,1947798,1763230,3895596,0.015122270699999999
16,3,bcsstk27,2.4103999999999995e-05,1.2969799999999999e-05,1739,1594,3478,1.1134199999999996e-05
16,3,msdoor,0.0115780596,0.0054209708,651848,595039,1303696,0.006157088799999999
16,3,tmt_sym,0.0021794084,0.0007355690999999998,181131,129518,362262,0.0014438393000000002
16,4,Andrews,0.0003118512,9.985009999999998e-05,25296,19731,50592,0.0002120011
16,4,Hook_1498,0.031380128800000004,0.0161785128,1949220,1764802,3898440,0.015201616000000005
16,4,bcsstk27,2.22687e-05,1.4424599999999997e-05,1828,1681,3656,7.844100000000002e-06
16,4,msdoor,0.010837007000000001,0.0054769751,637904,581739,1275808,0.005360031900000001
16,4,tmt_sym,0.0021903278999999996,0.0007479905999999998,181624,130619,363248,0.0014423372999999998
16,5,Andrews,0.0003232479,0.00010259159999999998,26090,20417,52180,0.00022065630000000003
16,5,Hook_1498,0.031756544399999996,0.015924358,1950828,1766242,3901656,0.015832186399999996
16,5,bcsstk27,2.5009899999999996e-05,1.3923799999999999e-05,1747,1599,3494,1.1086099999999997e-05
16,5,msdoor,0.0117148403,0.0055521486,642166,585473,1284332,0.0061626916999999995
16,5,tmt_sym,0.0022391800999999995,0.0007623435999999997,181466,129753,362932,0.0014768364999999998
16,6,Andrews,0.00032079239999999995,0.00010607209999999998,25361,19736,50722,0.00021472029999999997
16,6,Hook_1498,0.0319303509,0.0162066222,1951128,1766131,3902256,0.0157237287
16,6,bcsstk27,3.51188e-05,2.7727799999999996e-05,1833,1684,3666,7.391000000000004e-06
16,6,msdoor,0.011618995699999999,0.0054123159999999995,644374,588238,1288748,0.0062066796999999995
16,6,tmt_sym,0.0020656584999999995,0.0008083824999999998,181348,129810,362696,0.0012572759999999997
16,7,Andrews,0.0003234386,0.00010509519999999998,25792,20161,51584,0.0002183434
16,7,Hook_1498,0.0315883395,0.0160634994,1952183,1766826,3904366,0.0155248401
16,7,bcsstk27,2.3222399999999993e-05,1.4782e-05,1774,1625,3548,8.440399999999993e-06
16,7,msdoor,0.0116422413,0.0054442642,649472,593567,1298944,0.0061979771
16,7,tmt_sym,0.0021075966,0.0007896900999999998,181639,131128,363278,0.0013179065000000002
16,8,Andrews,0.0003207925,0.00010762229999999999,25205,19622,50410,0.0002131702
16,8,Hook_1498,0.0311793567,0.0158203364,1950028,1764762,3900056,0.015359020300000002
16,8,bcsstk27,3.0303099999999998e-05,1.76429e-05,1829,1682,3658,1.2660199999999998e-05
16,8,msdoor,0.010926508599999999,0.0053505895999999996,640814,583523,1281628,0.0055759189999999995
16,8,tmt_sym,0.0022037033,0.0008067848999999998,181660,131605,363320,0.0013969184000000002
16,9,Andrews,0.0003235577,0.0001060964,25829,20214,51658,0.0002174613
16,9,Hook_1498,0.0309637549,0.0157911777,1949619,1764519,3899238,0.015172577200000002
16,9,bcsstk27,2.82286e-05,1.57358e-05,1753,1608,3506,1.24928e-05
16,9,msdoor,0.0111413477,0.005493784,646142,589291,1292284,0.0056475637
16,9,tmt_sym,0.0021914003999999997,0.0007752419999999998,181401,131012,362802,0.0014161584
16,10,Andrews,0.00032031549999999995,0.00010886169999999998,25295,19711,50590,0.00021145379999999996
16,10,Hook_1498,0.031788968800000005,0.0163452623,1950023,1764878,3900046,0.015443706500000005
16,10,bcsstk27,2.60356e-05,1.3875599999999998e-05,1811,1667,3622,1.216e-05
16,10,msdoor,0.0109256507,0.0053017381,648933,592642,1297866,0.005623912599999999
16,10,tmt_sym,0.0022500989999999998,0.0008034701999999998,181553,129899,363106,0.0014466288
16,11,Andrews,0.0003239628,0.00010492789999999999,25805,20119,51610,0.00021903490000000004
16,11,Hook_1498,0.0310034035,0.015939426,1952665,1767421,3905330,0.015063977499999999
16,11,bcsstk27,2.5701599999999998e-05,1.3351799999999998e-05,1761,1615,3522,1.23498e-05
16,11,msdoor,0.0108481406,0.0051908492,654058,597239,1308116,0.0056572914
16,11,tmt_sym,0.0021763086,0.0008275034999999998,181409,129769,362818,0.0013488051
16,12,Andrews,0.0003236051,0.00011510809999999999,25225,19644,50450,0.00020849700000000003
16,12,Hook_1498,0.0317740203,0.016123438,1954716,1769513,3909432,0.015650582299999997
16,12,bcsstk27,2.21252e-05,1.4734199999999999e-05,1822,1676,3644,7.391000000000001e-06
16,12,msdoor,0.011203599,0.0051728721,639589,583237,1279178,0.0060307269
16,12,tmt_sym,0.0020022628999999998,0.0007555010999999998,181566,130493,363132,0.0012467618
16,13,Andrews,0.00034184469999999997,0.00011930499999999998,26296,20631,52592,0.00022253969999999997
16,13,Hook_1498,0.0318496942,0.016332984,1954271,1769120,3908542,0.015516710200000002
16,13,bcsstk27,2.0742799999999997e-05,1.3613699999999998e-05,1760,1613,3520,7.129099999999999e-06
16,13,msdoor,0.011637640099999999,0.0055946349,644075,588125,1288150,0.006043005199999999
16,13,tmt_sym,0.0020186665999999995,0.0007598398999999999,181347,129728,362694,0.0012588266999999996
16,14,Andrews,0.00035505329999999997,0.00012106939999999999,25502,19882,51004,0.00023398389999999998
16,14,Hook_1498,0.0309734821,0.0155994176,1953268,1768309,3906536,0.015374064500000001
16,14,bcsstk27,1.9621600000000002e-05,1.22067e-05,1833,1686,3666,7.4149000000000025e-06
16,14,msdoor,0.0114785436,0.0053434374000000005,645998,589805,1291996,0.0061351062
16,14,tmt_sym,0.002170849,0.0008151055999999998,181433,129838,362866,0.0013557434
16,15,Andrews,0.0003648283,0.00012424,25927,20263,51854,0.0002405883
16,15,Hook_1498,0.031833696700000004,0.0161039592,1951089,1766056,3902178,0.015729737500000004
16,15,bcsstk27,2.0266e-05,1.2875e-05,1761,1615,3522,7.390999999999999e-06
16,15,msdoor,0.0111464735,0.0054469822000000005,651116,594354,1302232,0.0056994913
16,15,tmt_sym,0.0022716286999999997,0.0008223291999999999,181638,131171,363276,0.0014492995
32,0,Andrews,0.0006325483,0.0005370142999999999,12681,10367,25362,9.553400000000009e-05
32,0,Hook_1498,0.0471278188,0.0382557152,972745,904793,1945490,0.0088721036
32,0,bcsstk27,0.00030391179999999997,0.0002997872999999999,933,860,1866,4.124500000000052e-06
32,0,msdoor,0.028046846499999997,0.024003696399999996,320135,299847,640270,0.0040431501
32,0,tmt_sym,0.0157005309,0.0143545627,90585,66721,181170,0.0013459681999999987
32,1,Andrews,0.0006356478,0.0005380389,12954,10608,25908,9.760889999999999e-05
32,1,Hook_1498,0.0464787005,0.0379399299,972927,904955,1945854,0.008538770599999995
32,1,bcsstk27,0.00029766539999999994,0.00029380359999999997,882,810,1764,3.86179999999997e-06
32,1,msdoor,0.026131796899999997,0.0230411772,322598,302140,645196,0.0030906196999999982
32,1,tmt_sym,0.015181517199999998,0.014351082199999999,90818,66786,181636,0.0008304349999999992
32,2,Andrews,0.0006406547,0.0005431411,12628,10275,25256,9.751360000000001e-05
32,2,Hook_1498,0.0470340733,0.038102197500000004,972581,904745,1945162,0.008931875799999996
32,2,bcsstk27,0.00029511429999999996,0.00029122869999999995,918,846,1836,3.885600000000009e-06
32,2,msdoor,0.0262042046,0.0233835698,323864,303467,647728,0.0028206347999999992
32,2,tmt_sym,0.015213060799999999,0.0143721819,90959,66699,181918,0.0008408788999999996
32,3,Andrews,0.0006001238,0.0005023006999999999,12823,10482,25646,9.782310000000006e-05
32,3,Hook_1498,0.047046208199999995,0.038093185099999996,973651,905688,1947302,0.008953023099999999
32,3,bcsstk27,0.0002858398,0.00028195419999999996,883,811,1766,3.885600000000009e-06
32,3,msdoor,0.025236797,0.0224524498,325977,305527,651954,0.0027843471999999987
32,3,tmt_sym,0.014763832499999999,0.0138913394,90504,66172,181008,0.0008724930999999998
32,4,Andrews,0.0006238459,0.000530386,12572,10228,25144,9.345990000000004e-05
32,4,Hook_1498,0.0458353522,0.0374917745,973707,905877,1947414,0.0083435777
32,4,bcsstk27,0.00029251609999999997,0.00028841539999999996,934,861,1868,4.100700000000013e-06
32,4,msdoor,0.0329209563,0.0282856943,318486,298128,636972,0.004635261999999998
32,4,tmt_sym,0.015363454499999998,0.014559555299999999,90855,66736,181710,0.0008038991999999995
32,5,Andrews,0.0005926612,0.0004902126000000001,12980,10629,25960,0.00010244859999999998
32,5,Hook_1498,0.0458020209,0.0375194548,974330,906534,1948660,0.0082825661
32,5,bcsstk27,0.00028920199999999996,0.0002855534999999999,894,820,1788,3.648500000000038e-06
32,5,msdoor,0.024730920899999998,0.0228439096,321070,300588,642140,0.001887011299999998
32,5,tmt_sym,0.014361644199999999,0.0135226962,90698,66358,181396,0.0008389479999999991
32,6,Andrews,0.0006134507,0.0005022049,12755,10404,25510,0.0001112458
32,6,Hook_1498,0.0464432718,0.0380986688,975166,907255,1950332,0.008344602999999999
32,6,bcsstk27,0.00028359859999999997,0.00027949789999999995,933,859,1866,4.100700000000013e-06
32,6,msdoor,0.022055935999999998,0.0200352432,322055,301668,644110,0.002020692799999998
32,6,tmt_sym,0.015312886299999998,0.014470076699999999,90565,66295,181130,0.0008428095999999993
32,7,Andrews,0.0006253958,0.0004992721,12849,10485,25698,0.00012612370000000003
32,7,Hook_1498,0.0464629175,0.0375838995,976100,907979,1952200,0.008879018000000002
32,7,bcsstk27,0.0002768276,0.00027318009999999996,898,825,1796,3.6475000000000223e-06
32,7,msdoor,0.023117351499999998,0.0200119729,324351,304094,648702,0.0031053785999999965
32,7,tmt_sym,0.015329075,0.014466095199999997,90947,66907,181894,0.0008629798000000018
32,8,Andrews,0.0005482668999999999,0.000454307,12629,10321,25258,9.395989999999994e-05
32,8,Hook_1498,0.0470597028,0.0385483737,975096,906823,1950192,0.0085113291
32,8,bcsstk27,0.0002772812,0.0002729654,915,842,1830,4.315800000000017e-06
32,8,msdoor,0.0256901742,0.022932338899999998,320048,299530,640096,0.0027578353000000007
32,8,tmt_sym,0.015306163199999999,0.0144653558,90701,66857,181402,0.0008408073999999991
32,9,Andrews,0.0005094288,0.0004068853,12900,10561,25800,0.00010254349999999998
32,9,Hook_1498,0.06170275189999999,0.0520444633,973981,905835,1947962,0.009658288599999988
32,9,bcsstk27,0.00025715789999999997,0.000253558,879,807,1758,3.599899999999999e-06
32,9,msdoor,0.025823235599999998,0.022932506,322781,302270,645562,0.002890729599999999
32,9,tmt_sym,0.015296268499999998,0.0144572258,90753,66859,181506,0.0008390426999999989
32,10,Andrews,0.0005099058,0.0004101755,12701,10351,25402,9.973030000000002e-05
32,10,Hook_1498,0.0460359338,0.0374971151,974666,906565,1949332,0.008538818699999999
32,10,bcsstk27,0.00026829219999999996,0.00026438279999999997,899,827,1798,3.9093999999999934e-06
32,10,msdoor,0.0250481842,0.0222976927,323971,303751,647942,0.0027504915000000005
32,10,tmt_sym,0.0170362708,0.0162050959,90819,66572,181638,0.0008311748999999986
32,11,Andrews,0.0004852054,0.0003863338,12953,10594,25906,9.887159999999998e-05
32,11,Hook_1498,0.0467946764,0.0381629233,975804,907729,1951608,0.0086317531
32,11,bcsstk27,0.00023636799999999996,0.00023269659999999997,866,794,1732,3.6713999999999866e-06
32,11,msdoor,0.0253108025,0.0222774507,326617,306299,653234,0.0030333518000000004
32,11,tmt_sym,0.0184202191,0.017606497,90791,66647,181582,0.0008137221000000007
32,12,Andrews,0.00047462029999999997,0.0003798247,12520,10190,25040,9.479559999999999e-05
32,12,Hook_1498,0.0471233365,0.0382418393,977977,909709,1955954,0.008881497200000005
32,12,bcsstk27,0.00029490029999999995,0.0002905845,904,832,1808,4.315799999999963e-06
32,12,msdoor,0.025808953899999997,0.022855663699999997,319286,298847,638572,0.0029532902
32,12,tmt_sym,0.0170883652,0.0163119314,90754,66616,181508,0.0007764338000000003
32,13,Andrews,0.0004943607,0.0003963707,12969,10626,25938,9.799e-05
32,13,Hook_1498,0.0457850695,0.0376206163,977237,909137,1954474,0.008164453199999998
32,13,bcsstk27,0.00022773729999999999,0.00022370809999999996,874,801,1748,4.029200000000026e-06
32,13,msdoor,0.0256129976,0.0228490354,321644,301434,643288,0.002763962200000001
32,13,tmt_sym,0.0150900364,0.0142623666,90682,66527,181364,0.0008276697999999999
32,14,Andrews,0.00043432679999999996,0.0003325227,12670,10331,25340,0.00010180409999999997
32,14,Hook_1498,0.0470233199,0.038143206,978414,910237,1956828,0.0088801139
32,14,bcsstk27,0.00023465189999999998,0.00023059889999999997,909,836,1818,4.05300000000001e-06
32,14,msdoor,0.0251788376,0.0222182992,323366,303187,646732,0.0029605384000000005
32,14,tmt_sym,0.0268081188,0.0254104373,90586,66337,181172,0.0013976814999999976
32,15,Andrews,0.0005416635,0.0003192428,12942,10569,25884,0.0002224207
32,15,Hook_1498,0.0611544135,0.0519891982,976435,908276,1952870,0.009165215299999994
32,15,bcsstk27,0.00021398019999999997,0.00021035649999999998,867,795,1734,3.6236999999999836e-06
32,15,msdoor,0.0243643523,0.022195219699999998,325721,305257,651442,0.0021691326000000018
32,15,tmt_sym,0.014797615699999999,0.013897824399999998,90882,67014,181764,0.000899791300000001
32,16,Andrews,0.00039291419999999997,0.0002809288,12737,10418,25474,0.00011198539999999997
32,16,Hook_1498,0.0493743177,0.0382475853,975839,907720,1951678,0.011126732400000006
32,16,bcsstk27,0.00021831989999999998,0.00021445719999999997,905,833,1810,3.862700000000006e-06
32,16,msdoor,0.025545072399999997,0.022779488699999996,320302,300034,640604,0.002765583700000001
32,16,tmt_sym,0.016917371999999996,0.016083812899999998,90685,66809,181370,0.0008335590999999989
32,17,Andrews,0.0003888373,0.0002891062,13019,10627,26038,9.973110000000002e-05
32,17,Hook_1498,0.0468338017,0.0384523866,973218,905425,1946436,0.008381415099999998
32,17,bcsstk27,0.00024666769999999997,0.0002423528,874,803,1748,4.314899999999981e-06
32,17,msdoor,0.025813508099999997,0.022753715799999998,322001,301680,644002,0.003059792299999999
32,17,tmt_sym,0.0169084551,0.0160801172,90812,66784,181624,0.0008283379
32,18,Andrews,0.0003100632,0.00021193,12733,10394,25466,9.813319999999996e-05
32,18,Hook_1498,0.0470298526,0.0383678198,973588,905772,1947176,0.008662032799999997
32,18,bcsstk27,0.00024082689999999998,0.00023696429999999998,912,841,1824,3.862599999999999e-06
32,18,msdoor,0.029078674199999998,0.0260838028,323010,302564,646020,0.002994871399999998
32,18,tmt_sym,0.0169415716,0.0160772323,90763,66488,181526,0.0008643392999999992
32,19,Andrews,0.00039322349999999995,0.0002226829,12879,10516,25758,0.00017054059999999996
32,19,Hook_1498,0.0605985402,0.049789119,974147,906298,1948294,0.010809421200000002
32,19,bcsstk27,0.00023336389999999998,0.00022952599999999997,856,785,1712,3.837900000000006e-06
32,19,msdoor,0.030766677500000002,0.026073479799999997,325871,305493,651742,0.0046931977000000055
32,19,tmt_sym,0.016886472399999998,0.016071605699999998,90627,66278,181254,0.0008148666999999998
32,20,Andrews,0.0002784491,0.0001817943,12724,10396,25448,9.665479999999997e-05
32,20,Hook_1498,0.045965266,0.037062764299999995,975513,907386,1951026,0.008902501700000003
32,20,bcsstk27,0.0002485756,0.00022409009999999998,894,823,1788,2.4485500000000015e-05
32,20,msdoor,0.0259172674,0.023914480399999997,319418,299106,638836,0.0020027870000000024
32,20,tmt_sym,0.0169175867,0.0160703898,90769,66710,181538,0.0008471968999999996
32,21,Andrews,0.0002838132,0.0001849413,13110,10721,26220,9.88719e-05
32,21,Hook_1498,0.0494378562,0.037792873500000004,976498,908510,1952996,0.011644982699999994
32,21,bcsstk27,0.00021667489999999996,0.00021305119999999998,853,781,1706,3.6236999999999836e-06
32,21,msdoor,0.0259149788,0.0239528181,321096,300616,642192,0.0019621607
32,21,tmt_sym,0.026079463599999998,0.025352597299999998,90768,66361,181536,0.0007268663000000002
32,22,Andrews,0.0003839732,0.0001995798,12606,10279,25212,0.00018439339999999998
32,22,Hook_1498,0.0461149695,0.037887955,975962,907630,1951924,0.008227014499999998
32,22,bcsstk27,0.00021095299999999997,0.00020699489999999996,900,828,1800,3.958100000000012e-06
32,22,msdoor,0.016801452499999994,0.013640880299999996,322319,302070,644638,0.003160572199999998
32,22,tmt_sym,0.016919326899999997,0.016064500399999997,90783,66576,181566,0.0008548264999999992
32,23,Andrews,0.0003310676,0.0002026555,12943,10619,25886,0.00012841209999999998
32,23,Hook_1498,0.0863494873,0.0780117993,976083,907837,1952166,0.008337687999999996
32,23,bcsstk27,0.00023617699999999999,0.0002323391,876,804,1752,3.837899999999979e-06
32,23,msdoor,0.0187047243,0.0140478137,325121,304819,650242,0.0046569105999999996
32,23,tmt_sym,0.0168876648,0.0160579684,90692,66634,181384,0.0008296963999999997
32,24,Andrews,0.0006454232,0.0005617379000000001,12576,10213,25152,8.36852999999999e-05
32,24,Hook_1498,0.052604079399999996,0.04497661559999999,974932,906755,1949864,0.007627463800000005
32,24,bcsstk27,0.0002768755,0.0002709388,914,842,1828,5.936700000000027e-06
32,24,msdoor,0.026838349999999997,0.0235622643,320766,300194,641532,0.003276085699999997
32,24,tmt_sym,0.015238452299999998,0.0144424911,90959,67087,181918,0.0007959611999999987
32,25,Andrews,0.0006566763999999999,0.0005636695,12929,10609,25858,9.300689999999995e-05
32,25,Hook_1498,0.052368402599999996,0.0458618398,975638,907607,1951276,0.006506562799999997
32,25,bcsstk27,0.0002296684,0.0002263066,874,803,1748,3.3618000000000124e-06
32,25,msdoor,0.026118540399999998,0.0236707684,323361,302950,646722,0.0024477719999999974
32,25,tmt_sym,0.0156486271,0.014431619299999998,90648,66787,181296,0.0012170078000000011
32,26,Andrews,0.0006695275,0.0005783323,12594,10236,25188,9.119520000000004e-05
32,26,Hook_1498,0.0543281553,0.046170210999999996,975357,907363,1950714,0.008157944300000004
32,26,bcsstk27,0.000260115,0.0002563,912,841,1824,3.815000000000003e-06
32,26,msdoor,0.0263533597,0.0235805513,324962,304682,649924,0.0027728084
32,26,tmt_sym,0.015206647299999999,0.014401507599999998,90734,66482,181468,0.0008051397000000005
32,27,Andrews,0.0006625887,0.0005685802,12852,10503,25704,9.400849999999998e-05
32,27,Hook_1498,0.05395803439999999,0.0460278987,976861,908765,1953722,0.007930135699999993
32,27,bcsstk27,0.0002295259,0.0002259489,895,823,1790,3.5769999999999964e-06
32,27,msdoor,0.026068925499999996,0.0236380813,327441,306959,654882,0.002430844199999997
32,27,tmt_sym,0.0156411168,0.014419603199999999,90618,66448,181236,0.0012215136000000015
32,28,Andrews,0.0006062748,0.0005132674,12705,10371,25410,9.300740000000001e-05
32,28,Hook_1498,0.0500574826,0.0426582814,976739,908731,1953478,0.007399201200000004
32,28,bcsstk27,0.00023071770000000002,0.0002274036,918,846,1836,3.3141000000000095e-06
32,28,msdoor,0.026251077699999997,0.023595762599999997,320303,300160,640606,0.0026553150999999997
32,28,tmt_sym,0.015120076999999999,0.0143904686,90812,66697,181624,0.0007296083999999998
32,29,Andrews,0.0006372214,0.0005425694,13327,11007,26654,9.465199999999997e-05
32,29,Hook_1498,0.055512309399999994,0.0461474655,977034,909024,1954068,0.009364843899999996
32,29,bcsstk27,0.0002880576,0.0002844807,886,814,1772,3.5769000000000165e-06
32,29,msdoor,0.026060295499999997,0.023362016899999997,322431,302216,644862,0.0026982785999999995
32,29,tmt_sym,0.0155482527,0.014396619499999999,90665,66497,181330,0.0011516332
32,30,Andrews,0.00055263,0.0004683974,12832,10493,25664,8.423260000000004e-05
32,30,Hook_1498,0.0470722433,0.0391622543,974854,906909,1949708,0.007909989
32,30,bcsstk27,0.0002434258,0.000240064,924,852,1848,3.3617999999999853e-06
32,30,msdoor,0.025843453699999998,0.0234552621,322632,302237,645264,0.002388191599999999
32,30,tmt_sym,0.0151454922,0.0143783573,90847,66638,181694,0.000767134899999999
32,31,Andrews,0.0005276437,0.0004330871,12985,10662,25970,9.455659999999997e-05
32,31,Hook_1498,0.053636908899999995,0.0456812861,974654,906594,1949308,0.007955622799999992
32,31,bcsstk27,0.0002320529,0.000228953,894,822,1788,3.099899999999987e-06
32,31,msdoor,0.025743222499999996,0.023364949399999998,325395,304897,650790,0.002378273099999998
32,31,tmt_sym,0.0151249409,0.0143613097,90756,66838,181512,0.0007636311999999999
64,0,Andrews,0.0212782387,0.021222591199999998,6299,5239,12598,5.5647500000002154e-05
64,0,Hook_1498,0.417230105,0.4121715065,485623,457392,971246,0.005058598500000011
64,0,bcsstk27,0.0135396718,0.013536167299999999,468,448,936,3.5045000000011317e-06
64,0,msdoor,0.0233048915,0.0217616554,159890,151608,319780,0.0015432361000000012
64,0,tmt_sym,0.0035343172999999996,0.002861261,45253,33631,90506,0.0006730562999999997
64,1,Andrews,0.0203849557,0.020334553899999996,6561,5512,13122,5.040180000000227e-05
64,1,Hook_1498,0.417506313,0.41244328059999996,485798,457454,971596,0.005063032400000056
64,1,bcsstk27,0.013538503799999999,0.013535928499999999,454,434,908,2.5752999999999887e-06
64,1,msdoor,0.0232623814,0.0217693087,161210,152826,322420,0.0014930727000000005
64,1,tmt_sym,0.0033955572,0.0027788165,45482,33769,90964,0.0006167407
64,2,Andrews,0.0207717898,0.020726251499999997,6393,5340,12786,4.553830000000175e-05
64,2,Hook_1498,0.4172084091,0.4121601577,485637,457315,971274,0.005048251400000037
64,2,bcsstk27,0.013541293199999999,0.013538909099999998,471,451,942,2.384100000000708e-06
64,2,msdoor,0.0154402735,0.014348196700000001,161704,153262,323408,0.0010920767999999994
64,2,tmt_sym,0.003246522,0.0025980235,45357,33666,90714,0.0006484985000000001
64,3,Andrews,0.0264677764,0.026373028599999997,6446,5400,12892,9.474780000000294e-05
64,3,Hook_1498,0.418100333,0.4120174882,487042,458557,974084,0.006082844799999987
64,3,bcsstk27,0.014985323299999999,0.014982700299999999,451,431,902,2.6230000000002085e-06
64,3,msdoor,0.0156445978,0.0141776322,163071,154651,326142,0.0014669656
64,3,tmt_sym,0.0042958970999999995,0.0027565716,45289,33444,90578,0.0015393254999999995
64,4,Andrews,0.020770072799999997,0.0207255599,6290,5229,12580,4.451289999999816e-05
64,4,Hook_1498,0.4170704607,0.4119308474,487679,459310,975358,0.005139613299999957
64,4,bcsstk27,0.013520526599999999,0.013518166399999998,471,451,942,2.3602000000007978e-06
64,4,msdoor,0.0238601208,0.0215428595,159363,150946,318726,0.002317261299999998
64,4,tmt_sym,0.0039940354,0.0025941612,45401,33704,90802,0.0013998742000000002
64,5,Andrews,0.019869399099999997,0.019823527299999998,6505,5448,13010,4.5871799999999685e-05
64,5,Hook_1498,0.42606163039999995,0.418495226,488199,459905,976398,0.007566404399999949
64,5,bcsstk27,0.013526296799999999,0.013524150799999999,446,426,892,2.1459999999997453e-06
64,5,msdoor,0.0229162451,0.0214280125,160501,152102,321002,0.0014882326000000001
64,5,tmt_sym,0.0032577752999999997,0.0025766851999999996,45335,33665,90670,0.0006810901000000001
64,6,Andrews,0.0260438199,0.025994920600000002,6376,5302,12752,4.889929999999862e-05
64,6,Hook_1498,0.4170820954,0.41208014509999996,488044,459734,976088,0.005001950300000058
64,6,bcsstk27,0.013517808999999999,0.013515233799999998,466,446,932,2.5752000000003883e-06
64,6,msdoor,0.0230218175,0.0213628293,160798,152426,321596,0.0016589881999999993
64,6,tmt_sym,0.0029679296,0.0025869365000000004,45305,33514,90610,0.00038099309999999964
64,7,Andrews,0.0260325431,0.0259798524,6463,5406,12926,5.269070000000001e-05
64,7,Hook_1498,0.4196678639,0.4143143418,487961,459577,975922,0.005353522100000008
64,7,bcsstk27,0.013492488899999999,0.013489889799999998,452,432,904,2.5991000000002984e-06
64,7,msdoor,0.0228597163,0.0214042661,161977,153689,323954,0.0014554501999999997
64,7,tmt_sym,0.0032559869,0.0025588985999999998,45387,33742,90774,0.0006970883000000003
64,8,Andrews,0.026037835899999997,0.0259891746,6278,5232,12556,4.866129999999552e-05
64,8,Hook_1498,0.41761496039999996,0.41181035,487482,459110,974964,0.005804610399999965
64,8,bcsstk27,0.013449096299999998,0.0134465219,450,431,900,2.5743999999983808e-06
64,8,msdoor,0.0238734723,0.0215512038,159751,151367,319502,0.0023222684999999986
64,8,tmt_sym,0.0031717066,0.0025702713,45402,33750,90804,0.0006014353000000001
64,9,Andrews,0.0260174514,0.0259557007,6417,5371,12834,6.175069999999824e-05
64,9,Hook_1498,0.4139491318,0.408954239,487018,458576,974036,0.004994892799999984
64,9,bcsstk27,0.013370395099999998,0.013368272899999999,429,410,858,2.1221999999994356e-06
64,9,msdoor,0.0229792592,0.0215000387,161097,152699,322194,0.0014792204999999996
64,9,tmt_sym,0.0031015162,0.0025313613,45334,33674,90668,0.0005701549000000001
64,10,Andrews,0.0260409596,0.0259902235,6274,5205,12548,5.073610000000048e-05
64,10,Hook_1498,0.4169056893,0.411881232,487460,459020,974920,0.005024457300000007
64,10,bcsstk27,0.0134080175,0.0134058477,448,429,896,2.169800000000055e-06
64,10,msdoor,0.0154254917,0.0140631435,161462,153172,322924,0.0013623482000000003
64,10,tmt_sym,0.0030990128,0.0025277616999999997,45432,33669,90864,0.0005712511000000001
64,11,Andrews,0.0260278225,0.0259821654,6503,5456,13006,4.5657099999998896e-05
64,11,Hook_1498,0.4169000865,0.4119959352,487617,459112,975234,0.0049041512999999926
64,11,bcsstk27,0.0132804868,0.013278126699999998,430,411,860,2.3601000000011974e-06
64,11,msdoor,0.0157962803,0.0140995261,162970,154728,325940,0.0016967541999999992
64,11,tmt_sym,0.0031006579,0.0025207519,45426,33697,90852,0.0005799059999999998
64,12,Andrews,0.0260302545,0.0259868865,6127,5076,12254,4.336799999999849e-05
64,12,Hook_1498,0.4140239241,0.4081014394,488443,459957,976886,0.005922484700000008
64,12,bcsstk27,0.013285565,0.013279772199999998,449,430,898,5.792800000001264e-06
64,12,msdoor,0.0227246282,0.0213818069,159418,151042,318836,0.001342821299999998
64,12,tmt_sym,0.0028733495,0.0024951458,45352,33688,90704,0.00037820369999999994
64,13,Andrews,0.0246508358,0.0246036532,6493,5433,12986,4.718260000000085e-05
64,13,Hook_1498,0.4121728186,0.4071153878,487820,459433,975640,0.005057430799999985
64,13,bcsstk27,0.013406443899999999,0.013403868599999999,434,415,868,2.5752999999999887e-06
64,13,msdoor,0.027774739399999998,0.0215218782,160883,152622,321766,0.006252861199999998
64,13,tmt_sym,0.0030362844,0.002438545,45371,33638,90742,0.0005977394
64,14,Andrews,0.0260376688,0.0259800909,6226,5174,12452,5.7577900000001236e-05
64,14,Hook_1498,0.4098407031,0.40509450449999995,487818,459452,975636,0.004746198600000029
64,14,bcsstk27,0.0134381531,0.013435578699999999,450,431,900,2.5744000000001155e-06
64,14,msdoor,0.0230479005,0.0213909145,161712,153457,323424,0.0016569859999999992
64,14,tmt_sym,0.0030263661,0.0024320844,45261,33491,90522,0.0005942817000000001
64,15,Andrews,0.0260253906,0.025978112600000002,6509,5452,13018,4.727799999999782e-05
64,15,Hook_1498,0.2885354278999999,0.28047442469999995,487168,458754,974336,0.008061003199999972
64,15,bcsstk27,0.013429569799999999,0.013427209599999998,423,404,846,2.3602000000007978e-06
64,15,msdoor,0.022875404499999998,0.0212860104,162830,154577,325660,0.0015893940999999988
64,15,tmt_sym,0.0029999968,0.0023910525,45495,33844,90990,0.0006089442999999998
64,16,Andrews,0.0260363099,0.025986481000000002,6455,5396,12910,4.982889999999643e-05
64,16,Hook_1498,0.2679389957,0.2628232,487463,459055,974926,0.0051157957000000365
64,16,bcsstk27,0.013418889199999999,0.013416123599999998,442,423,884,2.765600000001131e-06
64,16,msdoor,0.0231128692,0.0215008017,160412,152131,320824,0.0016120675000000015
64,16,tmt_sym,0.002949929,0.0023748162999999997,45256,33575,90512,0.0005751127000000003
64,17,Andrews,0.024648476,0.0246020078,6577,5510,13154,4.64682000000001e-05
64,17,Hook_1498,0.2705878495,0.26269698119999996,486753,458374,973506,0.00789086830000002
64,17,bcsstk27,0.013429307599999999,0.0134271625,426,407,852,2.145099999999872e-06
64,17,msdoor,0.0229254003,0.0214366675,161420,153157,322840,0.0014887327999999998
64,17,tmt_sym,0.0029217242,0.0023469211,45488,33850,90976,0.0005748031000000001
64,18,Andrews,0.0260258201,0.025979924100000003,6424,5361,12848,4.589599999999666e-05
64,18,Hook_1498,0.2678236962,0.2626976967,486517,458183,973034,0.005125999500000034
64,18,bcsstk27,0.0134028912,0.0134005549,445,426,890,2.336299999999153e-06
64,18,msdoor,0.0151761057,0.0136191132,161910,153708,323820,0.0015569924999999998
64,18,tmt_sym,0.0028912542,0.0023407222,45413,33624,90826,0.0005505319999999998
64,19,Andrews,0.0260255335,0.025978994000000002,6488,5422,12976,4.653949999999796e-05
64,19,Hook_1498,0.2677238464,0.2626630303,486593,458265,973186,0.005060816100000032
64,19,bcsstk27,0.013492202699999999,0.013489627399999999,430,411,860,2.5752999999999887e-06
64,19,msdoor,0.0155400753,0.0136049036,163460,155356,326920,0.0019351716999999984
64,19,tmt_sym,0.0028988602999999997,0.0023022171999999997,45255,33591,90510,0.0005966431
64,20,Andrews,0.0260268447,0.0259815216,6349,5293,12698,4.532309999999776e-05
64,20,Hook_1498,0.267823076,0.262630987,487302,458968,974604,0.005192089000000011
64,20,bcsstk27,0.022707939200000003,0.0227042196,449,430,898,3.719600000003792e-06
64,20,msdoor,0.0226666447,0.0213869569,159971,151686,319942,0.0012796877999999984
64,20,tmt_sym,0.0028394458,0.002300954,45360,33658,90720,0.0005384918000000002
64,21,Andrews,0.0246479269,0.024599123,6524,5460,13048,4.880389999999818e-05
64,21,Hook_1498,0.41150333899999997,0.4063718079,488704,460352,977408,0.005131531099999975
64,21,bcsstk27,0.00021896389999999998,0.0002169845,423,404,846,1.97939999999999e-06
64,21,msdoor,0.0223536018,0.020763182499999998,160648,152434,321296,0.0015904193000000032
64,21,tmt_sym,0.0028363706,0.0022462605,45393,33539,90786,0.0005901101000000001
64,22,Andrews,0.026029515599999997,0.0259830471,6284,5239,12568,4.6468499999997165e-05
64,22,Hook_1498,0.41138484470000003,0.40636653889999996,488612,460139,977224,0.005018305800000067
64,22,bcsstk27,0.026230263799999997,0.0262279036,442,423,884,2.3601999999955936e-06
64,22,msdoor,0.0261818888,0.0249090914,161365,153281,322730,0.001272797400000001
64,22,tmt_sym,0.0026225568,0.0022371772,45328,33650,90656,0.00038537960000000013
64,23,Andrews,0.0260257004,0.025977873999999998,6504,5452,13008,4.7826400000002683e-05
64,23,Hook_1498,0.411797404,0.40655534229999996,489318,460893,978636,0.0052420617000000225
64,23,bcsstk27,0.014260434899999999,0.0142576693,427,408,854,2.7655999999993963e-06
64,23,msdoor,0.024341607499999997,0.022776317199999997,162907,154814,325814,0.001565290300000001
64,23,tmt_sym,0.0031514408,0.0022515777999999997,45390,33680,90780,0.0008998630000000003
64,24,Andrews,0.0260751005,0.0260314462,6384,5333,12768,4.3654300000001145e-05
64,24,Hook_1498,0.4251986985,0.4097151514,487495,459139,974990,0.01548354710000005
64,24,bcsstk27,0.013435863999999999,0.0134335277,446,427,892,2.336299999999153e-06
64,24,msdoor,0.022825146,0.0212716337,160792,152550,321584,0.0015535123000000005
64,24,tmt_sym,0.0034138679,0.0027492527,45565,33935,91130,0.0006646152
64,25,Andrews,0.0260665413,0.0260226967,6405,5352,12810,4.384459999999882e-05
64,25,Hook_1498,0.42511549,0.4103973624,487895,459539,975790,0.014718127599999964
64,25,bcsstk27,0.013424897299999999,0.0134227752,421,402,842,2.1220999999981005e-06
64,25,msdoor,0.023115897,0.021524118999999998,162395,154287,324790,0.001591778000000002
64,25,tmt_sym,0.004125500099999999,0.0025901318,45242,33617,90484,0.0015353682999999993
64,26,Andrews,0.0260658503,0.0260214563,6280,5236,12560,4.4393999999999684e-05
64,26,Hook_1498,0.4251007315,0.4102607967,486678,458305,973356,0.01483993480000001
64,26,bcsstk27,0.013423514199999998,0.0134211778,440,421,880,2.3363999999987534e-06
64,26,msdoor,0.021183586,0.0192075972,162802,154734,325604,0.0019759888000000017
64,26,tmt_sym,0.0033349270999999997,0.0026154997999999997,45361,33637,90722,0.0007194273
64,27,Andrews,0.026066922899999997,0.0260202644,6471,5435,12942,4.665849999999777e-05
64,27,Hook_1498,0.42577300100000004,0.4102674958,488479,460162,976958,0.015505505200000047
64,27,bcsstk27,0.013409137499999998,0.0134065631,438,419,876,2.5743999999983808e-06
64,27,msdoor,0.021625351699999996,0.0197542902,163950,155886,327900,0.0018710614999999965
64,27,tmt_sym,0.0041234016999999994,0.0026524784,45350,33668,90700,0.0014709232999999995
64,28,Andrews,0.0260599855,0.0260146145,6413,5340,12826,4.537099999999891e-05
64,28,Hook_1498,0.42472929979999996,0.4102612737,488144,459838,976288,0.014468026099999975
64,28,bcsstk27,0.013420534399999998,0.013417935299999998,457,438,914,2.5991000000002984e-06
64,28,msdoor,0.0210087537,0.0196218013,160029,151929,320058,0.0013869524000000022
64,28,tmt_sym,0.0034516814,0.0025480511,45449,33700,90898,0.0009036303
64,29,Andrews,0.0260507103,0.0260036708,6770,5706,13540,4.703949999999846e-05
64,29,Hook_1498,0.4260484457,0.4106655839,488730,460404,977460,0.01538286179999998
64,29,bcsstk27,0.01339891,0.013396763999999999,442,423,884,2.14600000000148e-06
64,29,msdoor,0.0212590459,0.0192145351,161274,153199,322548,0.0020445107999999997
64,29,tmt_sym,0.0033541202999999996,0.002552056,45254,33564,90508,0.0008020642999999996
64,30,Andrews,0.0260619638,0.0260172844,6517,5461,13034,4.467940000000073e-05
64,30,Hook_1498,0.4256855009,0.41065564120000003,487831,459539,975662,0.015029859699999981
64,30,bcsstk27,0.0134013174,0.013398933399999998,461,442,922,2.3840000000011075e-06
64,30,msdoor,0.021156883,0.0190999745,161554,153492,323108,0.002056908500000003
64,30,tmt_sym,0.0041906591,0.0026572703,45458,33758,90916,0.0015333888
64,31,Andrews,0.0260486842,0.025996804199999998,6479,5426,12958,5.1880000000004145e-05
64,31,Hook_1498,0.4276258231,0.411516905,487673,459317,975346,0.016108918100000036
64,31,bcsstk27,0.0133977414,0.013395405099999999,446,427,892,2.3363000000008877e-06
64,31,msdoor,0.021030688699999998,0.019034433700000002,162864,154780,325728,0.0019962549999999954
64,31,tmt_sym,0.0037131545,0.0027092937,45342,33702,90684,0.0010038608
64,32,Andrews,0.0260439159,0.0259984496,6382,5350,12764,4.546629999999802e-05
64,32,Hook_1498,0.42614412349999997,0.41159727560000003,487122,458801,974244,0.014546847899999937
64,32,bcsstk27,0.013393330799999999,0.0133905652,465,446,930,2.7655999999993963e-06
64,32,msdoor,0.0210376497,0.019070577800000002,160245,152163,320490,0.001967071899999999
64,32,tmt_sym,0.0036336895,0.0025761369,45332,33699,90664,0.0010575526
64,33,Andrews,0.0255641221,0.025518941899999998,6393,5335,12786,4.51802000000015e-05
64,33,Hook_1498,0.42622611499999996,0.41167628749999996,487129,458777,974258,0.014549827500000001
64,33,bcsstk27,0.013395237599999998,0.013393116399999998,428,409,856,2.121199999999962e-06
64,33,msdoor,0.02081356,0.0188254361,161388,153336,322776,0.0019881238999999995
64,33,tmt_sym,0.0036620858,0.0026027439,45336,33622,90672,0.0010593419
64,34,Andrews,0.025558710000000002,0.0255146262,6235,5180,12470,4.408380000000059e-05
64,34,Hook_1498,0.4263905525,0.4117288114,486944,458706,973888,0.014661741100000014
64,34,bcsstk27,0.013393258699999999,0.013390898499999998,447,428,894,2.3602000000007978e-06
64,34,msdoor,0.0210552452,0.0189922335,162160,154115,324320,0.002063011699999999
64,34,tmt_sym,0.0036139968,0.0025433776999999997,45602,33915,91204,0.0010706191000000001
64,35,Andrews,0.0255477668,0.0255066397,6377,5318,12754,4.112709999999978e-05
64,35,Hook_1498,0.4264246706,0.4117992404,486609,458436,973218,0.014625430200000011
64,35,bcsstk27,0.013380765699999998,0.013378429399999999,432,413,864,2.336299999999153e-06
64,35,msdoor,0.0211924319,0.0190891269,162906,154826,325812,0.0021033049999999998
64,35,tmt_sym,0.0041254994,0.0025209904,45215,33377,90430,0.0016045089999999996
64,36,Andrews,0.0255552526,0.025509787,6282,5227,12564,4.546560000000255e-05
64,36,Hook_1498,0.4260620117,0.4118901732,486028,457784,972056,0.014171838500000034
64,36,bcsstk27,0.0018414731999999983,0.0018395423999999984,463,444,926,1.9307999999998698e-06
64,36,msdoor,0.0207046036,0.0187845232,159123,151007,318246,0.0019200803999999995
64,36,tmt_sym,0.0035444019,0.0025176288,45454,33751,90908,0.0010267731
64,37,Andrews,0.025603127,0.0255579712,6475,5417,12950,4.5155799999998386e-05
64,37,Hook_1498,0.4271355871,0.4119325401,486131,457909,972262,0.01520304699999997
64,37,bcsstk27,0.0009684560999999998,0.0009660720999999998,448,429,896,2.3840000000000233e-06
64,37,msdoor,0.0208187106,0.0188719274,160569,152420,321138,0.0019467831999999997
64,37,tmt_sym,0.0032858847999999996,0.0025309088,45363,33689,90726,0.0007549759999999997
64,38,Andrews,0.0255416868,0.025482344700000003,6379,5326,12758,5.934209999999829e-05
64,38,Hook_1498,0.4264776466,0.4120125296,487122,458746,974244,0.014465116999999972
64,38,bcsstk27,0.0009684560999999998,0.0009658817999999999,467,448,934,2.574299999999973e-06
64,38,msdoor,0.0212948079,0.0193084004,161257,153103,322514,0.0019864075000000023
64,38,tmt_sym,0.0033502105,0.00258379,45260,33458,90520,0.0007664205
64,39,Andrews,0.024174118300000002,0.0241292953,6386,5319,12772,4.482300000000286e-05
64,39,Hook_1498,0.4269841429,0.4120304348,488139,459719,976278,0.014953708099999963
64,39,bcsstk27,0.0009671923999999998,0.0009648321999999998,446,427,892,2.3601999999999304e-06
64,39,msdoor,0.021204924299999997,0.0192294593,162374,154189,324748,0.0019754649999999957
64,39,tmt_sym,0.0034489634,0.0024325368999999998,45560,33921,91120,0.0010164265000000001
64,40,Andrews,0.0242415424,0.0241973877,6351,5311,12702,4.415470000000005e-05
64,40,Hook_1498,0.42653481940000004,0.4120134827,487614,459131,975228,0.014521336700000054
64,40,bcsstk27,0.0009736298999999998,0.0009710546999999999,465,446,930,2.5751999999999546e-06
64,40,msdoor,0.0211949108,0.0191983459,160297,152095,320594,0.001996564900000001
64,40,tmt_sym,0.0040779593,0.0024387121999999996,45299,33642,90598,0.0016392471
64,41,Andrews,0.0241695169,0.02412374,6483,5413,12966,4.577689999999898e-05
64,41,Hook_1498,0.4260047193,0.41130907559999996,486963,458594,973926,0.014695643700000038
64,41,bcsstk27,0.0009611841999999999,0.0009590152999999998,450,431,900,2.1689000000000734e-06
64,41,msdoor,0.0208985327,0.0191317316,161684,153492,323368,0.0017668010999999997
64,41,tmt_sym,0.0034439562999999994,0.0023440364,45419,33751,90838,0.0010999198999999994
64,42,Andrews,0.0135635134,0.0135167363,6427,5371,12854,4.677709999999918e-05
64,42,Hook_1498,0.4260980845,0.41159429579999995,487206,458849,974412,0.01450378870000002
64,42,bcsstk27,0.0009554384999999998,0.0009530783999999998,451,432,902,2.3601000000000047e-06
64,42,msdoor,0.02063601,0.0190503121,162509,154318,325018,0.0015856978999999986
64,42,tmt_sym,0.0034635068999999997,0.0024035929,45387,33633,90774,0.001059914
64,43,Andrews,0.0135549785,0.0135089158,6450,5395,12900,4.6062700000000165e-05
64,43,Hook_1498,0.4260744331,0.4115956304,488187,459822,976374,0.01447880269999996
64,43,bcsstk27,0.0018597599999999985,0.0018576148999999986,436,417,872,2.145099999999872e-06
64,43,msdoor,0.0205971716,0.0189985755,163647,155411,327294,0.0015985960999999986
64,43,tmt_sym,0.0034808155999999997,0.0024183274,45365,33634,90730,0.0010624881999999995
64,44,Andrews,0.013557100499999999,0.013512969199999999,6393,5325,12786,4.4131299999999873e-05
64,44,Hook_1498,0.4259015318,0.411572266,489534,461052,979068,0.01432926579999999
64,44,bcsstk27,0.0018571141999999983,0.0018547530999999983,455,436,910,2.3611000000000205e-06
64,44,msdoor,0.0212249521,0.0192191361,159868,151687,319736,0.0020058160000000005
64,44,tmt_sym,0.0028987646999999997,0.0020874261999999995,45402,33723,90804,0.0008113385000000002
64,45,Andrews,0.013557887,0.0135105375,6476,5448,12952,4.7349500000000086e-05
64,45,Hook_1498,0.4224864004,0.41279780899999996,489417,460999,978834,0.009688591400000057
64,45,bcsstk27,0.0133821013,0.013380145699999998,440,421,880,1.9556000000007373e-06
64,45,msdoor,0.021168231699999998,0.0191971299,160761,152642,321522,0.0019711017999999997
64,45,tmt_sym,0.0034749988,0.00238719,45311,33584,90622,0.0010878087999999998
64,46,Andrews,0.0135554074,0.0135166409,6444,5384,12888,3.876650000000058e-05
64,46,Hook_1498,0.42579517380000004,0.4126854418,490596,462194,981192,0.01310973200000004
64,46,bcsstk27,0.013386130399999998,0.0133839844,459,440,918,2.1459999999980106e-06
64,46,msdoor,0.0211855409,0.0191899535,161654,153506,323308,0.001995587400000002
64,46,tmt_sym,0.0036101343,0.0025761608,45325,33564,90650,0.0010339735000000003
64,47,Andrews,0.013558006499999999,0.013511776999999999,6433,5369,12866,4.62294999999998e-05
64,47,Hook_1498,0.4252314804,0.4127511501,489267,460798,978534,0.012480330299999953
64,47,bcsstk27,0.0133919714,0.013389611199999998,444,425,888,2.3602000000007978e-06
64,47,msdoor,0.0210551738,0.0191043858,162891,154647,325782,0.001950788000000002
64,47,tmt_sym,0.0034441232,0.0023863078,45387,33737,90774,0.0010578153999999998
64,48,Andrews,0.0136130097,0.0135671137,6282,5236,12564,4.589600000000013e-05
64,48,Hook_1498,0.418155408,0.4131874799,488376,459934,976752,0.004967928100000019
64,48,bcsstk27,0.013394259999999998,0.0133923053,463,444,926,1.9546999999973946e-06
64,48,msdoor,0.0232477905,0.0218430519,159890,151776,319780,0.0014047386000000002
64,48,tmt_sym,0.0032170056,0.0027930975,45429,33775,90858,0.0004239080999999998
64,49,Andrews,0.0136162039,0.0135687352,6442,5357,12884,4.7468700000000835e-05
64,49,Hook_1498,0.41864388010000003,0.4137237313,486465,458116,972930,0.004920148800000024
64,49,bcsstk27,0.013391375199999998,0.013389014999999999,448,429,896,2.360199999999063e-06
64,49,msdoor,0.0232447386,0.0218361853,160581,152427,321162,0.001408553299999997
64,49,tmt_sym,0.0031674622,0.0027523279,45324,33673,90648,0.00041513429999999983
64,50,Andrews,0.0136009458,0.013555956099999999,6309,5253,12618,4.498970000000116e-05
64,50,Hook_1498,0.42002499130000004,0.4129291293,487071,458748,974142,0.007095862000000064
64,50,bcsstk27,0.013379001699999999,0.0133766177,467,448,934,2.3839999999993727e-06
64,50,msdoor,0.0231373309,0.0217391254,161100,152838,322200,0.0013982054999999993
64,50,tmt_sym,0.0031556371,0.0028080227,45350,33556,90700,0.0003476143999999997
64,51,Andrews,0.013609266699999999,0.0135636808,6391,5336,12782,4.55858999999989e-05
64,51,Hook_1498,0.417979336,0.4129868987,487554,459285,975108,0.0049924372999999855
64,51,bcsstk27,0.0133813623,0.0133792163,426,407,852,2.1459999999997453e-06
64,51,msdoor,0.0231824157,0.0217791794,162411,154068,324822,0.0014032362999999992
64,51,tmt_sym,0.0030625105,0.0027213332,45372,33704,90744,0.0003411772999999999
64,52,Andrews,0.013599681899999999,0.0135537147,6375,5328,12750,4.596719999999839e-05
64,52,Hook_1498,0.41730160699999996,0.412729216,488211,459748,976422,0.0045723909999999535
64,52,bcsstk27,0.0133754019,0.013373255899999999,445,426,890,2.14600000000148e-06
64,52,msdoor,0.0231516123,0.021773291,159447,151265,318894,0.0013783212999999989
64,52,tmt_sym,0.0032268524,0.0028189892999999997,45409,33727,90818,0.0004078631000000001
64,53,Andrews,0.013598394299999999,0.0135393854,6586,5514,13172,5.9008899999999156e-05
64,53,Hook_1498,0.4179382328,0.41295189860000003,487794,459434,975588,0.004986334199999942
64,53,bcsstk27,0.0133753534,0.0133734463,430,411,860,1.9071000000002447e-06
64,53,msdoor,0.0232436898,0.0218513247,160448,152171,320896,0.001392365100000001
64,53,tmt_sym,0.0031955239,0.0027680877,45375,33506,90750,0.00042743619999999986
64,54,Andrews,0.0135822057,0.0135374782,6322,5260,12644,4.4727500000001086e-05
64,54,Hook_1498,0.4177598952,0.4130886313,487350,459041,974700,0.0046712639
64,54,bcsstk27,0.013469839099999999,0.013467263799999999,458,439,916,2.5752999999999887e-06
64,54,msdoor,0.0230404856,0.0215681789,160954,152653,321908,0.001472306700000002
64,54,tmt_sym,0.0031939026,0.0027863262,45455,33784,90910,0.0004075763999999999
64,55,Andrews,0.013562345399999998,0.013517021799999999,6439,5408,12878,4.532359999999923e-05
64,55,Hook_1498,0.417750478,0.4127333405,486765,458402,973530,0.005017137499999991
64,55,bcsstk27,0.0134695055,0.013467145399999998,449,430,898,2.3601000000011974e-06
64,55,msdoor,0.0228333238,0.0213934903,162214,153924,324428,0.0014398334999999977
64,55,tmt_sym,0.0031522753999999997,0.0027166602,45302,33565,90604,0.0004356151999999995
64,56,Andrews,0.0135721925,0.0135273459,6192,5133,12384,4.48466000000005e-05
64,56,Hook_1498,0.4174224377,0.41243867910000004,487437,459113,974874,0.004983758599999943
64,56,bcsstk27,0.013471102699999998,0.013468742499999999,468,449,936,2.360199999999063e-06
64,56,msdoor,0.0230631592,0.0216306685,159974,151726,319948,0.0014324907000000005
64,56,tmt_sym,0.0032077550999999997,0.0027717117,45394,33768,90788,0.0004360433999999998
64,57,Andrews,0.013552069699999999,0.013505840299999999,6524,5482,13048,4.62294000000002e-05
64,57,Hook_1498,0.4173590423,0.41265830979999996,487743,459458,975486,0.004700732500000027
64,57,bcsstk27,0.013465904799999998,0.013463759799999999,453,434,906,2.144999999998537e-06
64,57,msdoor,0.0228015419,0.0214605804,160966,152677,321932,0.0013409615000000014
64,57,tmt_sym,0.0031908037999999997,0.0027627231,45406,33785,90812,0.00042808069999999976
64,58,Andrews,0.013544583499999999,0.0134991887,6314,5261,12628,4.539479999999922e-05
64,58,Hook_1498,0.41780655380000004,0.41275713449999996,488679,460409,977358,0.00504941930000008
64,58,bcsstk27,0.0134707924,0.013468432199999998,472,453,944,2.3602000000025325e-06
64,58,msdoor,0.023318505,0.021712613399999997,162160,153905,324320,0.0016058916000000027
64,58,tmt_sym,0.0030230041999999998,0.0026941059,45373,33667,90746,0.0003288982999999999
64,59,Andrews,0.0135501149,0.0135038611,6381,5325,12762,4.6253799999999845e-05
64,59,Hook_1498,0.4173536302,0.41264257390000003,488382,460031,976764,0.0047110562999999606
64,59,bcsstk27,0.013467383299999998,0.013464785,457,438,914,2.598299999998291e-06
64,59,msdoor,0.0228295324,0.0214028357,163491,155133,326982,0.0014266967000000005
64,59,tmt_sym,0.0031327244,0.0026207688999999998,45268,33573,90536,0.0005119555000000003
64,60,Andrews,0.0135452987,0.0135000943,6292,5238,12584,4.5204400000000214e-05
64,60,Hook_1498,0.4174039842,0.4127650495,488595,460317,977190,0.004638934700000041
64,60,bcsstk27,0.013555145599999999,0.0135527846,461,442,922,2.360999999999336e-06
64,60,msdoor,0.0230211024,0.021575522,160274,152054,320548,0.0014455804000000003
64,60,tmt_sym,0.0031479598,0.0027396204999999996,45363,33624,90726,0.0004083393000000003
64,61,Andrews,0.0135306831,0.013483595999999999,6557,5528,13114,4.708710000000081e-05
64,61,Hook_1498,0.4178126096,0.4125715975,488304,460081,976608,0.005241012099999998
64,61,bcsstk27,0.013553405199999998,0.013550639599999999,444,425,888,2.7655999999993963e-06
64,61,msdoor,0.0220361947,0.020760631999999998,161157,152893,322314,0.0012755627000000033
64,61,tmt_sym,0.003165746,0.0027330639,45411,33719,90822,0.00043268210000000024
64,62,Andrews,0.0135309461,0.013485193199999999,6315,5259,12630,4.5752900000001206e-05
64,62,Hook_1498,0.4169509888,0.4123605724,487023,458699,974046,0.004590416399999964
64,62,bcsstk27,0.013547015199999998,0.013544655,463,444,926,2.360199999999063e-06
64,62,msdoor,0.0225404022,0.021146416499999997,161078,152706,322156,0.0013939857000000028
64,62,tmt_sym,0.0030871389,0.0027287723,45389,33679,90778,0.0003583665999999999
64,63,Andrews,0.0135087011,0.013462257,6506,5465,13012,4.644409999999925e-05
64,63,Hook_1498,0.4170318365,0.4124119517,486981,458660,973962,0.004619884799999974
64,63,bcsstk27,0.013545393999999999,0.013543271899999999,448,429,896,2.1220999999998352e-06
64,63,msdoor,0.0225718023,0.0211750266,162531,154118,325062,0.0013967756999999983
64,63,tmt_sym,0.0030217172000000002,0.0026760339,45414,33777,90828,0.0003456833000000004
128,0,Andrews,0.24370505779999999,0.2436746361,3184,2690,6368,3.0421699999977347e-05
128,0,Hook_1498,0.2797836539,0.2765814778,242533,229699,485066,0.0032021761000000093
128,0,bcsstk27,0.0507795095,0.050777197,215,205,430,2.3124999999971085e-06
128,0,msdoor,0.0988748077,0.0973614934,79377,75744,158754,0.0015133142999999988
128,0,tmt_sym,0.05849959809999999,0.058068012899999986,22609,16858,45218,0.0004315852000000009
128,1,Andrews,0.2282328846,0.2281920435,3345,2847,6690,4.084109999999419e-05
128,1,Hook_1498,0.2670873877,0.26397221089999995,242636,229786,485272,0.0031151768000000635
128,1,bcsstk27,0.0392250298,0.039222669599999996,211,201,422,2.3602000000025325e-06
128,1,msdoor,0.0950447794,0.0940836429,80095,76471,160190,0.0009611365000000011
128,1,tmt_sym,0.05903987879999999,0.05808084049999999,22766,17012,45532,0.0009590382999999994
128,2,Andrews,0.23220372179999998,0.2321199896,3148,2648,6296,8.373219999999182e-05
128,2,Hook_1498,0.2852769617,0.2744518518,242322,229477,484644,0.010825109900000018
128,2,bcsstk27,0.03817126749999999,0.03816914529999999,221,211,442,2.122199999995966e-06
128,2,msdoor,0.08636598609999999,0.08494727649999999,80487,76855,160974,0.0014187095999999982
128,2,tmt_sym,0.05856750019999999,0.05731513519999999,22698,16936,45396,0.0012523649999999983
128,3,Andrews,0.2283595561,0.2282914397,3160,2661,6320,6.811640000001229e-05
128,3,Hook_1498,0.2719672443,0.26906981449999995,243466,230565,486932,0.002897429800000073
128,3,bcsstk27,0.0270042897,0.0270028826,225,215,450,1.4070999999997447e-06
128,3,msdoor,0.08748705409999999,0.08648607709999999,81318,77682,162636,0.0010009770000000001
128,3,tmt_sym,0.05421025749999999,0.05372893829999999,22606,16796,45212,0.00048131920000000356
128,4,Andrews,0.2407690521,0.2406067847,3097,2601,6194,0.00016226739999999906
128,4,Hook_1498,0.28248426919999997,0.2791971919,243509,230638,487018,0.0032870772999999964
128,4,bcsstk27,0.039020013400000005,0.0390185834,235,225,470,1.4300000000036506e-06
128,4,msdoor,0.09369292259999999,0.092716694,79723,76076,159446,0.0009762285999999898
128,4,tmt_sym,0.05842971819999999,0.058059882999999986,22674,16905,45348,0.0003698352000000016
128,5,Andrews,0.2281364206,0.2280872587,3279,2779,6558,4.916190000001097e-05
128,5,Hook_1498,0.276740456,0.27129633459999997,243945,231096,487890,0.005444121400000057
128,5,bcsstk27,0.045969056700000004,0.045967007,223,213,446,2.0497000000063714e-06
128,5,msdoor,0.0935343263,0.0919662241,80413,76768,160826,0.0015681022000000044
128,5,tmt_sym,0.058454536999999994,0.05798461409999999,22697,16949,45394,0.0004699229000000027
128,6,Andrews,0.2349772215,0.2346506834,3190,2685,6380,0.0003265380999999956
128,6,Hook_1498,0.2756418225,0.2701120613,243241,230382,486482,0.0055297612000000385
128,6,bcsstk27,0.03590459829999999,0.035903406299999996,233,223,466,1.1919999999970843e-06
128,6,msdoor,0.0996015075,0.0982873678,80678,77034,161356,0.0013141397000000082
128,6,tmt_sym,0.05845470429999999,0.05805566319999999,22669,16906,45338,0.0003990411000000041
128,7,Andrews,0.22877709829999998,0.2287335638,3160,2661,6320,4.3534499999969833e-05
128,7,Hook_1498,0.2732976194,0.27009117639999997,243773,230874,487546,0.0032064430000000588
128,7,bcsstk27,0.030128049399999995,0.030126857399999995,209,199,418,1.1920000000005537e-06
128,7,msdoor,0.09332015499999999,0.0915723087,81100,77436,162200,0.0017478462999999944
128,7,tmt_sym,0.055635952899999994,0.05527775269999999,22690,16950,45380,0.00035820020000000563
128,8,Andrews,0.24126894429999998,0.24092297549999997,3066,2573,6132,0.00034596880000001273
128,8,Hook_1498,0.2816739793,0.275911784,243330,230418,486660,0.005762195299999995
128,8,bcsstk27,0.042413640399999994,0.0424126626,216,206,432,9.777999999960318e-07
128,8,msdoor,0.09391641609999998,0.0929590465,80108,76453,160216,0.0009573695999999798
128,8,tmt_sym,0.057517003899999995,0.056794286199999995,22717,16951,45434,0.0007227177000000001
128,9,Andrews,0.22724575959999999,0.2272068266,3184,2694,6368,3.8932999999991e-05
128,9,Hook_1498,0.2790215728,0.2756979708,243370,230457,486740,0.003323601999999981
128,9,bcsstk27,0.0361356738,0.036134695999999994,212,202,424,9.778000000029707e-07
128,9,msdoor,0.0959801193,0.09082648719999999,80685,77009,161370,0.0051536321000000135
128,9,tmt_sym,0.05555181469999999,0.054625200799999996,22664,16901,45328,0.0009266138999999979
128,10,Andrews,0.2315344097,0.23150022,3130,2629,6260,3.418969999999244e-05
128,10,Hook_1498,0.27655484649999995,0.2735857963,243503,230571,487006,0.002969050199999934
128,10,bcsstk27,0.034741997899999995,0.0347408059,222,212,444,1.1919999999970843e-06
128,10,msdoor,0.1036875009,0.09425687789999998,80725,77052,161450,0.009430623000000013
128,10,tmt_sym,0.0564272406,0.0559626577,22720,16940,45440,0.00046458289999999625
128,11,Andrews,0.227525878,0.2273991109,3195,2697,6390,0.00012676709999998037
128,11,Hook_1498,0.26495962149999996,0.2618762489,243483,230558,486966,0.0030833725999999673
128,11,bcsstk27,0.032936238799999996,0.0329350706,229,219,458,1.1681999999985093e-06
128,11,msdoor,0.0937358859,0.09293768409999999,81366,77725,162732,0.0007982018000000091
128,11,tmt_sym,0.0547725437,0.054336166400000004,22683,16922,45366,0.00043637729999999875
128,12,Andrews,0.2401523116,0.2401214597,3050,2553,6100,3.085189999998961e-05
128,12,Hook_1498,0.2797023774,0.2753252504,244348,231403,488696,0.004377126999999981
128,12,bcsstk27,0.0358371733,0.035835647899999996,239,229,478,1.5254000000006207e-06
128,12,msdoor,0.09013690939999999,0.08840498919999999,79598,75945,159196,0.0017319202000000006
128,12,tmt_sym,0.0557966944,0.0554336789,22651,16894,45302,0.000363015500000001
128,13,Andrews,0.2215401407,0.2215109826,3299,2801,6598,2.9158100000009624e-05
128,13,Hook_1498,0.271562791,0.2595329758,243398,230511,486796,0.012029815200000016
128,13,bcsstk27,0.03358595369999999,0.033584975899999994,223,213,446,9.777999999960318e-07
128,13,msdoor,0.08917698839999999,0.08839983969999998,80378,76733,160756,0.0007771487000000077
128,13,tmt_sym,0.0557811733,0.055426669500000005,22674,16897,45348,0.00035450379999999587
128,14,Andrews,0.2150691987,0.2150236602,3102,2606,6204,4.5538499999997484e-05
128,14,Hook_1498,0.2801823859,0.27490932939999996,243756,230853,487512,0.0052730565000000396
128,14,bcsstk27,0.0301635267,0.030162548900000002,230,220,460,9.777999999960318e-07
128,14,msdoor,0.0897540335,0.08839421289999999,80888,77239,161776,0.0013598206000000057
128,14,tmt_sym,0.056408906200000004,0.0554280038,22696,16924,45392,0.0009809024000000041
128,15,Andrews,0.2150583508,0.2150198938,3307,2806,6614,3.845699999999175e-05
128,15,Hook_1498,0.2877573252,0.2738732574,243313,230443,486626,0.01388406780000001
128,15,bcsstk27,0.027359438299999997,0.027357817,206,196,412,1.6212999999973277e-06
128,15,msdoor,0.08930587799999999,0.08839211429999999,80982,77314,161964,0.0009137637000000004
128,15,tmt_sym,0.0558666708,0.0554310325,22707,16961,45414,0.00043563829999999915
128,16,Andrews,0.2280297519,0.2279915329,3205,2705,6410,3.8219000000006e-05
128,16,Hook_1498,0.28370616449999997,0.2808349132,243752,230860,487504,0.0028712512999999884
128,16,bcsstk27,0.050687742499999994,0.0506863116,216,206,432,1.4308999999948502e-06
128,16,msdoor,0.09121360769999999,0.09040524919999998,79948,76300,159896,0.0008083585000000088
128,16,tmt_sym,0.06560697550000001,0.0652089123,22619,16879,45238,0.0003980632000000067
128,17,Andrews,0.2280762675,0.22798900579999998,3275,2769,6550,8.72617000000353e-05
128,17,Hook_1498,0.2776531939,0.27470140429999995,243075,230207,486150,0.002951789600000032
128,17,bcsstk27,0.0429952143,0.042993593000000004,217,207,434,1.6212999999973277e-06
128,17,msdoor,0.08526356219999999,0.08481667019999999,80337,76700,160674,0.0004468920000000043
128,17,tmt_sym,0.0656238555,0.0652062182,22774,17013,45548,0.00041763729999999555
128,18,Andrews,0.2267427917,0.2266996862,3134,2627,6268,4.310550000000135e-05
128,18,Hook_1498,0.28420572310000003,0.28131544550000004,243301,230486,486602,0.002890277599999991
128,18,bcsstk27,0.043346357099999996,0.0433453802,227,217,454,9.768999999978933e-07
128,18,msdoor,0.08530418919999999,0.0843982698,80667,77042,161334,0.0009059193999999965
128,18,tmt_sym,0.066351414,0.0656255244,22672,16865,45344,0.0007258896000000015
128,19,Andrews,0.2268321516,0.22680296860000002,3295,2789,6590,2.918299999998819e-05
128,19,Hook_1498,0.2591199634,0.2562115188,242807,229948,485614,0.002908444600000004
128,19,bcsstk27,0.041190171000000005,0.041188979,225,215,450,1.1920000000040232e-06
128,19,msdoor,0.0869612452,0.08534665089999999,81378,77742,162756,0.001614594300000008
128,19,tmt_sym,0.05301339599999999,0.052661848399999996,22650,16898,45300,0.0003515475999999948
128,20,Andrews,0.22746977799999998,0.2274351837,3146,2651,6292,3.459429999999597e-05
128,20,Hook_1498,0.2773609639,0.2744074103,243441,230572,486882,0.002953553599999992
128,20,bcsstk27,0.0473868131,0.047385597200000004,235,225,470,1.2158999999969944e-06
128,20,msdoor,0.0864742754,0.0856173755,79885,76239,159770,0.0008568998999999994
128,20,tmt_sym,0.06572618499999999,0.06521589779999999,22697,16936,45394,0.0005102872000000008
128,21,Andrews,0.22684366739999998,0.2268078563,3239,2737,6478,3.5811099999977225e-05
128,21,Hook_1498,0.27569644439999996,0.2699316743,243994,231136,487988,0.005764770099999983
128,21,bcsstk27,0.0511011362,0.0510988237,222,212,444,2.3125000000040474e-06
128,21,msdoor,0.09630737259999998,0.09463510559999999,80012,76375,160024,0.0016722669999999912
128,21,tmt_sym,0.0566427712,0.05623986759999999,22637,16842,45274,0.00040290360000000414
128,22,Andrews,0.2140902521,0.2140318629,3155,2656,6310,5.838919999998082e-05
128,22,Hook_1498,0.27304735220000004,0.2700493578,244181,231293,488362,0.002997994400000037
128,22,bcsstk27,0.045301675799999996,0.0452998165,232,222,464,1.859299999996955e-06
128,22,msdoor,0.08109371679999999,0.08015162939999998,80533,76911,161066,0.0009420874000000135
128,22,tmt_sym,0.0655973677,0.0652053594,22722,16974,45444,0.0003920083000000102
128,23,Andrews,0.2141206739,0.2140314339,3218,2718,6436,8.923999999999044e-05
128,23,Hook_1498,0.2694891215,0.2664974455,245001,232095,490002,0.0029916759999999987
128,23,bcsstk27,0.051380181,0.0513776067,220,210,440,2.574299999995311e-06
128,23,msdoor,0.08059749559999999,0.08014402379999999,81366,77718,162732,0.00045347179999999376
128,23,tmt_sym,0.05821235169999999,0.05735917139999999,22719,16950,45438,0.0008531802999999991
128,24,Andrews,0.23589639639999999,0.2356965061,3165,2673,6330,0.00019989029999997743
128,24,Hook_1498,0.2767449616,0.2665809636,243652,230823,487304,0.010163998000000007
128,24,bcsstk27,0.056528663300000004,0.0565272332,230,220,460,1.4301000000049857e-06
128,24,msdoor,0.0880985497,0.08671536419999999,80408,76774,160816,0.0013831855000000087
128,24,tmt_sym,0.0660268071,0.0651659485,22721,16983,45442,0.0008608586000000001
128,25,Andrews,0.2354726555,0.2353211168,3181,2684,6362,0.00015153869999998126
128,25,Hook_1498,0.2775360344,0.267147851,244289,231498,488578,0.010388183400000028
128,25,bcsstk27,0.0565243722,0.056523156299999995,202,192,404,1.2159000000039333e-06
128,25,msdoor,0.0881226539,0.08669657749999998,81299,77670,162598,0.0014260764000000176
128,25,tmt_sym,0.0656035188,0.0651543854,22693,16942,45386,0.0004491333999999958
128,26,Andrews,0.2358541727,0.2357097385,3128,2627,6256,0.0001444342000000154
128,26,Hook_1498,0.27683303400000003,0.2664521693,243471,230617,486942,0.010380864700000048
128,26,bcsstk27,0.0565356734,0.0565345052,212,202,424,1.1681999999985093e-06
128,26,msdoor,0.0881053922,0.0866837737,81632,77999,163264,0.0014216184999999992
128,26,tmt_sym,0.06560745209999999,0.0651601074,22629,16855,45258,0.0004473446999999908
128,27,Andrews,0.2358430382,0.2357007506,3233,2739,6466,0.00014228759999998508
128,27,Hook_1498,0.27762482169999997,0.267177153,244741,231871,489482,0.010447668699999968
128,27,bcsstk27,0.0565252308,0.056524038699999994,223,213,446,1.1921000000053583e-06
128,27,msdoor,0.0880536795,0.08665802469999999,81780,78163,163560,0.0013956548000000069
128,27,tmt_sym,0.0655403856,0.0651426552,22708,16947,45416,0.00039773040000000426
128,28,Andrews,0.2358475684,0.2357080935,3146,2647,6292,0.0001394749000000195
128,28,Hook_1498,0.2771701338,0.2671718595,244529,231662,489058,0.009998274299999999
128,28,bcsstk27,0.056520843099999996,0.056519651,233,223,466,1.1920999999984194e-06
128,28,msdoor,0.0876705646,0.08666062329999999,79668,76028,159336,0.0010099413000000113
128,28,tmt_sym,0.0655327316,0.0651375531,22685,16956,45370,0.00039517850000000965
128,29,Andrews,0.2359009504,0.23574895839999999,3464,2961,6928,0.00015199200000001745
128,29,Hook_1498,0.2773526192,0.267240906,244284,231434,488568,0.010111713199999983
128,29,bcsstk27,0.056525349700000005,0.0565241576,237,227,474,1.1921000000053583e-06
128,29,msdoor,0.08799250129999998,0.08663864169999999,80265,76639,160530,0.001353859599999993
128,29,tmt_sym,0.0655318498,0.06512019629999999,22647,16882,45294,0.00041165350000001155
128,30,Andrews,0.2361260887,0.2357178448,3246,2751,6492,0.0004082438999999938
128,30,Hook_1498,0.2700285677,0.2667446851,243286,230444,486572,0.00328388260000001
128,30,bcsstk27,0.056518911899999996,0.0565177199,247,237,494,1.1919999999970843e-06
128,30,msdoor,0.0880001065,0.0866122242,80364,76744,160728,0.0013878822999999901
128,30,tmt_sym,0.0655935767,0.0651328091,22782,17012,45564,0.0004607676000000088
128,31,Andrews,0.23579914529999998,0.23565814449999997,3271,2767,6542,0.00014100080000001292
128,31,Hook_1498,0.2766419415,0.26653959709999997,243524,230673,487048,0.010102344400000018
128,31,bcsstk27,0.0565166476,0.0565154556,237,227,474,1.1919999999970843e-06
128,31,msdoor,0.08798234429999999,0.086597443,81073,77437,162146,0.001384901299999991
128,31,tmt_sym,0.0655810598,0.0651159291,22681,16936,45362,0.00046513069999999657
128,32,Andrews,0.2358054164,0.2356594326,3204,2711,6408,0.0001459837999999991
128,32,Hook_1498,0.2773970838,0.26707570529999997,243207,230337,486414,0.010321378500000034
128,32,bcsstk27,0.05651655209999999,0.0565150734,247,237,494,1.4786999999946704e-06
128,32,msdoor,0.0879695893,0.0865968702,79807,76167,159614,0.0013727191000000027
128,32,tmt_sym,0.0655888083,0.0651205301,22646,16906,45292,0.0004682781999999913
128,33,Andrews,0.2357923505,0.2356544253,3133,2634,6266,0.00013792519999999975
128,33,Hook_1498,0.2773556712,0.2671048399,243211,230296,486422,0.010250831299999985
128,33,bcsstk27,0.0565201286,0.056518911899999996,207,197,414,1.2167000000007366e-06
128,33,msdoor,0.08797075709999999,0.08657808289999999,80185,76545,160370,0.0013926741999999992
128,33,tmt_sym,0.062157225299999994,0.061612963699999995,22625,16851,45250,0.0005442615999999983
128,34,Andrews,0.23578031030000002,0.2356402156,3141,2646,6282,0.00014009470000000968
128,34,Hook_1498,0.2770836592,0.2670859341,242858,229992,485716,0.009997725100000021
128,34,bcsstk27,0.0565143589,0.056513166,217,207,434,1.1929000000021617e-06
128,34,msdoor,0.0876154897,0.0865698338,80725,77097,161450,0.0010456558999999976
128,34,tmt_sym,0.0621465441,0.061605596199999994,22832,17080,45664,0.000540947900000005
128,35,Andrews,0.2357685802,0.2356292488,3165,2663,6330,0.00013933139999999788
128,35,Hook_1498,0.27741615729999997,0.26708331080000003,242826,230035,485652,0.010332846499999937
128,35,bcsstk27,0.0565053705,0.056503939499999996,213,203,426,1.4310000000031242e-06
128,35,msdoor,0.08798248739999999,0.0865609641,81032,77391,162064,0.001421523299999991
128,35,tmt_sym,0.062134957,0.061595630799999995,22588,16801,45176,0.0005393262000000024
128,36,Andrews,0.2357800005,0.2356417656,3093,2585,6186,0.00013823490000000604
128,36,Hook_1498,0.2764787194,0.2661923643,243055,230247,486110,0.010286355100000033
128,36,bcsstk27,0.050768089,0.0507664438,235,225,470,1.6452000000041767e-06
128,36,msdoor,0.0875773907,0.0865432974,79130,75498,158260,0.0010340932999999969
128,36,tmt_sym,0.0621175769,0.061583972199999996,22730,16971,45460,0.0005336047000000024
128,37,Andrews,0.2357893948,0.23564803639999998,3295,2794,6590,0.00014135840000001343
128,37,Hook_1498,0.2767978667,0.26648087470000004,243335,230500,486670,0.01031699199999997
128,37,bcsstk27,0.0507471325,0.0507457016,245,235,490,1.430900000001789e-06
128,37,msdoor,0.08795072999999999,0.08652822949999998,79772,76126,159544,0.0014225005000000068
128,37,tmt_sym,0.062050772,0.0615746497,22652,16892,45304,0.0004761222999999995
128,38,Andrews,0.2340480331,0.2339099643,3163,2661,6326,0.00013806880000000188
128,38,Hook_1498,0.2774919987,0.2670834304,243798,230906,487596,0.010408568300000032
128,38,bcsstk27,0.0507501124,0.0507482292,255,245,510,1.8831999999968652e-06
128,38,msdoor,0.08794236189999999,0.0865193368,80201,76536,160402,0.0014230250999999888
128,38,tmt_sym,0.0620488882,0.0615819927,22658,16847,45316,0.00046689550000000163
128,39,Andrews,0.234142995,0.23396666049999998,3231,2726,6462,0.00017633450000001383
128,39,Hook_1498,0.27611384370000003,0.26603846509999995,244056,231190,488112,0.010075378600000073
128,39,bcsstk27,0.0507430792,0.0507416483,239,229,478,1.430900000001789e-06
128,39,msdoor,0.08708345899999999,0.08575823319999999,80629,76963,161258,0.0013252257999999961
128,39,tmt_sym,0.0620314359,0.06155981989999999,22761,17001,45522,0.00047161600000000803
128,40,Andrews,0.22573413879999998,0.2256922958,3127,2630,6254,4.1842999999985864e-05
128,40,Hook_1498,0.2764192101,0.26588029859999995,243486,230628,486972,0.010538911500000026
128,40,bcsstk27,0.050918197899999997,0.050915622599999995,249,239,498,2.5753000000017234e-06
128,40,msdoor,0.0871099712,0.0857700347,79517,75844,159034,0.0013399364999999996
128,40,tmt_sym,0.062119364399999995,0.0615716215,22701,16966,45402,0.000547742899999995
128,41,Andrews,0.2257194276,0.22567412809999998,3235,2728,6470,4.529950000001226e-05
128,41,Hook_1498,0.2754730226,0.2655535462,243243,230425,486486,0.009919476400000016
128,41,bcsstk27,0.0508997206,0.050898289599999993,225,215,450,1.4310000000031242e-06
128,41,msdoor,0.08680586809999999,0.0857623096,80440,76767,160880,0.0010435584999999858
128,41,tmt_sym,0.0620948314,0.0615502598,22714,16973,45428,0.0005445716000000017
128,42,Andrews,0.2257144686,0.2256731269,3231,2733,6462,4.13417000000027e-05
128,42,Hook_1498,0.2776425604,0.2670367482,243315,230504,486630,0.010605812200000009
128,42,bcsstk27,0.0509086605,0.0509038208,217,207,434,4.839700000001945e-06
128,42,msdoor,0.0868238685,0.0857562304,81082,77406,162164,0.001067638100000004
128,42,tmt_sym,0.0621885778,0.0615411516,22727,16943,45454,0.0006474261999999953
128,43,Andrews,0.22570655359999997,0.225661278,3187,2683,6374,4.5275599999977656e-05
128,43,Hook_1498,0.27748582359999996,0.26679737540000004,243960,231146,487920,0.010688448199999923
128,43,bcsstk27,0.0509009602,0.05089957689999999,219,209,438,1.3833000000046392e-06
128,43,msdoor,0.0860761404,0.0850225691,81739,78026,163478,0.0010535713000000002
128,43,tmt_sym,0.0620606897,0.0615312579,22705,16936,45410,0.0005294318000000006
128,44,Andrews,0.2256972553,0.22565400609999997,3216,2713,6432,4.324920000003951e-05
128,44,Hook_1498,0.2752355815,0.2654789924,244509,231620,489018,0.00975658909999999
128,44,bcsstk27,0.0509081124,0.0509002685,229,219,458,7.843899999998571e-06
128,44,msdoor,0.0862872597,0.085015273,79628,75951,159256,0.0012719866999999913
128,44,tmt_sym,0.0619888547,0.0615212441,22638,16888,45276,0.0004676106000000013
128,45,Andrews,0.22568955459999998,0.22564418339999998,3281,2785,6562,4.537120000000505e-05
128,45,Hook_1498,0.2756999014,0.2654202942,244656,231785,489312,0.010279607199999985
128,45,bcsstk27,0.0542309282,0.054229282999999996,239,229,478,1.6452000000041767e-06
128,45,msdoor,0.0859874484,0.0849968913,80251,76585,160502,0.0009905570999999974
128,45,tmt_sym,0.0619719983,0.0615112783,22683,16911,45366,0.0004607199999999978
128,46,Andrews,0.2256932497,0.225648832,3215,2710,6430,4.4417699999993454e-05
128,46,Hook_1498,0.2751397611,0.2656799078,245184,232325,490368,0.009459853299999987
128,46,bcsstk27,0.0542207482,0.0542195085,249,239,498,1.2397000000025082e-06
128,46,msdoor,0.0859685425,0.0849864009,81099,77438,162198,0.0009821416
128,46,tmt_sym,0.0619672777,0.0614991906,22640,16862,45280,0.00046808709999999337
128,47,Andrews,0.22567183929999998,0.2256307843,3225,2726,6450,4.10549999999843e-05
128,47,Hook_1498,0.2770846842,0.266780496,245127,232273,490254,0.010304188200000008
128,47,bcsstk27,0.056621503399999995,0.0566200495,233,223,466,1.4538999999966218e-06
128,47,msdoor,0.085973096,0.0849772217,81887,78190,163774,0.0009958743000000048
128,47,tmt_sym,0.06197237939999999,0.0615018126,22674,16915,45348,0.00047056679999999546
128,48,Andrews,0.23379809899999998,0.2336716418,3114,2621,6228,0.00012645719999998528
128,48,Hook_1498,0.27078165989999997,0.267842245,244452,231569,488904,0.0029394148999999925
128,48,bcsstk27,0.0566583393,0.0566571473,243,233,486,1.1919999999970843e-06
128,48,msdoor,0.08648838989999999,0.0850249767,80174,76544,160348,0.0014634131999999855
128,48,tmt_sym,0.053609752499999996,0.0533851858,22740,16973,45480,0.0002245666999999979
128,49,Andrews,0.23379883729999998,0.2336683036,3199,2700,6398,0.00013053369999999065
128,49,Hook_1498,0.2708703041,0.26788387319999996,243186,230328,486372,0.002986430900000059
128,49,bcsstk27,0.0566544054,0.0566532134,231,221,462,1.1920000000040232e-06
128,49,msdoor,0.08622982489999999,0.0850100758,80478,76825,160956,0.0012197490999999866
128,49,tmt_sym,0.0536004539,0.0533781287,22674,16936,45348,0.0002223251999999981
128,50,Andrews,0.2337782625,0.23365113759999998,3186,2681,6372,0.0001271249000000252
128,50,Hook_1498,0.2692032815,0.2661698821,242886,230088,485772,0.0030333994000000253
128,50,bcsstk27,0.056647896499999996,0.0566464903,241,231,482,1.4061999999981367e-06
128,50,msdoor,0.0857051133,0.0850069048,80763,77056,161526,0.0006982084999999916
128,50,tmt_sym,0.07931032159999994,0.07907865039999994,22707,16946,45414,0.0002316712000000054
128,51,Andrews,0.2337886095,0.2336568114,3116,2625,6232,0.0001317980999999968
128,51,Hook_1498,0.2689880614,0.2659586195,243321,230508,486642,0.003029441899999985
128,51,bcsstk27,0.056640315,0.056639123,217,207,434,1.1919999999970843e-06
128,51,msdoor,0.0857790704,0.084986329,81599,77861,163198,0.0007927414000000049
128,51,tmt_sym,0.07995810479999993,0.07886676799999993,22636,16883,45272,0.0010913367999999951
128,52,Andrews,0.2361671925,0.23576054559999998,3182,2684,6364,0.00040664690000002945
128,52,Hook_1498,0.2690234895,0.2659374,244518,231643,489036,0.0030860895
128,52,bcsstk27,0.0566332102,0.0566320182,227,217,454,1.1919999999970843e-06
128,52,msdoor,0.08576629129999999,0.0849948172,79937,76282,159874,0.0007714740999999886
128,52,tmt_sym,0.07912087409999993,0.07887058229999994,22734,16961,45468,0.0002502917999999965
128,53,Andrews,0.2359388833,0.2358116868,3308,2806,6616,0.0001271965000000097
128,53,Hook_1498,0.2706887487,0.265944815,244257,231373,488514,0.00474393369999998
128,53,bcsstk27,0.056621265,0.0566199061,225,215,450,1.3588999999980533e-06
128,53,msdoor,0.08577339689999999,0.084977889,80258,76548,160516,0.000795507899999992
128,53,tmt_sym,0.07911963469999994,0.07886700599999993,22657,16849,45314,0.00025262870000000714
128,54,Andrews,0.235889864,0.2357656241,3161,2661,6322,0.00012423990000001717
128,54,Hook_1498,0.2689287666,0.26584184180000003,244209,231346,488418,0.003086924799999946
128,54,bcsstk27,0.0565866946,0.0565856691,244,234,488,1.0255000000014558e-06
128,54,msdoor,0.07873477899999999,0.0777929782,80510,76797,161020,0.0009418007999999894
128,54,tmt_sym,0.0535344599,0.0533279656,22724,16968,45448,0.00020649429999999858
128,55,Andrews,0.2358933687,0.23575916260000002,3297,2813,6594,0.00013420609999997835
128,55,Hook_1498,0.26895282249999997,0.2658745293,243666,230803,487332,0.0030782931999999708
128,55,bcsstk27,0.0565724133,0.056571197399999995,248,238,496,1.2159000000039333e-06
128,55,msdoor,0.0784728764,0.0776404146,81386,77666,162772,0.0008324618000000034
128,55,tmt_sym,0.05360209949999999,0.05331723669999999,22682,16918,45364,0.0002848628000000006
128,56,Andrews,0.2358950137,0.23576197629999998,3116,2614,6232,0.00013303740000000785
128,56,Hook_1498,0.2685018297,0.26539406790000003,244593,231698,489186,0.0031077617999999974
128,56,bcsstk27,0.0508219958,0.0508208038,258,248,516,1.1919999999970843e-06
128,56,msdoor,0.0784982677,0.0777636768,80218,76504,160436,0.0007345908999999984
128,56,tmt_sym,0.0529318568,0.0527297018,22704,16954,45408,0.00020215500000000247
128,57,Andrews,0.23580636989999998,0.2357654809,3288,2797,6576,4.088899999998841e-05
128,57,Hook_1498,0.2688378338,0.26591706299999995,244266,231376,488532,0.0029207708000000276
128,57,bcsstk27,0.050871038199999996,0.050869632,246,236,492,1.4061999999981367e-06
128,57,msdoor,0.0782038923,0.07762625179999999,80667,76934,161334,0.000577640500000004
128,57,tmt_sym,0.0531561136,0.0527672051,22721,16981,45442,0.00038890850000000005
128,58,Andrews,0.2357810976,0.2357483863,3159,2657,6318,3.27112999999879e-05
128,58,Hook_1498,0.26866390739999996,0.26552856010000003,244506,231667,489012,0.0031353472999999243
128,58,bcsstk27,0.0508126257,0.0508111956,256,246,512,1.4301000000049857e-06
128,58,msdoor,0.0783229109,0.0775199171,81406,77683,162812,0.0008029937999999986
128,58,tmt_sym,0.07431292569999993,0.07406773609999993,22624,16865,45248,0.0002451896000000009
128,59,Andrews,0.2358811381,0.23575372649999998,3175,2674,6350,0.00012741160000001583
128,59,Hook_1498,0.2678726911,0.264892554,244677,231819,489354,0.002980137100000002
128,59,bcsstk27,0.0508110998,0.0508096698,238,228,476,1.4300000000036506e-06
128,59,msdoor,0.07822782959999999,0.07746126619999999,82120,78353,164240,0.0007665634000000032
128,59,tmt_sym,0.052987956600000004,0.052707409799999994,22683,16933,45366,0.00028054680000001025
128,60,Andrews,0.23618504969999998,0.23576159489999998,3084,2583,6168,0.00042345480000000046
128,60,Hook_1498,0.26825518629999995,0.2652160405,245178,232337,490356,0.0030391457999999205
128,60,bcsstk27,0.050781654999999995,0.0507789371,233,223,466,2.717899999997442e-06
128,60,msdoor,0.07847423599999999,0.0779467579,80236,76555,160472,0.0005274780999999923
128,60,tmt_sym,0.0528990268,0.0526835439,22657,16849,45314,0.0002154829000000011
128,61,Andrews,0.2358178614,0.2357488874,3397,2903,6794,6.897399999999942e-05
128,61,Hook_1498,0.2675424101,0.2646261215,245151,232336,490302,0.0029162886000000388
128,61,bcsstk27,0.0508202079,0.0508177518,229,219,458,2.4560999999992394e-06
128,61,msdoor,0.07780535229999999,0.0771559238,80935,77243,161870,0.0006494284999999933
128,61,tmt_sym,0.052905416499999997,0.0526722672,22665,16901,45330,0.000233149299999999
128,62,Andrews,0.2358042478,0.23574280749999998,3178,2684,6356,6.144030000002076e-05
128,62,Hook_1498,0.2679785488,0.2650633811,243903,231042,487806,0.0029151676999999987
128,62,bcsstk27,0.050800108499999996,0.050796985999999995,239,229,478,3.1225000000009717e-06
128,62,msdoor,0.0786446095,0.0778188702,80778,77019,161556,0.000825739300000003
128,62,tmt_sym,0.0529388193,0.0526511193,22689,16925,45378,0.00028770000000000184
128,63,Andrews,0.2358199831,0.2357411627,3294,2799,6588,7.88203999999848e-05
128,63,Hook_1498,0.26762647609999995,0.2646292211,243645,230800,487290,0.0029972549999999765
128,63,bcsstk27,0.050896954999999994,0.0508955002,243,233,486,1.4547999999947603e-06
128,63,msdoor,0.0775410895,0.076992011,81639,77880,163278,0.0005490784999999943
128,63,tmt_sym,0.0528615236,0.0526319985,22780,17038,45560,0.0002295251000000026
128,64,Andrews,0.235795069,0.2357576134,3115,2619,6230,3.7455599999985933e-05
128,64,Hook_1498,0.2674540998,0.2645090582,243090,230222,486180,0.0029450416000000312
128,64,bcsstk27,0.0509033205,0.0509005787,253,243,506,2.741800000004291e-06
128,64,msdoor,0.07803394809999999,0.0769715074,80513,76782,161026,0.0010624406999999864
128,64,tmt_sym,0.053043460699999996,0.0527065512,22644,16898,45288,0.0003369094999999961
128,65,Andrews,0.2361711263,0.2357665539,3216,2719,6432,0.0004045723999999973
128,65,Hook_1498,0.2677948477,0.2648134235,243162,230303,486324,0.002981424200000027
128,65,bcsstk27,0.0508854868,0.0508842709,243,233,486,1.2158999999969944e-06
128,65,msdoor,0.0777869706,0.077107501,81115,77329,162230,0.00067946960000001
128,65,tmt_sym,0.0529079674,0.0526113989,22716,16961,45432,0.0002965684999999968
128,66,Andrews,0.2357826237,0.2357461688,3245,2750,6490,3.645490000001028e-05
128,66,Hook_1498,0.2682754037,0.2651814226,243315,230461,486630,0.0030939811000000317
128,66,bcsstk27,0.05087947809999999,0.0508777614,250,240,500,1.7166999999942978e-06
128,66,msdoor,0.0776715516,0.0769945143,81217,77396,162434,0.0006770373000000024
128,66,tmt_sym,0.0528264522,0.0525964495,22659,16890,45318,0.00023000269999999545
128,67,Andrews,0.23633100999999998,0.2358338833,3286,2791,6572,0.000497126699999989
128,67,Hook_1498,0.2667218685,0.2637896773,243576,230736,487152,0.0029321911999999895
128,67,bcsstk27,0.050857353599999995,0.0508561607,226,216,452,1.1928999999952228e-06
128,67,msdoor,0.0775714394,0.0767134664,81753,77938,163506,0.000857972999999998
128,67,tmt_sym,0.05282938449999999,0.0525856254,22683,16876,45366,0.00024375909999999057
128,68,Andrews,0.23643050219999998,0.23592119209999998,3193,2688,6386,0.0005093100999999933
128,68,Hook_1498,0.2670335056,0.2640806679,244170,231363,488340,0.0029528376999999884
128,68,bcsstk27,0.0508094076,0.0508077624,236,226,472,1.6452000000041767e-06
128,68,msdoor,0.077312946,0.0766514302,79640,75820,159280,0.0006615157999999982
128,68,tmt_sym,0.0528266434,0.0525893928,22727,16960,45454,0.00023725059999999548
128,69,Andrews,0.235829902,0.235748029,3226,2722,6452,8.187300000001008e-05
128,69,Hook_1498,0.2664922717,0.2635050294,244254,231418,488508,0.002987242300000026
128,69,bcsstk27,0.050842427999999995,0.0508412121,223,213,446,1.2158999999969944e-06
128,69,msdoor,0.0780890225,0.0773534779,80088,76288,160176,0.0007355445999999988
128,69,tmt_sym,0.052776480099999995,0.0525520805,22638,16883,45276,0.00022439959999999426
128,70,Andrews,0.2365755799,0.23601889599999998,3186,2683,6372,0.0005566839000000212
128,70,Hook_1498,0.2661316395,0.2632341382,244803,231959,489606,0.002897501299999994
128,70,bcsstk27,0.0507899765,0.0507883075,233,223,466,1.6690000000027516e-06
128,70,msdoor,0.07773973969999999,0.07716360059999999,80120,76325,160240,0.0005761390999999977
128,70,tmt_sym,0.052752232100000004,0.0525410892,22636,16876,45272,0.00021114290000000258
128,71,Andrews,0.2362658497,0.2357445003,3303,2794,6606,0.0005213494000000096
128,71,Hook_1498,0.2669343705,0.2621238472,244188,231370,488376,0.004810523300000036
128,71,bcsstk27,0.0507176398,0.0507164239,243,233,486,1.2158999999969944e-06
128,71,msdoor,0.0770911695,0.0765595194,80877,77144,161754,0.0005316501000000029
128,71,tmt_sym,0.0529795645,0.052547788699999994,22697,16957,45394,0.00043177580000000604
128,72,Andrews,0.2358092547,0.23576979609999998,3212,2717,6424,3.945860000001411e-05
128,72,Hook_1498,0.2626697537,0.2593478439,244152,231334,488304,0.0033219098000000225
128,72,bcsstk27,0.0506596801,0.050658273499999996,234,225,468,1.4066000000034773e-06
128,72,msdoor,0.0800184487,0.0788597583,79643,75849,159286,0.0011586903999999953
128,72,tmt_sym,0.052840471099999994,0.052468634099999995,22685,16922,45370,0.00037183699999999986
128,73,Andrews,0.2357769729,0.2357559919,3233,2727,6466,2.0981000000003247e-05
128,73,Hook_1498,0.2627133371,0.25930256869999996,243648,230779,487296,0.0034107684000000416
128,73,bcsstk27,0.050582861699999995,0.05058140739999999,217,208,434,1.4543000000019624e-06
128,73,msdoor,0.08008883,0.0788943528,80412,76622,160824,0.001194477200000002
128,73,tmt_sym,0.052821874899999996,0.052475762599999996,22670,16911,45340,0.00034611229999999965
128,74,Andrews,0.2357844116,0.2357467174,3144,2645,6288,3.769419999999357e-05
128,74,Hook_1498,0.26275522700000004,0.2591215372,243957,231078,487914,0.0036336898000000617
128,74,bcsstk27,0.0366666316,0.0366654634,226,217,452,1.1681999999985093e-06
128,74,msdoor,0.079708838,0.0787009955,80737,77005,161474,0.0010078425000000085
128,74,tmt_sym,0.052786087899999994,0.0524403807,22712,16932,45424,0.0003457071999999964
128,75,Andrews,0.23578207510000002,0.23574118589999998,3308,2808,6616,4.088920000003271e-05
128,75,Hook_1498,0.2625833507,0.25884740349999996,244134,231205,488268,0.0037359472000000338
128,75,bcsstk27,0.0366668697,0.0366657015,201,192,402,1.1681999999985093e-06
128,75,msdoor,0.0800585982,0.0788136956,81604,77880,163208,0.0012449026000000002
128,75,tmt_sym,0.0527819154,0.0524296283,22743,16978,45486,0.00035228709999999414
128,76,Andrews,0.2357581856,0.2357376577,3077,2583,6154,2.0527900000011368e-05
128,76,Hook_1498,0.26272680779999996,0.2591418741,244095,231219,488190,0.0035849336999999593
128,76,bcsstk27,0.0367414237,0.0367402317,210,201,420,1.1919999999970843e-06
128,76,msdoor,0.0799320698,0.0787719726,79820,76047,159640,0.0011600972000000015
128,76,tmt_sym,0.0452193499,0.044802904399999996,22701,16949,45402,0.00041644550000000113
128,77,Andrews,0.235736275,0.2357152225,3194,2693,6388,2.1052500000007246e-05
128,77,Hook_1498,0.26259782319999997,0.25902543089999996,244422,231544,488844,0.0035723923000000046
128,77,bcsstk27,0.0367069006,0.0367035868,211,202,422,3.3138000000015877e-06
128,77,msdoor,0.0799155949,0.0787536621,80505,76799,161010,0.0011619328000000012
128,77,tmt_sym,0.04610455039999999,0.0448179725,22697,16925,45394,0.0012865778999999952
128,78,Andrews,0.235767198,0.2357275962,3124,2620,6248,3.96018000000109e-05
128,78,Hook_1498,0.26246728890000004,0.2588966365,244062,231181,488124,0.0035706524000000406
128,78,bcsstk27,0.036646008599999995,0.036643314499999996,220,211,440,2.694099999998867e-06
128,78,msdoor,0.0799000979,0.07876801469999999,80824,77128,161648,0.0011320832000000086
128,78,tmt_sym,0.045187067799999994,0.04477608219999999,22565,16788,45130,0.00041098560000000367
128,79,Andrews,0.2357420918,0.2357045177,3202,2701,6404,3.757409999999295e-05
128,79,Hook_1498,0.2626605274,0.25909209209999995,243855,230994,487710,0.0035684353000000613
128,79,bcsstk27,0.036691475099999996,0.0366902831,217,208,434,1.1919999999970843e-06
128,79,msdoor,0.07965650599999999,0.07872459929999999,81848,78158,163696,0.0009319066999999986
128,79,tmt_sym,0.046093630399999995,0.0447680236,22788,17048,45576,0.0013256067999999968
128,80,Andrews,0.2357234478,0.23570225269999998,3250,2753,6500,2.119510000003766e-05
128,80,Hook_1498,0.262416387,0.25890786689999995,243711,230853,487422,0.0035085201000000232
128,80,bcsstk27,0.036717868199999996,0.0367166753,226,217,452,1.1928999999952228e-06
128,80,msdoor,0.07979052049999999,0.0787979362,80464,76740,160928,0.0009925842999999879
128,80,tmt_sym,0.0460435148,0.0447560312,22637,16898,45274,0.0012874836
128,81,Andrews,0.23571298089999998,0.23569104689999998,3302,2797,6604,2.193400000000123e-05
128,81,Hook_1498,0.2621893169,0.25862421999999996,243678,230807,487356,0.0035650969000000643
128,81,bcsstk27,0.0366796258,0.0366777893,209,200,418,1.8364999999978537e-06
128,81,msdoor,0.07971396469999999,0.07871780419999999,81083,77348,162166,0.0009961604999999957
128,81,tmt_sym,0.04601273559999999,0.04473955599999999,22714,16966,45428,0.0012731796000000004
128,82,Andrews,0.2357113596,0.2356901167,3290,2796,6580,2.1242899999995846e-05
128,82,Hook_1498,0.2620154142,0.2584858183,243216,230335,486432,0.0035295959000000154
128,82,bcsstk27,0.0366509911,0.036648082699999994,218,209,436,2.9084000000081933e-06
128,82,msdoor,0.07981617429999999,0.07863471479999999,81243,77526,162486,0.0011814594999999956
128,82,tmt_sym,0.046032237999999996,0.0447095633,22741,16926,45482,0.0013226746999999983
128,83,Andrews,0.2357106926,0.23567318909999999,3193,2689,6386,3.7503500000007906e-05
128,83,Hook_1498,0.26243641409999996,0.2587182285,243786,230957,487572,0.003718185599999979
128,83,bcsstk27,0.036622404899999995,0.036621451799999996,205,196,410,9.530999999993184e-07
128,83,msdoor,0.0797113655,0.0786870959,82082,78423,164164,0.0010242696000000023
128,83,tmt_sym,0.04485537989999999,0.04466989,22605,16857,45210,0.00018548989999999516
128,84,Andrews,0.2357111933,0.2356760028,3203,2705,6406,3.519050000000412e-05
128,84,Hook_1498,0.2480215069,0.2439319606,243861,231014,487722,0.0040895462999999965
128,84,bcsstk27,0.0366176608,0.0366164449,214,205,428,1.2158999999969944e-06
128,84,msdoor,0.0792888402,0.0783485173,80086,76364,160172,0.0009403228999999985
128,84,tmt_sym,0.045094227699999996,0.0446638588,22663,16911,45326,0.00043036889999999856
128,85,Andrews,0.2359293459,0.2358517412,3285,2787,6570,7.76047000000113e-05
128,85,Hook_1498,0.247621131,0.2437361,244710,231853,489420,0.0038850309999999832
128,85,bcsstk27,0.0366234065,0.0366207362,201,192,402,2.670300000000292e-06
128,85,msdoor,0.08007800539999999,0.0788571593,80636,76929,161272,0.001220846099999992
128,85,tmt_sym,0.0450729129,0.04464008779999999,22756,16964,45512,0.00043282510000000607
128,86,Andrews,0.23586835839999998,0.2358473536,3129,2631,6258,2.1004799999974066e-05
128,86,Hook_1498,0.2477962013,0.2439432624,244431,231541,488862,0.0038529388999999914
128,86,bcsstk27,0.03660480989999999,0.0366017104,210,201,420,3.0994999999922612e-06
128,86,msdoor,0.0801296948,0.0789523127,80832,77189,161664,0.001177382099999999
128,86,tmt_sym,0.0450341465,0.04462783299999999,22606,16853,45212,0.0004063135000000051
128,87,Andrews,0.2358734607,0.23583388330000002,3286,2788,6572,3.957739999999044e-05
128,87,Hook_1498,0.247416306,0.2433475732,244317,231461,488634,0.004068732800000002
128,87,bcsstk27,0.0365501403,0.036547232,207,198,414,2.9082999999999193e-06
128,87,msdoor,0.080223823,0.0789559845,81541,77910,163082,0.001267838499999993
128,87,tmt_sym,0.045037126399999995,0.0446021322,22671,16899,45342,0.0004349941999999968
128,88,Andrews,0.23588202009999998,0.2358607772,3219,2719,6438,2.124289999996809e-05
128,88,Hook_1498,0.2478733065,0.2437345742,243843,230928,487686,0.004138732300000003
128,88,bcsstk27,0.036578083,0.036577129099999994,216,207,432,9.539000000030606e-07
128,88,msdoor,0.080150056,0.0789678577,80384,76667,160768,0.0011821982999999925
128,88,tmt_sym,0.045945357799999996,0.044606805199999995,22844,17107,45688,0.0013385526000000009
128,89,Andrews,0.2358908412,0.2358524323,3224,2730,6448,3.840890000000874e-05
128,89,Hook_1498,0.2475385428,0.2435965064,243606,230744,487212,0.003942036400000015
128,89,bcsstk27,0.0365532155,0.036550950699999994,219,210,438,2.2648000000055624e-06
128,89,msdoor,0.0801287887,0.07895255069999998,81096,77451,162192,0.00117623800000001
128,89,tmt_sym,0.0459155323,0.0445937393,22549,16804,45098,0.0013217930000000017
128,90,Andrews,0.2358683344,0.2358469012,3152,2662,6304,2.1433200000003927e-05
128,90,Hook_1498,0.2477945566,0.2439090017,243207,230337,486414,0.0038855549000000045
128,90,bcsstk27,0.0365855698,0.0365843769,228,219,456,1.1929000000021617e-06
128,90,msdoor,0.07990531929999999,0.07894496919999999,81170,77544,162340,0.0009603500999999931
128,90,tmt_sym,0.045014977799999994,0.044595503599999996,22732,16958,45464,0.00041947419999999874
128,91,Andrews,0.2358602766,0.2358386036,3238,2749,6476,2.167299999999983e-05
128,91,Hook_1498,0.2481219293,0.2436757324,243738,230905,487476,0.004446196899999977
128,91,bcsstk27,0.0365275624,0.0365263704,215,206,430,1.1919999999970843e-06
128,91,msdoor,0.0799525496,0.0789422513,82170,78540,164340,0.0010102983000000038
128,91,tmt_sym,0.0458696366,0.04458739739999999,22642,16883,45284,0.0012822392000000071
128,92,Andrews,0.2358662841,0.2358448032,3267,2765,6534,2.1480899999981595e-05
128,92,Hook_1498,0.2473899601,0.2435266018,243615,230804,487230,0.0038633583000000082
128,92,bcsstk27,0.036521815799999996,0.036519336799999996,224,215,448,2.478999999999676e-06
128,92,msdoor,0.07989509099999999,0.078928947,80361,76708,160722,0.0009661439999999882
128,92,tmt_sym,0.045899247799999994,0.044570612899999994,22764,17032,45528,0.0013286349000000003
128,93,Andrews,0.2358471396,0.2358251808,3306,2806,6612,2.195879999999928e-05
128,93,Hook_1498,0.2460684299,0.24258339429999998,244446,231652,488892,0.0034850356000000193
128,93,bcsstk27,0.0364833352,0.036482382099999995,205,196,410,9.531000000062573e-07
128,93,msdoor,0.0802801608,0.0789149046,81009,77357,162018,0.001365256199999998
128,93,tmt_sym,0.0449394703,0.0445561647,22607,16845,45214,0.0003833056000000015
128,94,Andrews,0.2358481642,0.2358271841,3271,2777,6542,2.0980099999984292e-05
128,94,Hook_1498,0.2464877131,0.2429035191,244545,231714,489090,0.0035841940000000128
128,94,bcsstk27,0.0365122078,0.036509513699999996,214,205,428,2.6941000000058057e-06
128,94,msdoor,0.0798050161,0.0789118048,81190,77536,162380,0.0008932113000000019
128,94,tmt_sym,0.044933557299999996,0.044551205499999996,22676,16913,45352,0.0003823517999999998
128,95,Andrews,0.23588423690000002,0.2358375312,3208,2712,6416,4.67057000000104e-05
128,95,Hook_1498,0.2463852167,0.2426962137,244149,231312,488298,0.0036890029999999963
128,95,bcsstk27,0.03645627519999999,0.036455321199999995,209,200,418,9.539999999974569e-07
128,95,msdoor,0.0798906564,0.078897071,81791,78144,163582,0.0009935853999999966
128,95,tmt_sym,0.0449040654,0.044525789899999994,22661,16908,45322,0.00037827550000000404
128,96,Andrews,0.23606371869999998,0.2359703777,3178,2692,6356,9.334099999996903e-05
128,96,Hook_1498,0.2790854696,0.2759491919,243915,231081,487830,0.003136277700000023
128,96,bcsstk27,0.051284479699999996,0.051283192299999995,218,209,436,1.2874000000009933e-06
128,96,msdoor,0.08991787400000001,0.0890279772,80438,76802,160876,0.0008898968000000118
128,96,tmt_sym,0.0496840718,0.047987008500000004,22686,16952,45372,0.0016970632999999957
128,97,Andrews,0.2154978755,0.2153905153,3260,2765,6520,0.00010736019999998958
128,97,Hook_1498,0.2902373794,0.2766860484,243918,231099,487836,0.013551331
128,97,bcsstk27,0.030283928199999997,0.030281710699999995,221,212,442,2.2175000000020095e-06
128,97,msdoor,0.090243387,0.0889201645,81203,77603,162406,0.0013232224999999986
128,97,tmt_sym,0.046617555399999996,0.0419903514,22711,16933,45422,0.004627203999999996
128,98,Andrews,0.2352499481,0.23521223049999998,3094,2589,6188,3.771760000001456e-05
128,98,Hook_1498,0.2811248778,0.2747594593,244086,231286,488172,0.006365418499999997
128,98,bcsstk27,0.0264395718,0.0264361862,230,221,460,3.3855999999991837e-06
128,98,msdoor,0.0901337382,0.08853998199999999,81435,77816,162870,0.0015937562000000044
128,98,tmt_sym,0.03717641859999999,0.03658006219999999,22770,17025,45540,0.0005963563999999977
128,99,Andrews,0.2255547765,0.2254423376,3212,2715,6424,0.00011243890000001144
128,99,Hook_1498,0.2630023722,0.2600869182,243783,230954,487566,0.002915453999999984
128,99,bcsstk27,0.013404536199999999,0.0134032965,219,210,438,1.2396999999990388e-06
128,99,msdoor,0.0901605845,0.0877024174,81874,78234,163748,0.0024581671000000055
128,99,tmt_sym,0.0422309158,0.0412949565,22627,16834,45254,0.0009359592999999972
128,100,Andrews,0.2415472748,0.24151611339999998,3189,2697,6378,3.116140000000711e-05
128,100,Hook_1498,0.2804238794,0.2749391319,242973,230142,485946,0.005484747499999998
128,100,bcsstk27,0.020278334899999986,0.02027447219999999,228,219,456,3.862699999995778e-06
128,100,msdoor,0.0877508883,0.0867579225,79993,76365,159986,0.0009929657999999952
128,100,tmt_sym,0.041465449599999996,0.040719533399999994,22724,16977,45448,0.0007459162000000019
128,101,Andrews,0.2158043143,0.2156933546,3180,2689,6360,0.00011095969999999622
128,101,Hook_1498,0.273274064,0.26799657359999995,242796,229977,485592,0.005277490400000029
128,101,bcsstk27,0.010203576299999994,0.010202193599999994,203,194,406,1.3827000000000977e-06
128,101,msdoor,0.0867437125,0.08501527269999999,80797,77172,161594,0.001728439800000009
128,101,tmt_sym,0.051839685299999994,0.051105690399999994,22711,16956,45422,0.0007339948999999998
128,102,Andrews,0.2342975617,0.2342517372,3216,2727,6432,4.5824499999985724e-05
128,102,Hook_1498,0.2745568276,0.2700873138,243324,230463,486648,0.004469513799999991
128,102,bcsstk27,0.010318302899999993,0.010316825099999994,212,203,424,1.4777999999982666e-06
128,102,msdoor,0.0873824116,0.083330822,81056,77415,162112,0.004051589600000002
128,102,tmt_sym,0.049383187599999996,0.04848184569999999,22602,16785,45204,0.000901341900000005
128,103,Andrews,0.23433721059999998,0.2342451332,3155,2653,6310,9.207739999997355e-05
128,103,Hook_1498,0.2647401329,0.2591605425,244083,231172,488166,0.005579590400000001
128,103,bcsstk27,0.016747332099999995,0.016744804099999996,207,198,414,2.5279999999981706e-06
128,103,msdoor,0.0806691407,0.0790422198,81745,78096,163490,0.001626920900000009
128,103,tmt_sym,0.04127256899999999,0.040756225699999996,22799,17049,45598,0.0005163432999999926
128,104,Andrews,0.2473181489,0.2471202374,3224,2730,6448,0.00019791150000000868
128,104,Hook_1498,0.2809824469,0.2732973333,244128,231199,488256,0.007685113600000015
128,104,bcsstk27,0.0351294042,0.035127521,216,207,432,1.8831999999968652e-06
128,104,msdoor,0.0853250742,0.0843328233,80780,77103,161560,0.0009922509000000052
128,104,tmt_sym,0.059832811599999994,0.05434544079999999,22598,16861,45196,0.005487370800000002
128,105,Andrews,0.22422571219999998,0.2241249802,3248,2747,6496,0.00010073199999999227
128,105,Hook_1498,0.27801465999999997,0.2747928617,243720,230848,487440,0.0032217982999999673
128,105,bcsstk27,0.025999427,0.0259981873,225,216,450,1.2396999999990388e-06
128,105,msdoor,0.0845412734,0.0835301159,81244,77560,162488,0.0010111575000000123
128,105,tmt_sym,0.050200772499999984,0.04980280419999999,22705,16964,45410,0.0003979682999999956
128,106,Andrews,0.2355603456,0.2354972835,3196,2696,6392,6.306210000001089e-05
128,106,Hook_1498,0.2832240108,0.277609205,243891,231029,487782,0.005614805799999956
128,106,bcsstk27,0.026931047299999997,0.026928710999999998,234,225,468,2.336299999999153e-06
128,106,msdoor,0.0839280844,0.0821398731,81427,77759,162854,0.0017882113000000088
128,106,tmt_sym,0.051999759599999994,0.05159349399999999,22660,16886,45320,0.00040626560000000395
128,107,Andrews,0.2343148473,0.2342239856,3263,2765,6526,9.086170000000005e-05
128,107,Hook_1498,0.2665065054,0.26367900359999996,244227,231398,488454,0.0028275018000000207
128,107,bcsstk27,0.0251959088,0.0251947168,217,208,434,1.1920000000005537e-06
128,107,msdoor,0.0740996365,0.072796321,81908,78217,163816,0.001303315499999999
128,107,tmt_sym,0.04149413109999999,0.03728635329999999,22660,16891,45320,0.0042077778
128,108,Andrews,0.2490135667,0.24895503519999998,3177,2672,6354,5.853150000001417e-05
128,108,Hook_1498,0.2819203376,0.2776204345,245025,232129,490050,0.004299903100000002
128,108,bcsstk27,0.0363274336,0.036325955,226,217,452,1.4786000000002741e-06
128,108,msdoor,0.0764132736,0.0753049849,80240,76557,160480,0.0011082887000000013
128,108,tmt_sym,0.054655241699999996,0.0538831471,22764,16999,45528,0.0007720945999999951
128,109,Andrews,0.2196136956,0.219568157,3195,2707,6390,4.5538599999978e-05
128,109,Hook_1498,0.2759687428,0.26841192199999997,244761,231868,489522,0.00755682080000003
128,109,bcsstk27,0.0458951473,0.0458937411,201,192,402,1.4061999999981367e-06
128,109,msdoor,0.0789685968,0.0780110594,80510,76849,161020,0.0009575373999999998
128,109,tmt_sym,0.05516977289999999,0.05471305859999999,22628,16868,45256,0.00045671430000000096
128,110,Andrews,0.2358576063,0.2358258961,3229,2731,6458,3.1710200000006905e-05
128,110,Hook_1498,0.278778148,0.2735574957,245412,232549,490824,0.005220652300000017
128,110,bcsstk27,0.0272028443,0.027200984999999997,210,201,420,1.859300000003894e-06
128,110,msdoor,0.0739331248,0.0729625699,80555,76888,161110,0.0009705549000000036
128,110,tmt_sym,0.057460379699999994,0.056869530499999994,22685,16905,45370,0.0005908492000000001
128,111,Andrews,0.2342511892,0.2341437344,3208,2714,6416,0.00010745479999998975
128,111,Hook_1498,0.2690055369,0.2657863137,244140,231269,488280,0.00321922320000001
128,111,bcsstk27,0.0272024394,0.0272010561,211,202,422,1.3833000000011697e-06
128,111,msdoor,0.0735675339,0.0727080106,81004,77351,162008,0.000859523299999998
128,111,tmt_sym,0.053717446399999993,0.05279676879999999,22713,16962,45426,0.0009206776000000028
128,112,Andrews,0.2471595051,0.2471079113,3168,2668,6336,5.159379999999936e-05
128,112,Hook_1498,0.280437756,0.2760861161,243924,231055,487848,0.004351639899999982
128,112,bcsstk27,0.048279547699999995,0.0482769963,220,211,440,2.5513999999948744e-06
128,112,msdoor,0.06700725519999999,0.06537420709999998,79716,76080,159432,0.0016330481000000063
128,112,tmt_sym,0.058986663899999986,0.058126521099999995,22689,16917,45378,0.0008601427999999911
128,113,Andrews,0.22566804869999998,0.2255808596,3243,2737,6486,8.71890999999958e-05
128,113,Hook_1498,0.2816094402,0.2705970762,243279,230405,486558,0.011012363999999997
128,113,bcsstk27,0.0352286339,0.0352264403,217,208,434,2.19359999999863e-06
128,113,msdoor,0.05903170129999999,0.05723798319999999,80103,76471,160206,0.001793718100000001
128,113,tmt_sym,0.05479366769999999,0.05442066189999999,22650,16914,45300,0.00037300579999999944
128,114,Andrews,0.2362333061,0.2361313343,3123,2625,6246,0.00010197180000001693
128,114,Hook_1498,0.27598905570000004,0.2712484596,244185,231310,488370,0.00474059610000005
128,114,bcsstk27,0.0496263027,0.049623728,226,217,452,2.5747000000006515e-06
128,114,msdoor,0.0730703352,0.0708848476,80337,76703,160674,0.002185487600000008
128,114,tmt_sym,0.0628436326,0.061941457199999994,22643,16887,45286,0.0009021754000000104
128,115,Andrews,0.23653023199999998,0.2364372495,3275,2776,6550,9.298249999997732e-05
128,115,Hook_1498,0.27417032690000004,0.26031634849999996,244233,231348,488466,0.013853978400000078
128,115,bcsstk27,0.0275093552,0.0275079013,209,200,418,1.4539000000000912e-06
128,115,msdoor,0.0622672318,0.056034206999999996,80812,77174,161624,0.006233024800000007
128,115,tmt_sym,0.0520090576,0.05175647779999999,22736,16975,45472,0.0002525798000000065
128,116,Andrews,0.2453521487,0.2452339177,3193,2700,6386,0.00011823099999999642
128,116,Hook_1498,0.2750685926,0.2695948602,243693,230772,487386,0.0054737323999999865
128,116,bcsstk27,0.030410074899999986,0.03040802489999999,218,209,436,2.049999999996499e-06
128,116,msdoor,0.0681770803,0.0665389298,79510,75856,159020,0.0016381505000000046
128,116,tmt_sym,0.060414123499999986,0.05949101459999998,22675,16915,45350,0.000923108900000004
128,117,Andrews,0.2244366403,0.223817396,3278,2775,6556,0.0006192442999999881
128,117,Hook_1498,0.264078188,0.2590444086,243537,230673,487074,0.005033779399999994
128,117,bcsstk27,0.02742898429999999,0.02742605179999999,205,196,410,2.9325000000003654e-06
128,117,msdoor,0.060639024199999995,0.059811830499999996,80190,76531,160380,0.0008271936999999993
128,117,tmt_sym,0.0709598777,0.07005832159999999,22718,16904,45436,0.0009015561000000061
128,118,Andrews,0.23582677870000002,0.2357277868,3161,2665,6322,9.899190000001168e-05
128,118,Hook_1498,0.265958786,0.2592115638,243141,230325,486282,0.006747222200000014
128,118,bcsstk27,0.007649755199999992,0.007648467799999991,214,205,428,1.2874000000009933e-06
128,118,msdoor,0.06817376630000001,0.066524696,80444,76774,160888,0.0016490703000000134
128,118,tmt_sym,0.057666397099999996,0.0571962595,22731,16967,45462,0.00047013759999999655
128,119,Andrews,0.2357898949,0.2357411862,3142,2653,6284,4.870869999998306e-05
128,119,Hook_1498,0.26452393539999997,0.2590478182,243099,230230,486198,0.005476117199999964
128,119,bcsstk27,0.0140066862,0.0140054226,201,192,402,1.2636000000006836e-06
128,119,msdoor,0.0586118456,0.0569247241,80828,77166,161656,0.0016871214999999995
128,119,tmt_sym,0.0554224731,0.0550076247,22620,16859,45240,0.0004148484000000008
128,120,Andrews,0.24723360539999997,0.2470971106,3076,2580,6152,0.00013649479999996994
128,120,Hook_1498,0.2827302693,0.2769383672,242844,230026,485688,0.005791902100000024
128,120,bcsstk27,0.0507204059,0.0507192139,210,201,420,1.1920000000040232e-06
128,120,msdoor,0.0976104017,0.0965617653,79756,76112,159512,0.001048636399999997
128,120,tmt_sym,0.05850009929999999,0.05808796839999999,22690,16940,45380,0.00041213090000000174
128,121,Andrews,0.247212553,0.2470759872,3236,2749,6472,0.00013656579999998808
128,121,Hook_1498,0.2828629021,0.2770171401,243477,230662,486954,0.005845761999999977
128,121,bcsstk27,0.050729369999999996,0.050727987599999996,207,198,414,1.3823999999995618e-06
128,121,msdoor,0.0975705623,0.0965444563,80299,76655,160598,0.0010261059999999989
128,121,tmt_sym,0.06187901479999999,0.058073210699999996,22685,16946,45370,0.0038058040999999973
128,122,Andrews,0.2472070934,0.24706625910000002,3155,2664,6310,0.00014083429999997565
128,122,Hook_1498,0.2828732731,0.2769912724,244173,231385,488346,0.005882000700000001
128,122,bcsstk27,0.0507174018,0.0507155416,216,207,432,1.8602000000020324e-06
128,122,msdoor,0.0975593805,0.0965380192,80754,77125,161508,0.0010213612999999955
128,122,tmt_sym,0.05848853609999999,0.05807378299999999,22749,16984,45498,0.0004147530999999982
128,123,Andrews,0.2449787144,0.24492583259999998,3206,2709,6412,5.28818000000153e-05
128,123,Hook_1498,0.28299241049999996,0.2769675734,243705,230922,487410,0.006024837099999958
128,123,bcsstk27,0.050698780799999996,0.0506973508,219,210,438,1.4299999999967117e-06
128,123,msdoor,0.09755287130000001,0.0965258594,81371,77740,162742,0.0010270119000000133
128,123,tmt_sym,0.05847208499999999,0.05806279159999999,22585,16836,45170,0.0004092934000000034
128,124,Andrews,0.244969726,0.2449154136,3208,2709,6416,5.4312400000006145e-05
128,124,Hook_1498,0.2825382713,0.2768493887,243417,230666,486834,0.0056888826
128,124,bcsstk27,0.0507104877,0.050708866400000004,228,219,456,1.6212999999973277e-06
128,124,msdoor,0.0973964212,0.0965195181,80038,76393,160076,0.0008769030999999927
128,124,tmt_sym,0.05932483689999999,0.05805408969999999,22706,16890,45412,0.0012707471999999984
128,125,Andrews,0.24493372430000002,0.2448815341,3160,2671,6320,5.2190200000024056e-05
128,125,Hook_1498,0.2823858742,0.2767743348,243153,230340,486306,0.005611539399999976
128,125,bcsstk27,0.0506968975,0.0506957055,215,206,430,1.1919999999970843e-06
128,125,msdoor,0.09750025300000001,0.0965038774,80222,76582,160444,0.0009963756000000157
128,125,tmt_sym,0.058411478899999994,0.05803623219999999,22746,16994,45492,0.0003752467000000051
128,126,Andrews,0.2437100408,0.2436487437,3137,2630,6274,6.129709999999622e-05
128,126,Hook_1498,0.28231565979999995,0.2766904355,243120,230255,486240,0.0056252242999999535
128,126,bcsstk27,0.0506959919,0.0506946087,224,215,448,1.383200000003304e-06
128,126,msdoor,0.0974643944,0.0964915995,80300,76676,160600,0.0009727949000000041
128,126,tmt_sym,0.05848183619999999,0.05804374219999999,22700,16942,45400,0.000438094
128,127,Andrews,0.2436753511,0.2436246873,3212,2721,6424,5.066379999998927e-05
128,127,Hook_1498,0.2824843404,0.2767155406,243336,230472,486672,0.005768799800000002
128,127,bcsstk27,0.0506821872,0.050680542099999996,205,196,410,1.6451000000028415e-06
128,127,msdoor,0.097453141,0.0964779139,80892,77252,161784,0.0009752270999999896
128,127,tmt_sym,0.058445930899999984,0.057999181299999994,22634,16888,45268,0.0004467495999999904
