num_procs,rank,matrix,elapsed_time,comm_time,local_nz,ghost_entries,local_flops,comp_time
1,0,Andrews,0.002314757899999995,2.0261999999999993e-06,410077,0,820154,0.0023127316999999948
1,0,Hook_1498,0.038162541599999995,3.695599999999999e-06,31207734,0,62415468,0.038158845999999996
1,0,bcsstk27,0.00044066949999999863,5.484999999999998e-07,28675,0,57350,0.0004401209999999986
1,0,msdoor,0.025139594199999997,5.054699999999999e-06,10328399,0,20656798,0.025134539499999997
1,0,tmt_sym,0.020130014399999997,5.722e-06,2903837,0,5807674,0.020124292399999997
2,0,Andrews,0.0010570762000000002,0.0005822898,202663,53459,405326,0.0004747864000000002
2,0,Hook_1498,0.1141759394,0.0934060811,15603136,7596746,31206272,0.0207698583
2,0,bcsstk27,0.0001382588,0.0001194005,14624,7303,29248,1.8858299999999995e-05
2,0,msdoor,0.0274236919,0.021044873999999998,5144923,2512743,10289846,0.0063788179000000035
2,0,tmt_sym,0.0103486538,0.0067151306,1452176,725992,2904352,0.0036335231999999997
2,1,Andrews,0.0011451478999999999,0.0006835941,207414,54185,414828,0.0004615537999999999
2,1,Hook_1498,0.10861575600000001,0.0886289117,15604598,7598405,31209196,0.019986844300000015
2,1,bcsstk27,0.00014707999999999995,0.0001176596,14051,6730,28102,2.942039999999996e-05
2,1,msdoor,0.0271172998,0.0211126567,5183476,2545401,10366952,0.006004643100000002
2,1,tmt_sym,0.010032844899999999,0.0065346719,1451661,725736,2903322,0.0034981729999999994
4,0,Andrews,0.0011042354,0.0007091998,101144,56607,202288,0.00039503559999999995
4,0,Hook_1498,0.0959800963,0.0804302217,7802548,5692709,15605096,0.0155498746
4,0,bcsstk27,0.0001190184,0.00010821789999999999,7317,5395,14634,1.0800500000000013e-05
4,0,msdoor,0.023067378899999998,0.0183585402,2558744,1871027,5117488,0.004708838699999999
4,0,tmt_sym,0.0066060783,0.004343724199999999,726120,453905,1452240,0.0022623541000000007
4,1,Andrews,0.0019423007,0.0015800951,104188,58254,208376,0.0003622056
4,1,Hook_1498,0.09504742640000001,0.0817645789,7800863,5692751,15601726,0.013282847500000014
4,1,bcsstk27,0.00010361669999999999,8.12531e-05,7016,5098,14032,2.236359999999999e-05
4,1,msdoor,0.0274631499,0.0231374261,2576982,1887950,5153964,0.0043257238
4,1,tmt_sym,0.006448220799999999,0.0045791628,725844,453588,1451688,0.001869057999999999
4,2,Andrews,0.0017301797,0.001068115,101519,56581,203038,0.0006620647
4,2,Hook_1498,0.0976509567,0.0697529079,7800588,5690589,15601176,0.027898048800000005
4,2,bcsstk27,0.00015163409999999997,0.0001239304,7307,5390,14614,2.7703699999999983e-05
4,2,msdoor,0.030283713299999997,0.021234488299999996,2586179,1899120,5172358,0.009049225000000001
4,2,tmt_sym,0.0087878226,0.0052673105,726056,453802,1452112,0.0035205121000000004
4,3,Andrews,0.0075355288,0.0012594938999999999,103226,57356,206452,0.0062760349
4,3,Hook_1498,0.1102029561,0.08253519549999999,7803735,5691972,15607470,0.027667760600000008
4,3,bcsstk27,0.0002627370999999997,0.000154996,7035,5115,14070,0.00010774109999999969
4,3,msdoor,0.0299671654,0.020951223699999997,2606494,1917833,5212988,0.009015941700000002
4,3,tmt_sym,0.008408379099999998,0.0050237892999999995,725817,453313,1451634,0.003384589799999999
8,0,Andrews,0.0263712168,0.026026726,50623,35617,101246,0.00034449079999999965
8,0,Hook_1498,0.8042904142999999,0.7817680363,3898612,3308781,7797224,0.0225223779999999
8,0,bcsstk27,0.016794658,0.0167812107,3667,3137,7334,1.34473000000003e-05
8,0,msdoor,0.26598811110000004,0.2607238767,1281251,1093631,2562502,0.005264234400000012
8,0,tmt_sym,0.0486051324,0.0474185226,362930,251661,725860,0.001186609800000002
8,1,Andrews,0.028936815199999997,0.027450441899999994,51802,36707,103604,0.0014863733000000032
8,1,Hook_1498,0.8037693263,0.7846283915,3895764,3306649,7791528,0.01914093480000001
8,1,bcsstk27,0.020939565,0.0208812953,3509,2981,7018,5.826969999999862e-05
8,1,msdoor,0.265496516,0.2611275669,1290741,1102943,2581482,0.004368949100000019
8,1,tmt_sym,0.0541093585,0.052990889799999996,363031,249543,726062,0.0011184687000000068
8,2,Andrews,0.026307105799999998,0.0256236076,50656,35748,101312,0.0006834981999999969
8,2,Hook_1498,0.8344801188,0.8062281843000001,3896192,3307151,7792384,0.028251934499999853
8,2,bcsstk27,0.021476292299999998,0.021018243,3641,3116,7282,0.0004580492999999991
8,2,msdoor,0.26924648259999995,0.2551233526,1295807,1108342,2591614,0.014123129999999928
8,2,tmt_sym,0.054389333299999995,0.052048969300000004,363275,247632,726550,0.0023403639999999906
8,3,Andrews,0.0275354384,0.026780915199999998,51507,36280,103014,0.0007545232000000027
8,3,Hook_1498,0.8180540323,0.7910866264,3900463,3310430,7800926,0.026967405899999908
8,3,bcsstk27,0.026035022999999997,0.0259085183,3500,2973,7000,0.00012650469999999844
8,3,msdoor,0.2640531305,0.25512223219999997,1305906,1118212,2611812,0.008930898300000045
8,3,tmt_sym,0.0541397809,0.05170064,362540,249164,725080,0.0024391408999999975
8,4,Andrews,0.0009779686999999992,0.0006401058999999993,50521,35725,101042,0.0003378627999999999
8,4,Hook_1498,0.7907562253,0.7791598083000001,3903936,3313492,7807872,0.011596416999999914
8,4,bcsstk27,0.0092953921,0.0092065338,3650,3122,7300,8.885829999999949e-05
8,4,msdoor,0.240088272,0.2347511528,1277493,1092082,2554986,0.00533711919999999
8,4,tmt_sym,0.027123213,0.026043486400000003,363190,251766,726380,0.0010797265999999972
8,5,Andrews,0.029188204000000002,0.0261582613,52386,37119,104772,0.003029942700000003
8,5,Hook_1498,0.7835836885999999,0.7731177331000001,3905099,3314954,7810198,0.010465955499999846
8,5,bcsstk27,0.009156012500000001,0.0090718035,3507,2978,7014,8.420900000000175e-05
8,5,msdoor,0.250675011,0.246412635,1286241,1100460,2572482,0.004262376000000012
8,5,tmt_sym,0.0303389552,0.027433514799999996,362813,249458,725626,0.002905440400000004
8,6,Andrews,0.0023798940999999996,0.0016329767999999994,50863,35902,101726,0.0007469173000000003
8,6,Hook_1498,0.813651299,0.7801734452,3904396,3313720,7808792,0.03347785380000001
8,6,bcsstk27,0.0050432205999999995,0.004927397,3666,3135,7332,0.00011582359999999948
8,6,msdoor,0.2616193056,0.2405972242,1290372,1105085,2580744,0.02102208140000003
8,6,tmt_sym,0.0294340613,0.0263728381,362781,247182,725562,0.003061223200000001
8,7,Andrews,0.0268522265,0.026317214999999998,51719,36647,103438,0.0005350115000000016
8,7,Hook_1498,0.8414266110999999,0.7826153757000001,3903272,3312570,7806544,0.058811235399999884
8,7,bcsstk27,0.000183916,7.88214e-05,3535,3004,7070,0.00010509460000000001
8,7,msdoor,0.25696289510000003,0.2345499514,1300588,1114832,2601176,0.02241294370000002
8,7,tmt_sym,0.0307802199,0.0277108433,363277,249681,726554,0.0030693765999999997
16,0,Andrews,0.056261516,0.05601213,25418,19812,50836,0.0002493859999999973
16,0,Hook_1498,0.5066541192,0.4476426129,1948584,1763661,3897168,0.059011506300000016
16,0,bcsstk27,0.0799829718,0.0799727913,1838,1691,3676,1.018049999999826e-05
16,0,msdoor,0.1715468411,0.1468864683,640437,584179,1280874,0.024660372800000024
16,0,tmt_sym,0.0594423292,0.058114982,181270,131233,362540,0.0013273471999999953
16,1,Andrews,0.053713201999999995,0.053465413999999996,25973,20247,51946,0.0002477879999999988
16,1,Hook_1498,0.45762553229999997,0.4012220618,1946145,1761706,3892290,0.0564034705
16,1,bcsstk27,0.056012368599999994,0.0560006617,1756,1610,3512,1.1706899999991416e-05
16,1,msdoor,0.1485147955,0.14314019719999999,644599,587876,1289198,0.005374598300000005
16,1,tmt_sym,0.0604989767,0.0591783528,181630,131157,363260,0.001320623899999998
16,2,Andrews,0.060251927399999995,0.0599978927,25361,19701,50722,0.00025403469999999567
16,2,Hook_1498,0.4979835509,0.441876292,1946169,1761720,3892338,0.05610725890000001
16,2,bcsstk27,0.0593140366,0.059301519,1830,1684,3660,1.2517600000004625e-05
16,2,msdoor,0.1775240899,0.1683024166,646874,589801,1293748,0.009221673299999983
16,2,tmt_sym,0.0578574418,0.056529664699999996,181722,130102,363444,0.0013277771000000035
16,3,Andrews,0.05902087729999999,0.05880906589999999,25702,20023,51404,0.00021181139999999765
16,3,Hook_1498,0.4534991506,0.3973894118,1947798,1763230,3895596,0.05610973880000003
16,3,bcsstk27,0.058809995699999985,0.058801412699999986,1739,1594,3478,8.582999999999508e-06
16,3,msdoor,0.17345480959999998,0.1683183435,651848,595039,1303696,0.005136466099999987
16,3,tmt_sym,0.0574681278,0.0562068222,181131,129518,362262,0.0012613055999999984
16,4,Andrews,0.056250095,0.0560171839,25296,19731,50592,0.0002329110999999967
16,4,Hook_1498,0.476993942,0.42001514419999997,1949220,1764802,3898440,0.056978797800000036
16,4,bcsstk27,0.056424998799999994,0.0564150573,1828,1681,3656,9.94149999999222e-06
16,4,msdoor,0.11804461470000001,0.1126676798,637904,581739,1275808,0.005376934900000005
16,4,tmt_sym,0.057927131800000004,0.056545925500000004,181624,130619,363248,0.0013812063
16,5,Andrews,0.03563859439999999,0.03539957959999999,26090,20417,52180,0.00023901479999999947
16,5,Hook_1498,0.4571387295,0.4001147744,1950828,1766242,3901656,0.05702395510000002
16,5,bcsstk27,0.056018376,0.0560054298,1747,1599,3494,1.2946200000002461e-05
16,5,msdoor,0.1454356912,0.1400156501,642166,585473,1284332,0.005420041099999995
16,5,tmt_sym,0.057567978,0.0560232159,181466,129753,362932,0.0015447620999999995
16,6,Andrews,0.0562891486,0.0560268161,25361,19736,50722,0.0002623324999999968
16,6,Hook_1498,0.44939043479999996,0.3948076724,1951128,1766131,3902256,0.054582762399999984
16,6,bcsstk27,0.0563356879,0.056324935099999994,1833,1684,3666,1.0752800000006502e-05
16,6,msdoor,0.1630067109,0.14766376009999999,644374,588238,1288748,0.015342950800000005
16,6,tmt_sym,0.057641840099999994,0.0564073325,181348,129810,362696,0.0012345075999999969
16,7,Andrews,0.0565591571,0.056349301399999996,25792,20161,51584,0.00020985570000000425
16,7,Hook_1498,0.425682592,0.3696350095,1952183,1766826,3904366,0.056047582500000026
16,7,bcsstk27,0.0560168026,0.0560084108,1774,1625,3548,8.391800000000227e-06
16,7,msdoor,0.11982116709999999,0.11522662599999998,649472,593567,1298944,0.004594541100000002
16,7,tmt_sym,0.035037946499999986,0.033796787499999995,181639,131128,363278,0.0012411589999999917
16,8,Andrews,0.0284922365,0.0282623291,25205,19622,50410,0.00022990739999999982
16,8,Hook_1498,0.47711276999999996,0.42004907119999996,1950028,1764762,3900056,0.05706369880000001
16,8,bcsstk27,0.0560229774,0.0560129644,1829,1682,3658,1.0013000000003158e-05
16,8,msdoor,0.16885483269999998,0.1421931501,640814,583523,1281628,0.026661682599999986
16,8,tmt_sym,0.0575504783,0.056217551299999995,181660,131605,363320,0.0013329270000000046
16,9,Andrews,0.03625469159999999,0.036017680499999996,25829,20214,51658,0.00023701109999999664
16,9,Hook_1498,0.45299386939999997,0.39762423,1949619,1764519,3899238,0.05536963939999995
16,9,bcsstk27,0.032278656700000005,0.0322693825,1753,1608,3506,9.274200000006227e-06
16,9,msdoor,0.14115226269999998,0.1337094781,646142,589291,1292284,0.007442784599999974
16,9,tmt_sym,0.0607037545,0.0593841551,181401,131012,362802,0.001319599399999996
16,10,Andrews,0.0563119177,0.056042862,25295,19711,50590,0.0002690556999999996
16,10,Hook_1498,0.4780518767,0.4242016795,1950023,1764878,3900046,0.053850197200000005
16,10,bcsstk27,0.0563529492,0.056340384699999996,1811,1667,3622,1.2564500000006307e-05
16,10,msdoor,0.1212549213,0.11654696479999999,648933,592642,1297866,0.004707956500000013
16,10,tmt_sym,0.05981619329999999,0.058585023699999995,181553,129899,363106,0.0012311695999999914
16,11,Andrews,0.03105745309999999,0.03084690579999999,25805,20119,51610,0.00021054729999999897
16,11,Hook_1498,0.40376403359999996,0.36684484479999996,1952665,1767421,3905330,0.0369191888
16,11,bcsstk27,0.056065893,0.0560567138,1761,1615,3522,9.17920000000072e-06
16,11,msdoor,0.14814531809999998,0.14284048069999997,654058,597239,1308116,0.005304837400000012
16,11,tmt_sym,0.029876423200000002,0.0286307571,181409,129769,362818,0.0012456661000000008
16,12,Andrews,0.0282849311,0.0280371187,25225,19644,50450,0.0002478124000000019
16,12,Hook_1498,0.4504553798,0.39201915249999997,1954716,1769513,3909432,0.05843622730000003
16,12,bcsstk27,0.031379127799999997,0.031366825,1822,1676,3644,1.2302799999995562e-05
16,12,msdoor,0.1482931856,0.14030506580000002,639589,583237,1279178,0.007988119799999971
16,12,tmt_sym,0.0298577073,0.0285006764,181566,130493,363132,0.0013570309000000003
16,13,Andrews,0.03127648829999999,0.03101842429999999,26296,20631,52592,0.0002580639999999988
16,13,Hook_1498,0.4392217155,0.3818077323,1954271,1769120,3908542,0.05741398320000002
16,13,bcsstk27,0.0280159712,0.028007269,1760,1613,3520,8.702199999998522e-06
16,13,msdoor,0.117288637,0.11201848959999999,644075,588125,1288150,0.005270147400000008
16,13,tmt_sym,0.06336390959999999,0.06199901099999999,181347,129728,362694,0.0013648985999999974
16,14,Andrews,0.0283009294,0.0280384065,25502,19882,51004,0.0002625228999999993
16,14,Hook_1498,0.44860186560000004,0.3946919437,1953268,1768309,3906536,0.053909921900000046
16,14,bcsstk27,0.0283433433,0.0283293011,1833,1686,3666,1.4042200000001503e-05
16,14,msdoor,0.1167891983,0.112007761,645998,589805,1291996,0.0047814372999999966
16,14,tmt_sym,0.05995168659999999,0.05865831339999999,181433,129838,362866,0.0012933732000000031
16,15,Andrews,0.0032232757999999906,0.0030097246999999903,25927,20263,51854,0.00021355110000000023
16,15,Hook_1498,0.42036986379999997,0.3642318014,1951089,1766056,3902178,0.056138062399999966
16,15,bcsstk27,0.03460152179999999,0.03459265209999999,1761,1615,3522,8.869700000004033e-06
16,15,msdoor,0.1450220589,0.14000015270000002,651116,594354,1302232,0.0050219061999999814
16,15,tmt_sym,0.0294436215,0.0282040594,181638,131171,363276,0.001239562100000001
32,0,Andrews,0.0961319689,0.09601290250000001,12681,10367,25362,0.00011906639999999247
32,0,Hook_1498,0.25670487849999996,0.1669013977,972745,904793,1945490,0.08980348079999995
32,0,bcsstk27,0.0959983351,0.0959924457,933,860,1866,5.889400000000378e-06
32,0,msdoor,0.1004593851,0.09747569589999999,320135,299847,640270,0.0029836892000000143
32,0,tmt_sym,0.0973744873,0.0965259078,90585,66721,181170,0.0008485795000000018
32,1,Andrews,0.0984205485,0.0983007671,12954,10608,25908,0.00011978139999999082
32,1,Hook_1498,0.2629566197,0.1975318904,972927,904955,1945854,0.06542472930000001
32,1,bcsstk27,0.0992921591,0.0992847439,882,810,1764,7.4151999999994e-06
32,1,msdoor,0.0978350641,0.0698442698,322598,302140,645196,0.027990794299999996
32,1,tmt_sym,0.0962939978,0.09552249889999999,90818,66786,181636,0.0007714989000000144
32,2,Andrews,0.0971452709,0.09699137220000001,12628,10275,25256,0.00015389869999998806
32,2,Hook_1498,0.2179196837,0.1612257959,972581,904745,1945162,0.05669388780000001
32,2,bcsstk27,0.0970126155,0.0970037935,918,846,1836,8.82199999999167e-06
32,2,msdoor,0.0999204636,0.0973271371,323864,303467,647728,0.0025933264999999928
32,2,tmt_sym,0.0649053576,0.0641808513,90959,66699,181918,0.0007245063000000107
32,3,Andrews,0.0941917895,0.0941010474,12823,10482,25646,9.074209999999916e-05
32,3,Hook_1498,0.22767210000000002,0.1920869592,973651,905688,1947302,0.035585140800000026
32,3,bcsstk27,0.09601075619999999,0.0960059643,883,811,1766,4.791899999995186e-06
32,3,msdoor,0.0986650947,0.0960135702,325977,305527,651954,0.002651524500000002
32,3,tmt_sym,0.0967322353,0.0960011957,90504,66172,181008,0.0007310395999999969
32,4,Andrews,0.0965568062,0.0964403387,12572,10228,25144,0.00011646749999999484
32,4,Hook_1498,0.25722386810000003,0.1914159063,973707,905877,1947414,0.06580796180000004
32,4,bcsstk27,0.0694300172,0.06942260269999999,934,861,1868,7.414500000010871e-06
32,4,msdoor,0.0670549153,0.064126563,318486,298128,636972,0.002928352300000006
32,4,tmt_sym,0.0675667765,0.0666947846,90855,66736,181710,0.0008719918999999937
32,5,Andrews,0.06763811069999999,0.06751511069999999,12980,10629,25960,0.0001229999999999981
32,5,Hook_1498,0.2313822981,0.1716007475,974330,906534,1948660,0.05978155059999998
32,5,bcsstk27,0.09624290469999999,0.0962372062,894,820,1788,5.698499999998163e-06
32,5,msdoor,0.06998991989999999,0.06733953949999999,321070,300588,642140,0.002650380399999999
32,5,tmt_sym,0.06794753049999999,0.0671896459,90698,66358,181396,0.0007578845999999945
32,6,Andrews,0.06824414729999999,0.0681151149,12755,10404,25510,0.0001290323999999926
32,6,Hook_1498,0.1955662248,0.16010537130000002,975166,907255,1950332,0.03546085349999997
32,6,bcsstk27,0.0960321905,0.0960235598,933,859,1866,8.630699999997993e-06
32,6,msdoor,0.10406606189999999,0.1013515231,322055,301668,644110,0.0027145387999999993
32,6,tmt_sym,0.04785909619999999,0.04713149119999999,90565,66295,181130,0.0007276049999999992
32,7,Andrews,0.0961042881,0.09601287870000001,12849,10485,25698,9.140939999999209e-05
32,7,Hook_1498,0.1988546135,0.16078951319999998,976100,907979,1952200,0.038065100300000015
32,7,bcsstk27,0.09601833809999999,0.0960132596,898,825,1796,5.078499999991437e-06
32,7,msdoor,0.0671373846,0.0646252871,324351,304094,648702,0.0025120975000000045
32,7,tmt_sym,0.0647985695,0.0640742776,90947,66907,181894,0.0007242918999999931
32,8,Andrews,0.0961387398,0.0960219148,12629,10321,25258,0.00011682500000000096
32,8,Hook_1498,0.22720203419999999,0.1623560433,975096,906823,1950192,0.06484599089999998
32,8,bcsstk27,0.07080407169999998,0.07079877809999999,915,842,1830,5.293599999997567e-06
32,8,msdoor,0.1002567765,0.09727747460000001,320048,299530,640096,0.002979301899999995
32,8,tmt_sym,0.0649904494,0.06412336869999999,90701,66857,181402,0.0008670807000000086
32,9,Andrews,0.0961330652,0.09600791909999999,12900,10561,25800,0.0001251461000000148
32,9,Hook_1498,0.22573003789999999,0.1613120316,973981,905835,1947962,0.0644180063
32,9,bcsstk27,0.0971099379,0.0971039055,879,807,1758,6.032399999994498e-06
32,9,msdoor,0.07004373049999998,0.06737501589999999,322781,302270,645562,0.0026687145999999967
32,9,tmt_sym,0.07688252879999999,0.0732637166,90753,66859,181506,0.003618812199999988
32,10,Andrews,0.07183837879999999,0.07170922769999999,12701,10351,25402,0.0001291511000000023
32,10,Hook_1498,0.1981902598,0.1600952864,974666,906565,1949332,0.03809497339999998
32,10,bcsstk27,0.09604442129999999,0.0960342881,899,827,1798,1.01331999999843e-05
32,10,msdoor,0.0989442822,0.0963726755,323971,303751,647942,0.0025716066999999926
32,10,tmt_sym,0.0649424073,0.06423914459999999,90819,66572,181638,0.0007032627000000125
32,11,Andrews,0.0961060047,0.096013451,12953,10594,25906,9.255369999999763e-05
32,11,Hook_1498,0.20164475489999997,0.13759624959999997,975804,907729,1951608,0.0640485053
32,11,bcsstk27,0.0960208651,0.0960163113,866,794,1732,4.5538000000011625e-06
32,11,msdoor,0.06659107169999999,0.0640310053,326617,306299,653234,0.002560066399999991
32,11,tmt_sym,0.06493093949999999,0.0641991376,90791,66647,181582,0.0007318018999999953
32,12,Andrews,0.0641433717,0.0640233036,12520,10190,25040,0.00012006809999999535
32,12,Hook_1498,0.2245656969,0.160171294,977977,909709,1955954,0.06439440290000001
32,12,bcsstk27,0.06400930889999999,0.06400382489999999,904,832,1808,5.484000000000044e-06
32,12,msdoor,0.0670636892,0.0641790156,319286,298847,638572,0.0028846735999999984
32,12,tmt_sym,0.036426258299999986,0.03557269549999999,90754,66616,181508,0.000853562799999999
32,13,Andrews,0.06735365349999999,0.06723363409999998,12969,10626,25938,0.00012001940000000433
32,13,Hook_1498,0.1986750601,0.13411927199999998,977237,909137,1954474,0.06455578810000001
32,13,bcsstk27,0.06740398379999998,0.0673956154,874,801,1748,8.368399999986176e-06
32,13,msdoor,0.06689457859999999,0.0641930107,321644,301434,643288,0.002701567899999993
32,13,tmt_sym,0.0974853274,0.0967180493,90682,66527,181364,0.0007672781000000045
32,14,Andrews,0.068248701,0.06811840569999998,12670,10331,25340,0.00013029530000001344
32,14,Hook_1498,0.1922839643,0.1288548471,978414,910237,1956828,0.0634291172
32,14,bcsstk27,0.0650951627,0.0650864605,909,836,1818,8.702200000001992e-06
32,14,msdoor,0.0987364051,0.0961126807,323366,303187,646732,0.0026237243999999993
32,14,tmt_sym,0.0650526766,0.0642922875,90586,66337,181172,0.0007603890999999946
32,15,Andrews,0.0641076324,0.0640133619,12942,10569,25884,9.427050000000714e-05
32,15,Hook_1498,0.19324078549999998,0.12917327909999998,976435,908276,1952870,0.0640675064
32,15,bcsstk27,0.064007592,0.0640023946,867,795,1734,5.1974000000037934e-06
32,15,msdoor,0.035087991,0.0330307481,325721,305257,651442,0.002057242899999999
32,15,tmt_sym,0.0649805549,0.0642383097,90882,67014,181764,0.0007422452000000052
32,16,Andrews,0.0961414338,0.0960228917,12737,10418,25474,0.00011854209999999366
32,16,Hook_1498,0.2304591422,0.1627956871,975839,907720,1951678,0.06766345509999999
32,16,bcsstk27,0.06721222399999999,0.0672064781,905,833,1810,5.745899999992643e-06
32,16,msdoor,0.06699736079999999,0.0641091587,320302,300034,640604,0.002888202099999987
32,16,tmt_sym,0.064960432,0.06409478140000001,90685,66809,181370,0.0008656505999999897
32,17,Andrews,0.0962410214,0.0961145162,13019,10627,26038,0.00012650520000000165
32,17,Hook_1498,0.26239440470000003,0.19623553789999998,973218,905425,1946436,0.06615886680000005
32,17,bcsstk27,0.06809017679999999,0.06808226149999999,874,803,1748,7.915299999994296e-06
32,17,msdoor,0.06675999140000001,0.0640629288,322001,301680,644002,0.002697062600000008
32,17,tmt_sym,0.0725791213,0.07180571549999999,90812,66784,181624,0.0007734058000000016
32,18,Andrews,0.06825065649999999,0.06811881099999999,12733,10394,25466,0.00013184550000000517
32,18,Hook_1498,0.1978033065,0.13413884669999998,973588,905772,1947176,0.06366445980000002
32,18,bcsstk27,0.0641455647,0.0641351462,912,841,1824,1.0418499999997888e-05
32,18,msdoor,0.09901139739999999,0.0963702676,323010,302564,646020,0.002641129799999989
32,18,tmt_sym,0.0330501321,0.0322932248,90763,66488,181526,0.0007569072999999982
32,19,Andrews,0.06931447959999999,0.06922147309999999,12879,10516,25758,9.300650000000632e-05
32,19,Hook_1498,0.1958326815,0.136844087,974147,906298,1948294,0.05898859449999999
32,19,bcsstk27,0.0640228986,0.0640176536,856,785,1712,5.245000000000943e-06
32,19,msdoor,0.0987245323,0.0960270639,325871,305493,651742,0.0026974684
32,19,tmt_sym,0.09701912419999999,0.09624996220000001,90627,66278,181254,0.000769161999999976
32,20,Andrews,0.0641373631,0.0640240673,12724,10396,25448,0.00011329579999999617
32,20,Hook_1498,0.2561683177,0.16639523479999999,975513,907386,1951026,0.0897730829
32,20,bcsstk27,0.03522088519999999,0.03521392349999999,894,823,1788,6.96170000000218e-06
32,20,msdoor,0.06698954069999999,0.06401536499999999,319418,299106,638836,0.002974175699999998
32,20,tmt_sym,0.0649516106,0.0640660767,90769,66710,181538,0.000885533899999999
32,21,Andrews,0.0643587115,0.06423561600000001,13110,10721,26220,0.00012309549999998948
32,21,Hook_1498,0.234175158,0.16303861179999998,976498,908510,1952996,0.07113654620000001
32,21,bcsstk27,0.06723525539999999,0.0672286515,853,781,1706,6.603899999985119e-06
32,21,msdoor,0.0668014529,0.0641220089,321096,300616,642192,0.002679444000000003
32,21,tmt_sym,0.0735208277,0.0723140717,90768,66361,181536,0.0012067560000000033
32,22,Andrews,0.06824398069999998,0.06811909699999999,12606,10279,25212,0.0001248836999999947
32,22,Hook_1498,0.1664379124,0.1280383109,975962,907630,1951924,0.03839960149999999
32,22,bcsstk27,0.0641519786,0.0641416551,900,828,1800,1.0323500000006258e-05
32,22,msdoor,0.0668132065,0.0642334699,322319,302070,644638,0.0025797365999999933
32,22,tmt_sym,0.0330848691,0.032340169,90783,66576,181566,0.0007447000999999953
32,23,Andrews,0.0643474103,0.0642560486,12943,10619,25886,9.136170000000055e-05
32,23,Hook_1498,0.1949591871,0.15681183340000002,976083,907837,1952166,0.03814735369999997
32,23,bcsstk27,0.0640147211,0.0640094522,876,804,1752,5.268900000007792e-06
32,23,msdoor,0.0666996237,0.0640279534,325121,304819,650242,0.002671670299999998
32,23,tmt_sym,0.0681157593,0.06738719979999999,90692,66634,181384,0.0007285595000000034
32,24,Andrews,0.0666148187,0.0664915561,12576,10213,25152,0.00012326259999999312
32,24,Hook_1498,0.2306246522,0.1612112997,974932,906755,1949864,0.0694133525
32,24,bcsstk27,0.0640151737,0.0640094517,914,842,1828,5.721999999999672e-06
32,24,msdoor,0.0670916796,0.0642626047,320766,300194,641532,0.002829074899999992
32,24,tmt_sym,0.0653542521,0.0644744873,90959,67087,181918,0.0008797648000000019
32,25,Andrews,0.0641478063,0.0640297889,12929,10609,25858,0.00011801740000000338
32,25,Hook_1498,0.2294006589,0.1661148552,975638,907607,1951276,0.0632858037
32,25,bcsstk27,0.07481148209999999,0.07480506899999999,874,803,1748,6.413100000005056e-06
32,25,msdoor,0.0670670037,0.064341593,323361,302950,646722,0.0027254107
32,25,tmt_sym,0.08170466459999999,0.08008429989999999,90648,66787,181296,0.0016203647000000015
32,26,Andrews,0.03623378289999998,0.03610560849999999,12594,10236,25188,0.0001281743999999932
32,26,Hook_1498,0.16337850099999998,0.128032923,975357,907363,1950714,0.03534557799999999
32,26,bcsstk27,0.03682611019999999,0.036815523899999994,912,841,1824,1.0586299999996995e-05
32,26,msdoor,0.09792201489999999,0.067259526,324962,304682,649924,0.030662488899999993
32,26,tmt_sym,0.0566540245,0.055908059999999996,90734,66482,181468,0.0007459645000000015
32,27,Andrews,0.0641048673,0.064012504,12852,10503,25704,9.236330000000903e-05
32,27,Hook_1498,0.16454074419999998,0.10364437129999998,976861,908765,1953722,0.060896372899999995
32,27,bcsstk27,0.06401686629999999,0.06401159749999999,895,823,1790,5.268799999999518e-06
32,27,msdoor,0.0665841099,0.0641104463,327441,306959,654882,0.002473663599999995
32,27,tmt_sym,0.064865518,0.0641159059,90618,66448,181236,0.0007496120999999911
32,28,Andrews,0.064137459,0.0640179397,12705,10371,25410,0.00011951929999999555
32,28,Hook_1498,0.19874198399999998,0.13418493239999998,976739,908731,1953478,0.0645570516
32,28,bcsstk27,0.035215258499999985,0.035208654099999986,918,846,1836,6.6043999999987335e-06
32,28,msdoor,0.0669222358,0.0640147688,320303,300160,640606,0.002907466999999997
32,28,tmt_sym,0.0649085046,0.0640759941,90812,66697,181624,0.0008325104999999944
32,29,Andrews,0.06434240299999999,0.064218497,13327,11007,26654,0.00012390599999999308
32,29,Hook_1498,0.2260780575,0.16214644909999998,977034,909024,1954068,0.06393160840000003
32,29,bcsstk27,0.06851651629999998,0.06851038929999999,886,814,1772,6.1269999999946645e-06
32,29,msdoor,0.06685545479999999,0.06416530599999999,322431,302216,644862,0.0026901488
32,29,tmt_sym,0.06629500349999998,0.06478683939999999,90665,66497,181330,0.0015081640999999868
32,30,Andrews,0.0036607745999999884,0.0035367247999999888,12832,10493,25664,0.0001240497999999996
32,30,Hook_1498,0.1666743755,0.128402495,974854,906909,1949708,0.038271880499999994
32,30,bcsstk27,0.0320375441,0.0320271967,924,852,1848,1.034739999999923e-05
32,30,msdoor,0.06692676560000001,0.064294171,322632,302237,645264,0.00263259460000001
32,30,tmt_sym,0.0329631802,0.0322639706,90847,66638,181694,0.0006992096000000003
32,31,Andrews,0.0641030787,0.0640115735,12985,10662,25970,9.15051999999944e-05
32,31,Hook_1498,0.16650526519999997,0.1282494781,974654,906594,1949308,0.038255787099999966
32,31,bcsstk27,0.0320279599,0.032022833699999996,894,822,1788,5.1262000000038e-06
32,31,msdoor,0.0674143791,0.06489081420000001,325395,304897,650790,0.002523564899999997
32,31,tmt_sym,0.0969072338,0.0961723805,90756,66838,181512,0.0007348533000000046
64,0,Andrews,0.2561252833,0.2560494895,6299,5239,12598,7.579380000000135e-05
64,0,Hook_1498,0.39531185599999996,0.3299732684,485623,457392,971246,0.06533858759999994
64,0,bcsstk27,0.2563874957,0.2563818214,468,448,936,5.674300000035881e-06
64,0,msdoor,0.2658458945,0.2642813206,159890,151608,319780,0.0015645739000000325
64,0,tmt_sym,0.3207597735,0.32006812079999997,45253,33631,90506,0.000691652700000045
64,1,Andrews,0.3145632981,0.3144876715,6561,5512,13122,7.562659999998944e-05
64,1,Hook_1498,0.38351452319999996,0.3190765385,485798,457454,971596,0.06443798469999995
64,1,bcsstk27,0.26476201979999997,0.26475369909999996,454,434,908,8.320700000008507e-06
64,1,msdoor,0.3332726715,0.3267877341,161210,152826,322420,0.0064849374000000015
64,1,tmt_sym,0.31673758030000004,0.31610591369999996,45482,33769,90964,0.0006316666000000803
64,2,Andrews,0.3201063869,0.3200272563,6393,5340,12786,7.913059999997696e-05
64,2,Hook_1498,0.38443872939999996,0.3201676608,485637,457315,971274,0.06427106859999998
64,2,bcsstk27,0.19920759179999997,0.19919717329999997,471,451,942,1.0418499999997888e-05
64,2,msdoor,0.26576061269999995,0.2643142227,161704,153262,323408,0.001446389999999964
64,2,tmt_sym,0.320880127,0.3202500818,45357,33666,90714,0.00063004520000004
64,3,Andrews,0.3200382469,0.3199945691,6446,5400,12892,4.36777999999749e-05
64,3,Hook_1498,0.3846055982,0.3203168151,487042,458557,974084,0.06428878310000002
64,3,bcsstk27,0.2590033051,0.2589996576,451,431,902,3.647500000036885e-06
64,3,msdoor,0.3298288825,0.3283617261999999,163071,154651,326142,0.0014671563000000498
64,3,tmt_sym,0.3206370595,0.3200265404,45289,33444,90578,0.0006105190999999843
64,4,Andrews,0.25612874059999996,0.2560507533,6290,5229,12580,7.79872999999709e-05
64,4,Hook_1498,0.38527197879999997,0.320366001,487679,459310,975358,0.06490597779999996
64,4,bcsstk27,0.1951526638,0.1951476339,471,451,942,5.029899999980936e-06
64,4,msdoor,0.2590662719,0.2574680802,159363,150946,318726,0.0015981916999999735
64,4,tmt_sym,0.3207863811,0.3200775862,45401,33704,90802,0.0007087949000000315
64,5,Andrews,0.32881693879999996,0.3287434097,6505,5448,13010,7.352909999996937e-05
64,5,Hook_1498,0.3212872746,0.2567877535,488199,459905,976398,0.06449952110000001
64,5,bcsstk27,0.238119817,0.23811316489999998,446,426,892,6.652100000031913e-06
64,5,msdoor,0.3160265205,0.31452860819999995,160501,152102,321002,0.0014979123000000705
64,5,tmt_sym,0.2626356127,0.2620362521,45335,33665,90670,0.0005993606000000429
64,6,Andrews,0.2561643359,0.2560854431,6376,5302,12752,7.889280000000776e-05
64,6,Hook_1498,0.3842419624,0.2658831123,488044,459734,976088,0.11835885010000002
64,6,bcsstk27,0.14605259869999998,0.146043491,466,446,932,9.107699999982843e-06
64,6,msdoor,0.2580174923,0.2566542149,160798,152426,321596,0.0013632773999999737
64,6,tmt_sym,0.3209594249,0.32034688019999996,45305,33514,90610,0.0006125447000000506
64,7,Andrews,0.25608956839999997,0.2560460572,6463,5406,12926,4.351119999995712e-05
64,7,Hook_1498,0.3845520501,0.3201876638,487961,459577,975922,0.06436438629999996
64,7,bcsstk27,0.2560204743,0.256015992,452,432,904,4.4822999999971636e-06
64,7,msdoor,0.321541309,0.3200828315,161977,153689,323954,0.0014584774999999994
64,7,tmt_sym,0.2567192082,0.25610616179999995,45387,33742,90774,0.0006130464000000391
64,8,Andrews,0.2561139109,0.2560317276,6278,5232,12556,8.218330000003826e-05
64,8,Hook_1498,0.39395592199999996,0.3291378979,487482,459110,974964,0.06481802409999998
64,8,bcsstk27,0.1931123014,0.1931045054,450,431,900,7.796000000004355e-06
64,8,msdoor,0.2606365682,0.2581903697,159751,151367,319502,0.0024461984999999964
64,8,tmt_sym,0.3207839967,0.3200788975,45402,33750,90804,0.0007050992000000034
64,9,Andrews,0.3193897725,0.3193160053,6417,5371,12834,7.37672000000189e-05
64,9,Hook_1498,0.3247505429,0.2602835416,487018,458576,974036,0.0644670013
64,9,bcsstk27,0.2395212171,0.2395145897,429,410,858,6.627399999986627e-06
64,9,msdoor,0.2651239394,0.263638091,161097,152699,322194,0.0014858483999999894
64,9,tmt_sym,0.2561017992,0.2554881098,45334,33674,90668,0.0006136894000000059
64,10,Andrews,0.32012872670000003,0.3200453278,6274,5205,12548,8.339890000003125e-05
64,10,Hook_1498,0.3276049379,0.26322138269999995,487460,459020,974920,0.06438355520000005
64,10,bcsstk27,0.1935142756,0.1935046198,448,429,896,9.655800000007986e-06
64,10,msdoor,0.2575497154,0.2560714005,161462,153172,322924,0.0014783148999999995
64,10,tmt_sym,0.2569600823,0.2563008547,45432,33669,90864,0.0006592275999999786
64,11,Andrews,0.2560935259,0.2560508012,6503,5456,13006,4.2724699999996396e-05
64,11,Hook_1498,0.3845032693,0.3201386687,487617,459112,975234,0.06436460059999999
64,11,bcsstk27,0.2590211629,0.259017801,430,411,860,3.3618999999984744e-06
64,11,msdoor,0.32555053240000004,0.3240715028,162970,154728,325940,0.0014790296000000147
64,11,tmt_sym,0.320635557,0.32003023589999996,45426,33697,90852,0.0006053211000000558
64,12,Andrews,0.25610978630000003,0.2560277942,6127,5076,12254,8.199210000003898e-05
64,12,Hook_1498,0.3850517033,0.3188082222,488443,459957,976886,0.0662434811
64,12,bcsstk27,0.12803623719999999,0.1280297754,449,430,898,6.461799999996076e-06
64,12,msdoor,0.2435545445,0.24195654379999998,159418,151042,318836,0.0015980007000000185
64,12,tmt_sym,0.25673458569999996,0.2560765506,45352,33688,90704,0.000658035099999954
64,13,Andrews,0.2628133297,0.2627408263,6493,5433,12986,7.250339999997912e-05
64,13,Hook_1498,0.3205295566,0.2560234307,487820,459433,975640,0.06450612589999999
64,13,bcsstk27,0.24122669689999998,0.2412179951,434,415,868,8.701799999982773e-06
64,13,msdoor,0.25650622879999996,0.2550735234,160883,152622,321766,0.0014327053999999562
64,13,tmt_sym,0.2484828237,0.2478568558,45371,33638,90742,0.0006259678999999962
64,14,Andrews,0.25615818479999997,0.25608508560000004,6226,5174,12452,7.309919999992642e-05
64,14,Hook_1498,0.26504986289999993,0.20078196499999998,487818,459452,975636,0.06426789789999995
64,14,bcsstk27,0.13434648549999997,0.13433809279999998,450,431,900,8.392699999998365e-06
64,14,msdoor,0.2574458363,0.255989838,161712,153457,323424,0.0014559982999999832
64,14,tmt_sym,0.2571055412,0.2564498904,45261,33491,90522,0.0006556508000000183
64,15,Andrews,0.1921080117,0.192064333,6509,5452,13018,4.367869999999385e-05
64,15,Hook_1498,0.384594274,0.32021284069999995,487168,458754,974336,0.06438143330000007
64,15,bcsstk27,0.2560074565,0.2560036663,423,404,846,3.790200000020061e-06
64,15,msdoor,0.2665299658,0.26510717889999996,162830,154577,325660,0.0014227869000000282
64,15,tmt_sym,0.25671515500000003,0.256117678,45495,33844,90990,0.0005974770000000129
64,16,Andrews,0.2561192752,0.25604426859999996,6455,5396,12910,7.500660000003823e-05
64,16,Hook_1498,0.38551373499999997,0.3205481288,487463,459055,974926,0.06496560619999997
64,16,bcsstk27,0.1923186537,0.19231336100000002,442,423,884,5.2926999999924895e-06
64,16,msdoor,0.260553622,0.25817921149999995,160412,152131,320824,0.002374410500000035
64,16,tmt_sym,0.3208820582,0.3201130156,45256,33575,90512,0.0007690425999999917
64,17,Andrews,0.3212034944,0.3211304191,6577,5510,13154,7.307530000000284e-05
64,17,Hook_1498,0.324596882,0.2601039411,486753,458374,973506,0.06449294089999996
64,17,bcsstk27,0.2279455659,0.22793705479999998,426,407,852,8.511100000024863e-06
64,17,msdoor,0.2682286498,0.2667426823,161420,153157,322840,0.0014859675000000183
64,17,tmt_sym,0.2634419442,0.2628327611,45488,33850,90976,0.0006091831000000214
64,18,Andrews,0.3201336864,0.3200550084,6424,5361,12848,7.86779999999987e-05
64,18,Hook_1498,0.3844061851,0.3200312372,486517,458183,973034,0.06437494790000003
64,18,bcsstk27,0.19723672839999998,0.19722805009999997,445,426,890,8.67830000000902e-06
64,18,msdoor,0.25752081849999997,0.2560432437,161910,153708,323820,0.0014775747999999922
64,18,tmt_sym,0.2569473982,0.2562835216,45413,33624,90826,0.0006638766000000018
64,19,Andrews,0.25612049130000003,0.2560768126,6488,5422,12976,4.3678700000049364e-05
64,19,Hook_1498,0.3845688585,0.3201485161,486593,458265,973186,0.0644203424
64,19,bcsstk27,0.1920399424,0.1920362949,430,411,860,3.6475000000091296e-06
64,19,msdoor,0.32146427650000003,0.3200352667,163460,155356,326920,0.0014290098000000473
64,19,tmt_sym,0.2574176786,0.25679933990000003,45255,33591,90510,0.000618338699999943
64,20,Andrews,0.2561099765,0.2560319426,6349,5293,12698,7.803389999999633e-05
64,20,Hook_1498,0.3267174482,0.2618835208,487302,458968,974604,0.06483392739999999
64,20,bcsstk27,0.1280251264,0.1280196186,449,430,898,5.507799999998619e-06
64,20,msdoor,0.20096588149999997,0.19938788419999998,159971,151686,319942,0.0015779972999999947
64,20,tmt_sym,0.25679120969999997,0.2560724499,45360,33658,90720,0.0007187597999999684
64,21,Andrews,0.3231863739,0.32311625520000004,6524,5460,13048,7.011869999995479e-05
64,21,Hook_1498,0.2569229361,0.1922979829,488704,460352,977408,0.0646249532
64,21,bcsstk27,0.2211248878,0.2211162565,423,404,846,8.631300000006004e-06
64,21,msdoor,0.2556577204,0.2541400195,160648,152434,321296,0.0015177009000000297
64,21,tmt_sym,0.2560683016,0.2554371359,45393,33539,90786,0.0006311656999999915
64,22,Andrews,0.25615148509999996,0.2560779807,6284,5239,12568,7.35043999999796e-05
64,22,Hook_1498,0.31966998550000003,0.25528428519999996,488612,460139,977224,0.06438570030000007
64,22,bcsstk27,0.13525190319999997,0.13524391639999997,442,423,884,7.986799999998295e-06
64,22,msdoor,0.20205662279999997,0.20066471079999998,161365,153281,322730,0.0013919119999999952
64,22,tmt_sym,0.2570338728,0.2564165116,45328,33650,90656,0.0006173611999999995
64,23,Andrews,0.2015321017,0.2014882089,6504,5452,13008,4.389280000000051e-05
64,23,Hook_1498,0.3205886605,0.25615899599999997,489318,460893,978636,0.06442966450000004
64,23,bcsstk27,0.1923504595,0.1923464294,427,408,854,4.030099999996484e-06
64,23,msdoor,0.2647612814,0.2633239267,162907,154814,325814,0.0014373547000000042
64,23,tmt_sym,0.257109809,0.25650513140000003,45390,33680,90780,0.000604677599999992
64,24,Andrews,0.192120624,0.1920438291,6384,5333,12768,7.679489999998235e-05
64,24,Hook_1498,0.32804222099999997,0.26311781399999995,487495,459139,974990,0.06492440700000002
64,24,bcsstk27,0.1280440096,0.1280362847,446,427,892,7.724900000005697e-06
64,24,msdoor,0.2008877043,0.19925863759999998,160792,152550,321584,0.0016290667000000147
64,24,tmt_sym,0.25679492909999996,0.25611345760000004,45565,33935,91130,0.0006814714999999194
64,25,Andrews,0.2518789526,0.2518079523,6405,5352,12810,7.100029999995705e-05
64,25,Hook_1498,0.2577523466,0.19318265899999998,487895,459539,975790,0.06456968760000004
64,25,bcsstk27,0.22084982409999998,0.22084186109999998,421,402,842,7.96299999999972e-06
64,25,msdoor,0.20387616139999998,0.20236372959999996,162395,154287,324790,0.0015124318000000192
64,25,tmt_sym,0.2539019346,0.2532729151,45242,33617,90484,0.0006290194999999943
64,26,Andrews,0.3200839285,0.3200073244,6280,5236,12560,7.66040999999884e-05
64,26,Hook_1498,0.3202460524,0.2558286903,486678,458305,973356,0.06441736209999999
64,26,bcsstk27,0.13435490129999997,0.13434710479999998,440,421,880,7.796499999990214e-06
64,26,msdoor,0.20179564919999998,0.20037312529999998,162802,154734,325604,0.0014225239
64,26,tmt_sym,0.2568919423,0.25625450619999995,45361,33637,90722,0.000637436100000055
64,27,Andrews,0.1925327305,0.1924885748,6471,5435,12942,4.415569999999258e-05
64,27,Hook_1498,0.2640353915,0.19961500119999998,488479,460162,976958,0.06442039030000002
64,27,bcsstk27,0.19203665279999999,0.1920332433,438,419,876,3.4094999999956244e-06
64,27,msdoor,0.26486852209999995,0.26343486299999996,163950,155886,327900,0.0014336590999999843
64,27,tmt_sym,0.256722736,0.2560992715,45350,33668,90700,0.0006234645000000039
64,28,Andrews,0.1281219006,0.128035808,6413,5340,12826,8.609260000000396e-05
64,28,Hook_1498,0.3293058869,0.2644443514,488144,459838,976288,0.06486153550000001
64,28,bcsstk27,0.1280205254,0.1280152795,457,438,914,5.245900000006021e-06
64,28,msdoor,0.1935830354,0.1920177463,160029,151929,320058,0.0015652891000000058
64,28,tmt_sym,0.2567892791,0.2561579228,45449,33700,90898,0.0006313562999999967
64,29,Andrews,0.1884108541,0.1883360628,6770,5706,13540,7.479129999998779e-05
64,29,Hook_1498,0.2566190007,0.19250285609999998,488730,460404,977460,0.06411614460000001
64,29,bcsstk27,0.248650765,0.2486446861,442,423,884,6.0788999999839e-06
64,29,msdoor,0.15155889979999998,0.1370942834,161274,153199,322548,0.014464616399999991
64,29,tmt_sym,0.20251250279999997,0.20188977749999998,45254,33564,90508,0.0006227252999999877
64,30,Andrews,0.25609157120000003,0.2560045007,6517,5461,13034,8.707050000000827e-05
64,30,Hook_1498,0.3196420188,0.2552822348,487831,459539,975662,0.06435978399999998
64,30,bcsstk27,0.07047946429999999,0.07046856919999998,461,442,922,1.0895100000005153e-05
64,30,msdoor,0.1938937421,0.1925761935,161554,153492,323108,0.0013175485999999959
64,30,tmt_sym,0.1926857236,0.19204823969999998,45458,33758,90916,0.0006374839000000132
64,31,Andrews,0.1921008111,0.1920577768,6479,5426,12958,4.303429999999442e-05
64,31,Hook_1498,0.2584804062,0.1941547155,487673,459317,975346,0.06432569070000002
64,31,bcsstk27,0.1280974862,0.1280936483,446,427,892,3.837899999997729e-06
64,31,msdoor,0.20043108509999996,0.19909725199999997,162864,154780,325728,0.001333833099999987
64,31,tmt_sym,0.2566871408,0.256085777,45342,33702,90684,0.0006013637999999766
64,32,Andrews,0.2561139342,0.2560292486,6382,5350,12764,8.46856000000229e-05
64,32,Hook_1498,0.3938970086,0.3291323901,487122,458801,974244,0.06476461849999998
64,32,bcsstk27,0.192024589,0.1920190574,465,446,930,5.531599999997194e-06
64,32,msdoor,0.24232094269999999,0.2121218915,160245,152163,320490,0.030199051199999993
64,32,tmt_sym,0.3198304895,0.3191467045,45332,33699,90664,0.0006837849999999923
64,33,Andrews,0.31730725719999997,0.3172337293,6393,5335,12786,7.35278999999811e-05
64,33,Hook_1498,0.321549344,0.2568808793,487129,458777,974258,0.06466846470000004
64,33,bcsstk27,0.248843384,0.24883701849999998,428,409,856,6.365500000021784e-06
64,33,msdoor,0.26655385509999996,0.2650428291,161388,153336,322776,0.001511025999999971
64,33,tmt_sym,0.2576001879,0.2569547176,45336,33622,90672,0.0006454703000000062
64,34,Andrews,0.2563142304,0.2562324762,6235,5180,12470,8.1754200000006e-05
64,34,Hook_1498,0.3857155802,0.3213036533,486944,458706,973888,0.06441192690000003
64,34,bcsstk27,0.19323372819999998,0.1932230473,447,428,894,1.0680899999976345e-05
64,34,msdoor,0.20177965129999997,0.20037596189999998,162160,154115,324320,0.001403689399999991
64,34,tmt_sym,0.3206599713,0.3200510499,45602,33915,91204,0.0006089214000000176
64,35,Andrews,0.2560789586,0.2560359243,6377,5318,12754,4.3034300000022174e-05
64,35,Hook_1498,0.3845155237,0.3201788665,486609,458436,973218,0.06433665719999998
64,35,bcsstk27,0.2560205217,0.2560166838,432,413,864,3.837900000025485e-06
64,35,msdoor,0.3215045214,0.3200820926,162906,154826,325812,0.0014224288000000418
64,35,tmt_sym,0.2566494944,0.2560379981,45215,33377,90430,0.000611496300000014
64,36,Andrews,0.25610783070000004,0.2560239078,6282,5227,12564,8.3922900000033e-05
64,36,Hook_1498,0.3300684214,0.26429808149999995,486028,457784,972056,0.06577033990000003
64,36,bcsstk27,0.1920187471,0.1920125957,463,444,926,6.1513999999873725e-06
64,36,msdoor,0.1941493984,0.1926528214,159123,151007,318246,0.001496576999999999
64,36,tmt_sym,0.3208517076,0.3201014995,45454,33751,90908,0.0007502080999999827
64,37,Andrews,0.31560206430000004,0.31552746270000004,6475,5417,12950,7.46016000000016e-05
64,37,Hook_1498,0.3234047893,0.2589207413,486131,457909,972262,0.06448404800000002
64,37,bcsstk27,0.249193263,0.2491867545,448,429,896,6.5085000000020266e-06
64,37,msdoor,0.25876276530000003,0.2572764637,160569,152420,321138,0.0014863016000000173
64,37,tmt_sym,0.2559033152,0.2553020237,45363,33689,90726,0.0006012914999999897
64,38,Andrews,0.2561330317,0.2560529705,6379,5326,12758,8.006120000003669e-05
64,38,Hook_1498,0.3849160194,0.3204455377,487122,458746,974244,0.06447048169999997
64,38,bcsstk27,0.1932604547,0.1932515625,467,448,934,8.892199999999129e-06
64,38,msdoor,0.20177967559999999,0.20040755229999999,161257,153103,322514,0.0013721233
64,38,tmt_sym,0.25699102890000003,0.2563692809,45260,33458,90520,0.000621748000000033
64,39,Andrews,0.1920770164,0.19203376789999999,6386,5319,12772,4.324850000000935e-05
64,39,Hook_1498,0.39096658209999996,0.3265306235,488139,459719,976278,0.06443595859999995
64,39,bcsstk27,0.19203481649999998,0.1920313832,446,427,892,3.4332999999941993e-06
64,39,msdoor,0.2657559873,0.26431672539999995,162374,154189,324748,0.001439261900000044
64,39,tmt_sym,0.1926823614,0.1920606613,45560,33921,91120,0.0006217001000000111
64,40,Andrews,0.25612204099999997,0.2560307739,6351,5311,12702,9.126709999995875e-05
64,40,Hook_1498,0.3846078636,0.3197234632,487614,459131,975228,0.06488440039999999
64,40,bcsstk27,0.1280346631,0.12802906,465,446,930,5.603100000001193e-06
64,40,msdoor,0.20275993339999998,0.20114848579999997,160297,152095,320594,0.00161144760000001
64,40,tmt_sym,0.3208072898,0.3200777768,45299,33642,90598,0.000729513000000015
64,41,Andrews,0.2948165174,0.2947368385,6483,5413,12966,7.967889999999089e-05
64,41,Hook_1498,0.3212103605,0.25604693910000004,486963,458594,973926,0.06516342139999998
64,41,bcsstk27,0.2459384679,0.2459319827,450,431,900,6.485200000017066e-06
64,41,msdoor,0.2620431182,0.25833795039999996,161684,153492,323368,0.00370516780000002
64,41,tmt_sym,0.25673830480000004,0.2561120986,45419,33751,90838,0.0006262062000000346
64,42,Andrews,0.2560783144,0.2559986357,6427,5371,12854,7.967870000002986e-05
64,42,Hook_1498,0.3236875292,0.2593086246,487206,458849,974412,0.06437890460000001
64,42,bcsstk27,0.13436827669999996,0.13435814389999998,451,432,902,1.0132799999978959e-05
64,42,msdoor,0.1943648097,0.19302253719999998,162509,154318,325018,0.001342272500000019
64,42,tmt_sym,0.2569350002,0.2563173529,45387,33633,90774,0.0006176472999999683
64,43,Andrews,0.1921081304,0.1920640472,6450,5395,12900,4.408319999998911e-05
64,43,Hook_1498,0.3206293587,0.2562192678,488187,459822,976374,0.0644100909
64,43,bcsstk27,0.2560171124,0.2560139657,436,417,872,3.146700000011826e-06
64,43,msdoor,0.2579532622,0.2566442969,163647,155411,327294,0.0013089652999999646
64,43,tmt_sym,0.2566475626,0.2560299398,45365,33634,90730,0.000617622799999995
64,44,Andrews,0.19852738369999998,0.19845032669999998,6393,5325,12786,7.70569999999915e-05
64,44,Hook_1498,0.3231500864,0.25829911240000003,489534,461052,979068,0.06485097399999995
64,44,bcsstk27,0.1280236241,0.12801778290000002,455,436,910,5.841199999995217e-06
64,44,msdoor,0.1965685368,0.1922372102,159868,151687,319736,0.004331326599999991
64,44,tmt_sym,0.25759601569999996,0.2569420815,45402,33723,90804,0.0006539341999999837
64,45,Andrews,0.2513881924,0.25131883639999997,6476,5448,12952,6.93560000000204e-05
64,45,Hook_1498,0.38491866610000003,0.3204285863,489417,460999,978834,0.06449007980000004
64,45,bcsstk27,0.2289793728,0.2289734362,440,421,880,5.936600000006065e-06
64,45,msdoor,0.2646670344,0.26040277500000003,160761,152642,321522,0.00426425939999997
64,45,tmt_sym,0.19909725199999997,0.19850971709999998,45311,33584,90622,0.0005875348999999919
64,46,Andrews,0.1923092844,0.1922383305,6444,5384,12888,7.095390000000368e-05
64,46,Hook_1498,0.2707147362999999,0.20637023409999994,490596,462194,981192,0.06434450219999999
64,46,bcsstk27,0.1283375024,0.1283294679,459,440,918,8.03450000000372e-06
64,46,msdoor,0.1307584528,0.1294893028,161654,153506,323308,0.0012691499999999967
64,46,tmt_sym,0.2570211409,0.2564189195,45325,33564,90650,0.0006022213999999915
64,47,Andrews,0.1281094792,0.1280658482,6433,5369,12866,4.363099999998843e-05
64,47,Hook_1498,0.32050487969999997,0.25615494229999997,489267,460798,978534,0.0643499374
64,47,bcsstk27,0.19246277779999998,0.19245893990000001,444,425,888,3.837899999969974e-06
64,47,msdoor,0.2018799301,0.20056405079999998,162891,154647,325782,0.0013158793000000168
64,47,tmt_sym,0.1927392486,0.192153645,45387,33737,90774,0.0005856035999999842
64,48,Andrews,0.2561111686,0.2560305838,6282,5236,12564,8.058480000000534e-05
64,48,Hook_1498,0.33295543229999996,0.26816058119999997,488376,459934,976752,0.0647948511
64,48,bcsstk27,0.19232416170000002,0.1923186539,463,444,926,5.507800000026375e-06
64,48,msdoor,0.1939945699,0.192547035,159890,151776,319780,0.0014475348999999915
64,48,tmt_sym,0.257207322,0.2565361503,45429,33775,90858,0.0006711717000000283
64,49,Andrews,0.28308615670000004,0.2830143449,6442,5357,12884,7.181180000004339e-05
64,49,Hook_1498,0.3206418751,0.2561181783,486465,458116,972930,0.06452369679999997
64,49,bcsstk27,0.2209433796,0.22093694249999998,448,429,896,6.437100000006302e-06
64,49,msdoor,0.2570566179,0.24800229049999997,160581,152427,321162,0.009054327400000034
64,49,tmt_sym,0.2578561544,0.2572690013,45324,33673,90648,0.0005871530999999597
64,50,Andrews,0.2561454054,0.256068707,6309,5253,12618,7.669840000001926e-05
64,50,Hook_1498,0.38104262320000004,0.3166526555,487071,458748,974142,0.06438996770000005
64,50,bcsstk27,0.13709559429999998,0.13708834689999996,467,448,934,7.247400000021109e-06
64,50,msdoor,0.13781251869999997,0.13652279399999998,161100,152838,322200,0.0012897246999999945
64,50,tmt_sym,0.25677022899999996,0.25616033089999996,45350,33556,90700,0.0006098981000000059
64,51,Andrews,0.1920888424,0.19204542649999998,6391,5336,12782,4.3415900000010055e-05
64,51,Hook_1498,0.3844676975,0.32012205169999997,487554,459285,975108,0.06434564580000002
64,51,bcsstk27,0.1920407531,0.1920371055,426,407,852,3.647599999989648e-06
64,51,msdoor,0.264997959,0.2636342765,162411,154068,324822,0.0013636825000000186
64,51,tmt_sym,0.1931056021,0.19250979470000001,45372,33704,90744,0.0005958073999999813
64,52,Andrews,0.1921341901,0.19205308,6375,5328,12750,8.111010000000363e-05
64,52,Hook_1498,0.3299908396,0.26514635109999996,488211,459748,976422,0.06484448850000002
64,52,bcsstk27,0.128238702,0.12823340930000002,445,426,890,5.2926999999924895e-06
64,52,msdoor,0.1937656879,0.19214193810000002,159447,151265,318894,0.0016237497999999906
64,52,tmt_sym,0.2042533399,0.20355827769999998,45409,33727,90818,0.0006950622000000128
64,53,Andrews,0.2573677536,0.25730040049999997,6586,5514,13172,6.735310000005601e-05
64,53,Hook_1498,0.3206062318,0.2561019663,487794,459434,975588,0.06450426549999999
64,53,bcsstk27,0.2444881917,0.2444822546,430,411,860,5.937099999991924e-06
64,53,msdoor,0.2493435619,0.24793098,160448,152171,320896,0.001412581900000015
64,53,tmt_sym,0.20680737499999996,0.206214547,45375,33506,90750,0.0005928279999999619
64,54,Andrews,0.2560960055,0.2560223814,6322,5260,12644,7.362410000000263e-05
64,54,Hook_1498,0.3837312223,0.3192911384,487350,459041,974700,0.0644400839
64,54,bcsstk27,0.13114657440000002,0.13113889680000002,458,439,916,7.677600000005613e-06
64,54,msdoor,0.1378007888,0.13642790339999997,160954,152653,321908,0.0013728854000000235
64,54,tmt_sym,0.1936806444,0.1930896996,45455,33784,90910,0.0005909447999999928
64,55,Andrews,0.1280854461,0.1280423407,6439,5408,12878,4.310539999999308e-05
64,55,Hook_1498,0.3205560927,0.2562073233,486765,458402,973530,0.0643487694
64,55,bcsstk27,0.1923678633,0.19236364379999998,449,430,898,4.219500000013365e-06
64,55,msdoor,0.26494703249999996,0.26357502909999997,162214,153924,324428,0.001372003399999988
64,55,tmt_sym,0.1926138158,0.1920383695,45302,33565,90604,0.0005754463000000043
64,56,Andrews,0.2561036345,0.2560244795,6192,5133,12384,7.915499999999742e-05
64,56,Hook_1498,0.32913718239999995,0.26425678739999997,487437,459113,974874,0.06488039499999998
64,56,bcsstk27,0.1280326124,0.12802577,468,449,936,6.842399999984483e-06
64,56,msdoor,0.19299790849999998,0.1913264752,159974,151726,319948,0.0016714332999999693
64,56,tmt_sym,0.2568897485,0.2561594248,45394,33768,90788,0.0007303237000000351
64,57,Andrews,0.24781148449999998,0.2477420808,6524,5482,13048,6.940369999999807e-05
64,57,Hook_1498,0.2667425156,0.20224366199999996,487743,459458,975486,0.06449885360000004
64,57,bcsstk27,0.2199855328,0.21998028739999997,453,434,906,5.245400000020162e-06
64,57,msdoor,0.23137130749999998,0.2298597094,160966,152677,321932,0.0015115980999999834
64,57,tmt_sym,0.25343356170000003,0.2528355839,45406,33785,90812,0.000597977800000038
64,58,Andrews,0.2560754776,0.2559995176,6314,5261,12628,7.595999999998604e-05
64,58,Hook_1498,0.3385724307,0.2741186382,488679,460409,977358,0.0644537925
64,58,bcsstk27,0.12803492560000002,0.12802383879999998,472,453,944,1.1086800000031927e-05
64,58,msdoor,0.13777866359999996,0.13639545439999998,162160,153905,324320,0.0013832091999999852
64,58,tmt_sym,0.2566870214,0.2560650585,45373,33667,90746,0.0006219628999999949
64,59,Andrews,0.1281017065,0.1280588864,6381,5325,12762,4.2820100000007244e-05
64,59,Hook_1498,0.32802522179999993,0.26342337109999997,488382,460031,976764,0.06460185069999996
64,59,bcsstk27,0.1920028452,0.1919987912,457,438,914,4.054000000003333e-06
64,59,msdoor,0.2580135819,0.2567228553,163491,155133,326982,0.001290726600000014
64,59,tmt_sym,0.1287394524,0.1281475548,45268,33573,90536,0.000591897600000002
64,60,Andrews,0.1921283241,0.1920450688,6292,5238,12584,8.325530000000136e-05
64,60,Hook_1498,0.324805713,0.20476076559999998,488595,460317,977190,0.12004494740000002
64,60,bcsstk27,0.1280224563,0.1280169961,461,442,922,5.4602000000014694e-06
64,60,msdoor,0.1937565564,0.192253399,160274,152054,320548,0.0015031574000000103
64,60,tmt_sym,0.1931845429,0.1925430058,45363,33624,90726,0.0006415371000000059
64,61,Andrews,0.18392455559999998,0.1838509081,6557,5528,13114,7.364749999999587e-05
64,61,Hook_1498,0.25655365,0.1920403961,488304,460081,976608,0.06451325390000001
64,61,bcsstk27,0.2235513688,0.2235448597,444,425,888,6.509100000023915e-06
64,61,msdoor,0.1926569461,0.1912166592,161157,152893,322314,0.001440286900000004
64,61,tmt_sym,0.2520125385,0.251383543,45411,33719,90822,0.0006289955000000069
64,62,Andrews,0.1921260122,0.1920480017,6315,5259,12630,7.801050000000309e-05
64,62,Hook_1498,0.32059087740000003,0.256243563,487023,458699,974046,0.06434731440000002
64,62,bcsstk27,0.07109699209999998,0.07108852879999998,463,444,926,8.463299999997287e-06
64,62,msdoor,0.1297057631,0.1284060714,161078,152706,322156,0.0012996917000000219
64,62,tmt_sym,0.1927700282,0.1921364548,45389,33679,90778,0.0006335734000000037
64,63,Andrews,0.07063000189999998,0.07058536969999997,6506,5465,13012,4.463220000000545e-05
64,63,Hook_1498,0.2566498283,0.19223158389999997,486981,458660,973962,0.06441824440000002
64,63,bcsstk27,0.128025484,0.1280216214,448,429,896,3.862599999987504e-06
64,63,msdoor,0.20085780589999996,0.199532461,162531,154118,325062,0.0013253448999999695
64,63,tmt_sym,0.1286209579,0.1280323263,45414,33777,90828,0.0005886316000000003
128,0,Andrews,0.8982570888,0.8982028008999999,3184,2690,6368,5.4287900000060674e-05
128,0,Hook_1498,0.9001245259999999,0.8972611428,242533,229699,485066,0.0028633831999999027
128,0,bcsstk27,0.640265989,0.6402588370000001,215,205,430,7.151999999899239e-06
128,0,msdoor,0.9300796981999999,0.9291387554,79377,75744,158754,0.0009409427999998998
128,0,tmt_sym,0.9099837064999999,0.9096330641999999,22609,16858,45218,0.00035064230000003693
128,1,Andrews,0.9120281216999999,0.9119707343,3345,2847,6690,5.738739999994191e-05
128,1,Hook_1498,0.7838963982,0.7812428235,242636,229786,485272,0.00265357470000005
128,1,bcsstk27,0.6384929417,0.6384880062,211,201,422,4.935500000025073e-06
128,1,msdoor,0.9046674013999999,0.9037917613,80095,76471,160190,0.0008756400999998526
128,1,tmt_sym,0.8822454209999999,0.8818899632999999,22766,17012,45532,0.00035545770000000587
128,2,Andrews,0.8960733889,0.8960197215,3148,2648,6296,5.366740000001258e-05
128,2,Hook_1498,0.8989633798,0.8963434457,242322,229477,484644,0.002619934099999943
128,2,bcsstk27,0.6390933986,0.6390857224,221,211,442,7.676200000084066e-06
128,2,msdoor,0.9400301458,0.9391439912999999,80487,76855,160974,0.0008861545000000692
128,2,tmt_sym,0.9145576954,0.9141305209999999,22698,16936,45396,0.00042717440000006324
128,3,Andrews,0.8961199287,0.8960921529,3160,2661,6320,2.7775800000018336e-05
128,3,Hook_1498,0.9000508547,0.8973600385,243466,230565,486932,0.0026908162000000013
128,3,bcsstk27,0.6395096777,0.6395062682,225,215,450,3.4094999999956244e-06
128,3,msdoor,0.9252918478,0.9243873597,81318,77682,162636,0.0009044880999999894
128,3,tmt_sym,0.9134389873,0.9130023004,22606,16796,45212,0.0004366868999999829
128,4,Andrews,0.8982944963,0.8982407331,3097,2601,6194,5.376320000005652e-05
128,4,Hook_1498,0.7743345734,0.7714495419999999,243509,230638,487018,0.002885031400000071
128,4,bcsstk27,0.5133356098,0.5133310559,235,225,470,4.553899999981681e-06
128,4,msdoor,0.8960198168,0.8950939651,79723,76076,159446,0.0009258516999999244
128,4,tmt_sym,0.8967556473,0.8963072773,22674,16905,45348,0.00044836999999997573
128,5,Andrews,0.8953130246000001,0.8952584985,3279,2779,6558,5.452610000000746e-05
128,5,Hook_1498,0.779328537,0.7766082766,243945,231096,487890,0.002720260400000063
128,5,bcsstk27,0.6424189807999999,0.642413807,223,213,446,5.173799999980133e-06
128,5,msdoor,0.8786915778000001,0.8778073545999999,80413,76768,160826,0.0008842232000001449
128,5,tmt_sym,0.7762038231,0.7758534672,22697,16949,45394,0.00035035589999998784
128,6,Andrews,0.7681605581000001,0.7681055303,3190,2685,6380,5.5027800000106986e-05
128,6,Hook_1498,0.898934627,0.8961974855,243241,230382,486482,0.00273714150000004
128,6,bcsstk27,0.5248623371,0.5248521567,233,223,466,1.0180400000003864e-05
128,6,msdoor,0.7978837964,0.7970169307,80678,77034,161356,0.0008668656999999413
128,6,tmt_sym,0.9121625418999999,0.9117145542999999,22669,16906,45338,0.00044798759999997717
128,7,Andrews,0.7692917109,0.769257283,3160,2661,6320,3.4427900000078004e-05
128,7,Hook_1498,0.7710250138,0.7684394834,243773,230874,487546,0.00258553039999998
128,7,bcsstk27,0.6391215561,0.6391184094,209,199,418,3.146700000011826e-06
128,7,msdoor,0.8969313147000001,0.8960612535,81100,77436,162200,0.0008700612000001051
128,7,tmt_sym,0.8420809266,0.8410508636,22690,16950,45380,0.00103006299999997
128,8,Andrews,0.8981979849999999,0.898143935,3066,2573,6132,5.4049999999916665e-05
128,8,Hook_1498,0.7743850705,0.7715203760999999,243330,230418,486660,0.002864694400000145
128,8,bcsstk27,0.5266317126,0.5266266827,216,206,432,5.02989999995318e-06
128,8,msdoor,0.8962521796,0.8953489299,80108,76453,160216,0.0009032496999999973
128,8,tmt_sym,0.7860914942999999,0.7856456042,22717,16951,45434,0.0004458900999999571
128,9,Andrews,0.8053082944,0.80525558,3184,2694,6368,5.271439999998684e-05
128,9,Hook_1498,0.7870573519999999,0.7706134317,243370,230457,486740,0.01644392029999997
128,9,bcsstk27,0.5181269641999999,0.5181196685999999,212,202,424,7.295600000012392e-06
128,9,msdoor,0.8851118086,0.8842302800999999,80685,77009,161370,0.0008815285000001172
128,9,tmt_sym,0.7810967686,0.7807436224,22664,16901,45328,0.00035314620000004293
128,10,Andrews,0.7681444403,0.7680867191999999,3130,2629,6260,5.7721100000018843e-05
128,10,Hook_1498,0.8991333006,0.8964184518,243503,230571,487006,0.002714848799999947
128,10,bcsstk27,0.5275637864999999,0.5275547742,222,212,444,9.01229999994424e-06
128,10,msdoor,0.8942014459000001,0.8933958766,80725,77052,161450,0.0008055693000000863
128,10,tmt_sym,0.8964555267,0.8960820916,22720,16940,45440,0.0003734350999999858
128,11,Andrews,0.7681675433,0.7681384561,3195,2697,6390,2.908720000005527e-05
128,11,Hook_1498,0.7712170128,0.7686707738,243483,230558,486966,0.00254623899999995
128,11,bcsstk27,0.5135930542999999,0.5135902162,229,219,458,2.838099999902255e-06
128,11,msdoor,0.8969436644,0.8960841891,81366,77725,162732,0.0008594752999999677
128,11,tmt_sym,0.7952904466999999,0.7948501587,22683,16922,45366,0.0004402879999999554
128,12,Andrews,0.8982934712999999,0.8982377529,3050,2553,6100,5.571839999995998e-05
128,12,Hook_1498,0.7721575498,0.7693414926,244348,231403,488696,0.0028160571999999995
128,12,bcsstk27,0.5160266877,0.5160184143,239,229,478,8.27340000009169e-06
128,12,msdoor,0.8070855619999999,0.7744652751,79598,75945,159196,0.03262028689999996
128,12,tmt_sym,0.7735107184,0.7731461524,22651,16894,45302,0.0003645660000000106
128,13,Andrews,0.7756273748999999,0.7753527399,3299,2801,6598,0.00027463499999991203
128,13,Hook_1498,0.6556175951,0.6529672148,243398,230511,486796,0.002650380299999977
128,13,bcsstk27,0.40902891119999996,0.40902254569999996,223,213,446,6.365499999994029e-06
128,13,msdoor,0.8778909203,0.8770343307,80378,76733,160756,0.0008565896000000128
128,13,tmt_sym,0.7690690038,0.7681307075,22674,16897,45348,0.0009382962999999744
128,14,Andrews,0.6401649239,0.640112209,3102,2606,6204,5.271490000002821e-05
128,14,Hook_1498,0.8997427226,0.8971062662,243756,230853,487512,0.002636456399999987
128,14,bcsstk27,0.5275666716999999,0.527558041,230,220,460,8.630699999900848e-06
128,14,msdoor,0.7972729917999999,0.7964044805999999,80888,77239,161776,0.0008685111999999773
128,14,tmt_sym,0.8971203806,0.896766591,22696,16924,45392,0.0003537895999999874
128,15,Andrews,0.76816113,0.7681337356,3307,2806,6614,2.7394399999991492e-05
128,15,Hook_1498,0.6433988574,0.6409018276999999,243313,230443,486626,0.0024970297000000974
128,15,bcsstk27,0.5120299343,0.5120277405999999,206,196,412,2.1937000000971096e-06
128,15,msdoor,0.7689211369,0.7681120638,80982,77314,161964,0.0008090731000000018
128,15,tmt_sym,0.769608045,0.7691690444,22707,16961,45414,0.00043900060000001684
128,16,Andrews,0.8980947494,0.8980354072,3205,2705,6410,5.934220000003432e-05
128,16,Hook_1498,0.9000061513,0.8971542599,243752,230860,487504,0.002851891399999973
128,16,bcsstk27,0.5121397971999999,0.5121340990000001,216,206,432,5.698199999848441e-06
128,16,msdoor,0.8964302777,0.8955258611,79948,76300,159896,0.0009044166000000686
128,16,tmt_sym,0.8976073261,0.8972448829,22619,16879,45238,0.0003624432000000066
128,17,Andrews,0.7920902728,0.79203732,3275,2769,6550,5.295279999995017e-05
128,17,Hook_1498,0.7705747608,0.656878471,243075,230207,486150,0.11369628980000002
128,17,bcsstk27,0.5919203761,0.5919138428,217,207,434,6.533300000000075e-06
128,17,msdoor,0.9046143054,0.9037396905999999,80337,76700,160674,0.000874614800000062
128,17,tmt_sym,0.7873919007,0.7870508195,22774,17013,45548,0.0003410811999999819
128,18,Andrews,0.7712182994,0.771163702,3134,2627,6268,5.459740000002267e-05
128,18,Hook_1498,0.7712087157,0.7686024191,243301,230486,486602,0.002606296600000002
128,18,bcsstk27,0.5275601862,0.5275510786,227,217,454,9.107600000057836e-06
128,18,msdoor,0.7872122761,0.7864103553,80667,77042,161334,0.0008019207999999667
128,18,tmt_sym,0.9316881174999999,0.9312612533,22672,16865,45344,0.0004268641999999323
128,19,Andrews,0.7680861232,0.7680588964,3295,2789,6590,2.7226800000001994e-05
128,19,Hook_1498,0.7709993359999999,0.7683595416,242807,229948,485614,0.0026397943999999507
128,19,bcsstk27,0.512462449,0.5124589683,225,215,450,3.4807000000025567e-06
128,19,msdoor,0.8969094281,0.8960602283,81378,77742,162756,0.0008491997999999779
128,19,tmt_sym,0.8958011861,0.8954488041,22650,16898,45300,0.00035238199999998443
128,20,Andrews,0.7836004021999999,0.7835446832999999,3146,2651,6292,5.571890000000135e-05
128,20,Hook_1498,0.7721768383,0.7693992855,243441,230572,486882,0.002777552799999916
128,20,bcsstk27,0.3977267263,0.39772067089999996,235,225,470,6.055400000037903e-06
128,20,msdoor,0.8047831777,0.803799605,79885,76239,159770,0.000983572699999935
128,20,tmt_sym,0.8848967313,0.8845293049,22697,16936,45394,0.0003674263999999816
128,21,Andrews,0.7712175847999999,0.7711617471,3239,2737,6478,5.583769999994992e-05
128,21,Hook_1498,0.6582046988,0.6554832462,243994,231136,487988,0.002721452600000007
128,21,bcsstk27,0.6323952201,0.6323882819,222,212,444,6.938200000083938e-06
128,21,msdoor,0.7846678015999999,0.7838172431,80012,76375,160024,0.0008505584999999316
128,21,tmt_sym,0.7766915082,0.7763558152,22637,16842,45274,0.0003356930000000258
128,22,Andrews,0.643223,0.6431666852000001,3155,2656,6310,5.631479999990141e-05
128,22,Hook_1498,0.7746422529,0.7720063688,244181,231293,488362,0.002635884100000041
128,22,bcsstk27,0.5126193044,0.5126116273,232,222,464,7.67710000004751e-06
128,22,msdoor,0.7924791810999999,0.7916333201,80533,76911,161066,0.0008458609999999478
128,22,tmt_sym,0.8962539199,0.8952083587999999,22722,16974,45444,0.001045561100000092
128,23,Andrews,0.7684833767,0.7684552903999999,3218,2718,6436,2.808630000006307e-05
128,23,Hook_1498,0.642960238,0.6403411623,245001,232095,490002,0.002619075699999973
128,23,bcsstk27,0.3966449496999999,0.3966426138,220,210,440,2.335899999927893e-06
128,23,msdoor,0.8969078544,0.8960404161000001,81366,77718,162732,0.000867438299999912
128,23,tmt_sym,0.7697104453,0.7693531271999999,22719,16950,45438,0.00035731810000005915
128,24,Andrews,0.8982852218999999,0.8982270483,3165,2673,6330,5.817359999993332e-05
128,24,Hook_1498,0.7722951409,0.7695415257,243652,230823,487304,0.002753615199999948
128,24,bcsstk27,0.5133308649999999,0.5133250477,230,220,460,5.817299999932857e-06
128,24,msdoor,0.8962204934,0.8952633144000001,80408,76774,160816,0.0009571789999999192
128,24,tmt_sym,0.7687747960000001,0.7683354135,22721,16983,45442,0.00043938250000008505
128,25,Andrews,0.7724956276,0.7724420785,3181,2684,6362,5.3549099999994354e-05
128,25,Hook_1498,0.6594568011999999,0.6568923711999999,244289,231498,488578,0.002564430000000062
128,25,bcsstk27,0.5084275957,0.5084224461,202,192,404,5.149599999976218e-06
128,25,msdoor,0.8403520103,0.8394669299,81299,77670,162598,0.0008850803999999046
128,25,tmt_sym,0.7617401599,0.7613918307,22693,16942,45386,0.0003483291999999416
128,26,Andrews,0.6401569125,0.6401015516999999,3128,2627,6256,5.5360800000014976e-05
128,26,Hook_1498,0.6439706086,0.6413678647000001,243471,230617,486942,0.0026027438999999264
128,26,bcsstk27,0.5249861717,0.5249782799,212,202,424,7.891799999937277e-06
128,26,msdoor,0.7984037163,0.7975093602,81632,77999,163264,0.0008943560999999933
128,26,tmt_sym,0.9020352363999999,0.9015797379,22629,16855,45258,0.000455498499999929
128,27,Andrews,0.7680528636999999,0.7680239198000001,3233,2739,6466,2.8943899999855915e-05
128,27,Hook_1498,0.6430422309,0.6404498819,244741,231871,489482,0.0025923490000000493
128,27,bcsstk27,0.5246433733999999,0.5246409417,223,213,446,2.431699999916326e-06
128,27,msdoor,0.7693244694,0.7684611793,81780,78163,163560,0.0008632900999999693
128,27,tmt_sym,0.7700471161,0.7696869852,22708,16947,45416,0.0003601308999999775
128,28,Andrews,0.7682903291000001,0.7682351115,3146,2647,6292,5.521760000004594e-05
128,28,Hook_1498,0.7724868773,0.7695879697,244529,231662,489058,0.0028989076000000003
128,28,bcsstk27,0.5075592996,0.507552004,233,223,466,7.295600000012392e-06
128,28,msdoor,0.7721558331,0.7712563751,79668,76028,159336,0.0008994580000000196
128,28,tmt_sym,0.7676981448,0.7673268081000001,22685,16956,45370,0.0003713366999998913
128,29,Andrews,0.6497231726,0.649672675,3464,2961,6928,5.049759999997683e-05
128,29,Hook_1498,0.6587925196,0.6561496498,244284,231434,488568,0.0026428697999999473
128,29,bcsstk27,0.40334649069999995,0.40333814579999994,237,227,474,8.344900000012423e-06
128,29,msdoor,0.7721997494999999,0.7713437077,80265,76639,160530,0.0008560417999998737
128,29,tmt_sym,0.7627943281999999,0.7624544386,22647,16882,45294,0.00033988959999997626
128,30,Andrews,0.6409207347,0.6408611774,3246,2751,6492,5.955729999995718e-05
128,30,Hook_1498,0.5158344271,0.5133109091,243286,230444,486572,0.002523518000000058
128,30,bcsstk27,0.5236487866999999,0.5236386773999999,247,237,494,1.0109300000005206e-05
128,30,msdoor,0.8006860729999999,0.7998344656999999,80364,76744,160728,0.0008516073000000013
128,30,tmt_sym,0.8679409740999999,0.8668693783999999,22782,17012,45564,0.0010715957000000387
128,31,Andrews,0.6567889685999999,0.6567605974999999,3271,2767,6542,2.8371099999979776e-05
128,31,Hook_1498,0.6428490165,0.6402863981,243524,230673,487048,0.0025626184000000496
128,31,bcsstk27,0.40112104419999994,0.4011176585,237,227,474,3.385699999969294e-06
128,31,msdoor,0.6679730175,0.6671037911000001,81073,77437,162146,0.0008692263999999783
128,31,tmt_sym,0.7695789814,0.7692048548,22681,16936,45362,0.0003741266000000243
128,32,Andrews,0.7808098794,0.7807513238999999,3204,2711,6408,5.855550000011256e-05
128,32,Hook_1498,0.8285381552000001,0.8257002594999999,243207,230337,486414,0.002837895700000148
128,32,bcsstk27,0.6509212254999999,0.6509145263,247,237,494,6.699199999848915e-06
128,32,msdoor,0.8999619010000001,0.899043584,79807,76167,159614,0.0009183170000001128
128,32,tmt_sym,0.9012799264,0.9009008646,22646,16906,45292,0.00037906180000002454
128,33,Andrews,0.8538579467,0.8538053511,3133,2634,6266,5.259560000003827e-05
128,33,Hook_1498,0.6584662197,0.6559117559,243211,230296,486422,0.0025544638000000175
128,33,bcsstk27,0.6457244159,0.6457174542,207,197,414,6.961699999918913e-06
128,33,msdoor,0.8982384445,0.897355652,80185,76545,160370,0.000882792500000007
128,33,tmt_sym,0.7676894899,0.7673434977,22625,16851,45250,0.0003459921999999782
128,34,Andrews,0.768606305,0.7685560229,3141,2646,6282,5.028210000002087e-05
128,34,Hook_1498,0.8997590783,0.897063017,242858,229992,485716,0.0026960612999999967
128,34,bcsstk27,0.6552457569,0.6552363634999999,217,207,434,9.393400000057284e-06
128,34,msdoor,0.8034259079999999,0.8025359153999999,80725,77097,161450,0.0008899926000000002
128,34,tmt_sym,0.9055065632,0.9050746198999999,22832,17080,45664,0.00043194330000007053
128,35,Andrews,0.7692812441,0.7692457676,3165,2663,6330,3.547650000002012e-05
128,35,Hook_1498,0.7709125046,0.7683978795999999,242826,230035,485652,0.0025146250000001036
128,35,bcsstk27,0.5255200388,0.5255169387999999,213,203,426,3.1000000000336314e-06
128,35,msdoor,0.8969041582,0.8960574151,81032,77391,162064,0.0008467430999999914
128,35,tmt_sym,0.9015549183,0.9011130807,22588,16801,45176,0.0004418376000000501
128,36,Andrews,0.7671942954,0.7671282769,3093,2585,6186,6.601849999998688e-05
128,36,Hook_1498,0.769182539,0.7662807945,243055,230247,486110,0.0029017445000000253
128,36,bcsstk27,0.5267344951999999,0.5267277716,235,225,470,6.723599999980401e-06
128,36,msdoor,0.7782682182,0.7773671862,79130,75498,158260,0.0009010320000000238
128,36,tmt_sym,0.8957196,0.8953579667,22730,16971,45460,0.00036163329999994165
128,37,Andrews,0.7701148269,0.7700627323,3295,2794,6590,5.209459999999666e-05
128,37,Hook_1498,0.6593942401999999,0.6567525151,243335,230500,486670,0.0026417250999999364
128,37,bcsstk27,0.5357509852999999,0.5357431887999999,245,235,490,7.796499999934703e-06
128,37,msdoor,0.8986458066,0.8977541451,79772,76126,159544,0.0008916615000000849
128,37,tmt_sym,0.7170696497,0.7167296174,22652,16892,45304,0.00034003230000001494
128,38,Andrews,0.6555724857999999,0.6555181025,3163,2661,6326,5.43832999999605e-05
128,38,Hook_1498,0.7845366951999999,0.7818281652,243798,230906,487596,0.0027085299999999313
128,38,bcsstk27,0.5248572829,0.524848676,255,245,510,8.606900000041051e-06
128,38,msdoor,0.7690217495,0.7681519034,80201,76536,160402,0.0008698461000000712
128,38,tmt_sym,0.9051175356,0.9046578643,22658,16847,45316,0.00045967130000001966
128,39,Andrews,0.7681493755,0.7681180234999999,3231,2726,6462,3.1352000000040015e-05
128,39,Hook_1498,0.7713074443,0.7685706381,244056,231190,488112,0.0027368061999999416
128,39,bcsstk27,0.5102515934999999,0.5102478024,239,229,478,3.7910999999279937e-06
128,39,msdoor,0.7949334384,0.7940360541999999,80629,76963,161258,0.0008973842000000731
128,39,tmt_sym,0.8157300235,0.8147279741,22761,17001,45522,0.001002049400000038
128,40,Andrews,0.7682932141,0.7682356597000001,3127,2630,6254,5.755439999988177e-05
128,40,Hook_1498,0.7742894892,0.7713234903999999,243486,230628,486972,0.002965998800000036
128,40,bcsstk27,0.5255295276999999,0.5255215408999999,249,239,498,7.98680000002605e-06
128,40,msdoor,0.7700743911,0.7691565038999999,79517,75844,159034,0.0009178872000000782
128,40,tmt_sym,0.7829053167,0.7825433015,22701,16966,45402,0.00036201520000000986
128,41,Andrews,0.779814386,0.7797615286,3235,2728,6470,5.2857399999939325e-05
128,41,Hook_1498,0.6555392741999999,0.652727628,243243,230425,486486,0.002811646199999962
128,41,bcsstk27,0.5817256932,0.5817213297,225,215,450,4.363499999993081e-06
128,41,msdoor,0.7687592742,0.7678648237,80440,76767,160880,0.0008944505000000325
128,41,tmt_sym,0.6555195090999999,0.6551653389000001,22714,16973,45428,0.000354170199999837
128,42,Andrews,0.6404634713,0.6404042479000001,3231,2733,6462,5.9223399999974724e-05
128,42,Hook_1498,0.7710287814,0.7683032754,243315,230504,486630,0.0027255059999999887
128,42,bcsstk27,0.5248542789999999,0.5248467926,217,207,434,7.486399999923066e-06
128,42,msdoor,0.7721028324,0.7712720872000001,81082,77406,162164,0.0008307451999999271
128,42,tmt_sym,0.9046584840999999,0.904218483,22727,16943,45454,0.00044000109999997594
128,43,Andrews,0.6440796615,0.6440509316999999,3187,2683,6374,2.8729800000015793e-05
128,43,Hook_1498,0.7708439593,0.7680836675,243960,231146,487920,0.0027602918000000365
128,43,bcsstk27,0.5250130894,0.5250106099999999,219,209,438,2.479400000088283e-06
128,43,msdoor,0.7961309434,0.7952287192999999,81739,78026,163478,0.0009022241000000708
128,43,tmt_sym,0.8889385699,0.8879165892,22705,16936,45410,0.0010219806999999248
128,44,Andrews,0.6451005456000001,0.6450418235,3216,2713,6432,5.872210000013034e-05
128,44,Hook_1498,0.6442787175,0.641573286,244509,231620,489018,0.0027054315000000217
128,44,bcsstk27,0.51026206,0.5102560518,229,219,458,6.008199999962827e-06
128,44,msdoor,0.6409698012,0.6401340725,79628,75951,159256,0.000835728700000038
128,44,tmt_sym,0.7687799218,0.7684298278,22638,16888,45276,0.0003500939999999675
128,45,Andrews,0.768648863,0.7685919525,3281,2785,6562,5.691050000000697e-05
128,45,Hook_1498,0.6427755355999999,0.6400697468,244656,231785,489312,0.002705788799999942
128,45,bcsstk27,0.4138256311,0.41382150649999994,239,229,478,4.124600000043888e-06
128,45,msdoor,0.7680094000000001,0.7671516414999999,80251,76585,160502,0.0008577585000001386
128,45,tmt_sym,0.64911859,0.6487644193000001,22683,16911,45366,0.0003541706999999894
128,46,Andrews,0.5152482745,0.5151925329,3215,2710,6430,5.5741599999992175e-05
128,46,Hook_1498,0.7709189652999999,0.7682345864,245184,232325,490368,0.0026843788999999507
128,46,bcsstk27,0.5111587528,0.5111499546,249,239,498,8.798199999993095e-06
128,46,msdoor,0.6410057304,0.6401700499,81099,77438,162198,0.0008356804999999357
128,46,tmt_sym,0.8744333271,0.8734525679,22640,16862,45280,0.0009807591999999588
128,47,Andrews,0.6412710426,0.6412346836999999,3225,2726,6450,3.635890000008857e-05
128,47,Hook_1498,0.6428887841,0.6403692960999999,245127,232273,490254,0.002519488000000125
128,47,bcsstk27,0.38402204529999995,0.3840188738,233,223,466,3.1714999999543636e-06
128,47,msdoor,0.8002085446999999,0.7993301865,81887,78190,163774,0.000878358199999929
128,47,tmt_sym,0.8601127389,0.8590968133,22674,16915,45348,0.0010159255999999672
128,48,Andrews,0.7701919556,0.7701365234,3114,2621,6228,5.5432199999927434e-05
128,48,Hook_1498,0.7742567062,0.7713623284,244452,231569,488904,0.002894377800000014
128,48,bcsstk27,0.5255329848,0.5255269523999999,243,233,486,6.0324000000777644e-06
128,48,msdoor,0.6600567583,0.659151435,80174,76544,160348,0.0009053233000000382
128,48,tmt_sym,0.7836770773,0.7833146336,22740,16973,45480,0.000362443700000048
128,49,Andrews,0.7740914579,0.7740379092,3199,2700,6398,5.354869999996126e-05
128,49,Hook_1498,0.6591840744999999,0.6565011982,243186,230328,486372,0.00268287629999997
128,49,bcsstk27,0.5325322387,0.5325251342999999,231,221,462,7.1044000000686225e-06
128,49,msdoor,0.7730410817,0.7721607686999999,80478,76825,160956,0.0008803130000000214
128,49,tmt_sym,0.6619232895,0.6615835668,22674,16936,45348,0.0003397227000000447
128,50,Andrews,0.7685363773,0.7684762003,3186,2681,6372,6.017700000005011e-05
128,50,Hook_1498,0.7709724189,0.7682991502000001,242886,230088,485772,0.0026732686999999533
128,50,bcsstk27,0.5245602843999999,0.5245548247999999,241,231,482,5.459599999979581e-06
128,50,msdoor,0.6657971857,0.6649299862,80763,77056,161526,0.0008671995000000265
128,50,tmt_sym,0.8967373844,0.8963901999999999,22707,16946,45414,0.0003471844000000335
128,51,Andrews,0.6528776644,0.6528477664,3116,2625,6232,2.989799999997267e-05
128,51,Hook_1498,0.7712698699,0.7686815026,243321,230508,486642,0.002588367300000005
128,51,bcsstk27,0.5250255823,0.5250233170999999,217,207,434,2.265200000017842e-06
128,51,msdoor,0.7688918826,0.7680469988999999,81599,77861,163198,0.0008448837000000209
128,51,tmt_sym,0.8423671245,0.8413490771,22636,16883,45272,0.0010180473999999995
128,52,Andrews,0.6420842649,0.6420292616,3182,2684,6364,5.500330000007825e-05
128,52,Hook_1498,0.7721320867,0.7691977976,244518,231643,489036,0.0029342891000000426
128,52,bcsstk27,0.5247250554999999,0.5247182612,227,217,454,6.794299999945963e-06
128,52,msdoor,0.7427812576,0.7418693542,79937,76282,159874,0.0009119034000000248
128,52,tmt_sym,0.7695852039000001,0.7692262891,22734,16961,45468,0.00035891480000005416
128,53,Andrews,0.7672034025,0.767148089,3308,2806,6616,5.531349999998714e-05
128,53,Hook_1498,0.6430292606,0.6402854685,244257,231373,488514,0.0027437920999999754
128,53,bcsstk27,0.508424664,0.5084205147,225,215,450,4.14929999992264e-06
128,53,msdoor,0.779518461,0.7786196232,80258,76548,160516,0.0008988377999999964
128,53,tmt_sym,0.5958163972,0.5954761501,22657,16849,45314,0.000340247100000024
128,54,Andrews,0.6401395798,0.640083313,3161,2661,6322,5.62668000000377e-05
128,54,Hook_1498,0.6438766237,0.6412184003,244209,231346,488418,0.0026582233999999927
128,54,bcsstk27,0.5120082380000001,0.511999893,244,234,488,8.345000000020697e-06
128,54,msdoor,0.6685672999,0.6676921605999999,80510,76797,161020,0.0008751393000000496
128,54,tmt_sym,0.7713611367000001,0.7709060903,22724,16968,45448,0.0004550464000000476
128,55,Andrews,0.6400844093,0.6400566818000001,3297,2813,6594,2.7727499999907756e-05
128,55,Hook_1498,0.7708371398,0.7681417463,243666,230803,487332,0.0026953935000000318
128,55,bcsstk27,0.5102578404,0.5102542873,248,238,496,3.5530999999977553e-06
128,55,msdoor,0.6409420252,0.6401391509,81386,77666,162772,0.0008028743000000338
128,55,tmt_sym,0.7787227150999999,0.7782959226999999,22682,16918,45364,0.00042679239999998675
128,56,Andrews,0.6460807560999999,0.6460261104,3116,2614,6232,5.46456999999112e-05
128,56,Hook_1498,0.6583922862999999,0.6556558608999999,244593,231698,489186,0.0027364253999999644
128,56,bcsstk27,0.5247245554,0.5247189522,258,248,516,5.603199999981712e-06
128,56,msdoor,0.6412538526,0.6403134107,80218,76504,160436,0.0009404418999999775
128,56,tmt_sym,0.7711793183,0.770765328,22704,16954,45408,0.00041399030000000003
128,57,Andrews,0.771705055,0.7716475721,3288,2797,6576,5.7482899999961035e-05
128,57,Hook_1498,0.6574452397999999,0.6538813829,244266,231376,488532,0.00356385689999994
128,57,bcsstk27,0.5146756172,0.5146682974,246,236,492,7.319800000016308e-06
128,57,msdoor,0.7166364435,0.7158018111,80667,76934,161334,0.0008346324000000349
128,57,tmt_sym,0.5653706785999999,0.5650341034999999,22721,16981,45442,0.0003365750999999584
128,58,Andrews,0.6401390075,0.6400811433,3159,2657,6318,5.7864199999979604e-05
128,58,Hook_1498,0.6438639405,0.6411509986999999,244506,231667,489012,0.002712941800000035
128,58,bcsstk27,0.5093702082,0.5093622919999999,256,246,512,7.916200000068763e-06
128,58,msdoor,0.641045904,0.6401875257,81406,77683,162812,0.0008583783000000178
128,58,tmt_sym,0.8410435203,0.8400233986,22624,16865,45248,0.0010201216999999874
128,59,Andrews,0.6400553944999999,0.6400269028,3175,2674,6350,2.8491699999966258e-05
128,59,Hook_1498,0.642934513,0.6403023954999999,244677,231819,489354,0.0026321175000001418
128,59,bcsstk27,0.39772176789999997,0.39771862019999993,238,228,476,3.1477000000390554e-06
128,59,msdoor,0.7689091446999999,0.7680459976,82120,78353,164240,0.0008631470999999058
128,59,tmt_sym,0.7774847505999999,0.7770468469999999,22683,16933,45366,0.00043790359999995587
128,60,Andrews,0.5121983525,0.5121429918,3084,2583,6168,5.53607000000067e-05
128,60,Hook_1498,0.655987024,0.6531726123999999,245178,232337,490356,0.0028144116000000663
128,60,bcsstk27,0.3971364976999999,0.39712874849999996,233,223,466,7.749199999962375e-06
128,60,msdoor,0.640065265,0.6391819000000001,80236,76555,160472,0.0008833649999999693
128,60,tmt_sym,0.7677050115,0.7673037054,22657,16849,45314,0.00040130609999999844
128,61,Andrews,0.6752940176,0.6752385852999999,3397,2903,6794,5.543230000004673e-05
128,61,Hook_1498,0.5287085769,0.5259713892,245151,232336,490302,0.0027371876999999767
128,61,bcsstk27,0.4400541072,0.4400478123,229,219,458,6.294899999981229e-06
128,61,msdoor,0.6727166889999999,0.6718682764999999,80935,77243,161870,0.0008484125000000065
128,61,tmt_sym,0.5393448826999999,0.5389967205999999,22665,16901,45330,0.0003481620999999935
128,62,Andrews,0.6401443714999999,0.6400855061,3178,2684,6356,5.8865399999885604e-05
128,62,Hook_1498,0.6429429051,0.6401900768000001,243903,231042,487806,0.0027528282999998988
128,62,bcsstk27,0.3840434311,0.3840372083,239,229,478,6.222800000010853e-06
128,62,msdoor,0.5156509637,0.5148350957,80778,77019,161556,0.0008158679999999974
128,62,tmt_sym,0.7624574664,0.7620856523999999,22689,16925,45378,0.00037181400000008136
128,63,Andrews,0.5248808387,0.5248512747,3294,2799,6588,2.9563999999981938e-05
128,63,Hook_1498,0.642778134,0.6400960682,243645,230800,487290,0.0026820657999999664
128,63,bcsstk27,0.28191998029999993,0.2819166184999999,243,233,486,3.3618000000457116e-06
128,63,msdoor,0.6409375429,0.6401574373,81639,77880,163278,0.0007801056000000806
128,63,tmt_sym,0.7546117786,0.7535909412999999,22780,17038,45560,0.0010208373000000215
128,64,Andrews,0.7841359618,0.7840721366,3115,2619,6230,6.382520000003389e-05
128,64,Hook_1498,0.7711736441,0.7682016853,243090,230222,486180,0.0029719588000000075
128,64,bcsstk27,0.5282212022999999,0.5282139301,253,243,506,7.272199999963647e-06
128,64,msdoor,0.7891556974,0.7734334465,80513,76782,161026,0.015722250900000012
128,64,tmt_sym,0.9010848998,0.9006220343,22644,16898,45288,0.00046286549999996485
128,65,Andrews,0.7861592529,0.7861037972999999,3216,2719,6432,5.54556000000872e-05
128,65,Hook_1498,0.6588351486,0.6561049463999999,243162,230303,486324,0.002730202200000087
128,65,bcsstk27,0.5357182739,0.5357130289,243,233,486,5.2449999999870656e-06
128,65,msdoor,0.7850416664000001,0.7841705563,81115,77329,162230,0.000871110100000072
128,65,tmt_sym,0.7760505195,0.7756975175999999,22716,16961,45432,0.0003530019000000939
128,66,Andrews,0.7681589126999999,0.7681083205,3245,2750,6490,5.059219999992148e-05
128,66,Hook_1498,0.7714363578,0.7687059164,243315,230461,486630,0.0027304414000000055
128,66,bcsstk27,0.6518443819999999,0.6518352981,250,240,500,9.083899999984268e-06
128,66,msdoor,0.7910544633,0.7901725771,81217,77396,162434,0.0008818861999999594
128,66,tmt_sym,0.8990043405,0.8985526799,22659,16890,45318,0.0004516606000000145
128,67,Andrews,0.7683723691000001,0.7683439495,3286,2791,6572,2.8419600000106904e-05
128,67,Hook_1498,0.7748759034,0.7721777444,243576,230736,487152,0.0026981590000000333
128,67,bcsstk27,0.5124586581,0.5124551059,226,216,452,3.5522000000343112e-06
128,67,msdoor,0.8969594244,0.8961340669000001,81753,77938,163506,0.0008253574999999014
128,67,tmt_sym,0.7746573686999999,0.7742162469,22683,16876,45366,0.00044112179999988843
128,68,Andrews,0.7826989655,0.7826410772,3193,2688,6386,5.7888299999975246e-05
128,68,Hook_1498,0.6481047149,0.6452134851,244170,231363,488340,0.002891229800000006
128,68,bcsstk27,0.5177310231,0.5177251819,236,226,472,5.84119999991195e-06
128,68,msdoor,0.7714996811,0.7705558540999999,79640,75820,159280,0.0009438270000000637
128,68,tmt_sym,0.7932028535999999,0.7927386995999999,22727,16960,45454,0.0004641539999999944
128,69,Andrews,0.7698324685,0.7697763207,3226,2722,6452,5.6147799999961556e-05
128,69,Hook_1498,0.6555309054999999,0.6527582649,244254,231418,488508,0.0027726405999999315
128,69,bcsstk27,0.5213278533,0.5213215351,223,213,446,6.31819999996619e-06
128,69,msdoor,0.7971255066999999,0.7962381128,80088,76288,160176,0.000887393899999922
128,69,tmt_sym,0.789612341,0.7892565252,22638,16883,45276,0.00035581579999999224
128,70,Andrews,0.6405173305,0.6404554372000001,3186,2683,6372,6.189329999994886e-05
128,70,Hook_1498,0.7710462093,0.7682969569,244803,231959,489606,0.002749252400000013
128,70,bcsstk27,0.5251651529,0.5251591918999999,233,223,466,5.961000000054284e-06
128,70,msdoor,0.6605539321999999,0.6597042565,80120,76325,160240,0.0008496756999999411
128,70,tmt_sym,0.7845589638999999,0.7841165542999999,22636,16876,45272,0.0004424095999999711
128,71,Andrews,0.7692870381,0.7692493441,3303,2794,6606,3.7693999999977024e-05
128,71,Hook_1498,0.7749095436,0.7721595763,244188,231370,488376,0.002749967299999989
128,71,bcsstk27,0.5120083806,0.5120052576999999,243,233,486,3.1229000000410068e-06
128,71,msdoor,0.8969563246,0.8961257697,80877,77144,161754,0.0008305548999999468
128,71,tmt_sym,0.7717596056999999,0.7713786365,22697,16957,45394,0.0003809691999998588
128,72,Andrews,0.7681828738,0.7681249384,3212,2717,6424,5.793540000009756e-05
128,72,Hook_1498,0.6444049361,0.6416189429,244152,231334,488304,0.0027859932000000587
128,72,bcsstk27,0.39773461779999997,0.3977193594999999,234,225,468,1.5258300000042802e-05
128,72,msdoor,0.772103691,0.7711979867,79643,75849,159286,0.000905704300000032
128,72,tmt_sym,0.8956858637999999,0.8952024458,22685,16922,45370,0.0004834179999999577
128,73,Andrews,0.7734880681,0.7734331609999999,3233,2727,6466,5.490710000011223e-05
128,73,Hook_1498,0.5315178634,0.528765869,243648,230779,487296,0.0027519943999999574
128,73,bcsstk27,0.5043772701,0.5043706895,217,208,434,6.580600000027914e-06
128,73,msdoor,0.7930210113999999,0.7921448708000001,80412,76622,160824,0.0008761405999998528
128,73,tmt_sym,0.7709147451999999,0.7705665590999999,22670,16911,45340,0.00034818609999998085
128,74,Andrews,0.6556317089999999,0.6555733438999999,3144,2645,6288,5.836510000001294e-05
128,74,Hook_1498,0.7710517405999999,0.7683183196000001,243957,231078,487914,0.002733420999999847
128,74,bcsstk27,0.5248639823,0.5248559235999999,226,217,452,8.058700000090901e-06
128,74,msdoor,0.7706046819,0.7697364811,80737,77005,161474,0.0008682007999999408
128,74,tmt_sym,0.8982224938,0.8977780345999999,22712,16932,45424,0.0004444592000000247
128,75,Andrews,0.7680774211,0.7680464504,3308,2808,6616,3.0970700000021445e-05
128,75,Hook_1498,0.7712989808,0.7685194971,244134,231205,488268,0.0027794837000000294
128,75,bcsstk27,0.39772138599999995,0.39771833459999995,201,192,402,3.0514000000092523e-06
128,75,msdoor,0.8969614978,0.8960952285,81604,77880,163208,0.0008662692999999999
128,75,tmt_sym,0.7439613817999999,0.7429362774,22743,16978,45486,0.001025104399999921
128,76,Andrews,0.7671834945,0.7671272281,3077,2583,6154,5.62664000000046e-05
128,76,Hook_1498,0.6453547235,0.6425083396000001,244095,231219,488190,0.002846383899999916
128,76,bcsstk27,0.3840333225,0.38402907880000003,210,201,420,4.24369999996177e-06
128,76,msdoor,0.7710700992999999,0.7701621056,79820,76047,159640,0.0009079936999999427
128,76,tmt_sym,0.7707018854000001,0.7703414675,22701,16949,45402,0.00036041790000007623
128,77,Andrews,0.6508174182,0.6507607935,3194,2693,6388,5.662470000000752e-05
128,77,Hook_1498,0.5283404113999999,0.5256548168999999,244422,231544,488844,0.0026855944999999437
128,77,bcsstk27,0.4000149723,0.4000087026,211,202,422,6.269700000005596e-06
128,77,msdoor,0.775113058,0.7742740396,80505,76799,161010,0.0008390184000000023
128,77,tmt_sym,0.7758227825,0.7754675154,22697,16925,45394,0.0003552671000000007
128,78,Andrews,0.6401488543,0.6400930883,3124,2620,6248,5.576600000001264e-05
128,78,Hook_1498,0.7695321085,0.6553657055,244062,231181,488124,0.11416640300000003
128,78,bcsstk27,0.5123952387,0.512387967,220,211,440,7.271700000033299e-06
128,78,msdoor,0.7661934850000001,0.7654018882,80824,77128,161648,0.0007915968000000717
128,78,tmt_sym,0.7695791961,0.7692178253,22565,16788,45130,0.00036137079999998267
128,79,Andrews,0.7681592461,0.7681297066,3202,2701,6404,2.95394999999532e-05
128,79,Hook_1498,0.6562836170999999,0.6537685871999999,243855,230994,487710,0.0025150299000000764
128,79,bcsstk27,0.3840195658,0.3840168237,217,208,434,2.7421000000082962e-06
128,79,msdoor,0.7717556478,0.7709476475,81848,78158,163696,0.0008080003000000557
128,79,tmt_sym,0.6402898552,0.6399302001,22788,17048,45576,0.00035965510000002254
128,80,Andrews,0.8982844591,0.8982254026,3250,2753,6500,5.9056500000043144e-05
128,80,Hook_1498,0.6442015412000001,0.6414319035,243711,230853,487422,0.0027696377000000494
128,80,bcsstk27,0.38414216069999996,0.3841373918,226,217,452,4.768899999951781e-06
128,80,msdoor,0.8954688553000001,0.8945406917,80464,76740,160928,0.0009281636000001425
128,80,tmt_sym,0.7724895234,0.7720435379,22637,16898,45274,0.00044598549999996795
128,81,Andrews,0.7683135269,0.7682640074,3302,2797,6604,4.951949999998373e-05
128,81,Hook_1498,0.6554366114,0.6527657511,243678,230807,487356,0.0026708602999999664
128,81,bcsstk27,0.41872737429999995,0.41872196189999994,209,200,418,5.412400000015527e-06
128,81,msdoor,0.7881934639,0.7762834309,81083,77348,162166,0.011910033000000042
128,81,tmt_sym,0.7577569011,0.7573969366,22714,16966,45428,0.0003599645000000873
128,82,Andrews,0.6556312556999999,0.6555778265,3290,2796,6580,5.342919999995477e-05
128,82,Hook_1498,0.6570729256999999,0.6545201059999999,243216,230335,486432,0.0025528196999999864
128,82,bcsstk27,0.5120127438,0.5120066646,218,209,436,6.079199999953211e-06
128,82,msdoor,0.8101248264,0.8092345713999999,81243,77526,162486,0.000890255000000173
128,82,tmt_sym,0.9021973851999999,0.9017700905999999,22741,16926,45482,0.0004272946000000166
128,83,Andrews,0.7693859812,0.7693514343,3193,2689,6386,3.4546900000043124e-05
128,83,Hook_1498,0.7708996533,0.7682735199999999,243786,230957,487572,0.0026261333000000553
128,83,bcsstk27,0.384015799,0.3840127229,205,196,410,3.076099999999027e-06
128,83,msdoor,0.8969274287,0.8960666416,82082,78423,164164,0.0008607870999999268
128,83,tmt_sym,0.7681001905,0.7676578523,22605,16857,45210,0.0004423381999999476
128,84,Andrews,0.7683044914,0.7682498692,3203,2705,6406,5.4622199999965204e-05
128,84,Hook_1498,0.6443000075,0.641387296,243861,231014,487722,0.0029127115000000536
128,84,bcsstk27,0.25614256879999997,0.25613632179999996,214,205,428,6.2470000000147685e-06
128,84,msdoor,0.8114968297999999,0.8105042222,80086,76364,160172,0.0009926075999999728
128,84,tmt_sym,0.6507105352,0.6502755163999999,22663,16911,45326,0.0004350188000000754
128,85,Andrews,0.6489831446,0.6489302639,3285,2787,6570,5.28806999999798e-05
128,85,Hook_1498,0.5275289061999999,0.5248056171,244710,231853,489420,0.0027232890999999704
128,85,bcsstk27,0.27513894999999994,0.27513260829999997,201,192,402,6.341699999967698e-06
128,85,msdoor,0.7654371259999999,0.7645593648000001,80636,76929,161272,0.0008777611999998269
128,85,tmt_sym,0.7627915383999999,0.7624391319,22756,16964,45512,0.00035240649999990215
128,86,Andrews,0.6401518823,0.6400952101,3129,2631,6258,5.6672199999940887e-05
128,86,Hook_1498,0.6433978559,0.640774846,244431,231541,488862,0.002623009899999973
128,86,bcsstk27,0.5120169877999999,0.5120103356,210,201,420,6.65219999995692e-06
128,86,msdoor,0.6810912136,0.6802164312,80832,77189,161664,0.0008747824000000515
128,86,tmt_sym,0.7839240311,0.7834725856,22606,16853,45212,0.0004514454999999806
128,87,Andrews,0.7692744255,0.769238949,3286,2788,6572,3.547650000002012e-05
128,87,Hook_1498,0.7708532812,0.7681209084,244317,231461,488634,0.002732372799999938
128,87,bcsstk27,0.2560316803,0.25602858030000003,207,198,414,3.0999999999781203e-06
128,87,msdoor,0.7698856116,0.7690616367,81541,77910,163082,0.0008239748999999685
128,87,tmt_sym,0.6554895397,0.6550527813999999,22671,16899,45342,0.0004367583000001174
128,88,Andrews,0.7701929805,0.7701351880999999,3219,2719,6438,5.779240000003405e-05
128,88,Hook_1498,0.6436544417000001,0.6406353238,243843,230928,487686,0.00301911790000009
128,88,bcsstk27,0.2560299875,0.2560240504,216,207,432,5.937100000019679e-06
128,88,msdoor,0.7753090859,0.7743530990999999,80384,76667,160768,0.000955986800000086
128,88,tmt_sym,0.7674101356999999,0.7670378446,22844,17107,45688,0.0003722910999999218
128,89,Andrews,0.672600102,0.6725472454,3224,2730,6448,5.2856599999984155e-05
128,89,Hook_1498,0.5311468602999999,0.5284918788999999,243606,230744,487212,0.0026549813999999783
128,89,bcsstk27,0.3840144157,0.3840095041,219,210,438,4.911599999990468e-06
128,89,msdoor,0.7759337903,0.7750353338,81096,77451,162192,0.0008984564999999778
128,89,tmt_sym,0.6761819598,0.6758359435999999,22549,16804,45098,0.0003460162000000766
128,90,Andrews,0.6404977799,0.6404454705,3152,2662,6304,5.2309400000005724e-05
128,90,Hook_1498,0.6442513708,0.6415695186,243207,230337,486414,0.0026818521999999456
128,90,bcsstk27,0.5075494529000001,0.5075410847,228,219,456,8.368200000052894e-06
128,90,msdoor,0.6566420079999999,0.6558058023999999,81170,77544,162340,0.0008362056000000839
128,90,tmt_sym,0.7728904726999999,0.7724562403,22732,16958,45464,0.0004342323999998454
128,91,Andrews,0.7584612130999999,0.7584270955,3238,2749,6476,3.41175999999388e-05
128,91,Hook_1498,0.7709221603,0.7682011605,243738,230905,487476,0.002720999800000068
128,91,bcsstk27,0.2560351606,0.25603201379999996,215,206,430,3.1468000000201e-06
128,91,msdoor,0.7689608573,0.7680972095,82170,78540,164340,0.0008636477999999226
128,91,tmt_sym,0.651193786,0.6507533315999999,22642,16883,45284,0.00044045440000006764
128,92,Andrews,0.7672030208,0.7671429396999999,3267,2765,6534,6.008110000010891e-05
128,92,Hook_1498,0.5163472171,0.5136456724,243615,230804,487230,0.002701544699999947
128,92,bcsstk27,0.2560334917,0.2560271744,224,215,448,6.317300000002746e-06
128,92,msdoor,0.7679764987,0.7670589447,80361,76708,160722,0.0009175539999999316
128,92,tmt_sym,0.6520735261999999,0.6516439435,22764,17032,45528,0.0004295826999999308
128,93,Andrews,0.5785048485,0.5784490585,3306,2806,6612,5.5790000000000006e-05
128,93,Hook_1498,0.527627444,0.5249686954999999,244446,231652,488892,0.00265874850000003
128,93,bcsstk27,0.2589394808,0.2589341643,205,196,410,5.31650000001882e-06
128,93,msdoor,0.6569496629,0.6561278108,81009,77357,162018,0.0008218520999999646
128,93,tmt_sym,0.6260935546,0.6256814238,22607,16845,45214,0.0004121308000000212
128,94,Andrews,0.5121755839,0.5121153591000001,3271,2777,6542,6.022479999989727e-05
128,94,Hook_1498,0.6429244997,0.6402498484,244545,231714,489090,0.002674651299999997
128,94,bcsstk27,0.3841273073,0.38411810409999997,214,205,428,9.203200000029721e-06
128,94,msdoor,0.6413114071,0.6404798035,81190,77536,162380,0.0008316036000000082
128,94,tmt_sym,0.6613407609999999,0.6609038594,22676,16913,45352,0.0004369015999999837
128,95,Andrews,0.6431838271,0.6431542154,3208,2712,6416,2.9611700000042873e-05
128,95,Hook_1498,0.6468884225999999,0.6442927363,244149,231312,488298,0.0025956862999999553
128,95,bcsstk27,0.2564887044,0.2564858434,209,200,418,2.8609999999651414e-06
128,95,msdoor,0.7689023972,0.7680463790000001,81791,78144,163582,0.0008560181999999195
128,95,tmt_sym,0.5308089974999999,0.5303672794,22661,16908,45322,0.0004417180999999326
128,96,Andrews,0.8951815608,0.8951276297999999,3178,2692,6356,5.393100000006257e-05
128,96,Hook_1498,0.7713422772999999,0.7683439970999999,243915,231081,487830,0.0029982802000000364
128,96,bcsstk27,0.3853958366,0.38538675349999996,218,209,436,9.083100000029098e-06
128,96,msdoor,0.7682270761,0.7673328641,80438,76802,160876,0.0008942119999999498
128,96,tmt_sym,0.8058621408,0.805427241,22686,16952,45372,0.0004348997999999993
128,97,Andrews,0.7741091966,0.7740529541,3260,2765,6520,5.624250000002551e-05
128,97,Hook_1498,0.6595110416,0.6568054913999999,243918,231099,487836,0.002705550200000073
128,97,bcsstk27,0.5181431057,0.5181374314,221,212,442,5.67429999998037e-06
128,97,msdoor,0.7756294731,0.7747671839,81203,77603,162406,0.0008622891999999771
128,97,tmt_sym,0.7753134728,0.7749539134,22711,16933,45422,0.00035955939999998687
128,98,Andrews,0.7681611777,0.7681037425999999,3094,2589,6188,5.743510000011387e-05
128,98,Hook_1498,0.7710701463999999,0.7683876990999999,244086,231286,488172,0.0026824473000000015
128,98,bcsstk27,0.5111377001999999,0.5111308101,230,221,460,6.890099999878885e-06
128,98,msdoor,0.7741094346999999,0.7732509141,81435,77816,162870,0.0008585205999999124
128,98,tmt_sym,0.9013567921,0.9009185318,22770,17025,45540,0.00043826029999993743
128,99,Andrews,0.7692655085,0.7692336318999999,3212,2715,6424,3.187660000003589e-05
128,99,Hook_1498,0.6565385583,0.6539426567,243783,230954,487566,0.0025959016000000057
128,99,bcsstk27,0.3840426448,0.384039521,219,210,438,3.123800000004451e-06
128,99,msdoor,0.8962553026000001,0.8035715343,81874,78234,163748,0.09268376830000014
128,99,tmt_sym,0.7770870209999999,0.7766457796,22627,16834,45254,0.0004412413999999032
128,100,Andrews,0.8951922418,0.8951346159,3189,2697,6378,5.7625900000024544e-05
128,100,Hook_1498,0.6452609538,0.6424486401,242973,230142,485946,0.002812313700000013
128,100,bcsstk27,0.38420786819999997,0.38419728270000003,228,219,456,1.0585499999937742e-05
128,100,msdoor,0.6475552083,0.6466183902,79993,76365,159986,0.0009368181000000142
128,100,tmt_sym,0.7812646389,0.7808311705,22724,16977,45448,0.0004334684000000255
128,101,Andrews,0.7651973967,0.7649281981,3180,2689,6360,0.00026919859999996465
128,101,Hook_1498,0.5306098465,0.5280582189999999,242796,229977,485592,0.002551627500000042
128,101,bcsstk27,0.40203316209999995,0.402026272,203,194,406,6.890099999934396e-06
128,101,msdoor,0.6500325915999999,0.6491682287,80797,77172,161594,0.0008643628999999153
128,101,tmt_sym,0.7705000880999999,0.7701603886,22711,16956,45422,0.00033969949999990146
128,102,Andrews,0.7684545037,0.7683977367,3216,2727,6432,5.676700000001311e-05
128,102,Hook_1498,0.7709306719000001,0.7681911945,243324,230463,486648,0.0027394774000001343
128,102,bcsstk27,0.4003574137,0.40034921139999996,212,203,424,8.202300000037521e-06
128,102,msdoor,0.6684558871,0.6675851585,81056,77415,162112,0.0008707286000000369
128,102,tmt_sym,0.7902662519999999,0.7898154262999999,22602,16785,45204,0.00045082569999999045
128,103,Andrews,0.6431518796,0.6431242703,3155,2653,6310,2.760930000000883e-05
128,103,Hook_1498,0.6429627894,0.6402669909,244083,231172,488166,0.002695798499999902
128,103,bcsstk27,0.38401589379999995,0.3840126035,207,198,414,3.290299999958446e-06
128,103,msdoor,0.7689532522,0.7681023124999999,81745,78096,163490,0.0008509397000000529
128,103,tmt_sym,0.6671001673,0.6666556601,22799,17049,45598,0.00044450719999999944
128,104,Andrews,0.7702047350000001,0.7701481819,3224,2730,6448,5.6553100000078516e-05
128,104,Hook_1498,0.6443657164000001,0.6413866278,244128,231199,488256,0.0029790886000000683
128,104,bcsstk27,0.3840227128,0.3840153457,216,207,432,7.3670999999886355e-06
128,104,msdoor,0.7711337331,0.7701780555,80780,77103,161560,0.0009556776000000378
128,104,tmt_sym,0.7784590722,0.7780224088,22598,16861,45196,0.0004366634000000369
128,105,Andrews,0.661400914,0.6613470081,3248,2747,6496,5.3905899999984186e-05
128,105,Hook_1498,0.5306699277,0.5280927899,243720,230848,487440,0.002577137800000018
128,105,bcsstk27,0.4976348159,0.4976268768,225,216,450,7.939100000020627e-06
128,105,msdoor,0.7616978165,0.7607858184999999,81244,77560,162488,0.0009119980000000805
128,105,tmt_sym,0.67668829,0.6763458255999999,22705,16964,45410,0.0003424644000000754
128,106,Andrews,0.6565007683999999,0.6564394477,3196,2696,6392,6.132069999997825e-05
128,106,Hook_1498,0.6431769606,0.640500116,243891,231029,487782,0.00267684459999995
128,106,bcsstk27,0.5111620184,0.5111534831,234,225,468,8.535300000001023e-06
128,106,msdoor,0.6616881844999999,0.6607852933,81427,77759,162854,0.0009028911999998668
128,106,tmt_sym,0.7913109304999999,0.7908720730999999,22660,16886,45320,0.0004388574000000478
128,107,Andrews,0.6441858771,0.6441558839,3263,2765,6526,2.999319999996697e-05
128,107,Hook_1498,0.6431072001,0.6405263428000001,244227,231398,488454,0.0025808572999999058
128,107,bcsstk27,0.3840193983,0.38401634689999997,217,208,434,3.0514000000092523e-06
128,107,msdoor,0.7689831737,0.7681296828999999,81908,78217,163816,0.0008534908000000785
128,107,tmt_sym,0.6607783318999999,0.6603412867,22660,16891,45320,0.0004370451999998748
128,108,Andrews,0.7388054843999999,0.7387481689000001,3177,2672,6354,5.731549999987706e-05
128,108,Hook_1498,0.5162245512,0.5134286879000001,245025,232129,490050,0.0027958632999999233
128,108,bcsstk27,0.2561379674,0.2561300274,226,217,452,7.939999999984071e-06
128,108,msdoor,0.6464188818,0.6455404039,80240,76557,160480,0.0008784778999999521
128,108,tmt_sym,0.6532672882999999,0.6528277160999999,22764,16999,45528,0.00043957220000001573
128,109,Andrews,0.6440909143,0.6440404656,3195,2707,6390,5.044870000003865e-05
128,109,Hook_1498,0.5322175502,0.5295001267999999,244761,231868,489522,0.0027174234000000297
128,109,bcsstk27,0.38451981539999996,0.38451499959999996,201,192,402,4.815800000002035e-06
128,109,msdoor,0.6585560557,0.6577309608,80510,76849,161020,0.0008250948999999341
128,109,tmt_sym,0.6394174102,0.6390625243,22628,16868,45256,0.00035488589999999043
128,110,Andrews,0.6404390812,0.6403791423,3229,2731,6458,5.993890000000057e-05
128,110,Hook_1498,0.6438385966,0.6411682126999999,245412,232549,490824,0.002670383900000073
128,110,bcsstk27,0.38405833240000004,0.3840525627,210,201,420,5.769700000046729e-06
128,110,msdoor,0.6809176443999999,0.6800279141,80555,76888,161110,0.0008897302999999468
128,110,tmt_sym,0.7821919679,0.7817556147,22685,16905,45370,0.000436353200000017
128,111,Andrews,0.6401791092,0.6401514295,3208,2714,6416,2.767969999994957e-05
128,111,Hook_1498,0.6427921769,0.6401076558,244140,231269,488280,0.002684521100000059
128,111,bcsstk27,0.2560245994,0.2560206656,211,202,422,3.933800000022192e-06
128,111,msdoor,0.7689350847,0.7681002381,81004,77351,162008,0.0008348465999999943
128,111,tmt_sym,0.6724924565,0.6720468042,22713,16962,45426,0.0004456523000000434
128,112,Andrews,0.7672142266,0.7671571254,3168,2668,6336,5.710120000002039e-05
128,112,Hook_1498,0.6604227547,0.657661247,243924,231055,487848,0.0027615077000000543
128,112,bcsstk27,0.3841378688,0.3841324564,220,211,440,5.412400000015527e-06
128,112,msdoor,0.6763132574,0.6753709313999999,79716,76080,159432,0.0009423260000001044
128,112,tmt_sym,0.784887028,0.7844531775,22689,16917,45378,0.00043385049999999925
128,113,Andrews,0.6497448684,0.6496911528,3243,2737,6486,5.371560000000386e-05
128,113,Hook_1498,0.5305957554,0.5280251502,243279,230405,486558,0.0025706052000000756
128,113,bcsstk27,0.5132110599999999,0.5132055284,217,208,434,5.531599999941683e-06
128,113,msdoor,0.7699362756,0.7690598490999999,80103,76471,160206,0.0008764265000000826
128,113,tmt_sym,0.7537821056,0.7534321073,22650,16914,45300,0.00034999830000004284
128,114,Andrews,0.7681396242999999,0.7680806399000001,3123,2625,6246,5.898439999985072e-05
128,114,Hook_1498,0.7672693017,0.7645547148999999,244185,231310,488370,0.0027145868000000295
128,114,bcsstk27,0.39955298879999995,0.399544382,226,217,452,8.606799999977266e-06
128,114,msdoor,0.6712807179,0.6704316851,80337,76703,160674,0.000849032800000038
128,114,tmt_sym,0.7873861547999998,0.7745306019,22643,16887,45286,0.012855552899999845
128,115,Andrews,0.6413016316,0.6412661794000001,3275,2776,6550,3.5452199999896905e-05
128,115,Hook_1498,0.6472260951,0.6445105315999999,244233,231348,488466,0.0027155635000000178
128,115,bcsstk27,0.3844182257,0.38441452989999997,209,200,418,3.695800000036442e-06
128,115,msdoor,0.7817810539,0.7809795621,80812,77174,161624,0.0008014917999999982
128,115,tmt_sym,0.6673237800999999,0.6668738607999999,22736,16975,45472,0.00044991930000004565
128,116,Andrews,0.7702144383999999,0.7701549287999999,3193,2700,6386,5.950960000000727e-05
128,116,Hook_1498,0.6451858521,0.642284846,243693,230772,487386,0.002901006099999992
128,116,bcsstk27,0.25613455739999996,0.2561275246,218,209,436,7.032799999973083e-06
128,116,msdoor,0.640361977,0.6394755121,79510,75856,159020,0.0008864648999999947
128,116,tmt_sym,0.6616956712,0.6612592693999999,22675,16915,45350,0.00043640180000004136
128,117,Andrews,0.6405249119,0.6404741528,3278,2775,6556,5.075910000007511e-05
128,117,Hook_1498,0.5347409958999999,0.5292363644999999,243537,230673,487074,0.005504631400000015
128,117,bcsstk27,0.3813217401,0.3813163038,205,196,410,5.4362999999946204e-06
128,117,msdoor,0.6686572071999999,0.6677455186,80190,76531,160380,0.0009116885999999047
128,117,tmt_sym,0.6528010608999999,0.6524543762999999,22718,16904,45436,0.00034668459999998014
128,118,Andrews,0.7681265118,0.7680675029999999,3161,2665,6322,5.900880000009323e-05
128,118,Hook_1498,0.644225979,0.6414661649,243141,230325,486282,0.0027598141000000354
128,118,bcsstk27,0.3831206322,0.383112645,214,205,428,7.987200000003636e-06
128,118,msdoor,0.5419120072999999,0.5410584211,80444,76774,160888,0.0008535861999998673
128,118,tmt_sym,0.6500552411,0.6496111153,22731,16967,45462,0.0004441257999999726
128,119,Andrews,0.6407544132999999,0.6407193188,3142,2653,6284,3.509449999994363e-05
128,119,Hook_1498,0.5189452647,0.5163223507,243099,230230,486198,0.0026229140000000317
128,119,bcsstk27,0.3840144872,0.38401167389999996,201,192,402,2.8133000000152286e-06
128,119,msdoor,0.8097635032,0.8088473083,80828,77166,161656,0.0009161949000000558
128,119,tmt_sym,0.5280688527999999,0.527628899,22620,16859,45240,0.0004399537999999481
128,120,Andrews,0.7701962469,0.7701434373,3076,2580,6152,5.280959999998114e-05
128,120,Hook_1498,0.6442405701,0.6412715193,242844,230026,485688,0.0029690507999999838
128,120,bcsstk27,0.38402943640000003,0.38402433410000003,210,201,420,5.10230000000389e-06
128,120,msdoor,0.6483261588,0.6473882433,79756,76112,159512,0.0009379154999999972
128,120,tmt_sym,0.7832624434,0.7828259701999999,22690,16940,45380,0.00043647320000006484
128,121,Andrews,0.6492887731,0.6492365601,3236,2749,6472,5.221300000002316e-05
128,121,Hook_1498,0.5171740528,0.5143928526,243477,230662,486954,0.0027812001999999447
128,121,bcsstk27,0.3870029212,0.3869982238,207,198,414,4.697400000031049e-06
128,121,msdoor,0.6560061214999999,0.6551052096,80299,76655,160598,0.0009009118999999677
128,121,tmt_sym,0.6834289791,0.6830740691,22685,16946,45370,0.00035490999999998607
128,122,Andrews,0.7681219336,0.7680639985,3155,2664,6310,5.793510000007274e-05
128,122,Hook_1498,0.6438841106000001,0.6411076309,244173,231385,488346,0.0027764797000000563
128,122,bcsstk27,0.39684891729999994,0.39684088189999994,216,207,432,8.035399999994919e-06
128,122,msdoor,0.6776709555999999,0.6767749552,80754,77125,161508,0.00089600039999993
128,122,tmt_sym,0.7695590256,0.7690745596,22749,16984,45498,0.0004844659999999612
128,123,Andrews,0.5120720865999999,0.5120424513,3206,2709,6412,2.9635299999886122e-05
128,123,Hook_1498,0.6428497556,0.6400746820000001,243705,230922,487410,0.0027750735999999554
128,123,bcsstk27,0.38402094810000004,0.3840187553,219,210,438,2.1928000000226433e-06
128,123,msdoor,0.8035361054,0.8026160474999999,81371,77740,162742,0.0009200579000000486
128,123,tmt_sym,0.6499918460999999,0.6495447161,22585,16836,45170,0.0004471299999999623
128,124,Andrews,0.7680862907,0.7680295464,3208,2709,6416,5.6744300000022285e-05
128,124,Hook_1498,0.5181280376999999,0.5154946085000001,243417,230666,486834,0.0026334291999998705
128,124,bcsstk27,0.3840238572,0.3840166565,228,219,456,7.200699999987403e-06
128,124,msdoor,0.5434982303999999,0.5425460812,80038,76393,160076,0.0009521491999998632
128,124,tmt_sym,0.6468039747,0.6463829992,22706,16890,45412,0.00042097549999997597
128,125,Andrews,0.5238979340000001,0.523844361,3160,2671,6320,5.357300000008447e-05
128,125,Hook_1498,0.40116500859999993,0.39864399389999994,243153,230340,486306,0.0025210146999999905
128,125,bcsstk27,0.38422470119999996,0.3842185022,215,206,430,6.1989999999845224e-06
128,125,msdoor,0.5565187692,0.5556845424,80222,76582,160444,0.0008342268000000042
128,125,tmt_sym,0.6400644775000001,0.6397254706000001,22746,16994,45492,0.000339006899999994
128,126,Andrews,0.6405414577999999,0.6404829029,3137,2630,6274,5.855489999995189e-05
128,126,Hook_1498,0.5159639835000001,0.513443279,243120,230255,486240,0.0025207045000000816
128,126,bcsstk27,0.3840515617,0.3840425494,224,215,448,9.012299999999751e-06
128,126,msdoor,0.6746868608,0.6738183259999999,80300,76676,160600,0.0008685348000000426
128,126,tmt_sym,0.6551327470999999,0.6547044519,22700,16942,45400,0.000428295199999873
128,127,Andrews,0.39969880609999997,0.39967205519999993,3212,2721,6424,2.675090000003877e-05
128,127,Hook_1498,0.5152918341,0.5126610044,243336,230472,486672,0.002630829700000059
128,127,bcsstk27,0.3840165373,0.38401365249999997,205,196,410,2.884800000046983e-06
128,127,msdoor,0.7689548015,0.7681233404,80892,77252,161784,0.0008314610999999861
128,127,tmt_sym,0.5185438151999999,0.5181156155,22634,16888,45268,0.0004281996999999649
