rank,num_procs,run,elapsed_time,comm_time,local_nz,ghost_entries,local_flops,matrix
0,1,0,0.001577616,0.000000715,410077,0,820154,Andrews
0,1,1,0.001578331,0.000000715,410077,0,820154,Andrews
0,1,2,0.001569510,0.000000477,410077,0,820154,Andrews
0,1,3,0.001573086,0.000000477,410077,0,820154,Andrews
0,1,4,0.001568317,0.000000477,410077,0,820154,Andrews
0,1,5,0.001561403,0.000000477,410077,0,820154,Andrews
0,1,6,0.001559496,0.000000477,410077,0,820154,Andrews
0,1,7,0.001571894,0.000000715,410077,0,820154,Andrews
0,1,8,0.001574993,0.000000715,410077,0,820154,Andrews
0,1,9,0.001570702,0.000000715,410077,0,820154,Andrews
0,2,0,0.002301693,0.000773430,202663,53459,405326,Andrews
0,2,1,0.002238512,0.000708580,202663,53459,405326,Andrews
0,2,2,0.002229452,0.000697851,202663,53459,405326,Andrews
0,2,3,0.002218962,0.000696659,202663,53459,405326,Andrews
0,2,4,0.002226114,0.000701189,202663,53459,405326,Andrews
0,2,5,0.002217770,0.000693560,202663,53459,405326,Andrews
0,2,6,0.002227068,0.000696898,202663,53459,405326,Andrews
0,2,7,0.002208948,0.000683546,202663,53459,405326,Andrews
0,2,8,0.002212286,0.000681877,202663,53459,405326,Andrews
0,2,9,0.002202272,0.000677347,202663,53459,405326,Andrews
1,2,0,0.002309322,0.000595808,207414,54185,414828,Andrews
1,2,1,0.002262354,0.000548601,207414,54185,414828,Andrews
1,2,2,0.002264977,0.000551462,207414,54185,414828,Andrews
1,2,3,0.002264261,0.000553370,207414,54185,414828,Andrews
1,2,4,0.002260923,0.000547886,207414,54185,414828,Andrews
1,2,5,0.002260447,0.000549793,207414,54185,414828,Andrews
1,2,6,0.002267361,0.000550508,207414,54185,414828,Andrews
1,2,7,0.002263069,0.000554562,207414,54185,414828,Andrews
1,2,8,0.002265453,0.000548363,207414,54185,414828,Andrews
1,2,9,0.002265453,0.000550985,207414,54185,414828,Andrews
1,4,0,0.001899958,0.000713825,104188,58254,208376,Andrews
1,4,1,0.001666784,0.000506639,104188,58254,208376,Andrews
1,4,2,0.001670599,0.000508308,104188,58254,208376,Andrews
1,4,3,0.001698494,0.000524521,104188,58254,208376,Andrews
1,4,4,0.001684189,0.000505209,104188,58254,208376,Andrews
1,4,5,0.001693726,0.000528574,104188,58254,208376,Andrews
1,4,6,0.001679897,0.000501871,104188,58254,208376,Andrews
1,4,7,0.001692533,0.000530720,104188,58254,208376,Andrews
1,4,8,0.001696587,0.000534058,104188,58254,208376,Andrews
1,4,9,0.001686811,0.000523567,104188,58254,208376,Andrews
3,4,0,0.001929283,0.000767469,103226,57356,206452,Andrews
3,4,1,0.001749039,0.000582457,103226,57356,206452,Andrews
3,4,2,0.001714945,0.000565290,103226,57356,206452,Andrews
3,4,3,0.001695633,0.000541687,103226,57356,206452,Andrews
3,4,4,0.001699686,0.000552177,103226,57356,206452,Andrews
3,4,5,0.001721382,0.000571012,103226,57356,206452,Andrews
3,4,6,0.001700163,0.000546932,103226,57356,206452,Andrews
3,4,7,0.001693249,0.000537395,103226,57356,206452,Andrews
3,4,8,0.001701117,0.000545502,103226,57356,206452,Andrews
3,4,9,0.001665831,0.000508785,103226,57356,206452,Andrews
0,4,0,0.002037764,0.000882387,101144,56607,202288,Andrews
0,4,1,0.001816750,0.000679493,101144,56607,202288,Andrews
0,4,2,0.001847982,0.000697851,101144,56607,202288,Andrews
0,4,3,0.001834154,0.000680208,101144,56607,202288,Andrews
0,4,4,0.001853466,0.000714064,101144,56607,202288,Andrews
0,4,5,0.001807213,0.000671625,101144,56607,202288,Andrews
0,4,6,0.001826048,0.000686884,101144,56607,202288,Andrews
0,4,7,0.001796961,0.000658989,101144,56607,202288,Andrews
0,4,8,0.001806021,0.000663280,101144,56607,202288,Andrews
0,4,9,0.001802683,0.000667095,101144,56607,202288,Andrews
2,4,0,0.001922131,0.000731230,101519,56581,203038,Andrews
2,4,1,0.001708984,0.000521183,101519,56581,203038,Andrews
2,4,2,0.001703262,0.000514507,101519,56581,203038,Andrews
2,4,3,0.001696110,0.000512600,101519,56581,203038,Andrews
2,4,4,0.001715899,0.000521898,101519,56581,203038,Andrews
2,4,5,0.001780987,0.000528574,101519,56581,203038,Andrews
2,4,6,0.001767635,0.000519037,101519,56581,203038,Andrews
2,4,7,0.001743793,0.000518084,101519,56581,203038,Andrews
2,4,8,0.001703024,0.000514984,101519,56581,203038,Andrews
2,4,9,0.001713753,0.000509262,101519,56581,203038,Andrews
0,8,0,0.001043320,0.000611305,50623,35617,101246,Andrews
0,8,1,0.000963211,0.000531435,50623,35617,101246,Andrews
0,8,2,0.000964880,0.000531673,50623,35617,101246,Andrews
0,8,3,0.000943661,0.000520468,50623,35617,101246,Andrews
0,8,4,0.000974894,0.000550747,50623,35617,101246,Andrews
0,8,5,0.000948668,0.000524998,50623,35617,101246,Andrews
0,8,6,0.000951767,0.000526667,50623,35617,101246,Andrews
0,8,7,0.000953436,0.000520945,50623,35617,101246,Andrews
0,8,8,0.000993013,0.000556469,50623,35617,101246,Andrews
0,8,9,0.000918627,0.000494242,50623,35617,101246,Andrews
4,8,0,0.000921726,0.000502348,50521,35725,101042,Andrews
4,8,1,0.000852585,0.000424147,50521,35725,101042,Andrews
4,8,2,0.000850439,0.000423908,50521,35725,101042,Andrews
4,8,3,0.000847578,0.000425100,50521,35725,101042,Andrews
4,8,4,0.000843048,0.000424623,50521,35725,101042,Andrews
4,8,5,0.000866413,0.000442505,50521,35725,101042,Andrews
4,8,6,0.000869989,0.000442982,50521,35725,101042,Andrews
4,8,7,0.000869989,0.000444412,50521,35725,101042,Andrews
5,8,0,0.001073837,0.000634193,52386,37119,104772,Andrews
5,8,1,0.000925303,0.000467539,52386,37119,104772,Andrews
5,8,2,0.000957489,0.000512123,52386,37119,104772,Andrews
5,8,3,0.000919580,0.000477076,52386,37119,104772,Andrews
5,8,4,0.000927210,0.000476837,52386,37119,104772,Andrews
5,8,5,0.000925064,0.000486374,52386,37119,104772,Andrews
6,8,0,0.001044750,0.000617743,50863,35902,101726,Andrews
6,8,1,0.000933886,0.000502348,50863,35902,101726,Andrews
6,8,2,0.000973701,0.000548363,50863,35902,101726,Andrews
6,8,3,0.000931263,0.000505686,50863,35902,101726,Andrews
6,8,4,0.000950813,0.000527143,50863,35902,101726,Andrews
6,8,5,0.000939846,0.000515461,50863,35902,101726,Andrews
6,8,6,0.000922203,0.000497103,50863,35902,101726,Andrews
6,8,7,0.000929594,0.000503302,50863,35902,101726,Andrews
6,8,8,0.000949621,0.000527143,50863,35902,101726,Andrews
6,8,9,0.000921011,0.000487804,50863,35902,101726,Andrews
4,8,8,0.000837564,0.000414371,50521,35725,101042,Andrews
4,8,9,0.000854969,0.000435591,50521,35725,101042,Andrews
5,8,6,0.000928879,0.000487804,52386,37119,104772,Andrews
5,8,7,0.000933170,0.000488997,52386,37119,104772,Andrews
5,8,8,0.000939131,0.000495911,52386,37119,104772,Andrews
5,8,9,0.000936985,0.000494242,52386,37119,104772,Andrews
1,8,0,0.001142025,0.000658035,51802,36707,103604,Andrews
1,8,1,0.000955343,0.000481129,51802,36707,103604,Andrews
1,8,2,0.000975370,0.000499249,51802,36707,103604,Andrews
1,8,3,0.001177311,0.000697374,51802,36707,103604,Andrews
1,8,4,0.001178980,0.000699043,51802,36707,103604,Andrews
1,8,5,0.000952482,0.000474930,51802,36707,103604,Andrews
1,8,6,0.000976801,0.000490189,51802,36707,103604,Andrews
1,8,7,0.000967026,0.000484705,51802,36707,103604,Andrews
1,8,8,0.000986338,0.000512600,51802,36707,103604,Andrews
1,8,9,0.000972509,0.000500202,51802,36707,103604,Andrews
7,8,0,0.001163244,0.000674963,51719,36647,103438,Andrews
7,8,1,0.000988007,0.000510216,51719,36647,103438,Andrews
7,8,2,0.001004934,0.000528336,51719,36647,103438,Andrews
7,8,3,0.001006126,0.000524759,51719,36647,103438,Andrews
7,8,4,0.001016855,0.000536919,51719,36647,103438,Andrews
7,8,5,0.000987530,0.000510216,51719,36647,103438,Andrews
7,8,6,0.000988483,0.000507355,51719,36647,103438,Andrews
7,8,7,0.000989437,0.000505924,51719,36647,103438,Andrews
7,8,8,0.001007318,0.000533819,51719,36647,103438,Andrews
7,8,9,0.000980616,0.000507832,51719,36647,103438,Andrews
3,8,0,0.001848936,0.000713348,51507,36280,103014,Andrews
3,8,1,0.001629829,0.000503778,51507,36280,103014,Andrews
3,8,2,0.001648664,0.000529528,51507,36280,103014,Andrews
3,8,3,0.001692057,0.000542402,51507,36280,103014,Andrews
3,8,4,0.001029491,0.000543356,51507,36280,103014,Andrews
3,8,5,0.001001120,0.000517130,51507,36280,103014,Andrews
3,8,6,0.000984669,0.000500202,51507,36280,103014,Andrews
3,8,7,0.000972986,0.000493050,51507,36280,103014,Andrews
3,8,8,0.000984669,0.000510693,51507,36280,103014,Andrews
3,8,9,0.000970125,0.000483036,51507,36280,103014,Andrews
2,8,0,0.001102924,0.000611067,50656,35748,101312,Andrews
2,8,1,0.000988722,0.000517368,50656,35748,101312,Andrews
2,8,2,0.001037121,0.000528812,50656,35748,101312,Andrews
2,8,3,0.000965834,0.000481367,50656,35748,101312,Andrews
2,8,4,0.000995874,0.000509024,50656,35748,101312,Andrews
2,8,5,0.000998020,0.000517607,50656,35748,101312,Andrews
2,8,6,0.001047850,0.000542879,50656,35748,101312,Andrews
2,8,7,0.000998020,0.000513554,50656,35748,101312,Andrews
2,8,8,0.001006126,0.000531912,50656,35748,101312,Andrews
2,8,9,0.000999689,0.000516653,50656,35748,101312,Andrews
0,16,0,0.000673056,0.000493765,25418,19812,50836,Andrews
0,16,1,0.000591993,0.000413179,25418,19812,50836,Andrews
12,16,0,0.000620365,0.000441790,25225,19644,50450,Andrews
12,16,1,0.000591040,0.000413418,25225,19644,50450,Andrews
12,16,2,0.000557423,0.000373125,25225,19644,50450,Andrews
12,16,3,0.000559568,0.000375986,25225,19644,50450,Andrews
12,16,4,0.000578880,0.000401974,25225,19644,50450,Andrews
0,16,2,0.000611067,0.000432968,25418,19812,50836,Andrews
0,16,3,0.000654936,0.000465631,25418,19812,50836,Andrews
0,16,4,0.000612020,0.000426769,25418,19812,50836,Andrews
0,16,5,0.000575066,0.000397921,25418,19812,50836,Andrews
0,16,6,0.000640869,0.000462294,25418,19812,50836,Andrews
0,16,7,0.000645876,0.000467539,25418,19812,50836,Andrews
0,16,8,0.000601768,0.000423670,25418,19812,50836,Andrews
10,16,0,0.000593424,0.000414371,25295,19711,50590,Andrews
10,16,1,0.000583887,0.000405550,25295,19711,50590,Andrews
10,16,2,0.000574589,0.000397682,25295,19711,50590,Andrews
10,16,3,0.000583649,0.000405073,25295,19711,50590,Andrews
10,16,4,0.000614405,0.000435829,25295,19711,50590,Andrews
12,16,5,0.000549078,0.000370741,25225,19644,50450,Andrews
12,16,6,0.000588179,0.000410795,25225,19644,50450,Andrews
12,16,7,0.000572920,0.000389338,25225,19644,50450,Andrews
12,16,8,0.000579596,0.000403881,25225,19644,50450,Andrews
12,16,9,0.000588417,0.000412703,25225,19644,50450,Andrews
4,16,0,0.000627995,0.000451803,25296,19731,50592,Andrews
4,16,1,0.000576735,0.000400543,25296,19731,50592,Andrews
4,16,2,0.000574350,0.000397921,25296,19731,50592,Andrews
4,16,3,0.000565052,0.000387192,25296,19731,50592,Andrews
4,16,4,0.000581264,0.000406742,25296,19731,50592,Andrews
11,16,0,0.000651836,0.000469208,25805,20119,51610,Andrews
11,16,1,0.000606060,0.000420570,25805,20119,51610,Andrews
11,16,2,0.000609875,0.000420570,25805,20119,51610,Andrews
11,16,3,0.000624895,0.000442028,25805,20119,51610,Andrews
11,16,4,0.000627756,0.000437975,25805,20119,51610,Andrews
11,16,5,0.000611782,0.000428200,25805,20119,51610,Andrews
11,16,6,0.000617743,0.000428438,25805,20119,51610,Andrews
0,16,9,0.000594378,0.000416279,25418,19812,50836,Andrews
7,16,0,0.000684738,0.000477552,25792,20161,51584,Andrews
7,16,1,0.000579357,0.000380516,25792,20161,51584,Andrews
7,16,2,0.000608921,0.000413179,25792,20161,51584,Andrews
7,16,3,0.000630617,0.000432253,25792,20161,51584,Andrews
7,16,4,0.000570774,0.000372171,25792,20161,51584,Andrews
7,16,5,0.000844717,0.000646353,25792,20161,51584,Andrews
10,16,5,0.000605106,0.000427723,25295,19711,50590,Andrews
10,16,6,0.000622034,0.000437498,25295,19711,50590,Andrews
10,16,7,0.000619411,0.000423908,25295,19711,50590,Andrews
10,16,8,0.000597000,0.000420809,25295,19711,50590,Andrews
10,16,9,0.000580549,0.000402689,25295,19711,50590,Andrews
11,16,7,0.000615120,0.000429869,25805,20119,51610,Andrews
11,16,8,0.000613928,0.000429392,25805,20119,51610,Andrews
11,16,9,0.000596285,0.000412226,25805,20119,51610,Andrews
6,16,0,0.000674963,0.000496149,25361,19736,50722,Andrews
6,16,1,0.000598907,0.000420570,25361,19736,50722,Andrews
6,16,2,0.000652790,0.000474215,25361,19736,50722,Andrews
6,16,3,0.000609398,0.000424623,25361,19736,50722,Andrews
6,16,4,0.000629425,0.000443935,25361,19736,50722,Andrews
6,16,5,0.000562906,0.000378132,25361,19736,50722,Andrews
6,16,6,0.000652790,0.000474215,25361,19736,50722,Andrews
6,16,7,0.000594139,0.000415564,25361,19736,50722,Andrews
6,16,8,0.000605822,0.000427961,25361,19736,50722,Andrews
4,16,5,0.000599861,0.000423193,25296,19731,50592,Andrews
4,16,6,0.000573874,0.000393152,25296,19731,50592,Andrews
4,16,7,0.000582933,0.000402927,25296,19731,50592,Andrews
4,16,8,0.000577927,0.000400543,25296,19731,50592,Andrews
4,16,9,0.000597000,0.000420809,25296,19731,50592,Andrews
5,16,0,0.000654459,0.000469446,26090,20417,52180,Andrews
5,16,1,0.000648737,0.000462532,26090,20417,52180,Andrews
5,16,2,0.000617027,0.000432253,26090,20417,52180,Andrews
5,16,3,0.000650167,0.000465870,26090,20417,52180,Andrews
2,16,0,0.000665665,0.000455856,25361,19701,50722,Andrews
2,16,1,0.000602961,0.000392675,25361,19701,50722,Andrews
2,16,2,0.000627995,0.000424862,25361,19701,50722,Andrews
2,16,3,0.000587702,0.000386000,25361,19701,50722,Andrews
2,16,4,0.000627995,0.000421286,25361,19701,50722,Andrews
2,16,5,0.000615597,0.000413895,25361,19701,50722,Andrews
2,16,6,0.000596285,0.000395298,25361,19701,50722,Andrews
2,16,7,0.000607729,0.000395775,25361,19701,50722,Andrews
2,16,8,0.000622988,0.000415564,25361,19701,50722,Andrews
2,16,9,0.000625610,0.000426292,25361,19701,50722,Andrews
6,16,9,0.000606775,0.000421762,25361,19736,50722,Andrews
5,16,4,0.000674009,0.000488281,26090,20417,52180,Andrews
5,16,5,0.000636101,0.000449657,26090,20417,52180,Andrews
5,16,6,0.000646830,0.000460863,26090,20417,52180,Andrews
3,16,0,0.000686646,0.000486374,25702,20023,51404,Andrews
3,16,1,0.000767708,0.000568628,25702,20023,51404,Andrews
3,16,2,0.000600100,0.000399828,25702,20023,51404,Andrews
3,16,3,0.000651360,0.000446796,25702,20023,51404,Andrews
3,16,4,0.000638962,0.000442266,25702,20023,51404,Andrews
3,16,5,0.000597477,0.000398397,25702,20023,51404,Andrews
3,16,6,0.000632048,0.000434399,25702,20023,51404,Andrews
3,16,7,0.000635147,0.000431061,25702,20023,51404,Andrews
3,16,8,0.000692368,0.000493765,25702,20023,51404,Andrews
3,16,9,0.000589132,0.000389814,25702,20023,51404,Andrews
7,16,6,0.000668764,0.000469923,25792,20161,51584,Andrews
7,16,7,0.000650406,0.000445366,25792,20161,51584,Andrews
7,16,8,0.000573397,0.000374794,25792,20161,51584,Andrews
7,16,9,0.000613689,0.000413418,25792,20161,51584,Andrews
5,16,7,0.000635147,0.000450850,26090,20417,52180,Andrews
5,16,8,0.000653505,0.000468969,26090,20417,52180,Andrews
5,16,9,0.000633478,0.000449181,26090,20417,52180,Andrews
9,16,0,0.000658751,0.000458717,25829,20214,51658,Andrews
9,16,1,0.000670433,0.000460148,25829,20214,51658,Andrews
9,16,2,0.000591755,0.000390530,25829,20214,51658,Andrews
9,16,3,0.000645399,0.000445127,25829,20214,51658,Andrews
9,16,4,0.000646591,0.000440598,25829,20214,51658,Andrews
9,16,5,0.000607014,0.000404119,25829,20214,51658,Andrews
9,16,6,0.000627279,0.000428200,25829,20214,51658,Andrews
9,16,7,0.000627279,0.000427961,25829,20214,51658,Andrews
9,16,8,0.000673532,0.000473976,25829,20214,51658,Andrews
9,16,9,0.000626802,0.000421762,25829,20214,51658,Andrews
8,16,0,0.000643969,0.000434875,25205,19622,50410,Andrews
8,16,1,0.000599861,0.000371218,25205,19622,50410,Andrews
8,16,2,0.000591040,0.000383854,25205,19622,50410,Andrews
8,16,3,0.000584126,0.000367880,25205,19622,50410,Andrews
8,16,4,0.000566006,0.000366211,25205,19622,50410,Andrews
8,16,5,0.000563622,0.000363111,25205,19622,50410,Andrews
8,16,6,0.000573874,0.000374317,25205,19622,50410,Andrews
8,16,7,0.000577450,0.000370502,25205,19622,50410,Andrews
8,16,8,0.000609398,0.000403643,25205,19622,50410,Andrews
8,16,9,0.000587702,0.000387669,25205,19622,50410,Andrews
15,16,0,0.000673056,0.000470877,25927,20263,51854,Andrews
15,16,1,0.000684738,0.000476837,25927,20263,51854,Andrews
15,16,2,0.000629425,0.000431061,25927,20263,51854,Andrews
15,16,3,0.000649214,0.000451803,25927,20263,51854,Andrews
15,16,4,0.000648975,0.000449896,25927,20263,51854,Andrews
15,16,5,0.000619173,0.000415564,25927,20263,51854,Andrews
15,16,6,0.000784636,0.000585794,25927,20263,51854,Andrews
15,16,7,0.000635147,0.000436544,25927,20263,51854,Andrews
15,16,8,0.000656128,0.000450611,25927,20263,51854,Andrews
15,16,9,0.000637054,0.000427246,25927,20263,51854,Andrews
14,16,0,0.000805378,0.000603437,25502,19882,51004,Andrews
14,16,1,0.000598431,0.000388145,25502,19882,51004,Andrews
14,16,2,0.000784636,0.000579596,25502,19882,51004,Andrews
14,16,3,0.000598669,0.000399351,25502,19882,51004,Andrews
14,16,4,0.000632763,0.000418663,25502,19882,51004,Andrews
14,16,5,0.000638485,0.000427008,25502,19882,51004,Andrews
14,16,6,0.000578403,0.000378847,25502,19882,51004,Andrews
14,16,7,0.000591993,0.000384092,25502,19882,51004,Andrews
14,16,8,0.000600338,0.000391006,25502,19882,51004,Andrews
14,16,9,0.000616074,0.000416756,25502,19882,51004,Andrews
1,16,0,0.000707388,0.000497341,25973,20247,51946,Andrews
1,16,1,0.000592709,0.000390291,25973,20247,51946,Andrews
13,16,0,0.000887871,0.000680447,26296,20631,52592,Andrews
13,16,1,0.000596285,0.000387907,26296,20631,52592,Andrews
13,16,2,0.000850916,0.000641346,26296,20631,52592,Andrews
13,16,3,0.000831842,0.000621557,26296,20631,52592,Andrews
13,16,4,0.000591278,0.000381231,26296,20631,52592,Andrews
13,16,5,0.000635624,0.000427246,26296,20631,52592,Andrews
1,16,2,0.000844002,0.000645161,25973,20247,51946,Andrews
1,16,3,0.000599861,0.000397205,25973,20247,51946,Andrews
1,16,4,0.000596762,0.000396967,25973,20247,51946,Andrews
1,16,5,0.000643015,0.000440836,25973,20247,51946,Andrews
1,16,6,0.000847578,0.000644445,25973,20247,51946,Andrews
13,16,6,0.000601530,0.000385761,26296,20631,52592,Andrews
13,16,7,0.000848055,0.000639677,26296,20631,52592,Andrews
13,16,8,0.000571251,0.000363350,26296,20631,52592,Andrews
13,16,9,0.000841618,0.000634193,26296,20631,52592,Andrews
1,16,7,0.000846624,0.000643015,25973,20247,51946,Andrews
1,16,8,0.000598431,0.000390768,25973,20247,51946,Andrews
1,16,9,0.000837088,0.000636816,25973,20247,51946,Andrews
6,32,0,0.000553846,0.000464439,12755,10404,25510,Andrews
24,32,0,0.000545979,0.000458479,12576,10213,25152,Andrews
24,32,1,0.000503778,0.000415564,12576,10213,25152,Andrews
24,32,2,0.000486612,0.000398636,12576,10213,25152,Andrews
24,32,3,0.000494003,0.000406265,12576,10213,25152,Andrews
24,32,4,0.000522137,0.000435829,12576,10213,25152,Andrews
0,32,0,0.000548363,0.000460625,12681,10367,25362,Andrews
0,32,1,0.000535488,0.000448704,12681,10367,25362,Andrews
0,32,2,0.000508308,0.000421762,12681,10367,25362,Andrews
0,32,3,0.000526667,0.000441313,12681,10367,25362,Andrews
0,32,4,0.000504971,0.000418186,12681,10367,25362,Andrews
0,32,5,0.000527859,0.000441790,12681,10367,25362,Andrews
0,32,6,0.000507832,0.000422239,12681,10367,25362,Andrews
6,32,1,0.000497580,0.000409842,12755,10404,25510,Andrews
6,32,2,0.000469923,0.000382185,12755,10404,25510,Andrews
6,32,3,0.000489473,0.000402212,12755,10404,25510,Andrews
6,32,4,0.000509501,0.000421047,12755,10404,25510,Andrews
6,32,5,0.000490189,0.000401974,12755,10404,25510,Andrews
6,32,6,0.000490189,0.000400782,12755,10404,25510,Andrews
6,32,7,0.000504255,0.000409603,12755,10404,25510,Andrews
6,32,8,0.000492811,0.000405550,12755,10404,25510,Andrews
6,32,9,0.000476599,0.000388861,12755,10404,25510,Andrews
18,32,0,0.000535488,0.000453472,12733,10394,25466,Andrews
18,32,1,0.000504732,0.000423193,12733,10394,25466,Andrews
18,32,2,0.000468254,0.000388622,12733,10394,25466,Andrews
18,32,3,0.000483274,0.000403881,12733,10394,25466,Andrews
18,32,4,0.000694990,0.000615120,12733,10394,25466,Andrews
18,32,5,0.000508785,0.000429153,12733,10394,25466,Andrews
18,32,6,0.000689507,0.000610828,12733,10394,25466,Andrews
24,32,5,0.000505209,0.000418901,12576,10213,25152,Andrews
24,32,6,0.000499964,0.000413895,12576,10213,25152,Andrews
24,32,7,0.000517368,0.000423670,12576,10213,25152,Andrews
24,32,8,0.000488281,0.000399351,12576,10213,25152,Andrews
24,32,9,0.000468254,0.000381708,12576,10213,25152,Andrews
0,32,7,0.000489473,0.000396252,12681,10367,25362,Andrews
0,32,8,0.000493050,0.000404596,12681,10367,25362,Andrews
0,32,9,0.000487566,0.000401974,12681,10367,25362,Andrews
12,32,0,0.000530005,0.000443697,12520,10190,25040,Andrews
12,32,1,0.000494719,0.000409126,12520,10190,25040,Andrews
12,32,2,0.000456095,0.000370502,12520,10190,25040,Andrews
12,32,3,0.000473976,0.000388622,12520,10190,25040,Andrews
12,32,4,0.000492096,0.000406504,12520,10190,25040,Andrews
12,32,5,0.000484705,0.000398874,12520,10190,25040,Andrews
12,32,6,0.000502825,0.000418663,12520,10190,25040,Andrews
12,32,7,0.000514030,0.000422478,12520,10190,25040,Andrews
12,32,8,0.000478983,0.000390053,12520,10190,25040,Andrews
12,32,9,0.000491858,0.000406742,12520,10190,25040,Andrews
18,32,7,0.000505924,0.000420332,12733,10394,25466,Andrews
18,32,8,0.000517368,0.000437975,12733,10394,25466,Andrews
18,32,9,0.000488281,0.000409126,12733,10394,25466,Andrews
5,32,0,0.000491142,0.000396490,12980,10629,25960,Andrews
5,32,1,0.000754356,0.000665903,12980,10629,25960,Andrews
5,32,2,0.000569105,0.000481129,12980,10629,25960,Andrews
5,32,3,0.000763893,0.000675440,12980,10629,25960,Andrews
5,32,4,0.000525475,0.000422478,12980,10629,25960,Andrews
5,32,5,0.000535488,0.000437737,12980,10629,25960,Andrews
7,32,0,0.000527620,0.000434160,12849,10485,25698,Andrews
7,32,1,0.000553370,0.000463486,12849,10485,25698,Andrews
7,32,2,0.000544786,0.000454426,12849,10485,25698,Andrews
7,32,3,0.000499010,0.000408173,12849,10485,25698,Andrews
7,32,4,0.000563383,0.000474930,12849,10485,25698,Andrews
7,32,5,0.000730276,0.000640869,12849,10485,25698,Andrews
7,32,6,0.000707150,0.000617981,12849,10485,25698,Andrews
7,32,7,0.000564814,0.000476122,12849,10485,25698,Andrews
7,32,8,0.000733852,0.000645399,12849,10485,25698,Andrews
7,32,9,0.000548840,0.000460148,12849,10485,25698,Andrews
30,32,0,0.000586033,0.000497580,12832,10493,25664,Andrews
30,32,1,0.000580549,0.000492811,12832,10493,25664,Andrews
5,32,6,0.000510454,0.000414371,12980,10629,25960,Andrews
5,32,7,0.000553846,0.000464439,12980,10629,25960,Andrews
5,32,8,0.000773191,0.000683546,12980,10629,25960,Andrews
5,32,9,0.000557661,0.000469208,12980,10629,25960,Andrews
13,32,0,0.000532150,0.000438452,12969,10626,25938,Andrews
13,32,1,0.000698566,0.000607967,12969,10626,25938,Andrews
13,32,2,0.000729322,0.000639915,12969,10626,25938,Andrews
13,32,3,0.000511885,0.000422955,12969,10626,25938,Andrews
13,32,4,0.000745773,0.000657082,12969,10626,25938,Andrews
13,32,5,0.000535488,0.000445843,12969,10626,25938,Andrews
13,32,6,0.000512123,0.000423908,12969,10626,25938,Andrews
13,32,7,0.000714064,0.000625134,12969,10626,25938,Andrews
13,32,8,0.000715733,0.000626802,12969,10626,25938,Andrews
13,32,9,0.000549316,0.000460863,12969,10626,25938,Andrews
30,32,2,0.000571012,0.000477552,12832,10493,25664,Andrews
30,32,3,0.000564098,0.000478029,12832,10493,25664,Andrews
30,32,4,0.000590086,0.000503302,12832,10493,25664,Andrews
28,32,0,0.000600100,0.000516415,12705,10371,25410,Andrews
28,32,1,0.000549793,0.000469446,12705,10371,25410,Andrews
28,32,2,0.000564337,0.000484943,12705,10371,25410,Andrews
28,32,3,0.000549316,0.000469923,12705,10371,25410,Andrews
28,32,4,0.000530720,0.000445843,12705,10371,25410,Andrews
28,32,5,0.000547409,0.000467539,12705,10371,25410,Andrews
28,32,6,0.000550032,0.000470638,12705,10371,25410,Andrews
28,32,7,0.000553370,0.000473976,12705,10371,25410,Andrews
28,32,8,0.000548363,0.000468969,12705,10371,25410,Andrews
11,32,0,0.000726938,0.000634670,12953,10594,25906,Andrews
11,32,1,0.000746250,0.000656128,12953,10594,25906,Andrews
11,32,2,0.000754833,0.000663757,12953,10594,25906,Andrews
11,32,3,0.000777960,0.000688791,12953,10594,25906,Andrews
11,32,4,0.000561476,0.000463724,12953,10594,25906,Andrews
11,32,5,0.000762939,0.000670195,12953,10594,25906,Andrews
11,32,6,0.000745535,0.000651360,12953,10594,25906,Andrews
11,32,7,0.000740051,0.000650406,12953,10594,25906,Andrews
11,32,8,0.000746727,0.000656366,12953,10594,25906,Andrews
11,32,9,0.000569344,0.000473738,12953,10594,25906,Andrews
15,32,0,0.000666618,0.000542402,12942,10569,25884,Andrews
15,32,1,0.000712156,0.000580549,12942,10569,25884,Andrews
15,32,2,0.000666380,0.000542641,12942,10569,25884,Andrews
15,32,3,0.000724316,0.000602722,12942,10569,25884,Andrews
15,32,4,0.000534296,0.000411749,12942,10569,25884,Andrews
15,32,5,0.000567913,0.000442028,12942,10569,25884,Andrews
15,32,6,0.000720024,0.000590563,12942,10569,25884,Andrews
15,32,7,0.000658751,0.000538349,12942,10569,25884,Andrews
15,32,8,0.000665665,0.000543833,12942,10569,25884,Andrews
15,32,9,0.000633478,0.000545502,12942,10569,25884,Andrews
20,32,0,0.000709772,0.000577688,12724,10396,25448,Andrews
20,32,1,0.000544548,0.000414610,12724,10396,25448,Andrews
20,32,2,0.000700474,0.000570774,12724,10396,25448,Andrews
20,32,3,0.000724077,0.000594616,12724,10396,25448,Andrews
20,32,4,0.000712633,0.000584841,12724,10396,25448,Andrews
20,32,5,0.000672817,0.000544071,12724,10396,25448,Andrews
20,32,6,0.000709295,0.000571489,12724,10396,25448,Andrews
20,32,7,0.000672579,0.000577927,12724,10396,25448,Andrews
25,32,0,0.000530481,0.000436783,12929,10609,25858,Andrews
25,32,1,0.000506639,0.000417233,12929,10609,25858,Andrews
30,32,5,0.000572920,0.000486135,12832,10493,25664,Andrews
30,32,6,0.000562668,0.000476122,12832,10493,25664,Andrews
30,32,7,0.000573635,0.000486851,12832,10493,25664,Andrews
30,32,8,0.000550270,0.000463247,12832,10493,25664,Andrews
22,32,0,0.000608206,0.000527382,12606,10279,25212,Andrews
22,32,1,0.000715017,0.000634670,12606,10279,25212,Andrews
22,32,2,0.000703335,0.000623226,12606,10279,25212,Andrews
22,32,3,0.000582218,0.000501871,12606,10279,25212,Andrews
22,32,4,0.000572205,0.000489950,12606,10279,25212,Andrews
22,32,5,0.000563860,0.000484705,12606,10279,25212,Andrews
22,32,6,0.000719070,0.000640154,12606,10279,25212,Andrews
22,32,7,0.000562906,0.000483751,12606,10279,25212,Andrews
22,32,8,0.000565052,0.000486135,12606,10279,25212,Andrews
22,32,9,0.000579119,0.000499487,12606,10279,25212,Andrews
27,32,0,0.000710487,0.000580072,12852,10503,25704,Andrews
27,32,1,0.000756502,0.000624418,12852,10503,25704,Andrews
27,32,2,0.000730991,0.000603914,12852,10503,25704,Andrews
27,32,3,0.000766039,0.000643969,12852,10503,25704,Andrews
27,32,4,0.000691652,0.000569820,12852,10503,25704,Andrews
27,32,5,0.000652075,0.000530720,12852,10503,25704,Andrews
27,32,6,0.000741243,0.000621557,12852,10503,25704,Andrews
27,32,7,0.000565290,0.000439882,12852,10503,25704,Andrews
27,32,8,0.000711203,0.000585079,12852,10503,25704,Andrews
27,32,9,0.000653744,0.000565767,12852,10503,25704,Andrews
14,32,0,0.000669718,0.000576496,12670,10331,25340,Andrews
25,32,2,0.000753164,0.000664473,12929,10609,25858,Andrews
25,32,3,0.000710726,0.000618696,12929,10609,25858,Andrews
25,32,4,0.000596285,0.000508308,12929,10609,25858,Andrews
30,32,9,0.000553370,0.000466585,12832,10493,25664,Andrews
28,32,9,0.000575781,0.000495672,12705,10371,25410,Andrews
17,32,0,0.000501871,0.000398159,13019,10627,26038,Andrews
3,32,0,0.000675678,0.000583410,12823,10482,25646,Andrews
3,32,1,0.000678301,0.000580788,12823,10482,25646,Andrews
3,32,2,0.000659943,0.000564814,12823,10482,25646,Andrews
3,32,3,0.000639439,0.000539541,12823,10482,25646,Andrews
20,32,8,0.000677824,0.000583649,12724,10396,25448,Andrews
20,32,9,0.000608683,0.000514746,12724,10396,25448,Andrews
25,32,5,0.000726700,0.000639200,12929,10609,25858,Andrews
25,32,6,0.000694990,0.000607014,12929,10609,25858,Andrews
25,32,7,0.000703573,0.000617027,12929,10609,25858,Andrews
10,32,0,0.000595808,0.000511408,12701,10351,25402,Andrews
10,32,1,0.000721693,0.000642538,12701,10351,25402,Andrews
10,32,2,0.000709772,0.000630379,12701,10351,25402,Andrews
23,32,0,0.000504017,0.000411034,12943,10619,25886,Andrews
23,32,1,0.000585794,0.000496864,12943,10619,25886,Andrews
23,32,2,0.000594378,0.000500679,12943,10619,25886,Andrews
23,32,3,0.000568867,0.000479698,12943,10619,25886,Andrews
3,32,4,0.000622511,0.000531673,12823,10482,25646,Andrews
3,32,5,0.000647068,0.000555038,12823,10482,25646,Andrews
3,32,6,0.000698328,0.000600338,12823,10482,25646,Andrews
3,32,7,0.000697851,0.000604153,12823,10482,25646,Andrews
3,32,8,0.000688791,0.000597477,12823,10482,25646,Andrews
3,32,9,0.000677109,0.000583887,12823,10482,25646,Andrews
26,32,0,0.000711679,0.000591516,12594,10236,25188,Andrews
26,32,1,0.000683546,0.000563145,12594,10236,25188,Andrews
26,32,2,0.000664234,0.000545263,12594,10236,25188,Andrews
26,32,3,0.000675440,0.000555277,12594,10236,25188,Andrews
26,32,4,0.000657320,0.000538349,12594,10236,25188,Andrews
26,32,5,0.000662327,0.000543594,12594,10236,25188,Andrews
26,32,6,0.000684738,0.000566244,12594,10236,25188,Andrews
26,32,7,0.000713348,0.000595093,12594,10236,25188,Andrews
26,32,8,0.000685930,0.000563145,12594,10236,25188,Andrews
26,32,9,0.000624895,0.000532389,12594,10236,25188,Andrews
25,32,8,0.000511646,0.000423908,12929,10609,25858,Andrews
25,32,9,0.000599861,0.000511646,12929,10609,25858,Andrews
4,32,0,0.000546932,0.000466824,12572,10228,25144,Andrews
4,32,1,0.000528574,0.000448942,12572,10228,25144,Andrews
17,32,1,0.000522375,0.000416517,13019,10627,26038,Andrews
17,32,2,0.000751972,0.000661373,13019,10627,26038,Andrews
17,32,3,0.000756741,0.000666380,13019,10627,26038,Andrews
17,32,4,0.000738144,0.000643253,13019,10627,26038,Andrews
21,32,0,0.000558376,0.000422478,13110,10721,26220,Andrews
21,32,1,0.000728130,0.000597239,13110,10721,26220,Andrews
21,32,2,0.000684023,0.000559330,13110,10721,26220,Andrews
21,32,3,0.000744820,0.000621080,13110,10721,26220,Andrews
21,32,4,0.000517130,0.000392675,13110,10721,26220,Andrews
2,32,0,0.000630617,0.000526190,12628,10275,25256,Andrews
2,32,1,0.000682592,0.000586987,12628,10275,25256,Andrews
2,32,2,0.000662565,0.000567913,12628,10275,25256,Andrews
2,32,3,0.000672102,0.000577211,12628,10275,25256,Andrews
2,32,4,0.000671864,0.000576735,12628,10275,25256,Andrews
2,32,5,0.000667572,0.000572205,12628,10275,25256,Andrews
1,32,0,0.000734091,0.000633240,12954,10608,25908,Andrews
1,32,1,0.000523567,0.000433207,12954,10608,25908,Andrews
1,32,2,0.000571966,0.000482559,12954,10608,25908,Andrews
10,32,3,0.000566006,0.000486851,12701,10351,25402,Andrews
10,32,4,0.000563383,0.000485420,12701,10351,25402,Andrews
10,32,5,0.000520706,0.000442028,12701,10351,25402,Andrews
10,32,6,0.000715733,0.000637054,12701,10351,25402,Andrews
10,32,7,0.000551224,0.000473022,12701,10351,25402,Andrews
10,32,8,0.000712395,0.000633478,12701,10351,25402,Andrews
23,32,4,0.000518322,0.000409603,12943,10619,25886,Andrews
23,32,5,0.000520945,0.000413656,12943,10619,25886,Andrews
23,32,6,0.000757456,0.000667334,12943,10619,25886,Andrews
23,32,7,0.000761032,0.000673056,12943,10619,25886,Andrews
23,32,8,0.000772476,0.000681877,12943,10619,25886,Andrews
23,32,9,0.000741959,0.000653505,12943,10619,25886,Andrews
9,32,0,0.000651121,0.000541687,12900,10561,25800,Andrews
8,32,0,0.000648260,0.000546932,12629,10321,25258,Andrews
8,32,1,0.000640869,0.000546694,12629,10321,25258,Andrews
8,32,2,0.000576973,0.000483036,12629,10321,25258,Andrews
8,32,3,0.000649452,0.000555754,12629,10321,25258,Andrews
8,32,4,0.000645876,0.000552654,12629,10321,25258,Andrews
8,32,5,0.000658035,0.000566006,12629,10321,25258,Andrews
8,32,6,0.000675201,0.000581741,12629,10321,25258,Andrews
8,32,7,0.000672102,0.000576258,12629,10321,25258,Andrews
8,32,8,0.000674248,0.000581264,12629,10321,25258,Andrews
8,32,9,0.000666857,0.000572920,12629,10321,25258,Andrews
19,32,0,0.000540495,0.000444651,12879,10516,25758,Andrews
19,32,1,0.000699520,0.000607967,12879,10516,25758,Andrews
19,32,2,0.000534773,0.000444412,12879,10516,25758,Andrews
19,32,3,0.000548363,0.000457764,12879,10516,25758,Andrews
19,32,4,0.000538349,0.000450134,12879,10516,25758,Andrews
16,32,0,0.000584841,0.000502110,12737,10418,25474,Andrews
16,32,1,0.000713587,0.000633717,12737,10418,25474,Andrews
16,32,2,0.000705957,0.000626326,12737,10418,25474,Andrews
16,32,3,0.000570059,0.000488281,12737,10418,25474,Andrews
16,32,4,0.000572681,0.000494480,12737,10418,25474,Andrews
16,32,5,0.000547171,0.000468016,12737,10418,25474,Andrews
17,32,5,0.000554800,0.000464201,13019,10627,26038,Andrews
17,32,6,0.000739098,0.000649929,13019,10627,26038,Andrews
17,32,7,0.000583410,0.000491381,13019,10627,26038,Andrews
21,32,5,0.000716925,0.000592470,13110,10721,26220,Andrews
21,32,6,0.000726223,0.000594616,13110,10721,26220,Andrews
21,32,7,0.000739574,0.000616550,13110,10721,26220,Andrews
21,32,8,0.000604630,0.000481844,13110,10721,26220,Andrews
21,32,9,0.000691175,0.000601292,13110,10721,26220,Andrews
14,32,1,0.000592470,0.000502586,12670,10331,25340,Andrews
14,32,2,0.000657797,0.000565290,12670,10331,25340,Andrews
14,32,3,0.000665665,0.000570536,12670,10331,25340,Andrews
14,32,4,0.000652552,0.000551462,12670,10331,25340,Andrews
14,32,5,0.000630617,0.000542402,12670,10331,25340,Andrews
14,32,6,0.000526428,0.000438452,12670,10331,25340,Andrews
14,32,7,0.000681877,0.000590324,12670,10331,25340,Andrews
14,32,8,0.000657320,0.000567436,12670,10331,25340,Andrews
14,32,9,0.000663757,0.000572920,12670,10331,25340,Andrews
1,32,3,0.000506878,0.000417709,12954,10608,25908,Andrews
1,32,4,0.000747919,0.000656843,12954,10608,25908,Andrews
1,32,5,0.000529289,0.000440836,12954,10608,25908,Andrews
1,32,6,0.000539780,0.000447750,12954,10608,25908,Andrews
1,32,7,0.000566483,0.000478506,12954,10608,25908,Andrews
1,32,8,0.000564814,0.000476122,12954,10608,25908,Andrews
1,32,9,0.000725985,0.000637054,12954,10608,25908,Andrews
4,32,2,0.000711918,0.000629663,12572,10228,25144,Andrews
4,32,3,0.000531197,0.000453711,12572,10228,25144,Andrews
4,32,4,0.000556469,0.000477791,12572,10228,25144,Andrews
4,32,5,0.000502825,0.000424385,12572,10228,25144,Andrews
4,32,6,0.000552416,0.000475645,12572,10228,25144,Andrews
4,32,7,0.000557184,0.000478983,12572,10228,25144,Andrews
4,32,8,0.000533342,0.000451565,12572,10228,25144,Andrews
4,32,9,0.000723362,0.000633478,12572,10228,25144,Andrews
17,32,8,0.000746250,0.000656843,13019,10627,26038,Andrews
17,32,9,0.000740528,0.000650406,13019,10627,26038,Andrews
9,32,1,0.000619173,0.000514030,12900,10561,25800,Andrews
9,32,2,0.000664234,0.000559807,12900,10561,25800,Andrews
9,32,3,0.000724554,0.000620127,12900,10561,25800,Andrews
9,32,4,0.000572681,0.000468254,12900,10561,25800,Andrews
9,32,5,0.000693083,0.000589848,12900,10561,25800,Andrews
9,32,6,0.000694036,0.000580311,12900,10561,25800,Andrews
9,32,7,0.000703096,0.000598907,12900,10561,25800,Andrews
9,32,8,0.000644922,0.000541210,12900,10561,25800,Andrews
9,32,9,0.000705481,0.000602007,12900,10561,25800,Andrews
2,32,6,0.000667334,0.000572920,12628,10275,25256,Andrews
2,32,7,0.000671148,0.000573397,12628,10275,25256,Andrews
2,32,8,0.000685930,0.000592232,12628,10275,25256,Andrews
2,32,9,0.000688553,0.000593662,12628,10275,25256,Andrews
19,32,5,0.000725746,0.000636816,12879,10516,25758,Andrews
19,32,6,0.000696421,0.000607014,12879,10516,25758,Andrews
19,32,7,0.000701666,0.000613213,12879,10516,25758,Andrews
19,32,8,0.000714064,0.000625372,12879,10516,25758,Andrews
19,32,9,0.000729322,0.000640154,12879,10516,25758,Andrews
10,32,9,0.000712156,0.000634670,12701,10351,25402,Andrews
29,32,0,0.000494719,0.000404119,13327,11007,26654,Andrews
31,32,0,0.000726461,0.000626326,12985,10662,25970,Andrews
31,32,1,0.000549316,0.000457525,12985,10662,25970,Andrews
31,32,2,0.000730515,0.000636578,12985,10662,25970,Andrews
31,32,3,0.000517368,0.000426054,12985,10662,25970,Andrews
31,32,4,0.000564814,0.000473499,12985,10662,25970,Andrews
31,32,5,0.000729561,0.000635386,12985,10662,25970,Andrews
31,32,6,0.000699997,0.000606537,12985,10662,25970,Andrews
31,32,7,0.000569344,0.000478268,12985,10662,25970,Andrews
31,32,8,0.000514030,0.000423431,12985,10662,25970,Andrews
31,32,9,0.000722408,0.000631809,12985,10662,25970,Andrews
16,32,6,0.000565529,0.000484467,12737,10418,25474,Andrews
16,32,7,0.000548840,0.000469685,12737,10418,25474,Andrews
16,32,8,0.000716686,0.000632524,12737,10418,25474,Andrews
16,32,9,0.000723600,0.000633001,12737,10418,25474,Andrews
29,32,1,0.000756502,0.000666857,13327,11007,26654,Andrews
29,32,2,0.000571251,0.000481844,13327,11007,26654,Andrews
29,32,3,0.000757456,0.000668049,13327,11007,26654,Andrews
29,32,4,0.000734091,0.000644922,13327,11007,26654,Andrews
29,32,5,0.000757456,0.000668049,13327,11007,26654,Andrews
29,32,6,0.000761747,0.000672817,13327,11007,26654,Andrews
29,32,7,0.000766039,0.000676870,13327,11007,26654,Andrews
29,32,8,0.000746012,0.000657320,13327,11007,26654,Andrews
29,32,9,0.000759602,0.000671387,13327,11007,26654,Andrews
12,64,0,0.000576973,0.000536919,6127,5076,12254,Andrews
12,64,1,0.000575781,0.000536680,6127,5076,12254,Andrews
12,64,2,0.000579357,0.000541210,6127,5076,12254,Andrews
12,64,3,0.000630140,0.000591993,6127,5076,12254,Andrews
12,64,4,0.000585794,0.000547409,6127,5076,12254,Andrews
24,64,0,0.000585318,0.000543118,6384,5333,12768,Andrews
24,64,1,0.000563383,0.000522852,6384,5333,12768,Andrews
24,64,2,0.000576973,0.000537157,6384,5333,12768,Andrews
24,64,3,0.000627756,0.000587463,6384,5333,12768,Andrews
24,64,4,0.000596762,0.000556946,6384,5333,12768,Andrews
24,64,5,0.000566244,0.000526667,6384,5333,12768,Andrews
24,64,6,0.000590801,0.000551224,6384,5333,12768,Andrews
24,64,7,0.000589132,0.000549793,6384,5333,12768,Andrews
24,64,8,0.000578403,0.000539303,6384,5333,12768,Andrews
24,64,9,0.000575542,0.000536680,6384,5333,12768,Andrews
6,64,0,0.000603199,0.000560045,6376,5302,12752,Andrews
11,64,0,0.000600576,0.000556469,6503,5456,13006,Andrews
11,64,1,0.000593424,0.000551462,6503,5456,13006,Andrews
11,64,2,0.000609875,0.000568628,6503,5456,13006,Andrews
11,64,3,0.000607252,0.000566244,6503,5456,13006,Andrews
11,64,4,0.000614643,0.000573874,6503,5456,13006,Andrews
11,64,5,0.000581503,0.000540733,6503,5456,13006,Andrews
11,64,6,0.000599384,0.000558376,6503,5456,13006,Andrews
12,64,5,0.000577688,0.000540257,6127,5076,12254,Andrews
12,64,6,0.000586033,0.000548124,6127,5076,12254,Andrews
12,64,7,0.000568390,0.000531197,6127,5076,12254,Andrews
12,64,8,0.000571966,0.000534058,6127,5076,12254,Andrews
12,64,9,0.000580072,0.000542641,6127,5076,12254,Andrews
22,64,0,0.000578403,0.000536919,6284,5239,12568,Andrews
22,64,1,0.000592232,0.000553846,6284,5239,12568,Andrews
22,64,2,0.000566483,0.000528336,6284,5239,12568,Andrews
22,64,3,0.000572920,0.000535250,6284,5239,12568,Andrews
22,64,4,0.000590801,0.000552893,6284,5239,12568,Andrews
22,64,5,0.000594854,0.000557184,6284,5239,12568,Andrews
22,64,6,0.000606060,0.000568390,6284,5239,12568,Andrews
22,64,7,0.000569105,0.000532150,6284,5239,12568,Andrews
22,64,8,0.000598907,0.000561476,6284,5239,12568,Andrews
22,64,9,0.000534534,0.000497341,6284,5239,12568,Andrews
23,64,0,0.000606537,0.000562668,6504,5452,13008,Andrews
23,64,1,0.000580072,0.000535488,6504,5452,13008,Andrews
23,64,2,0.000587702,0.000545979,6504,5452,13008,Andrews
23,64,3,0.000660181,0.000618458,6504,5452,13008,Andrews
23,64,4,0.000595331,0.000554085,6504,5452,13008,Andrews
23,64,5,0.000582695,0.000541925,6504,5452,13008,Andrews
23,64,6,0.000589132,0.000547886,6504,5452,13008,Andrews
23,64,7,0.000580788,0.000540257,6504,5452,13008,Andrews
23,64,8,0.000593185,0.000551939,6504,5452,13008,Andrews
23,64,9,0.000603914,0.000561476,6504,5452,13008,Andrews
19,64,0,0.000600100,0.000555992,6488,5422,12976,Andrews
19,64,1,0.000577927,0.000532627,6488,5422,12976,Andrews
19,64,2,0.000579119,0.000537395,6488,5422,12976,Andrews
19,64,3,0.000653744,0.000612259,6488,5422,12976,Andrews
18,64,0,0.000607252,0.000565529,6424,5361,12848,Andrews
18,64,1,0.000583887,0.000543118,6424,5361,12848,Andrews
18,64,2,0.000582933,0.000543356,6424,5361,12848,Andrews
18,64,3,0.000654936,0.000614405,6424,5361,12848,Andrews
18,64,4,0.000586510,0.000546932,6424,5361,12848,Andrews
18,64,5,0.000580072,0.000540018,6424,5361,12848,Andrews
18,64,6,0.000585794,0.000546694,6424,5361,12848,Andrews
18,64,7,0.000598669,0.000559092,6424,5361,12848,Andrews
18,64,8,0.000578880,0.000539064,6424,5361,12848,Andrews
18,64,9,0.000591040,0.000551939,6424,5361,12848,Andrews
28,64,0,0.000565290,0.000524044,6413,5340,12826,Andrews
28,64,1,0.000591993,0.000552654,6413,5340,12826,Andrews
28,64,2,0.000534534,0.000494242,6413,5340,12826,Andrews
28,64,3,0.000620604,0.000581741,6413,5340,12826,Andrews
28,64,4,0.000541210,0.000502586,6413,5340,12826,Andrews
28,64,5,0.000573158,0.000528336,6413,5340,12826,Andrews
28,64,6,0.000581741,0.000543118,6413,5340,12826,Andrews
28,64,7,0.000561476,0.000523090,6413,5340,12826,Andrews
28,64,8,0.000563622,0.000524759,6413,5340,12826,Andrews
28,64,9,0.000542641,0.000503302,6413,5340,12826,Andrews
35,64,0,0.000616312,0.000573158,6377,5318,12754,Andrews
35,64,1,0.000609398,0.000566959,6377,5318,12754,Andrews
35,64,2,0.000590801,0.000546694,6377,5318,12754,Andrews
35,64,3,0.000682592,0.000640869,6377,5318,12754,Andrews
35,64,4,0.000604630,0.000563860,6377,5318,12754,Andrews
35,64,5,0.000608444,0.000567198,6377,5318,12754,Andrews
35,64,6,0.000633001,0.000591755,6377,5318,12754,Andrews
35,64,7,0.000583410,0.000541687,6377,5318,12754,Andrews
35,64,8,0.000595093,0.000554562,6377,5318,12754,Andrews
35,64,9,0.000593901,0.000553608,6377,5318,12754,Andrews
25,64,0,0.000615358,0.000572205,6405,5352,12810,Andrews
25,64,1,0.000570297,0.000524521,6405,5352,12810,Andrews
25,64,2,0.000578642,0.000536919,6405,5352,12810,Andrews
25,64,3,0.000648022,0.000606775,6405,5352,12810,Andrews
25,64,4,0.000570536,0.000527143,6405,5352,12810,Andrews
25,64,5,0.000573158,0.000529766,6405,5352,12810,Andrews
25,64,6,0.000576258,0.000532866,6405,5352,12810,Andrews
25,64,7,0.000600338,0.000560045,6405,5352,12810,Andrews
25,64,8,0.000571489,0.000530720,6405,5352,12810,Andrews
25,64,9,0.000585794,0.000542641,6405,5352,12810,Andrews
8,64,0,0.000586748,0.000516415,6278,5232,12556,Andrews
8,64,1,0.000568390,0.000507832,6278,5232,12556,Andrews
8,64,2,0.000599146,0.000539303,6278,5232,12556,Andrews
8,64,3,0.000587940,0.000528097,6278,5232,12556,Andrews
8,64,4,0.000620365,0.000561237,6278,5232,12556,Andrews
8,64,5,0.000602961,0.000545263,6278,5232,12556,Andrews
8,64,6,0.000578642,0.000511169,6278,5232,12556,Andrews
8,64,7,0.000562906,0.000505447,6278,5232,12556,Andrews
8,64,8,0.000590563,0.000532389,6278,5232,12556,Andrews
8,64,9,0.000581264,0.000539064,6278,5232,12556,Andrews
30,64,0,0.000584602,0.000541925,6517,5461,13034,Andrews
30,64,1,0.000578403,0.000537872,6517,5461,13034,Andrews
30,64,2,0.000560522,0.000520468,6517,5461,13034,Andrews
30,64,3,0.000573874,0.000534534,6517,5461,13034,Andrews
30,64,4,0.000591993,0.000552893,6517,5461,13034,Andrews
30,64,5,0.000559568,0.000519753,6517,5461,13034,Andrews
30,64,6,0.000574350,0.000535011,6517,5461,13034,Andrews
30,64,7,0.000595570,0.000555515,6517,5461,13034,Andrews
34,64,0,0.000568151,0.000527859,6235,5180,12470,Andrews
34,64,1,0.000595331,0.000555992,6235,5180,12470,Andrews
34,64,2,0.000544786,0.000505924,6235,5180,12470,Andrews
34,64,3,0.000608206,0.000569344,6235,5180,12470,Andrews
34,64,4,0.000572920,0.000534296,6235,5180,12470,Andrews
34,64,5,0.000608921,0.000570297,6235,5180,12470,Andrews
34,64,6,0.000636816,0.000598192,6235,5180,12470,Andrews
34,64,7,0.000578403,0.000540257,6235,5180,12470,Andrews
34,64,8,0.000585794,0.000547647,6235,5180,12470,Andrews
34,64,9,0.000532627,0.000494480,6235,5180,12470,Andrews
5,64,0,0.000644922,0.000601053,6505,5448,13010,Andrews
5,64,1,0.000623226,0.000579834,6505,5448,13010,Andrews
5,64,2,0.000641108,0.000598669,6505,5448,13010,Andrews
31,64,0,0.000586510,0.000542164,6479,5426,12958,Andrews
31,64,1,0.000560760,0.000515223,6479,5426,12958,Andrews
31,64,2,0.000556231,0.000514507,6479,5426,12958,Andrews
31,64,3,0.000579357,0.000537872,6479,5426,12958,Andrews
31,64,4,0.000575542,0.000531673,6479,5426,12958,Andrews
31,64,5,0.000565290,0.000521421,6479,5426,12958,Andrews
31,64,6,0.000572443,0.000528574,6479,5426,12958,Andrews
31,64,7,0.000605822,0.000564575,6479,5426,12958,Andrews
31,64,8,0.000551939,0.000510931,6479,5426,12958,Andrews
31,64,9,0.000590324,0.000546694,6479,5426,12958,Andrews
14,64,0,0.000667095,0.000603437,6226,5174,12452,Andrews
14,64,1,0.000620365,0.000560999,6226,5174,12452,Andrews
14,64,2,0.000656366,0.000597000,6226,5174,12452,Andrews
14,64,3,0.000658274,0.000599146,6226,5174,12452,Andrews
14,64,4,0.000667572,0.000608683,6226,5174,12452,Andrews
14,64,5,0.000684023,0.000626087,6226,5174,12452,Andrews
14,64,6,0.000652790,0.000594616,6226,5174,12452,Andrews
14,64,7,0.000613213,0.000570059,6226,5174,12452,Andrews
14,64,8,0.000565767,0.000522614,6226,5174,12452,Andrews
14,64,9,0.000585318,0.000542402,6226,5174,12452,Andrews
6,64,1,0.000587702,0.000545979,6376,5302,12752,Andrews
6,64,2,0.000589371,0.000548840,6376,5302,12752,Andrews
6,64,3,0.000620842,0.000580549,6376,5302,12752,Andrews
6,64,4,0.000596762,0.000556231,6376,5302,12752,Andrews
6,64,5,0.000591040,0.000551224,6376,5302,12752,Andrews
6,64,6,0.000603437,0.000564098,6376,5302,12752,Andrews
6,64,7,0.000602245,0.000562429,6376,5302,12752,Andrews
6,64,8,0.000597000,0.000556946,6376,5302,12752,Andrews
6,64,9,0.000607491,0.000567675,6376,5302,12752,Andrews
10,64,0,0.000590324,0.000550747,6274,5205,12548,Andrews
10,64,1,0.000613451,0.000574112,6274,5205,12548,Andrews
10,64,2,0.000572443,0.000533342,6274,5205,12548,Andrews
10,64,3,0.000597954,0.000559330,6274,5205,12548,Andrews
10,64,4,0.000585556,0.000546932,6274,5205,12548,Andrews
10,64,5,0.000603437,0.000565290,6274,5205,12548,Andrews
10,64,6,0.000615835,0.000578403,6274,5205,12548,Andrews
10,64,7,0.000578880,0.000541210,6274,5205,12548,Andrews
10,64,8,0.000586033,0.000548601,6274,5205,12548,Andrews
10,64,9,0.000556469,0.000518799,6274,5205,12548,Andrews
11,64,7,0.000578165,0.000537872,6503,5456,13006,Andrews
11,64,8,0.000608921,0.000567436,6503,5456,13006,Andrews
11,64,9,0.000598669,0.000557423,6503,5456,13006,Andrews
7,64,0,0.000620842,0.000576735,6463,5406,12926,Andrews
7,64,1,0.000588417,0.000542879,6463,5406,12926,Andrews
7,64,2,0.000586271,0.000543594,6463,5406,12926,Andrews
7,64,3,0.000597000,0.000555038,6463,5406,12926,Andrews
7,64,4,0.000598431,0.000553370,6463,5406,12926,Andrews
7,64,5,0.000580072,0.000535965,6463,5406,12926,Andrews
26,64,0,0.000572920,0.000500917,6280,5236,12560,Andrews
26,64,1,0.000555277,0.000495672,6280,5236,12560,Andrews
26,64,2,0.000587463,0.000527143,6280,5236,12560,Andrews
26,64,3,0.000588179,0.000529051,6280,5236,12560,Andrews
26,64,4,0.000585318,0.000526667,6280,5236,12560,Andrews
26,64,5,0.000597954,0.000540257,6280,5236,12560,Andrews
26,64,6,0.000577927,0.000507832,6280,5236,12560,Andrews
26,64,7,0.000566244,0.000508070,6280,5236,12560,Andrews
26,64,8,0.000569344,0.000511646,6280,5236,12560,Andrews
26,64,9,0.000556946,0.000514030,6280,5236,12560,Andrews
30,64,8,0.000583172,0.000543118,6517,5461,13034,Andrews
30,64,9,0.000606060,0.000566959,6517,5461,13034,Andrews
16,64,0,0.000578642,0.000537634,6455,5396,12910,Andrews
16,64,1,0.000609636,0.000570059,6455,5396,12910,Andrews
16,64,2,0.000566006,0.000526905,6455,5396,12910,Andrews
16,64,3,0.000615358,0.000576735,6455,5396,12910,Andrews
16,64,4,0.000595808,0.000557423,6455,5396,12910,Andrews
16,64,5,0.000603199,0.000564098,6455,5396,12910,Andrews
16,64,6,0.000590086,0.000551462,6455,5396,12910,Andrews
16,64,7,0.000584126,0.000545502,6455,5396,12910,Andrews
16,64,8,0.000596523,0.000558138,6455,5396,12910,Andrews
16,64,9,0.000552893,0.000514030,6455,5396,12910,Andrews
17,64,0,0.000621080,0.000577211,6577,5510,13154,Andrews
17,64,1,0.000587225,0.000544548,6577,5510,13154,Andrews
17,64,2,0.000612497,0.000570297,6577,5510,13154,Andrews
17,64,3,0.000611305,0.000569582,6577,5510,13154,Andrews
17,64,4,0.000606060,0.000565052,6577,5510,13154,Andrews
17,64,5,0.000589132,0.000547409,6577,5510,13154,Andrews
17,64,6,0.000589371,0.000546455,6577,5510,13154,Andrews
17,64,7,0.000617266,0.000576019,6577,5510,13154,Andrews
13,64,0,0.000612974,0.000568390,6493,5433,12986,Andrews
13,64,1,0.000577450,0.000531435,6493,5433,12986,Andrews
13,64,2,0.000578642,0.000536203,6493,5433,12986,Andrews
13,64,3,0.000589848,0.000547647,6493,5433,12986,Andrews
13,64,4,0.000583649,0.000539303,6493,5433,12986,Andrews
13,64,5,0.000587225,0.000542164,6493,5433,12986,Andrews
13,64,6,0.000586510,0.000541449,6493,5433,12986,Andrews
13,64,7,0.000600100,0.000557661,6493,5433,12986,Andrews
13,64,8,0.000569820,0.000527620,6493,5433,12986,Andrews
13,64,9,0.000605345,0.000560522,6493,5433,12986,Andrews
3,64,0,0.000708818,0.000650883,6446,5400,12892,Andrews
3,64,1,0.000629187,0.000572443,6446,5400,12892,Andrews
3,64,2,0.000639677,0.000583649,6446,5400,12892,Andrews
3,64,3,0.000655890,0.000601053,6446,5400,12892,Andrews
3,64,4,0.000661612,0.000607014,6446,5400,12892,Andrews
3,64,5,0.000646830,0.000591040,6446,5400,12892,Andrews
3,64,6,0.000617743,0.000563383,6446,5400,12892,Andrews
3,64,7,0.000584126,0.000544786,6446,5400,12892,Andrews
3,64,8,0.000621080,0.000581980,6446,5400,12892,Andrews
3,64,9,0.000666618,0.000627041,6446,5400,12892,Andrews
32,64,0,0.000651360,0.000587940,6382,5350,12764,Andrews
32,64,1,0.000644684,0.000583410,6382,5350,12764,Andrews
32,64,2,0.000634670,0.000574350,6382,5350,12764,Andrews
32,64,3,0.000666618,0.000608444,6382,5350,12764,Andrews
32,64,4,0.000667810,0.000609636,6382,5350,12764,Andrews
32,64,5,0.000661373,0.000603437,6382,5350,12764,Andrews
32,64,6,0.000632048,0.000574112,6382,5350,12764,Andrews
32,64,7,0.000620842,0.000578403,6382,5350,12764,Andrews
32,64,8,0.000582695,0.000540733,6382,5350,12764,Andrews
32,64,9,0.000552177,0.000509501,6382,5350,12764,Andrews
0,64,0,0.000672102,0.000630379,6299,5239,12598,Andrews
0,64,1,0.000610113,0.000571012,6299,5239,12598,Andrews
0,64,2,0.000616789,0.000577688,6299,5239,12598,Andrews
4,64,0,0.000641823,0.000601530,6290,5229,12580,Andrews
4,64,1,0.000603199,0.000563145,6290,5229,12580,Andrews
4,64,2,0.000582218,0.000543118,6290,5229,12580,Andrews
29,64,0,0.000596285,0.000551462,6770,5706,13540,Andrews
29,64,1,0.000558615,0.000514746,6770,5706,13540,Andrews
29,64,2,0.000580072,0.000536680,6770,5706,13540,Andrews
29,64,3,0.000690460,0.000647783,6770,5706,13540,Andrews
29,64,4,0.000591993,0.000549316,6770,5706,13540,Andrews
29,64,5,0.000574827,0.000532389,6770,5706,13540,Andrews
29,64,6,0.000576735,0.000534773,6770,5706,13540,Andrews
29,64,7,0.000589609,0.000546932,6770,5706,13540,Andrews
29,64,8,0.000596762,0.000554323,6770,5706,13540,Andrews
29,64,9,0.000610828,0.000568151,6770,5706,13540,Andrews
19,64,4,0.000579596,0.000535488,6488,5422,12976,Andrews
19,64,5,0.000568390,0.000524759,6488,5422,12976,Andrews
19,64,6,0.000563145,0.000519276,6488,5422,12976,Andrews
19,64,7,0.000606537,0.000566006,6488,5422,12976,Andrews
19,64,8,0.000564337,0.000523567,6488,5422,12976,Andrews
19,64,9,0.000584602,0.000540972,6488,5422,12976,Andrews
15,64,0,0.000690937,0.000628710,6509,5452,13018,Andrews
15,64,1,0.000649929,0.000590086,6509,5452,13018,Andrews
15,64,2,0.000656605,0.000595093,6509,5452,13018,Andrews
15,64,3,0.000661612,0.000601530,6509,5452,13018,Andrews
15,64,4,0.000680923,0.000622034,6509,5452,13018,Andrews
15,64,5,0.000647068,0.000588655,6509,5452,13018,Andrews
15,64,6,0.000644922,0.000586987,6509,5452,13018,Andrews
15,64,7,0.000672579,0.000607491,6509,5452,13018,Andrews
15,64,8,0.000652313,0.000595093,6509,5452,13018,Andrews
15,64,9,0.000691652,0.000634670,6509,5452,13018,Andrews
2,64,0,0.000706434,0.000643015,6393,5340,12786,Andrews
2,64,1,0.000605106,0.000545502,6393,5340,12786,Andrews
2,64,2,0.000660658,0.000600100,6393,5340,12786,Andrews
2,64,3,0.000658989,0.000600338,6393,5340,12786,Andrews
2,64,4,0.000633001,0.000574350,6393,5340,12786,Andrews
2,64,5,0.000679255,0.000620842,6393,5340,12786,Andrews
2,64,6,0.000610113,0.000540972,6393,5340,12786,Andrews
2,64,7,0.000576973,0.000518799,6393,5340,12786,Andrews
2,64,8,0.000605345,0.000547171,6393,5340,12786,Andrews
2,64,9,0.000677586,0.000634909,6393,5340,12786,Andrews
0,64,3,0.000594139,0.000555992,6299,5239,12598,Andrews
0,64,4,0.000609636,0.000571728,6299,5239,12598,Andrews
0,64,5,0.000622511,0.000584126,6299,5239,12598,Andrews
0,64,6,0.000603199,0.000565290,6299,5239,12598,Andrews
4,64,3,0.000597477,0.000559092,6290,5229,12580,Andrews
4,64,4,0.000590801,0.000551939,6290,5229,12580,Andrews
4,64,5,0.000614405,0.000576258,6290,5229,12580,Andrews
5,64,3,0.000684023,0.000641346,6505,5448,13010,Andrews
5,64,4,0.000630140,0.000587463,6505,5448,13010,Andrews
5,64,5,0.000626087,0.000583887,6505,5448,13010,Andrews
5,64,6,0.000619650,0.000577927,6505,5448,13010,Andrews
5,64,7,0.000602007,0.000560522,6505,5448,13010,Andrews
5,64,8,0.000620365,0.000578403,6505,5448,13010,Andrews
5,64,9,0.000634670,0.000592470,6505,5448,13010,Andrews
7,64,6,0.000595570,0.000551224,6463,5406,12926,Andrews
7,64,7,0.000617266,0.000575542,6463,5406,12926,Andrews
7,64,8,0.000573158,0.000531912,6463,5406,12926,Andrews
7,64,9,0.000626326,0.000581980,6463,5406,12926,Andrews
21,64,0,0.000703335,0.000644445,6524,5460,13048,Andrews
21,64,1,0.000639439,0.000582218,6524,5460,13048,Andrews
21,64,2,0.000661373,0.000604630,6524,5460,13048,Andrews
21,64,3,0.000640869,0.000584364,6524,5460,13048,Andrews
21,64,4,0.000682354,0.000625610,6524,5460,13048,Andrews
21,64,5,0.000632286,0.000575066,6524,5460,13048,Andrews
21,64,6,0.000653267,0.000596285,6524,5460,13048,Andrews
21,64,7,0.000651360,0.000604153,6524,5460,13048,Andrews
21,64,8,0.000619411,0.000578642,6524,5460,13048,Andrews
21,64,9,0.000650167,0.000609636,6524,5460,13048,Andrews
20,64,0,0.000646830,0.000581980,6349,5293,12698,Andrews
20,64,1,0.000642061,0.000580549,6349,5293,12698,Andrews
20,64,2,0.000634670,0.000574350,6349,5293,12698,Andrews
20,64,3,0.000664711,0.000605345,6349,5293,12698,Andrews
20,64,4,0.000661850,0.000602961,6349,5293,12698,Andrews
20,64,5,0.000650406,0.000591755,6349,5293,12698,Andrews
20,64,6,0.000635386,0.000576735,6349,5293,12698,Andrews
20,64,7,0.000661373,0.000603437,6349,5293,12698,Andrews
20,64,8,0.000636101,0.000577450,6349,5293,12698,Andrews
20,64,9,0.000661373,0.000603437,6349,5293,12698,Andrews
60,64,0,0.000683069,0.000640631,6292,5238,12584,Andrews
60,64,1,0.000577927,0.000538826,6292,5238,12584,Andrews
4,64,6,0.000610828,0.000573635,6290,5229,12580,Andrews
4,64,7,0.000589848,0.000551462,6290,5229,12580,Andrews
4,64,8,0.000590563,0.000552177,6290,5229,12580,Andrews
4,64,9,0.000611305,0.000572681,6290,5229,12580,Andrews
17,64,8,0.000627756,0.000586271,6577,5510,13154,Andrews
17,64,9,0.000638008,0.000596523,6577,5510,13154,Andrews
1,64,0,0.000722885,0.000671148,6561,5512,13122,Andrews
1,64,1,0.000602245,0.000556707,6561,5512,13122,Andrews
27,64,0,0.000636101,0.000577450,6471,5435,12942,Andrews
27,64,1,0.000588655,0.000526667,6471,5435,12942,Andrews
27,64,2,0.000600100,0.000544786,6471,5435,12942,Andrews
27,64,3,0.000607729,0.000552893,6471,5435,12942,Andrews
27,64,4,0.000641108,0.000585794,6471,5435,12942,Andrews
27,64,5,0.000629902,0.000575542,6471,5435,12942,Andrews
27,64,6,0.000602961,0.000548363,6471,5435,12942,Andrews
27,64,7,0.000661135,0.000600576,6471,5435,12942,Andrews
27,64,8,0.000638962,0.000585556,6471,5435,12942,Andrews
27,64,9,0.000646353,0.000592470,6471,5435,12942,Andrews
56,64,0,0.000728846,0.000664234,6192,5133,12384,Andrews
56,64,1,0.000636816,0.000573635,6192,5133,12384,Andrews
56,64,2,0.000685930,0.000624180,6192,5133,12384,Andrews
56,64,3,0.000659943,0.000599146,6192,5133,12384,Andrews
56,64,4,0.000674963,0.000617027,6192,5133,12384,Andrews
56,64,5,0.000715256,0.000656366,6192,5133,12384,Andrews
56,64,6,0.000664234,0.000606060,6192,5133,12384,Andrews
56,64,7,0.000633001,0.000589132,6192,5133,12384,Andrews
0,64,7,0.000601292,0.000563383,6299,5239,12598,Andrews
0,64,8,0.000624180,0.000579596,6299,5239,12598,Andrews
0,64,9,0.000650883,0.000612974,6299,5239,12598,Andrews
58,64,0,0.000678301,0.000631571,6314,5261,12628,Andrews
58,64,1,0.000615835,0.000576258,6314,5261,12628,Andrews
58,64,2,0.000612020,0.000573397,6314,5261,12628,Andrews
58,64,3,0.000596762,0.000558138,6314,5261,12628,Andrews
58,64,4,0.000595093,0.000556707,6314,5261,12628,Andrews
59,64,0,0.000745058,0.000699759,6381,5325,12762,Andrews
59,64,1,0.000611782,0.000569582,6381,5325,12762,Andrews
59,64,2,0.000673056,0.000631809,6381,5325,12762,Andrews
59,64,3,0.000630379,0.000588894,6381,5325,12762,Andrews
59,64,4,0.000649691,0.000608444,6381,5325,12762,Andrews
59,64,5,0.000671148,0.000630140,6381,5325,12762,Andrews
59,64,6,0.000582695,0.000542402,6381,5325,12762,Andrews
1,64,2,0.000639200,0.000596762,6561,5512,13122,Andrews
1,64,3,0.000602245,0.000559330,6561,5512,13122,Andrews
1,64,4,0.000606060,0.000561714,6561,5512,13122,Andrews
1,64,5,0.000620604,0.000576735,6561,5512,13122,Andrews
1,64,6,0.000597000,0.000550747,6561,5512,13122,Andrews
1,64,7,0.000604153,0.000563145,6561,5512,13122,Andrews
33,64,0,0.000700951,0.000630617,6393,5335,12786,Andrews
33,64,1,0.000671387,0.000603199,6393,5335,12786,Andrews
33,64,2,0.000671864,0.000605106,6393,5335,12786,Andrews
33,64,3,0.000675201,0.000608444,6393,5335,12786,Andrews
33,64,4,0.000708818,0.000643015,6393,5335,12786,Andrews
33,64,5,0.000685453,0.000619888,6393,5335,12786,Andrews
33,64,6,0.000707865,0.000642300,6393,5335,12786,Andrews
33,64,7,0.000677109,0.000604868,6393,5335,12786,Andrews
33,64,8,0.000669956,0.000605345,6393,5335,12786,Andrews
33,64,9,0.000687122,0.000622034,6393,5335,12786,Andrews
62,64,0,0.000717402,0.000655413,6315,5259,12630,Andrews
62,64,1,0.000634193,0.000574589,6315,5259,12630,Andrews
62,64,2,0.000674963,0.000615597,6315,5259,12630,Andrews
62,64,3,0.000662327,0.000603437,6315,5259,12630,Andrews
62,64,4,0.000662088,0.000604153,6315,5259,12630,Andrews
62,64,5,0.000692368,0.000633240,6315,5259,12630,Andrews
62,64,6,0.000647545,0.000589609,6315,5259,12630,Andrews
62,64,7,0.000656128,0.000597954,6315,5259,12630,Andrews
62,64,8,0.000638247,0.000580549,6315,5259,12630,Andrews
62,64,9,0.000702858,0.000645161,6315,5259,12630,Andrews
60,64,2,0.000621319,0.000583649,6292,5238,12584,Andrews
60,64,3,0.000650167,0.000612497,6292,5238,12584,Andrews
60,64,4,0.000602722,0.000565529,6292,5238,12584,Andrews
60,64,5,0.000633001,0.000595570,6292,5238,12584,Andrews
60,64,6,0.000592232,0.000555277,6292,5238,12584,Andrews
60,64,7,0.000601530,0.000564337,6292,5238,12584,Andrews
60,64,8,0.000571489,0.000533819,6292,5238,12584,Andrews
60,64,9,0.000659227,0.000621557,6292,5238,12584,Andrews
52,64,0,0.000692844,0.000647306,6375,5328,12750,Andrews
59,64,7,0.000609875,0.000569582,6381,5325,12762,Andrews
59,64,8,0.000612974,0.000572205,6381,5325,12762,Andrews
59,64,9,0.000712633,0.000668764,6381,5325,12762,Andrews
61,64,0,0.000732422,0.000681877,6557,5528,13114,Andrews
61,64,1,0.000587702,0.000545263,6557,5528,13114,Andrews
61,64,2,0.000643253,0.000601768,6557,5528,13114,Andrews
61,64,3,0.000639200,0.000598431,6557,5528,13114,Andrews
61,64,4,0.000606537,0.000565767,6557,5528,13114,Andrews
61,64,5,0.000627041,0.000586271,6557,5528,13114,Andrews
61,64,6,0.000562191,0.000521421,6557,5528,13114,Andrews
57,64,0,0.000748396,0.000690699,6524,5482,13048,Andrews
57,64,1,0.000632763,0.000575781,6524,5482,13048,Andrews
57,64,2,0.000679016,0.000622749,6524,5482,13048,Andrews
57,64,3,0.000626564,0.000571728,6524,5482,13048,Andrews
57,64,4,0.000684977,0.000629425,6524,5482,13048,Andrews
57,64,5,0.000687361,0.000632286,6524,5482,13048,Andrews
57,64,6,0.000619650,0.000564337,6524,5482,13048,Andrews
57,64,7,0.000670910,0.000624657,6524,5482,13048,Andrews
57,64,8,0.000652075,0.000612259,6524,5482,13048,Andrews
57,64,9,0.000703573,0.000663757,6524,5482,13048,Andrews
50,64,0,0.000743628,0.000678301,6309,5253,12618,Andrews
50,64,1,0.000642300,0.000578403,6309,5253,12618,Andrews
54,64,0,0.000699759,0.000657797,6322,5260,12644,Andrews
54,64,1,0.000593185,0.000553370,6322,5260,12644,Andrews
54,64,2,0.000639677,0.000600338,6322,5260,12644,Andrews
54,64,3,0.000664949,0.000619411,6322,5260,12644,Andrews
54,64,4,0.000619888,0.000580788,6322,5260,12644,Andrews
54,64,5,0.000654697,0.000616312,6322,5260,12644,Andrews
54,64,6,0.000585794,0.000547171,6322,5260,12644,Andrews
58,64,5,0.000642776,0.000605583,6314,5261,12628,Andrews
58,64,6,0.000612736,0.000575066,6314,5261,12628,Andrews
58,64,7,0.000580549,0.000543118,6314,5261,12628,Andrews
58,64,8,0.000601053,0.000563860,6314,5261,12628,Andrews
58,64,9,0.000638485,0.000601292,6314,5261,12628,Andrews
47,64,0,0.000771761,0.000728369,6433,5369,12866,Andrews
1,64,8,0.000585318,0.000544071,6561,5512,13122,Andrews
1,64,9,0.000669956,0.000626087,6561,5512,13122,Andrews
9,64,0,0.000712395,0.000654697,6417,5371,12834,Andrews
9,64,1,0.000614882,0.000552416,6417,5371,12834,Andrews
9,64,2,0.000676394,0.000620127,6417,5371,12834,Andrews
9,64,3,0.000614166,0.000559330,6417,5371,12834,Andrews
9,64,4,0.000673056,0.000618219,6417,5371,12834,Andrews
9,64,5,0.000610352,0.000555992,6417,5371,12834,Andrews
9,64,6,0.000612259,0.000557899,6417,5371,12834,Andrews
9,64,7,0.000664473,0.000603437,6417,5371,12834,Andrews
9,64,8,0.000665665,0.000611544,6417,5371,12834,Andrews
9,64,9,0.000707865,0.000653505,6417,5371,12834,Andrews
56,64,8,0.000610828,0.000567436,6192,5133,12384,Andrews
56,64,9,0.000707150,0.000664473,6192,5133,12384,Andrews
54,64,7,0.000604153,0.000565767,6322,5260,12644,Andrews
54,64,8,0.000587463,0.000548840,6322,5260,12644,Andrews
54,64,9,0.000677109,0.000638723,6322,5260,12644,Andrews
52,64,1,0.000609636,0.000570297,6375,5328,12750,Andrews
52,64,2,0.000628710,0.000589609,6375,5328,12750,Andrews
52,64,3,0.000596285,0.000557899,6375,5328,12750,Andrews
52,64,4,0.000603437,0.000565290,6375,5328,12750,Andrews
52,64,5,0.000663280,0.000625134,6375,5328,12750,Andrews
52,64,6,0.000609398,0.000571489,6375,5328,12750,Andrews
53,64,0,0.000766277,0.000719547,6586,5514,13172,Andrews
53,64,1,0.000630140,0.000586510,6586,5514,13172,Andrews
53,64,2,0.000692368,0.000649452,6586,5514,13172,Andrews
53,64,3,0.000686646,0.000643969,6586,5514,13172,Andrews
53,64,4,0.000673771,0.000630617,6586,5514,13172,Andrews
53,64,5,0.000697374,0.000654459,6586,5514,13172,Andrews
61,64,7,0.000608444,0.000567675,6557,5528,13114,Andrews
61,64,8,0.000582695,0.000542402,6557,5528,13114,Andrews
61,64,9,0.000677347,0.000636816,6557,5528,13114,Andrews
39,64,0,0.000789165,0.000725985,6386,5319,12772,Andrews
39,64,1,0.000683546,0.000622272,6386,5319,12772,Andrews
39,64,2,0.000736713,0.000676394,6386,5319,12772,Andrews
39,64,3,0.000664949,0.000605345,6386,5319,12772,Andrews
39,64,4,0.000714779,0.000655413,6386,5319,12772,Andrews
39,64,5,0.000742435,0.000683784,6386,5319,12772,Andrews
39,64,6,0.000667810,0.000609159,6386,5319,12772,Andrews
39,64,7,0.000698090,0.000632524,6386,5319,12772,Andrews
39,64,8,0.000674963,0.000615597,6386,5319,12772,Andrews
39,64,9,0.000761986,0.000704288,6386,5319,12772,Andrews
44,64,0,0.000764847,0.000698805,6393,5325,12786,Andrews
44,64,1,0.000693798,0.000618696,6393,5325,12786,Andrews
48,64,0,0.000716209,0.000675440,6282,5236,12564,Andrews
48,64,1,0.000611305,0.000571966,6282,5236,12564,Andrews
48,64,2,0.000663757,0.000624418,6282,5236,12564,Andrews
52,64,7,0.000588655,0.000550508,6375,5328,12750,Andrews
52,64,8,0.000568867,0.000531435,6375,5328,12750,Andrews
52,64,9,0.000657797,0.000620127,6375,5328,12750,Andrews
41,64,0,0.000790358,0.000746489,6483,5413,12966,Andrews
41,64,1,0.000667572,0.000625849,6483,5413,12966,Andrews
41,64,2,0.000729561,0.000687599,6483,5413,12966,Andrews
41,64,3,0.000678062,0.000636339,6483,5413,12966,Andrews
41,64,4,0.000700951,0.000659943,6483,5413,12966,Andrews
41,64,5,0.000729799,0.000688791,6483,5413,12966,Andrews
41,64,6,0.000660896,0.000620127,6483,5413,12966,Andrews
41,64,7,0.000664711,0.000623941,6483,5413,12966,Andrews
55,64,0,0.000750542,0.000704050,6439,5408,12878,Andrews
55,64,1,0.000605106,0.000562906,6439,5408,12878,Andrews
45,64,0,0.000773191,0.000715733,6476,5448,12952,Andrews
45,64,1,0.000653028,0.000597239,6476,5448,12952,Andrews
45,64,2,0.000709295,0.000654459,6476,5448,12952,Andrews
45,64,3,0.000640392,0.000586271,6476,5448,12952,Andrews
45,64,4,0.000698805,0.000645161,6476,5448,12952,Andrews
45,64,5,0.000710487,0.000657320,6476,5448,12952,Andrews
45,64,6,0.000633478,0.000580549,6476,5448,12952,Andrews
45,64,7,0.000655174,0.000609875,6476,5448,12952,Andrews
45,64,8,0.000652075,0.000613213,6476,5448,12952,Andrews
45,64,9,0.000724077,0.000685215,6476,5448,12952,Andrews
50,64,2,0.000698090,0.000636101,6309,5253,12618,Andrews
50,64,3,0.000691175,0.000630379,6309,5253,12618,Andrews
50,64,4,0.000683546,0.000621796,6309,5253,12618,Andrews
50,64,5,0.000718594,0.000658035,6309,5253,12618,Andrews
50,64,6,0.000658274,0.000597477,6309,5253,12618,Andrews
50,64,7,0.000649214,0.000588417,6309,5253,12618,Andrews
50,64,8,0.000644445,0.000583410,6309,5253,12618,Andrews
48,64,3,0.000596762,0.000557899,6282,5236,12564,Andrews
48,64,4,0.000636578,0.000598669,6282,5236,12564,Andrews
48,64,5,0.000669241,0.000630617,6282,5236,12564,Andrews
48,64,6,0.000605345,0.000567198,6282,5236,12564,Andrews
48,64,7,0.000597954,0.000559092,6282,5236,12564,Andrews
46,64,0,0.000718594,0.000676155,6444,5384,12888,Andrews
46,64,1,0.000631094,0.000592232,6444,5384,12888,Andrews
46,64,2,0.000650644,0.000611544,6444,5384,12888,Andrews
46,64,3,0.000608444,0.000569344,6444,5384,12888,Andrews
47,64,1,0.000648975,0.000607252,6433,5369,12866,Andrews
47,64,2,0.000710011,0.000668287,6433,5369,12866,Andrews
47,64,3,0.000658035,0.000614643,6433,5369,12866,Andrews
47,64,4,0.000683546,0.000642061,6433,5369,12866,Andrews
47,64,5,0.000709057,0.000667810,6433,5369,12866,Andrews
47,64,6,0.000641108,0.000600338,6433,5369,12866,Andrews
47,64,7,0.000646830,0.000606537,6433,5369,12866,Andrews
47,64,8,0.000656843,0.000616074,6433,5369,12866,Andrews
47,64,9,0.000765800,0.000724316,6433,5369,12866,Andrews
49,64,0,0.000766993,0.000721216,6442,5357,12884,Andrews
49,64,1,0.000630617,0.000587940,6442,5357,12884,Andrews
49,64,2,0.000694275,0.000649691,6442,5357,12884,Andrews
51,64,0,0.000768661,0.000697613,6391,5336,12782,Andrews
51,64,1,0.000666618,0.000599623,6391,5336,12782,Andrews
51,64,2,0.000700712,0.000633240,6391,5336,12782,Andrews
51,64,3,0.000646830,0.000580311,6391,5336,12782,Andrews
51,64,4,0.000699043,0.000632524,6391,5336,12782,Andrews
51,64,5,0.000710726,0.000643969,6391,5336,12782,Andrews
51,64,6,0.000663042,0.000597239,6391,5336,12782,Andrews
51,64,7,0.000705004,0.000627995,6391,5336,12782,Andrews
51,64,8,0.000694275,0.000628710,6391,5336,12782,Andrews
51,64,9,0.000740528,0.000673771,6391,5336,12782,Andrews
38,64,0,0.000773191,0.000709057,6379,5326,12758,Andrews
38,64,1,0.000664711,0.000603199,6379,5326,12758,Andrews
38,64,2,0.000734329,0.000674725,6379,5326,12758,Andrews
38,64,3,0.000669479,0.000611067,6379,5326,12758,Andrews
38,64,4,0.000710726,0.000651598,6379,5326,12758,Andrews
38,64,5,0.000752211,0.000692129,6379,5326,12758,Andrews
38,64,6,0.000659704,0.000600815,6379,5326,12758,Andrews
38,64,7,0.000663519,0.000604153,6379,5326,12758,Andrews
42,64,0,0.000729799,0.000689983,6427,5371,12854,Andrews
42,64,1,0.000630379,0.000589132,6427,5371,12854,Andrews
42,64,2,0.000678301,0.000639677,6427,5371,12854,Andrews
46,64,4,0.000624895,0.000586510,6444,5384,12888,Andrews
46,64,5,0.000686407,0.000647783,6444,5384,12888,Andrews
46,64,6,0.000644445,0.000606060,6444,5384,12888,Andrews
53,64,6,0.000631571,0.000589132,6586,5514,13172,Andrews
53,64,7,0.000632524,0.000590324,6586,5514,13172,Andrews
53,64,8,0.000643015,0.000601053,6586,5514,13172,Andrews
53,64,9,0.000770330,0.000727415,6586,5514,13172,Andrews
55,64,2,0.000665188,0.000624895,6439,5408,12878,Andrews
55,64,3,0.000629663,0.000588179,6439,5408,12878,Andrews
55,64,4,0.000627995,0.000587463,6439,5408,12878,Andrews
55,64,5,0.000645876,0.000605345,6439,5408,12878,Andrews
55,64,6,0.000598907,0.000558138,6439,5408,12878,Andrews
55,64,7,0.000620604,0.000579357,6439,5408,12878,Andrews
55,64,8,0.000591755,0.000551939,6439,5408,12878,Andrews
55,64,9,0.000696182,0.000656605,6439,5408,12878,Andrews
63,64,0,0.000741720,0.000664711,6506,5465,13012,Andrews
63,64,1,0.000723600,0.000648499,6506,5465,13012,Andrews
63,64,2,0.000713825,0.000640869,6506,5465,13012,Andrews
63,64,3,0.000694752,0.000622034,6506,5465,13012,Andrews
63,64,4,0.000741720,0.000669003,6506,5465,13012,Andrews
63,64,5,0.000711679,0.000639200,6506,5465,13012,Andrews
63,64,6,0.000695944,0.000624895,6506,5465,13012,Andrews
63,64,7,0.000714540,0.000636101,6506,5465,13012,Andrews
63,64,8,0.000730276,0.000658512,6506,5465,13012,Andrews
63,64,9,0.000721455,0.000649691,6506,5465,13012,Andrews
44,64,2,0.000721931,0.000658989,6393,5325,12786,Andrews
44,64,3,0.000683546,0.000621796,6393,5325,12786,Andrews
44,64,4,0.000692606,0.000631094,6393,5325,12786,Andrews
44,64,5,0.000737667,0.000675917,6393,5325,12786,Andrews
44,64,6,0.000655651,0.000594616,6393,5325,12786,Andrews
44,64,7,0.000666857,0.000605345,6393,5325,12786,Andrews
44,64,8,0.000665665,0.000604391,6393,5325,12786,Andrews
44,64,9,0.000753164,0.000692129,6393,5325,12786,Andrews
48,64,8,0.000603437,0.000565290,6282,5236,12564,Andrews
48,64,9,0.000699759,0.000660896,6282,5236,12564,Andrews
40,64,0,0.000731707,0.000689745,6351,5311,12702,Andrews
40,64,1,0.000651598,0.000612736,6351,5311,12702,Andrews
41,64,8,0.000669956,0.000628710,6483,5413,12966,Andrews
41,64,9,0.000773668,0.000732660,6483,5413,12966,Andrews
49,64,3,0.000658989,0.000616789,6442,5357,12884,Andrews
49,64,4,0.000645161,0.000603676,6442,5357,12884,Andrews
49,64,5,0.000663996,0.000622272,6442,5357,12884,Andrews
49,64,6,0.000620842,0.000579119,6442,5357,12884,Andrews
49,64,7,0.000634670,0.000592947,6442,5357,12884,Andrews
50,64,9,0.000739574,0.000678778,6309,5253,12618,Andrews
42,64,3,0.000605106,0.000566483,6427,5371,12854,Andrews
42,64,4,0.000653028,0.000614643,6427,5371,12854,Andrews
42,64,5,0.000683069,0.000644445,6427,5371,12854,Andrews
42,64,6,0.000620127,0.000582218,6427,5371,12854,Andrews
42,64,7,0.000608206,0.000570297,6427,5371,12854,Andrews
42,64,8,0.000623703,0.000580072,6427,5371,12854,Andrews
42,64,9,0.000715256,0.000677824,6427,5371,12854,Andrews
46,64,7,0.000582695,0.000544071,6444,5384,12888,Andrews
46,64,8,0.000600576,0.000562191,6444,5384,12888,Andrews
46,64,9,0.000678539,0.000639915,6444,5384,12888,Andrews
43,64,0,0.000798941,0.000751972,6450,5395,12900,Andrews
43,64,1,0.000646830,0.000601530,6450,5395,12900,Andrews
43,64,2,0.000702858,0.000661373,6450,5395,12900,Andrews
43,64,3,0.000662327,0.000620842,6450,5395,12900,Andrews
43,64,4,0.000662327,0.000618935,6450,5395,12900,Andrews
38,64,8,0.000664473,0.000605822,6379,5326,12758,Andrews
38,64,9,0.000762224,0.000718832,6379,5326,12758,Andrews
36,64,0,0.000760555,0.000719309,6282,5227,12564,Andrews
36,64,1,0.000704527,0.000663519,6282,5227,12564,Andrews
36,64,2,0.000728130,0.000686407,6282,5227,12564,Andrews
40,64,2,0.000673056,0.000634432,6351,5311,12702,Andrews
40,64,3,0.000611305,0.000572681,6351,5311,12702,Andrews
40,64,4,0.000640869,0.000603437,6351,5311,12702,Andrews
40,64,5,0.000707150,0.000669479,6351,5311,12702,Andrews
40,64,6,0.000662565,0.000624657,6351,5311,12702,Andrews
40,64,7,0.000598907,0.000561953,6351,5311,12702,Andrews
40,64,8,0.000610113,0.000572920,6351,5311,12702,Andrews
40,64,9,0.000699043,0.000661850,6351,5311,12702,Andrews
49,64,8,0.000612020,0.000570297,6442,5357,12884,Andrews
49,64,9,0.000714779,0.000673532,6442,5357,12884,Andrews
36,64,3,0.000699520,0.000652790,6282,5227,12564,Andrews
36,64,4,0.000722647,0.000682592,6282,5227,12564,Andrews
36,64,5,0.000730276,0.000689745,6282,5227,12564,Andrews
36,64,6,0.000697613,0.000658035,6282,5227,12564,Andrews
36,64,7,0.000677347,0.000638485,6282,5227,12564,Andrews
37,64,0,0.000811100,0.000763893,6475,5417,12950,Andrews
37,64,1,0.000663757,0.000618219,6475,5417,12950,Andrews
37,64,2,0.000722408,0.000681639,6475,5417,12950,Andrews
36,64,8,0.000689268,0.000650406,6282,5227,12564,Andrews
36,64,9,0.000746727,0.000704765,6282,5227,12564,Andrews
43,64,5,0.000687361,0.000643492,6450,5395,12900,Andrews
43,64,6,0.000643015,0.000599384,6450,5395,12900,Andrews
43,64,7,0.000644684,0.000603914,6450,5395,12900,Andrews
43,64,8,0.000627756,0.000586987,6450,5395,12900,Andrews
43,64,9,0.000729322,0.000686169,6450,5395,12900,Andrews
37,64,3,0.000663042,0.000621080,6475,5417,12950,Andrews
37,64,4,0.000679731,0.000636101,6475,5417,12950,Andrews
37,64,5,0.000703573,0.000660419,6475,5417,12950,Andrews
37,64,6,0.000658751,0.000615597,6475,5417,12950,Andrews
37,64,7,0.000660896,0.000619411,6475,5417,12950,Andrews
37,64,8,0.000645638,0.000604630,6475,5417,12950,Andrews
37,64,9,0.000749588,0.000705957,6475,5417,12950,Andrews
108,128,0,0.001870871,0.001849174,3177,2672,6354,Andrews
108,128,1,0.001795292,0.001775026,3177,2672,6354,Andrews
108,128,2,0.001784801,0.001765490,3177,2672,6354,Andrews
108,128,3,0.001632452,0.001613140,3177,2672,6354,Andrews
108,128,4,0.001684666,0.001665592,3177,2672,6354,Andrews
108,128,5,0.001674175,0.001654387,3177,2672,6354,Andrews
108,128,6,0.001757145,0.001737833,3177,2672,6354,Andrews
108,128,7,0.001784325,0.001764774,3177,2672,6354,Andrews
108,128,8,0.001590967,0.001566410,3177,2672,6354,Andrews
108,128,9,0.001575232,0.001555681,3177,2672,6354,Andrews
102,128,0,0.001729727,0.001708984,3216,2727,6432,Andrews
102,128,1,0.001645327,0.001625061,3216,2727,6432,Andrews
102,128,2,0.001736164,0.001716614,3216,2727,6432,Andrews
109,128,0,0.001881361,0.001857996,3195,2707,6390,Andrews
109,128,1,0.001811743,0.001788855,3195,2707,6390,Andrews
109,128,2,0.001789331,0.001766920,3195,2707,6390,Andrews
109,128,3,0.001653910,0.001632214,3195,2707,6390,Andrews
109,128,4,0.001658440,0.001636505,3195,2707,6390,Andrews
109,128,5,0.001702070,0.001680136,3195,2707,6390,Andrews
109,128,6,0.001722097,0.001700640,3195,2707,6390,Andrews
109,128,7,0.001763821,0.001742601,3195,2707,6390,Andrews
109,128,8,0.001609802,0.001588583,3195,2707,6390,Andrews
109,128,9,0.001594067,0.001572609,3195,2707,6390,Andrews
107,128,0,0.001857519,0.001836777,3263,2765,6526,Andrews
107,128,1,0.001791477,0.001770973,3263,2765,6526,Andrews
107,128,2,0.001764297,0.001744032,3263,2765,6526,Andrews
107,128,3,0.001709223,0.001689672,3263,2765,6526,Andrews
107,128,4,0.001695871,0.001676559,3263,2765,6526,Andrews
107,128,5,0.001731873,0.001712799,3263,2765,6526,Andrews
107,128,6,0.001732588,0.001713276,3263,2765,6526,Andrews
107,128,7,0.001788378,0.001769304,3263,2765,6526,Andrews
107,128,8,0.001631737,0.001612663,3263,2765,6526,Andrews
107,128,9,0.001662970,0.001644135,3263,2765,6526,Andrews
110,128,0,0.001893044,0.001865864,3229,2731,6458,Andrews
110,128,1,0.001813412,0.001790285,3229,2731,6458,Andrews
110,128,2,0.001799107,0.001776695,3229,2731,6458,Andrews
110,128,3,0.001671314,0.001649380,3229,2731,6458,Andrews
110,128,4,0.001702547,0.001680851,3229,2731,6458,Andrews
110,128,5,0.001723528,0.001695395,3229,2731,6458,Andrews
110,128,6,0.001759291,0.001737118,3229,2731,6458,Andrews
110,128,7,0.001810074,0.001788855,3229,2731,6458,Andrews
110,128,8,0.001601458,0.001579285,3229,2731,6458,Andrews
110,128,9,0.001639843,0.001618624,3229,2731,6458,Andrews
111,128,0,0.002001286,0.001973152,3208,2714,6416,Andrews
111,128,1,0.001906157,0.001884699,3208,2714,6416,Andrews
111,128,2,0.001798630,0.001777887,3208,2714,6416,Andrews
111,128,3,0.001715660,0.001694918,3208,2714,6416,Andrews
111,128,4,0.001711130,0.001691103,3208,2714,6416,Andrews
111,128,5,0.001748085,0.001728535,3208,2714,6416,Andrews
111,128,6,0.001772881,0.001753330,3208,2714,6416,Andrews
111,128,7,0.001812458,0.001792431,3208,2714,6416,Andrews
111,128,8,0.001600266,0.001580715,3208,2714,6416,Andrews
111,128,9,0.001618385,0.001599312,3208,2714,6416,Andrews
102,128,3,0.001650333,0.001631021,3216,2727,6432,Andrews
102,128,4,0.001610994,0.001591921,3216,2727,6432,Andrews
102,128,5,0.001632690,0.001613855,3216,2727,6432,Andrews
102,128,6,0.001623869,0.001604795,3216,2727,6432,Andrews
102,128,7,0.001660347,0.001641035,3216,2727,6432,Andrews
102,128,8,0.001651287,0.001632214,3216,2727,6432,Andrews
102,128,9,0.001697302,0.001678705,3216,2727,6432,Andrews
97,128,0,0.001734734,0.001711369,3260,2765,6520,Andrews
97,128,1,0.001681089,0.001659870,3260,2765,6520,Andrews
97,128,2,0.001794815,0.001774788,3260,2765,6520,Andrews
97,128,3,0.001734018,0.001713753,3260,2765,6520,Andrews
97,128,4,0.001722574,0.001702785,3260,2765,6520,Andrews
97,128,5,0.001782417,0.001763105,3260,2765,6520,Andrews
95,128,0,0.001768827,0.001747131,3208,2712,6416,Andrews
95,128,1,0.001709938,0.001689196,3208,2712,6416,Andrews
95,128,2,0.001779318,0.001760006,3208,2712,6416,Andrews
106,128,0,0.001646996,0.001626015,3196,2696,6392,Andrews
106,128,1,0.001642466,0.001620770,3196,2696,6392,Andrews
106,128,2,0.001676798,0.001657009,3196,2696,6392,Andrews
106,128,3,0.001647949,0.001628399,3196,2696,6392,Andrews
106,128,4,0.001618862,0.001600027,3196,2696,6392,Andrews
106,128,5,0.001665115,0.001646280,3196,2696,6392,Andrews
106,128,6,0.001621246,0.001593351,3196,2696,6392,Andrews
106,128,7,0.001649380,0.001630068,3196,2696,6392,Andrews
106,128,8,0.001591682,0.001572609,3196,2696,6392,Andrews
106,128,9,0.001691341,0.001672506,3196,2696,6392,Andrews
104,128,0,0.001712084,0.001682043,3224,2730,6448,Andrews
104,128,1,0.001672983,0.001646280,3224,2730,6448,Andrews
104,128,2,0.001753807,0.001731873,3224,2730,6448,Andrews
104,128,3,0.001648903,0.001626968,3224,2730,6448,Andrews
104,128,4,0.001599073,0.001578093,3224,2730,6448,Andrews
104,128,5,0.001675129,0.001654387,3224,2730,6448,Andrews
104,128,6,0.001606464,0.001585722,3224,2730,6448,Andrews
104,128,7,0.001679897,0.001659155,3224,2730,6448,Andrews
104,128,8,0.001638174,0.001617432,3224,2730,6448,Andrews
104,128,9,0.001682520,0.001661301,3224,2730,6448,Andrews
105,128,0,0.001707077,0.001679420,3248,2747,6496,Andrews
105,128,1,0.001675129,0.001653194,3248,2747,6496,Andrews
105,128,2,0.001707792,0.001687288,3248,2747,6496,Andrews
105,128,3,0.001673698,0.001653910,3248,2747,6496,Andrews
105,128,4,0.001612663,0.001592398,3248,2747,6496,Andrews
105,128,5,0.001707077,0.001687050,3248,2747,6496,Andrews
105,128,6,0.001642227,0.001621962,3248,2747,6496,Andrews
105,128,7,0.001656055,0.001635790,3248,2747,6496,Andrews
105,128,8,0.001647711,0.001628160,3248,2747,6496,Andrews
105,128,9,0.001663208,0.001636267,3248,2747,6496,Andrews
96,128,0,0.001736403,0.001714706,3178,2692,6356,Andrews
96,128,1,0.001685858,0.001665831,3178,2692,6356,Andrews
96,128,2,0.001762867,0.001743317,3178,2692,6356,Andrews
96,128,3,0.001755953,0.001736641,3178,2692,6356,Andrews
96,128,4,0.001723528,0.001704931,3178,2692,6356,Andrews
103,128,0,0.001707315,0.001685619,3155,2653,6310,Andrews
103,128,1,0.001648426,0.001627922,3155,2653,6310,Andrews
103,128,2,0.001767397,0.001746893,3155,2653,6310,Andrews
103,128,3,0.001669168,0.001649141,3155,2653,6310,Andrews
103,128,4,0.001580715,0.001561165,3155,2653,6310,Andrews
103,128,5,0.001702070,0.001682520,3155,2653,6310,Andrews
103,128,6,0.001604557,0.001585245,3155,2653,6310,Andrews
103,128,7,0.001643896,0.001624346,3155,2653,6310,Andrews
103,128,8,0.001667023,0.001647711,3155,2653,6310,Andrews
103,128,9,0.001680374,0.001661062,3155,2653,6310,Andrews
101,128,0,0.001746893,0.001726866,3180,2689,6360,Andrews
101,128,1,0.001697779,0.001678705,3180,2689,6360,Andrews
101,128,2,0.001748323,0.001729012,3180,2689,6360,Andrews
101,128,3,0.001637220,0.001618147,3180,2689,6360,Andrews
101,128,4,0.001669168,0.001650333,3180,2689,6360,Andrews
101,128,5,0.001701832,0.001683474,3180,2689,6360,Andrews
101,128,6,0.001623154,0.001604795,3180,2689,6360,Andrews
101,128,7,0.001676083,0.001657963,3180,2689,6360,Andrews
101,128,8,0.001690865,0.001672029,3180,2689,6360,Andrews
101,128,9,0.001749039,0.001730442,3180,2689,6360,Andrews
88,128,0,0.001865149,0.001844883,3219,2719,6438,Andrews
88,128,1,0.001852989,0.001833200,3219,2719,6438,Andrews
88,128,2,0.001888275,0.001868725,3219,2719,6438,Andrews
88,128,3,0.001823425,0.001804113,3219,2719,6438,Andrews
88,128,4,0.001783371,0.001764059,3219,2719,6438,Andrews
88,128,5,0.001864672,0.001838923,3219,2719,6438,Andrews
88,128,6,0.001834869,0.001815796,3219,2719,6438,Andrews
88,128,7,0.001764059,0.001745224,3219,2719,6438,Andrews
88,128,8,0.001752615,0.001734018,3219,2719,6438,Andrews
88,128,9,0.001811028,0.001792431,3219,2719,6438,Andrews
98,128,0,0.001730919,0.001696587,3094,2589,6188,Andrews
98,128,1,0.001699448,0.001666546,3094,2589,6188,Andrews
98,128,2,0.001790762,0.001768351,3094,2589,6188,Andrews
98,128,3,0.001751661,0.001730680,3094,2589,6188,Andrews
98,128,4,0.001727819,0.001705885,3094,2589,6188,Andrews
98,128,5,0.001624823,0.001603127,3094,2589,6188,Andrews
98,128,6,0.001647711,0.001626492,3094,2589,6188,Andrews
98,128,7,0.001709938,0.001689196,3094,2589,6188,Andrews
98,128,8,0.001674652,0.001653433,3094,2589,6188,Andrews
98,128,9,0.001763105,0.001734495,3094,2589,6188,Andrews
81,128,0,0.002026558,0.001997709,3302,2797,6604,Andrews
81,128,1,0.001913786,0.001891375,3302,2797,6604,Andrews
81,128,2,0.001935959,0.001915216,3302,2797,6604,Andrews
81,128,3,0.001885891,0.001865149,3302,2797,6604,Andrews
81,128,4,0.001862049,0.001841784,3302,2797,6604,Andrews
81,128,5,0.001884699,0.001864195,3302,2797,6604,Andrews
81,128,6,0.001902819,0.001883030,3302,2797,6604,Andrews
81,128,7,0.001981735,0.001961946,3302,2797,6604,Andrews
81,128,8,0.001804829,0.001785040,3302,2797,6604,Andrews
81,128,9,0.001858473,0.001837969,3302,2797,6604,Andrews
90,128,0,0.001894712,0.001872778,3152,2662,6304,Andrews
90,128,1,0.001814365,0.001794338,3152,2662,6304,Andrews
91,128,0,0.001895666,0.001870632,3238,2749,6476,Andrews
91,128,1,0.001710892,0.001688480,3238,2749,6476,Andrews
83,128,0,0.001974106,0.001952887,3193,2689,6386,Andrews
83,128,1,0.001893282,0.001872540,3193,2689,6386,Andrews
83,128,2,0.001881361,0.001861334,3193,2689,6386,Andrews
83,128,3,0.001861572,0.001842022,3193,2689,6386,Andrews
83,128,4,0.001811266,0.001791716,3193,2689,6386,Andrews
83,128,5,0.001864195,0.001844645,3193,2689,6386,Andrews
83,128,6,0.001862526,0.001843214,3193,2689,6386,Andrews
83,128,7,0.001904488,0.001885176,3193,2689,6386,Andrews
83,128,8,0.001783609,0.001764297,3193,2689,6386,Andrews
83,128,9,0.001824617,0.001805305,3193,2689,6386,Andrews
94,128,0,0.001685143,0.001664400,3271,2777,6542,Andrews
94,128,1,0.001704693,0.001684904,3271,2777,6542,Andrews
94,128,2,0.001812935,0.001793385,3271,2777,6542,Andrews
94,128,3,0.001786470,0.001766920,3271,2777,6542,Andrews
94,128,4,0.001734972,0.001715899,3271,2777,6542,Andrews
94,128,5,0.001815319,0.001796246,3271,2777,6542,Andrews
94,128,6,0.001782179,0.001763105,3271,2777,6542,Andrews
94,128,7,0.001718998,0.001700163,3271,2777,6542,Andrews
94,128,8,0.001727819,0.001708746,3271,2777,6542,Andrews
94,128,9,0.001781702,0.001762867,3271,2777,6542,Andrews
86,128,0,0.001935244,0.001905918,3129,2631,6258,Andrews
86,128,1,0.001877546,0.001852751,3129,2631,6258,Andrews
86,128,2,0.001888037,0.001864195,3129,2631,6258,Andrews
86,128,3,0.001868725,0.001847029,3129,2631,6258,Andrews
86,128,4,0.001818419,0.001797199,3129,2631,6258,Andrews
86,128,5,0.001861572,0.001839161,3129,2631,6258,Andrews
86,128,6,0.001863956,0.001842022,3129,2631,6258,Andrews
86,128,7,0.001888514,0.001867294,3129,2631,6258,Andrews
86,128,8,0.001760483,0.001739025,3129,2631,6258,Andrews
87,128,0,0.001999140,0.001968384,3286,2788,6572,Andrews
87,128,1,0.001918077,0.001891851,3286,2788,6572,Andrews
87,128,2,0.001913071,0.001890182,3286,2788,6572,Andrews
87,128,3,0.001847267,0.001824379,3286,2788,6572,Andrews
87,128,4,0.001836300,0.001815081,3286,2788,6572,Andrews
87,128,5,0.001846552,0.001825571,3286,2788,6572,Andrews
87,128,6,0.001878500,0.001857281,3286,2788,6572,Andrews
87,128,7,0.001768112,0.001746655,3286,2788,6572,Andrews
87,128,8,0.001765013,0.001745462,3286,2788,6572,Andrews
87,128,9,0.001827478,0.001807690,3286,2788,6572,Andrews
96,128,5,0.001778126,0.001760006,3178,2692,6356,Andrews
96,128,6,0.001785755,0.001767397,3178,2692,6356,Andrews
96,128,7,0.001721621,0.001703501,3178,2692,6356,Andrews
96,128,8,0.001688242,0.001670122,3178,2692,6356,Andrews
96,128,9,0.001721382,0.001703262,3178,2692,6356,Andrews
97,128,6,0.001755476,0.001735926,3260,2765,6520,Andrews
97,128,7,0.001687288,0.001667500,3260,2765,6520,Andrews
97,128,8,0.001687765,0.001668930,3260,2765,6520,Andrews
97,128,9,0.001729488,0.001710176,3260,2765,6520,Andrews
89,128,0,0.001927376,0.001906395,3224,2730,6448,Andrews
89,128,1,0.001824141,0.001804113,3224,2730,6448,Andrews
89,128,2,0.001842737,0.001823187,3224,2730,6448,Andrews
89,128,3,0.001818895,0.001799107,3224,2730,6448,Andrews
89,128,4,0.001766443,0.001746416,3224,2730,6448,Andrews
89,128,5,0.001806498,0.001786947,3224,2730,6448,Andrews
89,128,6,0.001811266,0.001791477,3224,2730,6448,Andrews
89,128,7,0.001763821,0.001744747,3224,2730,6448,Andrews
89,128,8,0.001755238,0.001736164,3224,2730,6448,Andrews
89,128,9,0.001796722,0.001777411,3224,2730,6448,Andrews
100,128,0,0.001684904,0.001664162,3189,2697,6378,Andrews
100,128,1,0.001680851,0.001660347,3189,2697,6378,Andrews
100,128,2,0.001799345,0.001780033,3189,2697,6378,Andrews
100,128,3,0.001684189,0.001665115,3189,2697,6378,Andrews
100,128,4,0.001698732,0.001679420,3189,2697,6378,Andrews
100,128,5,0.001667500,0.001648426,3189,2697,6378,Andrews
100,128,6,0.001667500,0.001648426,3189,2697,6378,Andrews
100,128,7,0.001687527,0.001668930,3189,2697,6378,Andrews
100,128,8,0.001680851,0.001662493,3189,2697,6378,Andrews
100,128,9,0.001759529,0.001740932,3189,2697,6378,Andrews
92,128,0,0.001885891,0.001859665,3267,2765,6534,Andrews
92,128,1,0.001742840,0.001713514,3267,2765,6534,Andrews
92,128,2,0.001840353,0.001817465,3267,2765,6534,Andrews
92,128,3,0.001868963,0.001842976,3267,2765,6534,Andrews
92,128,4,0.001795769,0.001767874,3267,2765,6534,Andrews
92,128,5,0.001854658,0.001832962,3267,2765,6534,Andrews
92,128,6,0.001805305,0.001783609,3267,2765,6534,Andrews
92,128,7,0.001763344,0.001741409,3267,2765,6534,Andrews
92,128,8,0.001729250,0.001706123,3267,2765,6534,Andrews
92,128,9,0.001806974,0.001783371,3267,2765,6534,Andrews
93,128,0,0.001876831,0.001848698,3306,2806,6612,Andrews
93,128,1,0.001768351,0.001744747,3306,2806,6612,Andrews
93,128,2,0.001882792,0.001861572,3306,2806,6612,Andrews
93,128,3,0.001793385,0.001772642,3306,2806,6612,Andrews
93,128,4,0.001775980,0.001755476,3306,2806,6612,Andrews
93,128,5,0.001832485,0.001813173,3306,2806,6612,Andrews
93,128,6,0.001847029,0.001827002,3306,2806,6612,Andrews
93,128,7,0.001731873,0.001710892,3306,2806,6612,Andrews
93,128,8,0.001734018,0.001712799,3306,2806,6612,Andrews
93,128,9,0.001800060,0.001779795,3306,2806,6612,Andrews
90,128,2,0.001831532,0.001811743,3152,2662,6304,Andrews
90,128,3,0.001780272,0.001761198,3152,2662,6304,Andrews
90,128,4,0.001756668,0.001737833,3152,2662,6304,Andrews
90,128,5,0.001790524,0.001771450,3152,2662,6304,Andrews
90,128,6,0.001797438,0.001778364,3152,2662,6304,Andrews
90,128,7,0.001722813,0.001704216,3152,2662,6304,Andrews
90,128,8,0.001703024,0.001684427,3152,2662,6304,Andrews
85,128,0,0.001952887,0.001931667,3285,2787,6570,Andrews
85,128,1,0.001871586,0.001849651,3285,2787,6570,Andrews
85,128,2,0.001880884,0.001861095,3285,2787,6570,Andrews
85,128,3,0.001820326,0.001800060,3285,2787,6570,Andrews
85,128,4,0.001784325,0.001764774,3285,2787,6570,Andrews
85,128,5,0.001855135,0.001835823,3285,2787,6570,Andrews
85,128,6,0.001853466,0.001834393,3285,2787,6570,Andrews
85,128,7,0.001866102,0.001846552,3285,2787,6570,Andrews
85,128,8,0.001778364,0.001758814,3285,2787,6570,Andrews
85,128,9,0.001789808,0.001770258,3285,2787,6570,Andrews
95,128,3,0.001757860,0.001738310,3208,2712,6416,Andrews
95,128,4,0.001745701,0.001726389,3208,2712,6416,Andrews
95,128,5,0.001778603,0.001759768,3208,2712,6416,Andrews
95,128,6,0.001801014,0.001781940,3208,2712,6416,Andrews
95,128,7,0.001712799,0.001693487,3208,2712,6416,Andrews
95,128,8,0.001704693,0.001685381,3208,2712,6416,Andrews
95,128,9,0.001774311,0.001754999,3208,2712,6416,Andrews
82,128,0,0.001897335,0.001876593,3290,2796,6580,Andrews
82,128,1,0.001903534,0.001883507,3290,2796,6580,Andrews
82,128,2,0.001918554,0.001899004,3290,2796,6580,Andrews
82,128,3,0.001863718,0.001844645,3290,2796,6580,Andrews
82,128,4,0.001846313,0.001827002,3290,2796,6580,Andrews
82,128,5,0.001888752,0.001869917,3290,2796,6580,Andrews
82,128,6,0.001894474,0.001875401,3290,2796,6580,Andrews
82,128,7,0.001909733,0.001890421,3290,2796,6580,Andrews
82,128,8,0.001793861,0.001774311,3290,2796,6580,Andrews
82,128,9,0.001825333,0.001805782,3290,2796,6580,Andrews
80,128,0,0.001994848,0.001966476,3250,2753,6500,Andrews
80,128,1,0.001937866,0.001914740,3250,2753,6500,Andrews
80,128,2,0.001945257,0.001923084,3250,2753,6500,Andrews
80,128,3,0.001896381,0.001872778,3250,2753,6500,Andrews
80,128,4,0.001843929,0.001821518,3250,2753,6500,Andrews
80,128,5,0.001895428,0.001873255,3250,2753,6500,Andrews
80,128,6,0.001915455,0.001893282,3250,2753,6500,Andrews
80,128,7,0.001960754,0.001937389,3250,2753,6500,Andrews
80,128,8,0.001795530,0.001772881,3250,2753,6500,Andrews
99,128,0,0.001869440,0.001832962,3212,2715,6424,Andrews
99,128,1,0.001721859,0.001690865,3212,2715,6424,Andrews
99,128,2,0.001799583,0.001777649,3212,2715,6424,Andrews
99,128,3,0.001637220,0.001616716,3212,2715,6424,Andrews
99,128,4,0.001755714,0.001736403,3212,2715,6424,Andrews
99,128,5,0.001626015,0.001606703,3212,2715,6424,Andrews
99,128,6,0.001664400,0.001645088,3212,2715,6424,Andrews
99,128,7,0.001703024,0.001683474,3212,2715,6424,Andrews
99,128,8,0.001682043,0.001662016,3212,2715,6424,Andrews
99,128,9,0.001775742,0.001755953,3212,2715,6424,Andrews
90,128,9,0.001737118,0.001718283,3152,2662,6304,Andrews
91,128,2,0.001853704,0.001832485,3238,2749,6476,Andrews
91,128,3,0.001778364,0.001757383,3238,2749,6476,Andrews
91,128,4,0.001748562,0.001727581,3238,2749,6476,Andrews
91,128,5,0.001821995,0.001801252,3238,2749,6476,Andrews
91,128,6,0.001791239,0.001770973,3238,2749,6476,Andrews
91,128,7,0.001721382,0.001701355,3238,2749,6476,Andrews
91,128,8,0.001734734,0.001714468,3238,2749,6476,Andrews
91,128,9,0.001766920,0.001746416,3238,2749,6476,Andrews
71,128,0,0.002045393,0.002023458,3303,2794,6606,Andrews
71,128,1,0.001954317,0.001933336,3303,2794,6606,Andrews
71,128,2,0.001960993,0.001939774,3303,2794,6606,Andrews
76,128,0,0.001966000,0.001914263,3077,2583,6154,Andrews
76,128,1,0.001923800,0.001902580,3077,2583,6154,Andrews
76,128,2,0.001946926,0.001925230,3077,2583,6154,Andrews
76,128,3,0.001894236,0.001872778,3077,2583,6154,Andrews
76,128,4,0.001879454,0.001857281,3077,2583,6154,Andrews
76,128,5,0.001911402,0.001890421,3077,2583,6154,Andrews
76,128,6,0.001913309,0.001893759,3077,2583,6154,Andrews
76,128,7,0.001937151,0.001916409,3077,2583,6154,Andrews
76,128,8,0.001821756,0.001799822,3077,2583,6154,Andrews
76,128,9,0.001852989,0.001832724,3077,2583,6154,Andrews
86,128,9,0.001814604,0.001793146,3129,2631,6258,Andrews
63,128,0,0.002066851,0.002035141,3294,2799,6588,Andrews
63,128,1,0.001975775,0.001949549,3294,2799,6588,Andrews
63,128,2,0.002014637,0.001993895,3294,2799,6588,Andrews
63,128,3,0.001969099,0.001949072,3294,2799,6588,Andrews
63,128,4,0.001936913,0.001917362,3294,2799,6588,Andrews
63,128,5,0.001952648,0.001931906,3294,2799,6588,Andrews
63,128,6,0.001968384,0.001947880,3294,2799,6588,Andrews
63,128,7,0.002032042,0.002011776,3294,2799,6588,Andrews
63,128,8,0.001873255,0.001853704,3294,2799,6588,Andrews
63,128,9,0.001925707,0.001906157,3294,2799,6588,Andrews
78,128,0,0.001960039,0.001937628,3124,2620,6248,Andrews
78,128,1,0.001906395,0.001885891,3124,2620,6248,Andrews
78,128,2,0.001913786,0.001893759,3124,2620,6248,Andrews
78,128,3,0.002035856,0.002015591,3124,2620,6248,Andrews
78,128,4,0.001829147,0.001809359,3124,2620,6248,Andrews
79,128,0,0.001985550,0.001956463,3202,2701,6404,Andrews
79,128,1,0.001898289,0.001874208,3202,2701,6404,Andrews
79,128,2,0.001926184,0.001902580,3202,2701,6404,Andrews
79,128,3,0.001851797,0.001830101,3202,2701,6404,Andrews
79,128,4,0.001848459,0.001827717,3202,2701,6404,Andrews
79,128,5,0.001885414,0.001865149,3202,2701,6404,Andrews
79,128,6,0.001868486,0.001848459,3202,2701,6404,Andrews
79,128,7,0.001901388,0.001881361,3202,2701,6404,Andrews
79,128,8,0.001818180,0.001798153,3202,2701,6404,Andrews
79,128,9,0.001829386,0.001800060,3202,2701,6404,Andrews
77,128,0,0.001995564,0.001974583,3194,2693,6388,Andrews
77,128,1,0.001917124,0.001896620,3194,2693,6388,Andrews
77,128,2,0.001940012,0.001919508,3194,2693,6388,Andrews
77,128,3,0.001886129,0.001866102,3194,2693,6388,Andrews
77,128,4,0.001855850,0.001836300,3194,2693,6388,Andrews
77,128,5,0.001892328,0.001872063,3194,2693,6388,Andrews
77,128,6,0.001906872,0.001887321,3194,2693,6388,Andrews
77,128,7,0.001933098,0.001914024,3194,2693,6388,Andrews
77,128,8,0.001812935,0.001793861,3194,2693,6388,Andrews
77,128,9,0.001851320,0.001832247,3194,2693,6388,Andrews
70,128,0,0.001983404,0.001961470,3186,2683,6372,Andrews
70,128,1,0.001955032,0.001935005,3186,2683,6372,Andrews
70,128,2,0.001982450,0.001962662,3186,2683,6372,Andrews
70,128,3,0.001934767,0.001915455,3186,2683,6372,Andrews
70,128,4,0.001905918,0.001886368,3186,2683,6372,Andrews
70,128,5,0.001953602,0.001934528,3186,2683,6372,Andrews
70,128,6,0.001944542,0.001925945,3186,2683,6372,Andrews
74,128,0,0.002069235,0.002025366,3144,2645,6288,Andrews
74,128,1,0.001956940,0.001932621,3144,2645,6288,Andrews
74,128,2,0.002007723,0.001984596,3144,2645,6288,Andrews
74,128,3,0.001944780,0.001922846,3144,2645,6288,Andrews
74,128,4,0.001886368,0.001864910,3144,2645,6288,Andrews
74,128,5,0.001935720,0.001914263,3144,2645,6288,Andrews
74,128,6,0.001942635,0.001922369,3144,2645,6288,Andrews
74,128,7,0.001983881,0.001962662,3144,2645,6288,Andrews
74,128,8,0.001821756,0.001801014,3144,2645,6288,Andrews
74,128,9,0.001870394,0.001849413,3144,2645,6288,Andrews
69,128,0,0.002068996,0.002041578,3226,2722,6452,Andrews
69,128,1,0.001978636,0.001955032,3226,2722,6452,Andrews
69,128,2,0.001986504,0.001965761,3226,2722,6452,Andrews
69,128,3,0.001940727,0.001919746,3226,2722,6452,Andrews
69,128,4,0.001914978,0.001894951,3226,2722,6452,Andrews
69,128,5,0.001926661,0.001906157,3226,2722,6452,Andrews
69,128,6,0.001949787,0.001929283,3226,2722,6452,Andrews
69,128,7,0.002004385,0.001984835,3226,2722,6452,Andrews
69,128,8,0.001851320,0.001823425,3226,2722,6452,Andrews
69,128,9,0.001906395,0.001886845,3226,2722,6452,Andrews
84,128,0,0.001957178,0.001935959,3203,2705,6406,Andrews
84,128,1,0.001871347,0.001851559,3203,2705,6406,Andrews
84,128,2,0.001866341,0.001847029,3203,2705,6406,Andrews
84,128,3,0.002029419,0.002010584,3203,2705,6406,Andrews
84,128,4,0.001803637,0.001784563,3203,2705,6406,Andrews
84,128,5,0.001823664,0.001805067,3203,2705,6406,Andrews
84,128,6,0.001854420,0.001835346,3203,2705,6406,Andrews
84,128,7,0.001893282,0.001874685,3203,2705,6406,Andrews
73,128,0,0.002006769,0.001983166,3233,2727,6466,Andrews
73,128,1,0.001925468,0.001903296,3233,2727,6466,Andrews
73,128,2,0.001968384,0.001945734,3233,2727,6466,Andrews
73,128,3,0.001873732,0.001851797,3233,2727,6466,Andrews
73,128,4,0.001857281,0.001836061,3233,2727,6466,Andrews
73,128,5,0.001906633,0.001885414,3233,2727,6466,Andrews
73,128,6,0.001896143,0.001874924,3233,2727,6466,Andrews
73,128,7,0.001926661,0.001905441,3233,2727,6466,Andrews
73,128,8,0.001841784,0.001819849,3233,2727,6466,Andrews
73,128,9,0.001842260,0.001813889,3233,2727,6466,Andrews
71,128,3,0.001920700,0.001899958,3303,2794,6606,Andrews
71,128,4,0.001896620,0.001876354,3303,2794,6606,Andrews
71,128,5,0.001922846,0.001902103,3303,2794,6606,Andrews
71,128,6,0.001919270,0.001898527,3303,2794,6606,Andrews
71,128,7,0.001968861,0.001947880,3303,2794,6606,Andrews
71,128,8,0.001831532,0.001811266,3303,2794,6606,Andrews
71,128,9,0.001874208,0.001853943,3303,2794,6606,Andrews
64,128,0,0.002002716,0.001982212,3115,2619,6230,Andrews
64,128,1,0.001976252,0.001956463,3115,2619,6230,Andrews
64,128,2,0.002009392,0.001990557,3115,2619,6230,Andrews
64,128,3,0.001964092,0.001945257,3115,2619,6230,Andrews
64,128,4,0.001922131,0.001903772,3115,2619,6230,Andrews
64,128,5,0.001969099,0.001950979,3115,2619,6230,Andrews
64,128,6,0.001969099,0.001950979,3115,2619,6230,Andrews
64,128,7,0.001996994,0.001978397,3115,2619,6230,Andrews
64,128,8,0.001889467,0.001870871,3115,2619,6230,Andrews
64,128,9,0.001919746,0.001901150,3115,2619,6230,Andrews
80,128,9,0.001840591,0.001817226,3250,2753,6500,Andrews
75,128,0,0.002058744,0.002022982,3308,2808,6616,Andrews
75,128,1,0.001964569,0.001934290,3308,2808,6616,Andrews
75,128,2,0.001969576,0.001944780,3308,2808,6616,Andrews
75,128,3,0.001930237,0.001907587,3308,2808,6616,Andrews
75,128,4,0.001909256,0.001885891,3308,2808,6616,Andrews
75,128,5,0.001910686,0.001888752,3308,2808,6616,Andrews
75,128,6,0.001934767,0.001914501,3308,2808,6616,Andrews
75,128,7,0.001993656,0.001973152,3308,2808,6616,Andrews
75,128,8,0.001837492,0.001817703,3308,2808,6616,Andrews
75,128,9,0.001883745,0.001863480,3308,2808,6616,Andrews
78,128,5,0.001852751,0.001832962,3124,2620,6248,Andrews
78,128,6,0.001882792,0.001863241,3124,2620,6248,Andrews
78,128,7,0.001913548,0.001894236,3124,2620,6248,Andrews
78,128,8,0.001774549,0.001755238,3124,2620,6248,Andrews
78,128,9,0.001794815,0.001775742,3124,2620,6248,Andrews
67,128,0,0.002032757,0.002008677,3286,2791,6572,Andrews
67,128,1,0.001941204,0.001918554,3286,2791,6572,Andrews
67,128,2,0.001985073,0.001962662,3286,2791,6572,Andrews
67,128,3,0.001911402,0.001888990,3286,2791,6572,Andrews
67,128,4,0.001880407,0.001858711,3286,2791,6572,Andrews
67,128,5,0.001921177,0.001899004,3286,2791,6572,Andrews
67,128,6,0.001918554,0.001896620,3286,2791,6572,Andrews
67,128,7,0.001956224,0.001934528,3286,2791,6572,Andrews
67,128,8,0.001855612,0.001833200,3286,2791,6572,Andrews
65,128,0,0.002071857,0.002051353,3216,2719,6432,Andrews
65,128,1,0.001979828,0.001960039,3216,2719,6432,Andrews
65,128,2,0.001992941,0.001973629,3216,2719,6432,Andrews
65,128,3,0.001947880,0.001929283,3216,2719,6432,Andrews
70,128,7,0.001976728,0.001958132,3186,2683,6372,Andrews
70,128,8,0.001846552,0.001827717,3186,2683,6372,Andrews
70,128,9,0.001906633,0.001878500,3186,2683,6372,Andrews
68,128,0,0.002086878,0.002046824,3193,2688,6386,Andrews
68,128,1,0.001999617,0.001965523,3193,2688,6386,Andrews
68,128,2,0.002022505,0.001993895,3193,2688,6386,Andrews
68,128,3,0.001962423,0.001938820,3193,2688,6386,Andrews
68,128,4,0.001910448,0.001882076,3193,2688,6386,Andrews
68,128,5,0.001953840,0.001931667,3193,2688,6386,Andrews
68,128,6,0.001972437,0.001950979,3193,2688,6386,Andrews
68,128,7,0.001992464,0.001970291,3193,2688,6386,Andrews
68,128,8,0.001861811,0.001838446,3193,2688,6386,Andrews
68,128,9,0.001906633,0.001883984,3193,2688,6386,Andrews
57,128,0,0.002068758,0.002040863,3288,2797,6576,Andrews
57,128,1,0.001985312,0.001962662,3288,2797,6576,Andrews
57,128,2,0.002027035,0.002005816,3288,2797,6576,Andrews
84,128,8,0.001757383,0.001738310,3203,2705,6406,Andrews
84,128,9,0.001788616,0.001769543,3203,2705,6406,Andrews
61,128,0,0.002057314,0.002032518,3397,2903,6794,Andrews
61,128,1,0.001975536,0.001952410,3397,2903,6794,Andrews
61,128,2,0.002005339,0.001982927,3397,2903,6794,Andrews
61,128,3,0.001938820,0.001916409,3397,2903,6794,Andrews
61,128,4,0.001915455,0.001892805,3397,2903,6794,Andrews
61,128,5,0.001957893,0.001935482,3397,2903,6794,Andrews
61,128,6,0.001940012,0.001917601,3397,2903,6794,Andrews
61,128,7,0.001980305,0.001957655,3397,2903,6794,Andrews
61,128,8,0.001880884,0.001858473,3397,2903,6794,Andrews
65,128,4,0.001910925,0.001892328,3216,2719,6432,Andrews
65,128,5,0.001970291,0.001951694,3216,2719,6432,Andrews
65,128,6,0.001952410,0.001933575,3216,2719,6432,Andrews
65,128,7,0.002003431,0.001985073,3216,2719,6432,Andrews
65,128,8,0.001870871,0.001852274,3216,2719,6432,Andrews
65,128,9,0.001915216,0.001896381,3216,2719,6432,Andrews
58,128,0,0.002020359,0.001998901,3159,2657,6318,Andrews
58,128,1,0.002007961,0.001988173,3159,2657,6318,Andrews
58,128,2,0.002036095,0.002016544,3159,2657,6318,Andrews
58,128,3,0.001988411,0.001968861,3159,2657,6318,Andrews
58,128,4,0.001940489,0.001920938,3159,2657,6318,Andrews
58,128,5,0.001992702,0.001973152,3159,2657,6318,Andrews
62,128,0,0.002098799,0.002070189,3178,2684,6356,Andrews
62,128,1,0.002001286,0.001977921,3178,2684,6356,Andrews
62,128,2,0.002018690,0.001995325,3178,2684,6356,Andrews
62,128,3,0.001971722,0.001949549,3178,2684,6356,Andrews
62,128,4,0.001925707,0.001892805,3178,2684,6356,Andrews
62,128,5,0.001970768,0.001948357,3178,2684,6356,Andrews
62,128,6,0.001979828,0.001956701,3178,2684,6356,Andrews
62,128,7,0.002018929,0.001995802,3178,2684,6356,Andrews
57,128,3,0.001982212,0.001960993,3288,2797,6576,Andrews
57,128,4,0.001939297,0.001918793,3288,2797,6576,Andrews
57,128,5,0.001969814,0.001949310,3288,2797,6576,Andrews
57,128,6,0.001979351,0.001958847,3288,2797,6576,Andrews
57,128,7,0.002060413,0.002040148,3288,2797,6576,Andrews
72,128,0,0.002012968,0.001992226,3212,2717,6424,Andrews
72,128,1,0.001923323,0.001903772,3212,2717,6424,Andrews
72,128,2,0.001948595,0.001929283,3212,2717,6424,Andrews
72,128,3,0.002038240,0.002019167,3212,2717,6424,Andrews
72,128,4,0.001863241,0.001842976,3212,2717,6424,Andrews
72,128,5,0.001879930,0.001860142,3212,2717,6424,Andrews
72,128,6,0.001904011,0.001885176,3212,2717,6424,Andrews
67,128,9,0.001857281,0.001834393,3286,2791,6572,Andrews
59,128,0,0.002075195,0.002053738,3175,2674,6350,Andrews
59,128,1,0.002005100,0.001984835,3175,2674,6350,Andrews
59,128,2,0.002010345,0.001989603,3175,2674,6350,Andrews
59,128,3,0.001950741,0.001931190,3175,2674,6350,Andrews
59,128,4,0.001929998,0.001910210,3175,2674,6350,Andrews
52,128,0,0.002035856,0.002014875,3182,2684,6364,Andrews
52,128,1,0.001998901,0.001978397,3182,2684,6364,Andrews
52,128,2,0.002051592,0.002031565,3182,2684,6364,Andrews
52,128,3,0.001987696,0.001967669,3182,2684,6364,Andrews
52,128,4,0.001955271,0.001936197,3182,2684,6364,Andrews
52,128,5,0.002009869,0.001991034,3182,2684,6364,Andrews
52,128,6,0.001995564,0.001976252,3182,2684,6364,Andrews
52,128,7,0.002038956,0.002019882,3182,2684,6364,Andrews
50,128,0,0.002101660,0.002070665,3186,2681,6372,Andrews
50,128,1,0.002025843,0.002000332,3186,2681,6372,Andrews
50,128,2,0.002063036,0.002039671,3186,2681,6372,Andrews
50,128,3,0.001999617,0.001976728,3186,2681,6372,Andrews
50,128,4,0.001957417,0.001933813,3186,2681,6372,Andrews
50,128,5,0.001986980,0.001964569,3186,2681,6372,Andrews
57,128,8,0.001905203,0.001885176,3288,2797,6576,Andrews
57,128,9,0.001948118,0.001928329,3288,2797,6576,Andrews
66,128,0,0.002024412,0.002003193,3245,2750,6490,Andrews
66,128,1,0.001944542,0.001924753,3245,2750,6490,Andrews
66,128,2,0.001967669,0.001947880,3245,2750,6490,Andrews
66,128,3,0.002039433,0.002019882,3245,2750,6490,Andrews
66,128,4,0.001877546,0.001857758,3245,2750,6490,Andrews
55,128,0,0.002108097,0.002068996,3297,2813,6594,Andrews
55,128,1,0.002009630,0.001970053,3297,2813,6594,Andrews
55,128,2,0.002041340,0.002012730,3297,2813,6594,Andrews
55,128,3,0.001945496,0.001915216,3297,2813,6594,Andrews
55,128,4,0.001929998,0.001901865,3297,2813,6594,Andrews
55,128,5,0.001977921,0.001951694,3297,2813,6594,Andrews
55,128,6,0.001961470,0.001935959,3297,2813,6594,Andrews
55,128,7,0.001991987,0.001971245,3297,2813,6594,Andrews
59,128,5,0.001972437,0.001952887,3175,2674,6350,Andrews
59,128,6,0.001970530,0.001945019,3175,2674,6350,Andrews
59,128,7,0.002008200,0.001988173,3175,2674,6350,Andrews
59,128,8,0.001880169,0.001860857,3175,2674,6350,Andrews
59,128,9,0.001937389,0.001917601,3175,2674,6350,Andrews
58,128,6,0.001991272,0.001971960,3159,2657,6318,Andrews
58,128,7,0.002018690,0.001999855,3159,2657,6318,Andrews
58,128,8,0.001906872,0.001887560,3159,2657,6318,Andrews
58,128,9,0.001942635,0.001923800,3159,2657,6318,Andrews
56,128,0,0.002101183,0.002072096,3116,2614,6232,Andrews
56,128,1,0.002030134,0.002005816,3116,2614,6232,Andrews
56,128,2,0.002038956,0.002016068,3116,2614,6232,Andrews
56,128,3,0.001986027,0.001963615,3116,2614,6232,Andrews
56,128,4,0.001952171,0.001930714,3116,2614,6232,Andrews
56,128,5,0.001989603,0.001968384,3116,2614,6232,Andrews
56,128,6,0.001981497,0.001960278,3116,2614,6232,Andrews
56,128,7,0.002048969,0.002028227,3116,2614,6232,Andrews
56,128,8,0.001883745,0.001862764,3116,2614,6232,Andrews
56,128,9,0.001973629,0.001952410,3116,2614,6232,Andrews
51,128,0,0.002100706,0.002068281,3116,2625,6232,Andrews
51,128,1,0.002006054,0.001978636,3116,2625,6232,Andrews
51,128,2,0.002053261,0.002032518,3116,2625,6232,Andrews
51,128,3,0.001998186,0.001976728,3116,2625,6232,Andrews
51,128,4,0.001963377,0.001943350,3116,2625,6232,Andrews
51,128,5,0.001989126,0.001967907,3116,2625,6232,Andrews
51,128,6,0.001997471,0.001977682,3116,2625,6232,Andrews
51,128,7,0.002052784,0.002032757,3116,2625,6232,Andrews
51,128,8,0.001924753,0.001905441,3116,2625,6232,Andrews
72,128,7,0.001952171,0.001932859,3212,2717,6424,Andrews
72,128,8,0.001803875,0.001785040,3212,2717,6424,Andrews
72,128,9,0.001827240,0.001807928,3212,2717,6424,Andrews
61,128,9,0.001881838,0.001859665,3397,2903,6794,Andrews
47,128,0,0.002131462,0.002110004,3225,2726,6450,Andrews
47,128,1,0.002031088,0.002010345,3225,2726,6450,Andrews
47,128,2,0.002032518,0.002012253,3225,2726,6450,Andrews
47,128,3,0.002018452,0.001998186,3225,2726,6450,Andrews
47,128,4,0.001969337,0.001949310,3225,2726,6450,Andrews
47,128,5,0.002004623,0.001984835,3225,2726,6450,Andrews
47,128,6,0.001996756,0.001976967,3225,2726,6450,Andrews
47,128,7,0.002040625,0.002020836,3225,2726,6450,Andrews
52,128,8,0.001921654,0.001902819,3182,2684,6364,Andrews
52,128,9,0.001967192,0.001947880,3182,2684,6364,Andrews
62,128,8,0.001858234,0.001836061,3178,2684,6356,Andrews
62,128,9,0.001933336,0.001910448,3178,2684,6356,Andrews
45,128,0,0.002098560,0.002072334,3281,2785,6562,Andrews
45,128,1,0.002006531,0.001985550,3281,2785,6562,Andrews
45,128,2,0.002058029,0.002038002,3281,2785,6562,Andrews
45,128,3,0.002042055,0.002015829,3281,2785,6562,Andrews
45,128,4,0.001976013,0.001956940,3281,2785,6562,Andrews
45,128,5,0.001990557,0.001970768,3281,2785,6562,Andrews
45,128,6,0.001993418,0.001973629,3281,2785,6562,Andrews
66,128,5,0.001912117,0.001892805,3245,2750,6490,Andrews
66,128,6,0.001923323,0.001904249,3245,2750,6490,Andrews
66,128,7,0.001977444,0.001958132,3245,2750,6490,Andrews
66,128,8,0.001832008,0.001812935,3245,2750,6490,Andrews
66,128,9,0.001846790,0.001827717,3245,2750,6490,Andrews
49,128,0,0.002089739,0.002065420,3199,2700,6398,Andrews
49,128,1,0.002018452,0.001997232,3199,2700,6398,Andrews
49,128,2,0.002051592,0.002030849,3199,2700,6398,Andrews
49,128,3,0.001965761,0.001944304,3199,2700,6398,Andrews
49,128,4,0.001956701,0.001935720,3199,2700,6398,Andrews
49,128,5,0.001984119,0.001963377,3199,2700,6398,Andrews
49,128,6,0.001980782,0.001960039,3199,2700,6398,Andrews
49,128,7,0.002008438,0.001988173,3199,2700,6398,Andrews
49,128,8,0.001941681,0.001921654,3199,2700,6398,Andrews
53,128,0,0.002108097,0.002086878,3308,2806,6616,Andrews
53,128,1,0.002032518,0.002011776,3308,2806,6616,Andrews
53,128,2,0.002040625,0.002020359,3308,2806,6616,Andrews
53,128,3,0.001990080,0.001969814,3308,2806,6616,Andrews
53,128,4,0.001963139,0.001943111,3308,2806,6616,Andrews
53,128,5,0.001995802,0.001976252,3308,2806,6616,Andrews
53,128,6,0.002002239,0.001982212,3308,2806,6616,Andrews
53,128,7,0.002043724,0.002023935,3308,2806,6616,Andrews
53,128,8,0.001914263,0.001894474,3308,2806,6616,Andrews
53,128,9,0.001986742,0.001966953,3308,2806,6616,Andrews
46,128,0,0.002050638,0.002029181,3215,2710,6430,Andrews
46,128,1,0.002023697,0.002003431,3215,2710,6430,Andrews
46,128,2,0.002065897,0.002046347,3215,2710,6430,Andrews
46,128,3,0.002012253,0.001992464,3215,2710,6430,Andrews
46,128,4,0.001971722,0.001952410,3215,2710,6430,Andrews
46,128,5,0.002010107,0.001990795,3215,2710,6430,Andrews
46,128,6,0.002006769,0.001987934,3215,2710,6430,Andrews
46,128,7,0.002052546,0.002033472,3215,2710,6430,Andrews
46,128,8,0.001933575,0.001914501,3215,2710,6430,Andrews
46,128,9,0.001991272,0.001971722,3215,2710,6430,Andrews
26,128,0,0.002190590,0.002160788,3128,2627,6256,Andrews
26,128,1,0.002110004,0.002086878,3128,2627,6256,Andrews
26,128,2,0.002133846,0.002109528,3128,2627,6256,Andrews
26,128,3,0.002074957,0.002052069,3128,2627,6256,Andrews
26,128,4,0.002058029,0.002035618,3128,2627,6256,Andrews
26,128,5,0.002081156,0.002060175,3128,2627,6256,Andrews
26,128,6,0.002085924,0.002064466,3128,2627,6256,Andrews
26,128,7,0.002129316,0.002107143,3128,2627,6256,Andrews
26,128,8,0.002035141,0.002014160,3128,2627,6256,Andrews
51,128,9,0.001987696,0.001968622,3116,2625,6232,Andrews
60,128,0,0.002049923,0.002028704,3084,2583,6168,Andrews
60,128,1,0.001962423,0.001942396,3084,2583,6168,Andrews
60,128,2,0.001993418,0.001974583,3084,2583,6168,Andrews
60,128,3,0.002052307,0.002033472,3084,2583,6168,Andrews
55,128,8,0.001909018,0.001887798,3297,2813,6594,Andrews
55,128,9,0.001897335,0.001874447,3297,2813,6594,Andrews
47,128,8,0.001919746,0.001899958,3225,2726,6450,Andrews
47,128,9,0.001993418,0.001973867,3225,2726,6450,Andrews
4,128,0,0.001966953,0.001946688,3097,2601,6194,Andrews
4,128,1,0.001947403,0.001927376,3097,2601,6194,Andrews
4,128,2,0.002021551,0.002002478,3097,2601,6194,Andrews
4,128,3,0.001977444,0.001958609,3097,2601,6194,Andrews
4,128,4,0.001996040,0.001977444,3097,2601,6194,Andrews
4,128,5,0.001965284,0.001946926,3097,2601,6194,Andrews
4,128,6,0.001986980,0.001968384,3097,2601,6194,Andrews
32,128,0,0.002165556,0.002131462,3204,2711,6408,Andrews
32,128,1,0.002082348,0.002057791,3204,2711,6408,Andrews
32,128,2,0.002105236,0.002082586,3204,2711,6408,Andrews
32,128,3,0.002042532,0.002020836,3204,2711,6408,Andrews
32,128,4,0.002021551,0.001999855,3204,2711,6408,Andrews
32,128,5,0.002050400,0.002028465,3204,2711,6408,Andrews
32,128,6,0.002059221,0.002037048,3204,2711,6408,Andrews
32,128,7,0.002095699,0.002073050,3204,2711,6408,Andrews
32,128,8,0.002002239,0.001980066,3204,2711,6408,Andrews
32,128,9,0.002038240,0.002015829,3204,2711,6408,Andrews
3,128,0,0.002061129,0.002033234,3160,2661,6320,Andrews
3,128,1,0.001957893,0.001936436,3160,2661,6320,Andrews
3,128,2,0.002036810,0.002016306,3160,2661,6320,Andrews
3,128,3,0.002008200,0.001987696,3160,2661,6320,Andrews
3,128,4,0.002040148,0.002019882,3160,2661,6320,Andrews
60,128,4,0.001909494,0.001890898,3084,2583,6168,Andrews
60,128,5,0.001937389,0.001918793,3084,2583,6168,Andrews
60,128,6,0.001949787,0.001931429,3084,2583,6168,Andrews
60,128,7,0.001997471,0.001978636,3084,2583,6168,Andrews
60,128,8,0.001862288,0.001843691,3084,2583,6168,Andrews
43,128,0,0.002133846,0.002084255,3187,2683,6374,Andrews
43,128,1,0.002030611,0.002004385,3187,2683,6374,Andrews
43,128,2,0.002078533,0.002058029,3187,2683,6374,Andrews
43,128,3,0.001976967,0.001957417,3187,2683,6374,Andrews
43,128,4,0.001929998,0.001910925,3187,2683,6374,Andrews
43,128,5,0.001991034,0.001971722,3187,2683,6374,Andrews
43,128,6,0.001955986,0.001935959,3187,2683,6374,Andrews
35,128,0,0.002173424,0.002151489,3165,2663,6330,Andrews
35,128,1,0.002080917,0.002060890,3165,2663,6330,Andrews
40,128,0,0.002079725,0.002058983,3127,2630,6254,Andrews
40,128,1,0.002050161,0.002030611,3127,2630,6254,Andrews
40,128,2,0.002070427,0.002051592,3127,2630,6254,Andrews
40,128,3,0.002024651,0.002006292,3127,2630,6254,Andrews
38,128,0,0.002139330,0.002109528,3163,2661,6326,Andrews
38,128,1,0.002064228,0.002039194,3163,2661,6326,Andrews
38,128,2,0.002086401,0.002064943,3163,2661,6326,Andrews
38,128,3,0.002023458,0.002002239,3163,2661,6326,Andrews
38,128,4,0.002006292,0.001984835,3163,2661,6326,Andrews
38,128,5,0.002026081,0.002005100,3163,2661,6326,Andrews
38,128,6,0.002036333,0.002015591,3163,2661,6326,Andrews
38,128,7,0.002080441,0.002059937,3163,2661,6326,Andrews
38,128,8,0.001985312,0.001965046,3163,2661,6326,Andrews
38,128,9,0.002018213,0.001996756,3163,2661,6326,Andrews
27,128,0,0.002161741,0.002130985,3233,2739,6466,Andrews
27,128,1,0.002061844,0.002038240,3233,2739,6466,Andrews
27,128,2,0.002098799,0.002077103,3233,2739,6466,Andrews
27,128,3,0.002058506,0.002031326,3233,2739,6466,Andrews
27,128,4,0.002036810,0.002017021,3233,2739,6466,Andrews
27,128,5,0.002046824,0.002026558,3233,2739,6466,Andrews
27,128,6,0.002060175,0.002039671,3233,2739,6466,Andrews
27,128,7,0.002090216,0.002070904,3233,2739,6466,Andrews
27,128,8,0.002029896,0.002010345,3233,2739,6466,Andrews
27,128,9,0.002032042,0.002012253,3233,2739,6466,Andrews
54,128,0,0.002074718,0.002053261,3161,2661,6322,Andrews
54,128,1,0.001977205,0.001957417,3161,2661,6322,Andrews
54,128,2,0.002032280,0.002013445,3161,2661,6322,Andrews
54,128,3,0.002062798,0.002043724,3161,2661,6322,Andrews
49,128,9,0.001922607,0.001902580,3199,2700,6398,Andrews
41,128,0,0.002150536,0.002128363,3235,2728,6470,Andrews
41,128,1,0.002055883,0.002036095,3235,2728,6470,Andrews
41,128,2,0.002056837,0.002036572,3235,2728,6470,Andrews
41,128,3,0.002002716,0.001982450,3235,2728,6470,Andrews
41,128,4,0.002003193,0.001982927,3235,2728,6470,Andrews
41,128,5,0.002041340,0.002021790,3235,2728,6470,Andrews
41,128,6,0.002026796,0.002006769,3235,2728,6470,Andrews
4,128,7,0.002013922,0.001995564,3097,2601,6194,Andrews
4,128,8,0.002007484,0.001989603,3097,2601,6194,Andrews
4,128,9,0.002026796,0.002008200,3097,2601,6194,Andrews
44,128,0,0.002134562,0.002091885,3216,2713,6432,Andrews
44,128,1,0.002047777,0.002015829,3216,2713,6432,Andrews
44,128,2,0.002079725,0.002052069,3216,2713,6432,Andrews
44,128,3,0.002029657,0.002002954,3216,2713,6432,Andrews
44,128,4,0.001984835,0.001958847,3216,2713,6432,Andrews
44,128,5,0.002002954,0.001975536,3216,2713,6432,Andrews
44,128,6,0.002024174,0.002001762,3216,2713,6432,Andrews
44,128,7,0.002071619,0.002049923,3216,2713,6432,Andrews
44,128,8,0.001958132,0.001917362,3216,2713,6432,Andrews
44,128,9,0.001999140,0.001977444,3216,2713,6432,Andrews
33,128,0,0.002138376,0.002105236,3133,2634,6266,Andrews
33,128,1,0.002035856,0.002014637,3133,2634,6266,Andrews
33,128,2,0.002073050,0.002050638,3133,2634,6266,Andrews
33,128,3,0.002017736,0.001997471,3133,2634,6266,Andrews
33,128,4,0.002007723,0.001987696,3133,2634,6266,Andrews
33,128,5,0.002023458,0.002004147,3133,2634,6266,Andrews
33,128,6,0.002028465,0.002008677,3133,2634,6266,Andrews
33,128,7,0.002069473,0.002049923,3133,2634,6266,Andrews
33,128,8,0.001997948,0.001977444,3133,2634,6266,Andrews
33,128,9,0.002044916,0.002024889,3133,2634,6266,Andrews
60,128,9,0.001906633,0.001888275,3084,2583,6168,Andrews
37,128,0,0.002144098,0.002111435,3295,2794,6590,Andrews
37,128,1,0.002065420,0.002044439,3295,2794,6590,Andrews
37,128,2,0.002083540,0.002062798,3295,2794,6590,Andrews
37,128,3,0.001997471,0.001977205,3295,2794,6590,Andrews
5,128,0,0.002084255,0.002063036,3279,2779,6558,Andrews
5,128,1,0.001988173,0.001967669,3279,2779,6558,Andrews
5,128,2,0.002030849,0.002010822,3279,2779,6558,Andrews
5,128,3,0.001999617,0.001979828,3279,2779,6558,Andrews
5,128,4,0.002022266,0.002002954,3279,2779,6558,Andrews
5,128,5,0.001965284,0.001946211,3279,2779,6558,Andrews
5,128,6,0.002006054,0.001986504,3279,2779,6558,Andrews
40,128,4,0.002007723,0.001989126,3127,2630,6254,Andrews
40,128,5,0.002042770,0.002024412,3127,2630,6254,Andrews
40,128,6,0.002033234,0.002015114,3127,2630,6254,Andrews
40,128,7,0.002042294,0.002023935,3127,2630,6254,Andrews
40,128,8,0.001999855,0.001981497,3127,2630,6254,Andrews
40,128,9,0.002027035,0.002008438,3127,2630,6254,Andrews
50,128,6,0.001993656,0.001971483,3186,2681,6372,Andrews
50,128,7,0.002059698,0.002035141,3186,2681,6372,Andrews
50,128,8,0.001896381,0.001872540,3186,2681,6372,Andrews
50,128,9,0.001985312,0.001961708,3186,2681,6372,Andrews
39,128,0,0.002119303,0.002084494,3231,2726,6462,Andrews
39,128,1,0.002024412,0.001996279,3231,2726,6462,Andrews
39,128,2,0.002048254,0.002023220,3231,2726,6462,Andrews
39,128,3,0.002005100,0.001981020,3231,2726,6462,Andrews
39,128,4,0.001987219,0.001965046,3231,2726,6462,Andrews
39,128,5,0.002007961,0.001986265,3231,2726,6462,Andrews
39,128,6,0.002008915,0.001987457,3231,2726,6462,Andrews
39,128,7,0.002043724,0.002022743,3231,2726,6462,Andrews
39,128,8,0.001980305,0.001960516,3231,2726,6462,Andrews
39,128,9,0.002032042,0.002011538,3231,2726,6462,Andrews
48,128,0,0.002096415,0.002074957,3114,2621,6228,Andrews
48,128,1,0.002004147,0.001984358,3114,2621,6228,Andrews
48,128,2,0.002030373,0.002010345,3114,2621,6228,Andrews
48,128,3,0.002065897,0.002045870,3114,2621,6228,Andrews
43,128,7,0.001997471,0.001977444,3187,2683,6374,Andrews
43,128,8,0.001949549,0.001930475,3187,2683,6374,Andrews
43,128,9,0.001607895,0.001588821,3187,2683,6374,Andrews
23,128,0,0.002219915,0.002199650,3218,2718,6436,Andrews
23,128,1,0.002119064,0.002099514,3218,2718,6436,Andrews
23,128,2,0.002121210,0.002101898,3218,2718,6436,Andrews
23,128,3,0.002082825,0.002063513,3218,2718,6436,Andrews
23,128,4,0.002067804,0.002048492,3218,2718,6436,Andrews
23,128,5,0.002103329,0.002084255,3218,2718,6436,Andrews
23,128,6,0.002095222,0.002076387,3218,2718,6436,Andrews
124,128,0,0.002001524,0.001980066,3208,2709,6416,Andrews
124,128,1,0.001972914,0.001953363,3208,2709,6416,Andrews
124,128,2,0.002047062,0.002027512,3208,2709,6416,Andrews
124,128,3,0.002004385,0.001985312,3208,2709,6416,Andrews
124,128,4,0.002017021,0.001997948,3208,2709,6416,Andrews
124,128,5,0.001955271,0.001935959,3208,2709,6416,Andrews
124,128,6,0.002006769,0.001986980,3208,2709,6416,Andrews
124,128,7,0.002030611,0.002012014,3208,2709,6416,Andrews
124,128,8,0.002027035,0.002008200,3208,2709,6416,Andrews
124,128,9,0.002040386,0.002021551,3208,2709,6416,Andrews
2,128,0,0.002088785,0.002055407,3148,2648,6296,Andrews
2,128,1,0.001988888,0.001963854,3148,2648,6296,Andrews
2,128,2,0.002067566,0.002044439,3148,2648,6296,Andrews
2,128,3,0.002014637,0.001992702,3148,2648,6296,Andrews
2,128,4,0.002041101,0.002018452,3148,2648,6296,Andrews
2,128,5,0.001969099,0.001947165,3148,2648,6296,Andrews
2,128,6,0.002017498,0.001995802,3148,2648,6296,Andrews
2,128,7,0.002073288,0.002050161,3148,2648,6296,Andrews
2,128,8,0.002029181,0.002006531,3148,2648,6296,Andrews
2,128,9,0.002050877,0.002027750,3148,2648,6296,Andrews
45,128,7,0.002059460,0.002039909,3281,2785,6562,Andrews
45,128,8,0.001925230,0.001905918,3281,2785,6562,Andrews
45,128,9,0.002009153,0.001989126,3281,2785,6562,Andrews
54,128,4,0.001923084,0.001904488,3161,2661,6322,Andrews
54,128,5,0.001949787,0.001930475,3161,2661,6322,Andrews
54,128,6,0.001975298,0.001955748,3161,2661,6322,Andrews
54,128,7,0.002020836,0.002001524,3161,2661,6322,Andrews
54,128,8,0.001875639,0.001856804,3161,2661,6322,Andrews
54,128,9,0.001925707,0.001907349,3161,2661,6322,Andrews
37,128,4,0.001997471,0.001969814,3295,2794,6590,Andrews
37,128,5,0.002031803,0.002012014,3295,2794,6590,Andrews
37,128,6,0.001986980,0.001966715,3295,2794,6590,Andrews
37,128,7,0.002013445,0.001993179,3295,2794,6590,Andrews
37,128,8,0.002023458,0.002003193,3295,2794,6590,Andrews
37,128,9,0.001644850,0.001624584,3295,2794,6590,Andrews
29,128,0,0.002201080,0.002178907,3464,2961,6928,Andrews
29,128,1,0.002101660,0.002081156,3464,2961,6928,Andrews
29,128,2,0.002100229,0.002079964,3464,2961,6928,Andrews
29,128,3,0.002063513,0.002043724,3464,2961,6928,Andrews
29,128,4,0.002046824,0.002027035,3464,2961,6928,Andrews
29,128,5,0.002083302,0.002063751,3464,2961,6928,Andrews
29,128,6,0.002072811,0.002053499,3464,2961,6928,Andrews
29,128,7,0.002111435,0.002091885,3464,2961,6928,Andrews
29,128,8,0.002035141,0.002015591,3464,2961,6928,Andrews
29,128,9,0.002046347,0.002026796,3464,2961,6928,Andrews
22,128,0,0.002150297,0.002129078,3155,2656,6310,Andrews
22,128,1,0.002111673,0.002092123,3155,2656,6310,Andrews
22,128,2,0.002136707,0.002117395,3155,2656,6310,Andrews
22,128,3,0.002090216,0.002071142,3155,2656,6310,Andrews
8,128,0,0.002067566,0.002041817,3066,2573,6132,Andrews
8,128,1,0.001965761,0.001943588,3066,2573,6132,Andrews
8,128,2,0.002023935,0.002002239,3066,2573,6132,Andrews
8,128,3,0.002000332,0.001979828,3066,2573,6132,Andrews
8,128,4,0.002005577,0.001985550,3066,2573,6132,Andrews
8,128,5,0.001972675,0.001951694,3066,2573,6132,Andrews
8,128,6,0.002002239,0.001981497,3066,2573,6132,Andrews
8,128,7,0.002047539,0.002026796,3066,2573,6132,Andrews
8,128,8,0.002020597,0.002000809,3066,2573,6132,Andrews
8,128,9,0.002048969,0.002028465,3066,2573,6132,Andrews
3,128,5,0.001949072,0.001929045,3160,2661,6320,Andrews
3,128,6,0.002014875,0.001995564,3160,2661,6320,Andrews
3,128,7,0.002044916,0.002025604,3160,2661,6320,Andrews
3,128,8,0.002036333,0.002017498,3160,2661,6320,Andrews
3,128,9,0.002047539,0.002028465,3160,2661,6320,Andrews
42,128,0,0.002069473,0.002048731,3231,2733,6462,Andrews
42,128,1,0.001981735,0.001961946,3231,2733,6462,Andrews
42,128,2,0.002012253,0.001992941,3231,2733,6462,Andrews
42,128,3,0.002013445,0.001993895,3231,2733,6462,Andrews
42,128,4,0.001901865,0.001883030,3231,2733,6462,Andrews
42,128,5,0.001937389,0.001918316,3231,2733,6462,Andrews
7,128,0,0.002054691,0.002019167,3160,2661,6320,Andrews
7,128,1,0.001975536,0.001946688,3160,2661,6320,Andrews
7,128,2,0.002021790,0.001993418,3160,2661,6320,Andrews
7,128,3,0.001963139,0.001932859,3160,2661,6320,Andrews
7,128,4,0.001984596,0.001955986,3160,2661,6320,Andrews
7,128,5,0.001953602,0.001925230,3160,2661,6320,Andrews
35,128,2,0.002092123,0.002072573,3165,2663,6330,Andrews
35,128,3,0.002028704,0.002009153,3165,2663,6330,Andrews
35,128,4,0.002021551,0.002002001,3165,2663,6330,Andrews
35,128,5,0.002062321,0.002043247,3165,2663,6330,Andrews
35,128,6,0.002051353,0.002032042,3165,2663,6330,Andrews
35,128,7,0.002084255,0.002065420,3165,2663,6330,Andrews
35,128,8,0.002011776,0.001992941,3165,2663,6330,Andrews
35,128,9,0.002033710,0.002014637,3165,2663,6330,Andrews
28,128,0,0.002146244,0.002125263,3146,2647,6292,Andrews
28,128,1,0.002094507,0.002074480,3146,2647,6292,Andrews
28,128,2,0.002127647,0.002108335,3146,2647,6292,Andrews
28,128,3,0.002070904,0.002052069,3146,2647,6292,Andrews
28,128,4,0.002052069,0.002033710,3146,2647,6292,Andrews
28,128,5,0.002084970,0.002066612,3146,2647,6292,Andrews
28,128,6,0.002081633,0.002063036,3146,2647,6292,Andrews
28,128,7,0.002110720,0.002091646,3146,2647,6292,Andrews
28,128,8,0.002069950,0.002051353,3146,2647,6292,Andrews
28,128,9,0.002059221,0.002040625,3146,2647,6292,Andrews
14,128,0,0.002234697,0.002205133,3102,2606,6204,Andrews
14,128,1,0.002150059,0.002127647,3102,2606,6204,Andrews
14,128,2,0.002162933,0.002141237,3102,2606,6204,Andrews
14,128,3,0.002115488,0.002094269,3102,2606,6204,Andrews
14,128,4,0.002091646,0.002071142,3102,2606,6204,Andrews
14,128,5,0.002126694,0.002105713,3102,2606,6204,Andrews
14,128,6,0.002125740,0.002104759,3102,2606,6204,Andrews
14,128,7,0.002170324,0.002149343,3102,2606,6204,Andrews
14,128,8,0.002071381,0.002050400,3102,2606,6204,Andrews
14,128,9,0.002082109,0.002060890,3102,2606,6204,Andrews
15,128,0,0.002198696,0.002172232,3307,2806,6614,Andrews
15,128,1,0.002110720,0.002088785,3307,2806,6614,Andrews
15,128,2,0.002139091,0.002117872,3307,2806,6614,Andrews
15,128,3,0.002093792,0.002073765,3307,2806,6614,Andrews
15,128,4,0.002080441,0.002060890,3307,2806,6614,Andrews
15,128,5,0.002085209,0.002065420,3307,2806,6614,Andrews
15,128,6,0.002097368,0.002077341,3307,2806,6614,Andrews
15,128,7,0.002139091,0.002111197,3307,2806,6614,Andrews
15,128,8,0.002068758,0.002049446,3307,2806,6614,Andrews
15,128,9,0.002064705,0.002045155,3307,2806,6614,Andrews
48,128,4,0.001936674,0.001917839,3114,2621,6228,Andrews
48,128,5,0.001962423,0.001943111,3114,2621,6228,Andrews
48,128,6,0.001978397,0.001959562,3114,2621,6228,Andrews
48,128,7,0.002021551,0.002001762,3114,2621,6228,Andrews
48,128,8,0.001897573,0.001878500,3114,2621,6228,Andrews
48,128,9,0.001945972,0.001927376,3114,2621,6228,Andrews
1,128,0,0.002081394,0.002050161,3345,2847,6690,Andrews
1,128,1,0.002000570,0.001976252,3345,2847,6690,Andrews
1,128,2,0.002066135,0.002036095,3345,2847,6690,Andrews
1,128,3,0.001991510,0.001960516,3345,2847,6690,Andrews
1,128,4,0.002034903,0.001999855,3345,2847,6690,Andrews
1,128,5,0.001995087,0.001971006,3345,2847,6690,Andrews
41,128,7,0.002052546,0.002032995,3235,2728,6470,Andrews
41,128,8,0.001988173,0.001969099,3235,2728,6470,Andrews
41,128,9,0.002029896,0.002010107,3235,2728,6470,Andrews
34,128,0,0.002102613,0.002082586,3141,2646,6282,Andrews
34,128,1,0.002069473,0.002050161,3141,2646,6282,Andrews
34,128,2,0.002093792,0.002075195,3141,2646,6282,Andrews
34,128,3,0.002038002,0.002019405,3141,2646,6282,Andrews
34,128,4,0.002024889,0.002006531,3141,2646,6282,Andrews
34,128,5,0.002064943,0.002046585,3141,2646,6282,Andrews
34,128,6,0.002055407,0.002036572,3141,2646,6282,Andrews
34,128,7,0.002078056,0.002059698,3141,2646,6282,Andrews
34,128,8,0.002034664,0.002016783,3141,2646,6282,Andrews
34,128,9,0.002056837,0.002038717,3141,2646,6282,Andrews
20,128,0,0.002212524,0.002184153,3146,2651,6292,Andrews
20,128,1,0.002127171,0.002101898,3146,2651,6292,Andrews
20,128,2,0.002144575,0.002121925,3146,2651,6292,Andrews
20,128,3,0.002089024,0.002066374,3146,2651,6292,Andrews
20,128,4,0.002065897,0.002043962,3146,2651,6292,Andrews
20,128,5,0.002095222,0.002073050,3146,2651,6292,Andrews
20,128,6,0.002097130,0.002074957,3146,2651,6292,Andrews
20,128,7,0.002143621,0.002120495,3146,2651,6292,Andrews
20,128,8,0.002055407,0.002033234,3146,2651,6292,Andrews
20,128,9,0.002060175,0.002037048,3146,2651,6292,Andrews
21,128,0,0.002192736,0.002156019,3239,2737,6478,Andrews
21,128,1,0.002092600,0.002062559,3239,2737,6478,Andrews
21,128,2,0.002115965,0.002089977,3239,2737,6478,Andrews
21,128,3,0.002078056,0.002052784,3239,2737,6478,Andrews
21,128,4,0.002055645,0.002032042,3239,2737,6478,Andrews
21,128,5,0.002059937,0.002035856,3239,2737,6478,Andrews
21,128,6,0.002076864,0.002053976,3239,2737,6478,Andrews
21,128,7,0.002126217,0.002090693,3239,2737,6478,Andrews
21,128,8,0.002051592,0.002028227,3239,2737,6478,Andrews
21,128,9,0.002058268,0.002027512,3239,2737,6478,Andrews
42,128,6,0.001972198,0.001953125,3231,2733,6462,Andrews
42,128,7,0.002013683,0.001994610,3231,2733,6462,Andrews
42,128,8,0.001917601,0.001898766,3231,2733,6462,Andrews
42,128,9,0.001956940,0.001937866,3231,2733,6462,Andrews
7,128,6,0.001983643,0.001955748,3160,2661,6320,Andrews
7,128,7,0.002023458,0.001991034,3160,2661,6320,Andrews
7,128,8,0.002037048,0.002009153,3160,2661,6320,Andrews
7,128,9,0.002012014,0.001980305,3160,2661,6320,Andrews
5,128,7,0.002050400,0.002031326,3279,2779,6558,Andrews
5,128,8,0.002032042,0.002012730,3279,2779,6558,Andrews
5,128,9,0.002052069,0.002032757,3279,2779,6558,Andrews
118,128,0,0.002029657,0.002008915,3161,2665,6322,Andrews
118,128,1,0.001986742,0.001967192,3161,2665,6322,Andrews
118,128,2,0.002068758,0.002049446,3161,2665,6322,Andrews
118,128,3,0.002023458,0.002004385,3161,2665,6322,Andrews
118,128,4,0.002037287,0.002018452,3161,2665,6322,Andrews
118,128,5,0.001982450,0.001963377,3161,2665,6322,Andrews
118,128,6,0.002023697,0.002004862,3161,2665,6322,Andrews
118,128,7,0.002048731,0.002029896,3161,2665,6322,Andrews
118,128,8,0.002047062,0.002028227,3161,2665,6322,Andrews
118,128,9,0.002056360,0.002037525,3161,2665,6322,Andrews
26,128,9,0.002046824,0.002025604,3128,2627,6256,Andrews
123,128,0,0.002097368,0.002067566,3206,2709,6412,Andrews
123,128,1,0.001995325,0.001974583,3206,2709,6412,Andrews
123,128,2,0.002082348,0.002062082,3206,2709,6412,Andrews
123,128,3,0.002027988,0.002007961,3206,2709,6412,Andrews
123,128,4,0.002058983,0.002039194,3206,2709,6412,Andrews
123,128,5,0.001972437,0.001953125,3206,2709,6412,Andrews
123,128,6,0.002038956,0.002019644,3206,2709,6412,Andrews
123,128,7,0.002066612,0.002047062,3206,2709,6412,Andrews
123,128,8,0.002059698,0.002040625,3206,2709,6412,Andrews
123,128,9,0.002078056,0.002058983,3206,2709,6412,Andrews
6,128,0,0.002046347,0.002024889,3190,2685,6380,Andrews
6,128,1,0.001946926,0.001927137,3190,2685,6380,Andrews
25,128,0,0.002184153,0.002159834,3181,2684,6362,Andrews
25,128,1,0.002097130,0.002074718,3181,2684,6362,Andrews
25,128,2,0.002128363,0.002106428,3181,2684,6362,Andrews
25,128,3,0.002048492,0.002026796,3181,2684,6362,Andrews
25,128,4,0.002044916,0.002022505,3181,2684,6362,Andrews
25,128,5,0.002078772,0.002056837,3181,2684,6362,Andrews
25,128,6,0.002037764,0.002015352,3181,2684,6362,Andrews
25,128,7,0.002070427,0.002048254,3181,2684,6362,Andrews
25,128,8,0.002067566,0.002045155,3181,2684,6362,Andrews
23,128,7,0.002130747,0.002111912,3218,2718,6436,Andrews
23,128,8,0.002065897,0.002046824,3218,2718,6436,Andrews
23,128,9,0.002051115,0.002031326,3218,2718,6436,Andrews
16,128,0,0.002167702,0.002146244,3205,2705,6410,Andrews
16,128,1,0.002130985,0.002111197,3205,2705,6410,Andrews
16,128,2,0.002164841,0.002146006,3205,2705,6410,Andrews
16,128,3,0.002119780,0.002100706,3205,2705,6410,Andrews
16,128,4,0.002091885,0.002072811,3205,2705,6410,Andrews
16,128,5,0.002126694,0.002107859,3205,2705,6410,Andrews
16,128,6,0.002119303,0.002100468,3205,2705,6410,Andrews
16,128,7,0.002149343,0.002130508,3205,2705,6410,Andrews
16,128,8,0.002089262,0.002070904,3205,2705,6410,Andrews
16,128,9,0.002079248,0.002060652,3205,2705,6410,Andrews
116,128,0,0.002121210,0.002090931,3193,2700,6386,Andrews
116,128,1,0.002044439,0.002019644,3193,2700,6386,Andrews
116,128,2,0.002104521,0.002081156,3193,2700,6386,Andrews
116,128,3,0.002065420,0.002042770,3193,2700,6386,Andrews
116,128,4,0.002086401,0.002064228,3193,2700,6386,Andrews
116,128,5,0.002011538,0.001989365,3193,2700,6386,Andrews
116,128,6,0.002057076,0.002035618,3193,2700,6386,Andrews
116,128,7,0.002106667,0.002084255,3193,2700,6386,Andrews
116,128,8,0.002061367,0.002039433,3193,2700,6386,Andrews
116,128,9,0.002100945,0.002079010,3193,2700,6386,Andrews
9,128,0,0.002239943,0.002213001,3184,2694,6368,Andrews
9,128,1,0.002144337,0.002122641,3184,2694,6368,Andrews
9,128,2,0.002173185,0.002151251,3184,2694,6368,Andrews
9,128,3,0.002131462,0.002109766,3184,2694,6368,Andrews
9,128,4,0.002113581,0.002091646,3184,2694,6368,Andrews
9,128,5,0.002125025,0.002104759,3184,2694,6368,Andrews
9,128,6,0.002139807,0.002118349,3184,2694,6368,Andrews
9,128,7,0.002175808,0.002155304,3184,2694,6368,Andrews
9,128,8,0.002099514,0.002079010,3184,2694,6368,Andrews
9,128,9,0.002098083,0.002077579,3184,2694,6368,Andrews
30,128,0,0.002161741,0.002140999,3246,2751,6492,Andrews
30,128,1,0.002065897,0.002045393,3246,2751,6492,Andrews
30,128,2,0.002078295,0.002058983,3246,2751,6492,Andrews
30,128,3,0.002049208,0.002030134,3246,2751,6492,Andrews
31,128,0,0.002162933,0.002132893,3271,2767,6542,Andrews
31,128,1,0.002074718,0.002046585,3271,2767,6542,Andrews
31,128,2,0.002116442,0.002087593,3271,2767,6542,Andrews
31,128,3,0.002027750,0.002000332,3271,2767,6542,Andrews
31,128,4,0.002014875,0.001979351,3271,2767,6542,Andrews
31,128,5,0.002058506,0.002030849,3271,2767,6542,Andrews
31,128,6,0.002008438,0.001980782,3271,2767,6542,Andrews
31,128,7,0.002052784,0.002025604,3271,2767,6542,Andrews
31,128,8,0.002044916,0.002017975,3271,2767,6542,Andrews
31,128,9,0.001686096,0.001663446,3271,2767,6542,Andrews
125,128,0,0.002097368,0.002076864,3160,2671,6320,Andrews
125,128,1,0.002015114,0.001995325,3160,2671,6320,Andrews
125,128,2,0.002059937,0.002040148,3160,2671,6320,Andrews
125,128,3,0.002024174,0.002005339,3160,2671,6320,Andrews
125,128,4,0.002044678,0.002025604,3160,2671,6320,Andrews
125,128,5,0.001976967,0.001957893,3160,2671,6320,Andrews
125,128,6,0.002029657,0.002010822,3160,2671,6320,Andrews
125,128,7,0.002058983,0.002039909,3160,2671,6320,Andrews
125,128,8,0.002045155,0.002026320,3160,2671,6320,Andrews
125,128,9,0.002067804,0.002048969,3160,2671,6320,Andrews
22,128,4,0.002068758,0.002043247,3155,2656,6310,Andrews
22,128,5,0.002095699,0.002076864,3155,2656,6310,Andrews
22,128,6,0.002100706,0.002081871,3155,2656,6310,Andrews
22,128,7,0.002120018,0.002101421,3155,2656,6310,Andrews
22,128,8,0.002065659,0.002047062,3155,2656,6310,Andrews
22,128,9,0.002061129,0.002042532,3155,2656,6310,Andrews
122,128,0,0.002111435,0.002088070,3155,2664,6310,Andrews
122,128,1,0.002019405,0.001995325,3155,2664,6310,Andrews
122,128,2,0.002073288,0.002048016,3155,2664,6310,Andrews
122,128,3,0.002040863,0.002019644,3155,2664,6310,Andrews
122,128,4,0.002051353,0.002030373,3155,2664,6310,Andrews
122,128,5,0.001977921,0.001956224,3155,2664,6310,Andrews
122,128,6,0.002035618,0.002014637,3155,2664,6310,Andrews
122,128,7,0.002082109,0.002061367,3155,2664,6310,Andrews
122,128,8,0.002052307,0.002028704,3155,2664,6310,Andrews
122,128,9,0.002091408,0.002070665,3155,2664,6310,Andrews
117,128,0,0.002121449,0.002094984,3278,2775,6556,Andrews
117,128,1,0.002015591,0.001993418,3278,2775,6556,Andrews
117,128,2,0.002101183,0.002079248,3278,2775,6556,Andrews
117,128,3,0.002061129,0.002041101,3278,2775,6556,Andrews
117,128,4,0.002079487,0.002059460,3278,2775,6556,Andrews
117,128,5,0.001986980,0.001966000,3278,2775,6556,Andrews
117,128,6,0.002057314,0.002036095,3278,2775,6556,Andrews
117,128,7,0.002083540,0.002062559,3278,2775,6556,Andrews
6,128,2,0.001997471,0.001977444,3190,2685,6380,Andrews
6,128,3,0.001975060,0.001955748,3190,2685,6380,Andrews
6,128,4,0.001986504,0.001967669,3190,2685,6380,Andrews
6,128,5,0.001891136,0.001872301,3190,2685,6380,Andrews
6,128,6,0.001985312,0.001966000,3190,2685,6380,Andrews
6,128,7,0.002015829,0.001996040,3190,2685,6380,Andrews
6,128,8,0.002000809,0.001981735,3190,2685,6380,Andrews
6,128,9,0.001988411,0.001968384,3190,2685,6380,Andrews
127,128,0,0.002092838,0.002059698,3212,2721,6424,Andrews
127,128,1,0.001988411,0.001962423,3212,2721,6424,Andrews
127,128,2,0.002052307,0.002028465,3212,2721,6424,Andrews
127,128,3,0.001979113,0.001955509,3212,2721,6424,Andrews
127,128,4,0.002014160,0.001981258,3212,2721,6424,Andrews
127,128,5,0.001961231,0.001939535,3212,2721,6424,Andrews
127,128,6,0.001999617,0.001978397,3212,2721,6424,Andrews
127,128,7,0.002026081,0.002005816,3212,2721,6424,Andrews
127,128,8,0.002044678,0.002025127,3212,2721,6424,Andrews
127,128,9,0.002015829,0.001995325,3212,2721,6424,Andrews
17,128,0,0.002234697,0.002213717,3275,2769,6550,Andrews
112,128,0,0.002085924,0.002059221,3168,2668,6336,Andrews
112,128,1,0.002076387,0.002054214,3168,2668,6336,Andrews
112,128,2,0.002089739,0.002064228,3168,2668,6336,Andrews
112,128,3,0.002046347,0.002022743,3168,2668,6336,Andrews
112,128,4,0.002071381,0.002043009,3168,2668,6336,Andrews
112,128,5,0.002058029,0.002037287,3168,2668,6336,Andrews
112,128,6,0.002074003,0.002052784,3168,2668,6336,Andrews
112,128,7,0.002075911,0.002051830,3168,2668,6336,Andrews
112,128,8,0.002073765,0.002048969,3168,2668,6336,Andrews
112,128,9,0.002081394,0.002060652,3168,2668,6336,Andrews
117,128,8,0.002066612,0.002046585,3278,2775,6556,Andrews
117,128,9,0.002108097,0.002087831,3278,2775,6556,Andrews
30,128,4,0.002011299,0.001992226,3246,2751,6492,Andrews
30,128,5,0.002035618,0.002016783,3246,2751,6492,Andrews
30,128,6,0.002050400,0.002032042,3246,2751,6492,Andrews
30,128,7,0.002079964,0.002061605,3246,2751,6492,Andrews
30,128,8,0.002014160,0.001995802,3246,2751,6492,Andrews
30,128,9,0.001981497,0.001963139,3246,2751,6492,Andrews
1,128,6,0.002008200,0.001978636,3345,2847,6690,Andrews
1,128,7,0.002038956,0.002008200,3345,2847,6690,Andrews
1,128,8,0.002055407,0.002028465,3345,2847,6690,Andrews
1,128,9,0.002024174,0.001996756,3345,2847,6690,Andrews
17,128,1,0.002140999,0.002121210,3275,2769,6550,Andrews
17,128,2,0.002138853,0.002119064,3275,2769,6550,Andrews
17,128,3,0.002111673,0.002092123,3275,2769,6550,Andrews
17,128,4,0.002090931,0.002071619,3275,2769,6550,Andrews
17,128,5,0.002126455,0.002107143,3275,2769,6550,Andrews
10,128,0,0.002185822,0.002164841,3130,2629,6260,Andrews
10,128,1,0.002151966,0.002132177,3130,2629,6260,Andrews
10,128,2,0.002181768,0.002162457,3130,2629,6260,Andrews
10,128,3,0.002125740,0.002106667,3130,2629,6260,Andrews
10,128,4,0.002108812,0.002089977,3130,2629,6260,Andrews
10,128,5,0.002141237,0.002122641,3130,2629,6260,Andrews
10,128,6,0.002139330,0.002121210,3130,2629,6260,Andrews
10,128,7,0.002172470,0.002153873,3130,2629,6260,Andrews
10,128,8,0.002108097,0.002084732,3130,2629,6260,Andrews
10,128,9,0.002094507,0.002076149,3130,2629,6260,Andrews
36,128,0,0.002146721,0.002125263,3093,2585,6186,Andrews
36,128,1,0.002043009,0.002022982,3093,2585,6186,Andrews
36,128,2,0.002061367,0.002042294,3093,2585,6186,Andrews
36,128,3,0.002036810,0.002017498,3093,2585,6186,Andrews
36,128,4,0.001985788,0.001967430,3093,2585,6186,Andrews
36,128,5,0.002006054,0.001987219,3093,2585,6186,Andrews
36,128,6,0.002028227,0.002009630,3093,2585,6186,Andrews
13,128,0,0.002229929,0.002204657,3299,2801,6598,Andrews
13,128,1,0.002130985,0.002109289,3299,2801,6598,Andrews
13,128,2,0.002162695,0.002141714,3299,2801,6598,Andrews
13,128,3,0.002094507,0.002074480,3299,2801,6598,Andrews
13,128,4,0.002081394,0.002061367,3299,2801,6598,Andrews
13,128,5,0.002117872,0.002097845,3299,2801,6598,Andrews
13,128,6,0.002102613,0.002083063,3299,2801,6598,Andrews
13,128,7,0.002127409,0.002107382,3299,2801,6598,Andrews
13,128,8,0.002105713,0.002085686,3299,2801,6598,Andrews
13,128,9,0.002054691,0.002034426,3299,2801,6598,Andrews
119,128,0,0.002121925,0.002100706,3142,2653,6284,Andrews
119,128,1,0.002029419,0.002009153,3142,2653,6284,Andrews
119,128,2,0.002063990,0.002044439,3142,2653,6284,Andrews
119,128,3,0.002049923,0.002030373,3142,2653,6284,Andrews
119,128,4,0.002087593,0.002068520,3142,2653,6284,Andrews
119,128,5,0.001992941,0.001973867,3142,2653,6284,Andrews
0,128,0,0.002077341,0.002056837,3184,2690,6368,Andrews
0,128,1,0.001978636,0.001958609,3184,2690,6368,Andrews
0,128,2,0.002061844,0.002041817,3184,2690,6368,Andrews
0,128,3,0.002014160,0.001994848,3184,2690,6368,Andrews
0,128,4,0.002017736,0.001998425,3184,2690,6368,Andrews
0,128,5,0.001927853,0.001908779,3184,2690,6368,Andrews
0,128,6,0.002015591,0.001996279,3184,2690,6368,Andrews
0,128,7,0.002044678,0.002025843,3184,2690,6368,Andrews
19,128,0,0.002200127,0.002175808,3295,2789,6590,Andrews
19,128,1,0.002104759,0.002081871,3295,2789,6590,Andrews
19,128,2,0.002146244,0.002123117,3295,2789,6590,Andrews
19,128,3,0.002070189,0.002046824,3295,2789,6590,Andrews
19,128,4,0.002066135,0.002042532,3295,2789,6590,Andrews
19,128,5,0.002105236,0.002082825,3295,2789,6590,Andrews
19,128,6,0.002077103,0.002054214,3295,2789,6590,Andrews
19,128,7,0.002102613,0.002080202,3295,2789,6590,Andrews
19,128,8,0.002091885,0.002057791,3295,2789,6590,Andrews
19,128,9,0.002054214,0.002024889,3295,2789,6590,Andrews
11,128,0,0.002263069,0.002242327,3195,2697,6390,Andrews
11,128,1,0.002162218,0.002142191,3195,2697,6390,Andrews
11,128,2,0.002158642,0.002139091,3195,2697,6390,Andrews
11,128,3,0.002129316,0.002109766,3195,2697,6390,Andrews
11,128,4,0.002116442,0.002097130,3195,2697,6390,Andrews
24,128,0,0.002187490,0.002166033,3165,2673,6330,Andrews
24,128,1,0.002088547,0.002068996,3165,2673,6330,Andrews
24,128,2,0.002104759,0.002085924,3165,2673,6330,Andrews
24,128,3,0.002064943,0.002046347,3165,2673,6330,Andrews
24,128,4,0.002037287,0.002018929,3165,2673,6330,Andrews
24,128,5,0.002058983,0.002040148,3165,2673,6330,Andrews
24,128,6,0.002072573,0.002053738,3165,2673,6330,Andrews
25,128,9,0.001701593,0.001679659,3181,2684,6362,Andrews
17,128,6,0.002108097,0.002089024,3275,2769,6550,Andrews
17,128,7,0.002143145,0.002123356,3275,2769,6550,Andrews
17,128,8,0.002084494,0.002065659,3275,2769,6550,Andrews
17,128,9,0.002094984,0.002076149,3275,2769,6550,Andrews
36,128,7,0.002052307,0.002033710,3093,2585,6186,Andrews
36,128,8,0.002012253,0.001993179,3093,2585,6186,Andrews
36,128,9,0.002000332,0.001981735,3093,2585,6186,Andrews
115,128,0,0.002109766,0.002088070,3275,2776,6550,Andrews
115,128,1,0.002034903,0.002014399,3275,2776,6550,Andrews
115,128,2,0.002098083,0.002078295,3275,2776,6550,Andrews
115,128,3,0.002019405,0.001999140,3275,2776,6550,Andrews
115,128,4,0.002054453,0.002034903,3275,2776,6550,Andrews
115,128,5,0.001991510,0.001971245,3275,2776,6550,Andrews
115,128,6,0.002038479,0.002018690,3275,2776,6550,Andrews
115,128,7,0.002058268,0.002037525,3275,2776,6550,Andrews
115,128,8,0.002087831,0.002068281,3275,2776,6550,Andrews
115,128,9,0.002055883,0.002036095,3275,2776,6550,Andrews
113,128,0,0.002146244,0.002125502,3243,2737,6486,Andrews
113,128,1,0.002049446,0.002029657,3243,2737,6486,Andrews
113,128,2,0.002084255,0.002064228,3243,2737,6486,Andrews
113,128,3,0.002061367,0.002041578,3243,2737,6486,Andrews
113,128,4,0.002085686,0.002065659,3243,2737,6486,Andrews
113,128,5,0.002025604,0.002005816,3243,2737,6486,Andrews
113,128,6,0.002073526,0.002053976,3243,2737,6486,Andrews
113,128,7,0.002102852,0.002083778,3243,2737,6486,Andrews
113,128,8,0.002088308,0.002068758,3243,2737,6486,Andrews
113,128,9,0.002104282,0.002085209,3243,2737,6486,Andrews
0,128,8,0.002034187,0.002015352,3184,2690,6368,Andrews
0,128,9,0.002015352,0.001996517,3184,2690,6368,Andrews
121,128,0,0.002099037,0.002075672,3236,2749,6472,Andrews
121,128,1,0.001996517,0.001973867,3236,2749,6472,Andrews
121,128,2,0.002069235,0.002047777,3236,2749,6472,Andrews
121,128,3,0.001999140,0.001977444,3236,2749,6472,Andrews
121,128,4,0.002034903,0.002012968,3236,2749,6472,Andrews
121,128,5,0.001982689,0.001961470,3236,2749,6472,Andrews
121,128,6,0.002024651,0.002002954,3236,2749,6472,Andrews
121,128,7,0.002048969,0.002027750,3236,2749,6472,Andrews
121,128,8,0.002078772,0.002046585,3236,2749,6472,Andrews
121,128,9,0.002039194,0.002017498,3236,2749,6472,Andrews
119,128,6,0.002070427,0.002050877,3142,2653,6284,Andrews
119,128,7,0.002098322,0.002079010,3142,2653,6284,Andrews
119,128,8,0.002088070,0.002068758,3142,2653,6284,Andrews
119,128,9,0.002099514,0.002080441,3142,2653,6284,Andrews
24,128,7,0.002104759,0.002086163,3165,2673,6330,Andrews
24,128,8,0.002040863,0.002022266,3165,2673,6330,Andrews
24,128,9,0.002017260,0.001998425,3165,2673,6330,Andrews
11,128,5,0.002143621,0.002124548,3195,2697,6390,Andrews
11,128,6,0.002129078,0.002110004,3195,2697,6390,Andrews
11,128,7,0.002169847,0.002151251,3195,2697,6390,Andrews
11,128,8,0.002118349,0.002099752,3195,2697,6390,Andrews
11,128,9,0.002115726,0.002095699,3195,2697,6390,Andrews
120,128,0,0.002090216,0.002069473,3076,2580,6152,Andrews
120,128,1,0.001994848,0.001975298,3076,2580,6152,Andrews
120,128,2,0.002062321,0.002042770,3076,2580,6152,Andrews
120,128,3,0.002016544,0.001997232,3076,2580,6152,Andrews
120,128,4,0.002034187,0.002015114,3076,2580,6152,Andrews
120,128,5,0.001971006,0.001951456,3076,2580,6152,Andrews
120,128,6,0.002032042,0.002013206,3076,2580,6152,Andrews
120,128,7,0.002053738,0.002034664,3076,2580,6152,Andrews
120,128,8,0.002044678,0.002025843,3076,2580,6152,Andrews
12,128,0,0.002222300,0.002201796,3050,2553,6100,Andrews
12,128,1,0.002129316,0.002110243,3050,2553,6100,Andrews
12,128,2,0.002146721,0.002128124,3050,2553,6100,Andrews
12,128,3,0.002104998,0.002086639,3050,2553,6100,Andrews
12,128,4,0.002075672,0.002056837,3050,2553,6100,Andrews
12,128,5,0.002096415,0.002078295,3050,2553,6100,Andrews
12,128,6,0.002114534,0.002096415,3050,2553,6100,Andrews
12,128,7,0.002140045,0.002121925,3050,2553,6100,Andrews
12,128,8,0.002074003,0.002056122,3050,2553,6100,Andrews
18,128,0,0.002200127,0.002179861,3134,2627,6268,Andrews
18,128,1,0.002109051,0.002089977,3134,2627,6268,Andrews
18,128,2,0.002124548,0.002105713,3134,2627,6268,Andrews
18,128,3,0.002087355,0.002068758,3134,2627,6268,Andrews
18,128,4,0.002057552,0.002038956,3134,2627,6268,Andrews
120,128,9,0.002026558,0.002008438,3076,2580,6152,Andrews
126,128,0,0.002065182,0.002038956,3137,2630,6274,Andrews
126,128,1,0.001973867,0.001948357,3137,2630,6274,Andrews
126,128,2,0.002044439,0.002016783,3137,2630,6274,Andrews
126,128,3,0.001979351,0.001953125,3137,2630,6274,Andrews
126,128,4,0.002010107,0.001989365,3137,2630,6274,Andrews
126,128,5,0.001936436,0.001915693,3137,2630,6274,Andrews
126,128,6,0.002003908,0.001983643,3137,2630,6274,Andrews
12,128,9,0.002040863,0.002023220,3050,2553,6100,Andrews
18,128,5,0.002071381,0.002052784,3134,2627,6268,Andrews
18,128,6,0.002093554,0.002065182,3134,2627,6268,Andrews
18,128,7,0.002116442,0.002097845,3134,2627,6268,Andrews
18,128,8,0.002053976,0.002034903,3134,2627,6268,Andrews
18,128,9,0.002052069,0.002033234,3134,2627,6268,Andrews
114,128,0,0.002122641,0.002083778,3123,2625,6246,Andrews
114,128,1,0.002018929,0.001992702,3123,2625,6246,Andrews
114,128,2,0.002074242,0.002051592,3123,2625,6246,Andrews
114,128,3,0.002036333,0.002016544,3123,2625,6246,Andrews
114,128,4,0.002055883,0.002036572,3123,2625,6246,Andrews
114,128,5,0.001966953,0.001947880,3123,2625,6246,Andrews
114,128,6,0.002049446,0.002029657,3123,2625,6246,Andrews
114,128,7,0.002078295,0.002058744,3123,2625,6246,Andrews
114,128,8,0.002056837,0.002037764,3123,2625,6246,Andrews
114,128,9,0.002051592,0.002032757,3123,2625,6246,Andrews
126,128,7,0.002040625,0.002020836,3137,2630,6274,Andrews
126,128,8,0.002016544,0.001996279,3137,2630,6274,Andrews
126,128,9,0.001839876,0.001819849,3137,2630,6274,Andrews
0,1,0,0.000092506,0.000000477,28675,0,57350,bcsstk27
0,1,1,0.000092268,0.000000477,28675,0,57350,bcsstk27
0,1,2,0.000092030,0.000000238,28675,0,57350,bcsstk27
0,1,3,0.000092030,0.000000477,28675,0,57350,bcsstk27
0,1,4,0.000092030,0.000000477,28675,0,57350,bcsstk27
0,1,5,0.000092030,0.000000238,28675,0,57350,bcsstk27
0,1,6,0.000096798,0.000000238,28675,0,57350,bcsstk27
0,1,7,0.000092030,0.000000238,28675,0,57350,bcsstk27
0,1,8,0.000102520,0.000000477,28675,0,57350,bcsstk27
0,1,9,0.000089169,0.000000238,28675,0,57350,bcsstk27
0,2,0,0.000139475,0.000089407,14624,7303,29248,bcsstk27
0,2,1,0.000137329,0.000087738,14624,7303,29248,bcsstk27
0,2,2,0.000145197,0.000091076,14624,7303,29248,bcsstk27
0,2,3,0.000140667,0.000091076,14624,7303,29248,bcsstk27
0,2,4,0.000136375,0.000091076,14624,7303,29248,bcsstk27
0,2,5,0.000135899,0.000090599,14624,7303,29248,bcsstk27
0,2,6,0.000137806,0.000092745,14624,7303,29248,bcsstk27
0,2,7,0.000137329,0.000091791,14624,7303,29248,bcsstk27
0,2,8,0.000139713,0.000094652,14624,7303,29248,bcsstk27
0,2,9,0.000133514,0.000088215,14624,7303,29248,bcsstk27
1,2,0,0.000230074,0.000182629,14051,6730,28102,bcsstk27
1,2,1,0.000223398,0.000175953,14051,6730,28102,bcsstk27
1,2,2,0.000199318,0.000152349,14051,6730,28102,bcsstk27
1,2,3,0.000199795,0.000152826,14051,6730,28102,bcsstk27
1,2,4,0.000215530,0.000159979,14051,6730,28102,bcsstk27
1,2,5,0.000195980,0.000149012,14051,6730,28102,bcsstk27
1,2,6,0.000201702,0.000154734,14051,6730,28102,bcsstk27
1,2,7,0.000196934,0.000149965,14051,6730,28102,bcsstk27
1,2,8,0.000195742,0.000148773,14051,6730,28102,bcsstk27
1,2,9,0.000202894,0.000155926,14051,6730,28102,bcsstk27
0,4,0,0.000129461,0.000101566,7317,5395,14634,bcsstk27
0,4,1,0.000162363,0.000136852,7317,5395,14634,bcsstk27
0,4,2,0.000140429,0.000113487,7317,5395,14634,bcsstk27
0,4,3,0.000137329,0.000112057,7317,5395,14634,bcsstk27
0,4,4,0.000143766,0.000118494,7317,5395,14634,bcsstk27
0,4,5,0.000145197,0.000118494,7317,5395,14634,bcsstk27
0,4,6,0.000140190,0.000114918,7317,5395,14634,bcsstk27
0,4,7,0.000136614,0.000111341,7317,5395,14634,bcsstk27
0,4,8,0.000143051,0.000117779,7317,5395,14634,bcsstk27
0,4,9,0.000136852,0.000111580,7317,5395,14634,bcsstk27
1,4,0,0.000147104,0.000121832,7016,5098,14032,bcsstk27
1,4,1,0.000099897,0.000075817,7016,5098,14032,bcsstk27
1,4,2,0.000101805,0.000077724,7016,5098,14032,bcsstk27
1,4,3,0.000098944,0.000074625,7016,5098,14032,bcsstk27
1,4,4,0.000101328,0.000077486,7016,5098,14032,bcsstk27
1,4,5,0.000098467,0.000074625,7016,5098,14032,bcsstk27
1,4,6,0.000106335,0.000082254,7016,5098,14032,bcsstk27
1,4,7,0.000095844,0.000072002,7016,5098,14032,bcsstk27
1,4,8,0.000099659,0.000075817,7016,5098,14032,bcsstk27
1,4,9,0.000099182,0.000075102,7016,5098,14032,bcsstk27
2,4,0,0.000105143,0.000073433,7307,5390,14614,bcsstk27
2,4,1,0.000116110,0.000089407,7307,5390,14614,bcsstk27
2,4,2,0.000115156,0.000088692,7307,5390,14614,bcsstk27
2,4,3,0.000114202,0.000087976,7307,5390,14614,bcsstk27
2,4,4,0.000110626,0.000084639,7307,5390,14614,bcsstk27
2,4,5,0.000111341,0.000085354,7307,5390,14614,bcsstk27
2,4,6,0.000115871,0.000089884,7307,5390,14614,bcsstk27
2,4,7,0.000114202,0.000088215,7307,5390,14614,bcsstk27
2,4,8,0.000113726,0.000087500,7307,5390,14614,bcsstk27
2,4,9,0.000106573,0.000080347,7307,5390,14614,bcsstk27
3,4,0,0.000204802,0.000122786,7035,5115,14070,bcsstk27
3,4,1,0.000207901,0.000127316,7035,5115,14070,bcsstk27
3,4,2,0.000198364,0.000118732,7035,5115,14070,bcsstk27
3,4,3,0.000200748,0.000120878,7035,5115,14070,bcsstk27
3,4,4,0.000203609,0.000123739,7035,5115,14070,bcsstk27
3,4,5,0.000207901,0.000128746,7035,5115,14070,bcsstk27
3,4,6,0.000194788,0.000115395,7035,5115,14070,bcsstk27
3,4,7,0.000196218,0.000117064,7035,5115,14070,bcsstk27
3,4,8,0.000198126,0.000118732,7035,5115,14070,bcsstk27
3,4,9,0.000194550,0.000106812,7035,5115,14070,bcsstk27
0,8,0,0.000113487,0.000100374,3667,3137,7334,bcsstk27
0,8,1,0.000128746,0.000116110,3667,3137,7334,bcsstk27
0,8,2,0.000101566,0.000089169,3667,3137,7334,bcsstk27
6,8,0,0.000116110,0.000103474,3666,3135,7332,bcsstk27
6,8,1,0.000128269,0.000116110,3666,3135,7332,bcsstk27
6,8,2,0.000090122,0.000078201,3666,3135,7332,bcsstk27
6,8,3,0.000091553,0.000079393,3666,3135,7332,bcsstk27
6,8,4,0.000086069,0.000073910,3666,3135,7332,bcsstk27
6,8,5,0.000105381,0.000093222,3666,3135,7332,bcsstk27
6,8,6,0.000098467,0.000086069,3666,3135,7332,bcsstk27
0,8,3,0.000098228,0.000085831,3667,3137,7334,bcsstk27
0,8,4,0.000091314,0.000078917,3667,3137,7334,bcsstk27
0,8,5,0.000098705,0.000086546,3667,3137,7334,bcsstk27
0,8,6,0.000093699,0.000081301,3667,3137,7334,bcsstk27
0,8,7,0.000098228,0.000085592,3667,3137,7334,bcsstk27
0,8,8,0.000102282,0.000089645,3667,3137,7334,bcsstk27
0,8,9,0.000100374,0.000087976,3667,3137,7334,bcsstk27
6,8,7,0.000098705,0.000086546,3666,3135,7332,bcsstk27
6,8,8,0.000096321,0.000083923,3666,3135,7332,bcsstk27
6,8,9,0.000095606,0.000083447,3666,3135,7332,bcsstk27
1,8,0,0.000119686,0.000105381,3509,2981,7018,bcsstk27
1,8,1,0.000104666,0.000091314,3509,2981,7018,bcsstk27
1,8,2,0.000106812,0.000093460,3509,2981,7018,bcsstk27
1,8,3,0.000128746,0.000115395,3509,2981,7018,bcsstk27
7,8,0,0.000125647,0.000109911,3535,3004,7070,bcsstk27
7,8,1,0.000111818,0.000098228,3535,3004,7070,bcsstk27
7,8,2,0.000101328,0.000087976,3535,3004,7070,bcsstk27
7,8,3,0.000124454,0.000111103,3535,3004,7070,bcsstk27
7,8,4,0.000112534,0.000099182,3535,3004,7070,bcsstk27
7,8,5,0.000120401,0.000107050,3535,3004,7070,bcsstk27
7,8,6,0.000117302,0.000103712,3535,3004,7070,bcsstk27
7,8,7,0.000113726,0.000100136,3535,3004,7070,bcsstk27
7,8,8,0.000121117,0.000108004,3535,3004,7070,bcsstk27
7,8,9,0.000113249,0.000099659,3535,3004,7070,bcsstk27
5,8,0,0.000098228,0.000085831,3507,2978,7014,bcsstk27
5,8,1,0.000113726,0.000101805,3507,2978,7014,bcsstk27
5,8,2,0.000132084,0.000119925,3507,2978,7014,bcsstk27
5,8,3,0.000126600,0.000114918,3507,2978,7014,bcsstk27
5,8,4,0.000125647,0.000113964,3507,2978,7014,bcsstk27
5,8,5,0.000104904,0.000093222,3507,2978,7014,bcsstk27
5,8,6,0.000100136,0.000088453,3507,2978,7014,bcsstk27
5,8,7,0.000114918,0.000102997,3507,2978,7014,bcsstk27
5,8,8,0.000108957,0.000097275,3507,2978,7014,bcsstk27
5,8,9,0.000106573,0.000094652,3507,2978,7014,bcsstk27
3,8,0,0.000093460,0.000079870,3500,2973,7000,bcsstk27
3,8,1,0.000087023,0.000073910,3500,2973,7000,bcsstk27
3,8,2,0.000095844,0.000082970,3500,2973,7000,bcsstk27
3,8,3,0.000094175,0.000081539,3500,2973,7000,bcsstk27
3,8,4,0.000098705,0.000085592,3500,2973,7000,bcsstk27
3,8,5,0.000100613,0.000087738,3500,2973,7000,bcsstk27
3,8,6,0.000095367,0.000082731,3500,2973,7000,bcsstk27
3,8,7,0.000122547,0.000109911,3500,2973,7000,bcsstk27
3,8,8,0.000100851,0.000088215,3500,2973,7000,bcsstk27
3,8,9,0.000094175,0.000081539,3500,2973,7000,bcsstk27
1,8,4,0.000119209,0.000105858,3509,2981,7018,bcsstk27
1,8,5,0.000114918,0.000101805,3509,2981,7018,bcsstk27
1,8,6,0.000122547,0.000109196,3509,2981,7018,bcsstk27
1,8,7,0.000117779,0.000104666,3509,2981,7018,bcsstk27
1,8,8,0.000129938,0.000116825,3509,2981,7018,bcsstk27
1,8,9,0.000111103,0.000097990,3509,2981,7018,bcsstk27
4,8,0,0.000114441,0.000101328,3650,3122,7300,bcsstk27
4,8,1,0.000122309,0.000109911,3650,3122,7300,bcsstk27
4,8,2,0.000118494,0.000106096,3650,3122,7300,bcsstk27
4,8,3,0.000112534,0.000100374,3650,3122,7300,bcsstk27
4,8,4,0.000118494,0.000106335,3650,3122,7300,bcsstk27
4,8,5,0.000121117,0.000108957,3650,3122,7300,bcsstk27
4,8,6,0.000122070,0.000109434,3650,3122,7300,bcsstk27
4,8,7,0.000119925,0.000108004,3650,3122,7300,bcsstk27
4,8,8,0.000114918,0.000102758,3650,3122,7300,bcsstk27
4,8,9,0.000133276,0.000120878,3650,3122,7300,bcsstk27
2,8,0,0.000115633,0.000101089,3641,3116,7282,bcsstk27
2,8,1,0.000118494,0.000104666,3641,3116,7282,bcsstk27
2,8,2,0.000125408,0.000111818,3641,3116,7282,bcsstk27
2,8,3,0.000115395,0.000101566,3641,3116,7282,bcsstk27
2,8,4,0.000106812,0.000092983,3641,3116,7282,bcsstk27
2,8,5,0.000113964,0.000100374,3641,3116,7282,bcsstk27
2,8,6,0.000122309,0.000108480,3641,3116,7282,bcsstk27
2,8,7,0.000125170,0.000110388,3641,3116,7282,bcsstk27
2,8,8,0.000105381,0.000091076,3641,3116,7282,bcsstk27
2,8,9,0.000121117,0.000106573,3641,3116,7282,bcsstk27
6,16,0,0.000124454,0.000116825,1833,1684,3666,bcsstk27
6,16,1,0.000116587,0.000109673,1833,1684,3666,bcsstk27
12,16,0,0.000125408,0.000118971,1822,1676,3644,bcsstk27
12,16,1,0.000126600,0.000120163,1822,1676,3644,bcsstk27
12,16,2,0.000129223,0.000122786,1822,1676,3644,bcsstk27
12,16,3,0.000119448,0.000113487,1822,1676,3644,bcsstk27
12,16,4,0.000116348,0.000110149,1822,1676,3644,bcsstk27
12,16,5,0.000145912,0.000139713,1822,1676,3644,bcsstk27
11,16,0,0.000102520,0.000095844,1761,1615,3522,bcsstk27
11,16,1,0.000125647,0.000118971,1761,1615,3522,bcsstk27
11,16,2,0.000135183,0.000128508,1761,1615,3522,bcsstk27
11,16,3,0.000133276,0.000126839,1761,1615,3522,bcsstk27
0,16,0,0.000132799,0.000125647,1838,1691,3676,bcsstk27
0,16,1,0.000152111,0.000145674,1838,1691,3676,bcsstk27
0,16,2,0.000133276,0.000127077,1838,1691,3676,bcsstk27
0,16,3,0.000117302,0.000111103,1838,1691,3676,bcsstk27
0,16,4,0.000137568,0.000131130,1838,1691,3676,bcsstk27
0,16,5,0.000145435,0.000138998,1838,1691,3676,bcsstk27
0,16,6,0.000120878,0.000114679,1838,1691,3676,bcsstk27
1,16,0,0.000133276,0.000125885,1756,1610,3512,bcsstk27
1,16,1,0.000113249,0.000106335,1756,1610,3512,bcsstk27
1,16,2,0.000087976,0.000080824,1756,1610,3512,bcsstk27
1,16,3,0.000128269,0.000121355,1756,1610,3512,bcsstk27
1,16,4,0.000126123,0.000119448,1756,1610,3512,bcsstk27
4,16,0,0.000114679,0.000108242,1828,1681,3656,bcsstk27
4,16,1,0.000130415,0.000123978,1828,1681,3656,bcsstk27
4,16,2,0.000124216,0.000117779,1828,1681,3656,bcsstk27
4,16,3,0.000123978,0.000117540,1828,1681,3656,bcsstk27
4,16,4,0.000110388,0.000104189,1828,1681,3656,bcsstk27
4,16,5,0.000119686,0.000113010,1828,1681,3656,bcsstk27
5,16,0,0.000107527,0.000100374,1747,1599,3494,bcsstk27
5,16,1,0.000118017,0.000111103,1747,1599,3494,bcsstk27
5,16,2,0.000145912,0.000139236,1747,1599,3494,bcsstk27
5,16,3,0.000144005,0.000137091,1747,1599,3494,bcsstk27
5,16,4,0.000127554,0.000121117,1747,1599,3494,bcsstk27
5,16,5,0.000093222,0.000086308,1747,1599,3494,bcsstk27
6,16,2,0.000121593,0.000114679,1833,1684,3666,bcsstk27
6,16,3,0.000107288,0.000100374,1833,1684,3666,bcsstk27
6,16,4,0.000110865,0.000103951,1833,1684,3666,bcsstk27
6,16,5,0.000128508,0.000121355,1833,1684,3666,bcsstk27
6,16,6,0.000107765,0.000100851,1833,1684,3666,bcsstk27
6,16,7,0.000112295,0.000105381,1833,1684,3666,bcsstk27
6,16,8,0.000111341,0.000104666,1833,1684,3666,bcsstk27
6,16,9,0.000116587,0.000109673,1833,1684,3666,bcsstk27
7,16,0,0.000116348,0.000108957,1774,1625,3548,bcsstk27
7,16,1,0.000103474,0.000096321,1774,1625,3548,bcsstk27
7,16,2,0.000097752,0.000090361,1774,1625,3548,bcsstk27
7,16,3,0.000117064,0.000109911,1774,1625,3548,bcsstk27
7,16,4,0.000115633,0.000108480,1774,1625,3548,bcsstk27
7,16,5,0.000113010,0.000105858,1774,1625,3548,bcsstk27
7,16,6,0.000116587,0.000109673,1774,1625,3548,bcsstk27
7,16,7,0.000104427,0.000097275,1774,1625,3548,bcsstk27
7,16,8,0.000115395,0.000108480,1774,1625,3548,bcsstk27
7,16,9,0.000090837,0.000084162,1774,1625,3548,bcsstk27
10,16,0,0.000127792,0.000121355,1811,1667,3622,bcsstk27
10,16,1,0.000140429,0.000133991,1811,1667,3622,bcsstk27
10,16,2,0.000124216,0.000117779,1811,1667,3622,bcsstk27
10,16,3,0.000124693,0.000118256,1811,1667,3622,bcsstk27
10,16,4,0.000117064,0.000110865,1811,1667,3622,bcsstk27
10,16,5,0.000122309,0.000116110,1811,1667,3622,bcsstk27
10,16,6,0.000118256,0.000111580,1811,1667,3622,bcsstk27
10,16,7,0.000131607,0.000125408,1811,1667,3622,bcsstk27
10,16,8,0.000123262,0.000116825,1811,1667,3622,bcsstk27
10,16,9,0.000134468,0.000128031,1811,1667,3622,bcsstk27
11,16,4,0.000120878,0.000114441,1761,1615,3522,bcsstk27
11,16,5,0.000080585,0.000073910,1761,1615,3522,bcsstk27
11,16,6,0.000133991,0.000127316,1761,1615,3522,bcsstk27
11,16,7,0.000128508,0.000122070,1761,1615,3522,bcsstk27
11,16,8,0.000134468,0.000127554,1761,1615,3522,bcsstk27
11,16,9,0.000125170,0.000118494,1761,1615,3522,bcsstk27
3,16,0,0.000124216,0.000116825,1739,1594,3478,bcsstk27
3,16,1,0.000111580,0.000104904,1739,1594,3478,bcsstk27
3,16,2,0.000132322,0.000125408,1739,1594,3478,bcsstk27
3,16,3,0.000105619,0.000098705,1739,1594,3478,bcsstk27
3,16,4,0.000107288,0.000100613,1739,1594,3478,bcsstk27
3,16,5,0.000101089,0.000094175,1739,1594,3478,bcsstk27
3,16,6,0.000129700,0.000122547,1739,1594,3478,bcsstk27
3,16,7,0.000119925,0.000112534,1739,1594,3478,bcsstk27
3,16,8,0.000143290,0.000136137,1739,1594,3478,bcsstk27
3,16,9,0.000097752,0.000090599,1739,1594,3478,bcsstk27
12,16,6,0.000122786,0.000116348,1822,1676,3644,bcsstk27
12,16,7,0.000135422,0.000129223,1822,1676,3644,bcsstk27
12,16,8,0.000118494,0.000112295,1822,1676,3644,bcsstk27
12,16,9,0.000120401,0.000114202,1822,1676,3644,bcsstk27
13,16,0,0.000119925,0.000113010,1760,1613,3520,bcsstk27
13,16,1,0.000108242,0.000101328,1760,1613,3520,bcsstk27
13,16,2,0.000094175,0.000087500,1760,1613,3520,bcsstk27
13,16,3,0.000137091,0.000130415,1760,1613,3520,bcsstk27
13,16,4,0.000129700,0.000123024,1760,1613,3520,bcsstk27
13,16,5,0.000123978,0.000117064,1760,1613,3520,bcsstk27
13,16,6,0.000137806,0.000131130,1760,1613,3520,bcsstk27
13,16,7,0.000103235,0.000096321,1760,1613,3520,bcsstk27
13,16,8,0.000116110,0.000109434,1760,1613,3520,bcsstk27
13,16,9,0.000094414,0.000087738,1760,1613,3520,bcsstk27
4,16,6,0.000119448,0.000112772,1828,1681,3656,bcsstk27
4,16,7,0.000123024,0.000116825,1828,1681,3656,bcsstk27
4,16,8,0.000125885,0.000119686,1828,1681,3656,bcsstk27
4,16,9,0.000133991,0.000127554,1828,1681,3656,bcsstk27
5,16,6,0.000138044,0.000131369,1747,1599,3494,bcsstk27
5,16,7,0.000129461,0.000123024,1747,1599,3494,bcsstk27
5,16,8,0.000132084,0.000125408,1747,1599,3494,bcsstk27
5,16,9,0.000133038,0.000126362,1747,1599,3494,bcsstk27
2,16,0,0.000124454,0.000116587,1830,1684,3660,bcsstk27
2,16,1,0.000136852,0.000129461,1830,1684,3660,bcsstk27
2,16,2,0.000135422,0.000128031,1830,1684,3660,bcsstk27
2,16,3,0.000133753,0.000126600,1830,1684,3660,bcsstk27
2,16,4,0.000138044,0.000130892,1830,1684,3660,bcsstk27
2,16,5,0.000142813,0.000135660,1830,1684,3660,bcsstk27
2,16,6,0.000147820,0.000140667,1830,1684,3660,bcsstk27
2,16,7,0.000135183,0.000128031,1830,1684,3660,bcsstk27
2,16,8,0.000133514,0.000126362,1830,1684,3660,bcsstk27
2,16,9,0.000134706,0.000127554,1830,1684,3660,bcsstk27
9,16,0,0.000134706,0.000127554,1753,1608,3506,bcsstk27
9,16,1,0.000147581,0.000140667,1753,1608,3506,bcsstk27
9,16,2,0.000144958,0.000138044,1753,1608,3506,bcsstk27
9,16,3,0.000133038,0.000126600,1753,1608,3506,bcsstk27
9,16,4,0.000141144,0.000134468,1753,1608,3506,bcsstk27
9,16,5,0.000126362,0.000119686,1753,1608,3506,bcsstk27
9,16,6,0.000152349,0.000145912,1753,1608,3506,bcsstk27
9,16,7,0.000128269,0.000121832,1753,1608,3506,bcsstk27
9,16,8,0.000148058,0.000141144,1753,1608,3506,bcsstk27
9,16,9,0.000129223,0.000122547,1753,1608,3506,bcsstk27
0,16,7,0.000138998,0.000132799,1838,1691,3676,bcsstk27
0,16,8,0.000116587,0.000110388,1838,1691,3676,bcsstk27
0,16,9,0.000131607,0.000125408,1838,1691,3676,bcsstk27
1,16,5,0.000118732,0.000112057,1756,1610,3512,bcsstk27
1,16,6,0.000118732,0.000112057,1756,1610,3512,bcsstk27
1,16,7,0.000098944,0.000092268,1756,1610,3512,bcsstk27
1,16,8,0.000096321,0.000089407,1756,1610,3512,bcsstk27
1,16,9,0.000099182,0.000092506,1756,1610,3512,bcsstk27
8,16,0,0.000116587,0.000109196,1829,1682,3658,bcsstk27
8,16,1,0.000142097,0.000134468,1829,1682,3658,bcsstk27
8,16,2,0.000151396,0.000144005,1829,1682,3658,bcsstk27
8,16,3,0.000134706,0.000127316,1829,1682,3658,bcsstk27
8,16,4,0.000144005,0.000136852,1829,1682,3658,bcsstk27
8,16,5,0.000145912,0.000138521,1829,1682,3658,bcsstk27
8,16,6,0.000151396,0.000144243,1829,1682,3658,bcsstk27
8,16,7,0.000136375,0.000129223,1829,1682,3658,bcsstk27
8,16,8,0.000131369,0.000124216,1829,1682,3658,bcsstk27
8,16,9,0.000139236,0.000132084,1829,1682,3658,bcsstk27
15,16,0,0.000134706,0.000127554,1761,1615,3522,bcsstk27
15,16,1,0.000125647,0.000118732,1761,1615,3522,bcsstk27
15,16,2,0.000147104,0.000140429,1761,1615,3522,bcsstk27
15,16,3,0.000119925,0.000113249,1761,1615,3522,bcsstk27
15,16,4,0.000134468,0.000128031,1761,1615,3522,bcsstk27
15,16,5,0.000137329,0.000130892,1761,1615,3522,bcsstk27
15,16,6,0.000136137,0.000129461,1761,1615,3522,bcsstk27
15,16,7,0.000144720,0.000138283,1761,1615,3522,bcsstk27
15,16,8,0.000137091,0.000130653,1761,1615,3522,bcsstk27
15,16,9,0.000130415,0.000123739,1761,1615,3522,bcsstk27
14,16,0,0.000134468,0.000126362,1833,1686,3666,bcsstk27
14,16,1,0.000134945,0.000127077,1833,1686,3666,bcsstk27
14,16,2,0.000142813,0.000134945,1833,1686,3666,bcsstk27
14,16,3,0.000139952,0.000132561,1833,1686,3666,bcsstk27
14,16,4,0.000136852,0.000129461,1833,1686,3666,bcsstk27
14,16,5,0.000151873,0.000144005,1833,1686,3666,bcsstk27
14,16,6,0.000149727,0.000135899,1833,1686,3666,bcsstk27
14,16,7,0.000141144,0.000133753,1833,1686,3666,bcsstk27
14,16,8,0.000127554,0.000120163,1833,1686,3666,bcsstk27
14,16,9,0.000132799,0.000125408,1833,1686,3666,bcsstk27
29,32,0,0.000208616,0.000204802,886,814,1772,bcsstk27
29,32,1,0.000191927,0.000185728,886,814,1772,bcsstk27
29,32,2,0.000236273,0.000233173,886,814,1772,bcsstk27
29,32,3,0.000189543,0.000186443,886,814,1772,bcsstk27
29,32,4,0.000237703,0.000234365,886,814,1772,bcsstk27
29,32,5,0.000192881,0.000189543,886,814,1772,bcsstk27
29,32,6,0.000182390,0.000179052,886,814,1772,bcsstk27
29,32,7,0.000259399,0.000256062,886,814,1772,bcsstk27
0,32,0,0.000222683,0.000219107,933,860,1866,bcsstk27
0,32,1,0.000202179,0.000198603,933,860,1866,bcsstk27
0,32,2,0.000219345,0.000216246,933,860,1866,bcsstk27
0,32,3,0.000210524,0.000207424,933,860,1866,bcsstk27
0,32,4,0.000221252,0.000217915,933,860,1866,bcsstk27
0,32,5,0.000220537,0.000217438,933,860,1866,bcsstk27
0,32,6,0.000205040,0.000201941,933,860,1866,bcsstk27
0,32,7,0.000209808,0.000206709,933,860,1866,bcsstk27
0,32,8,0.000223160,0.000220060,933,860,1866,bcsstk27
0,32,9,0.000201941,0.000198603,933,860,1866,bcsstk27
22,32,0,0.000206947,0.000203371,900,828,1800,bcsstk27
22,32,1,0.000215292,0.000211954,900,828,1800,bcsstk27
22,32,2,0.000195980,0.000192642,900,828,1800,bcsstk27
22,32,3,0.000212431,0.000209332,900,828,1800,bcsstk27
22,32,4,0.000193834,0.000190973,900,828,1800,bcsstk27
22,32,5,0.000198603,0.000195742,900,828,1800,bcsstk27
22,32,6,0.000202417,0.000199318,900,828,1800,bcsstk27
22,32,7,0.000233650,0.000230551,900,828,1800,bcsstk27
23,32,0,0.000200272,0.000196218,876,804,1752,bcsstk27
23,32,1,0.000204563,0.000201225,876,804,1752,bcsstk27
23,32,2,0.000223398,0.000220060,876,804,1752,bcsstk27
23,32,3,0.000220776,0.000217438,876,804,1752,bcsstk27
23,32,4,0.000242710,0.000239134,876,804,1752,bcsstk27
23,32,5,0.000184059,0.000180721,876,804,1752,bcsstk27
23,32,6,0.000179052,0.000175714,876,804,1752,bcsstk27
23,32,7,0.000273466,0.000270128,876,804,1752,bcsstk27
19,32,0,0.000190020,0.000186205,856,785,1712,bcsstk27
19,32,1,0.000189066,0.000185966,856,785,1712,bcsstk27
19,32,2,0.000182629,0.000179291,856,785,1712,bcsstk27
19,32,3,0.000221968,0.000218630,856,785,1712,bcsstk27
19,32,4,0.000234842,0.000231504,856,785,1712,bcsstk27
19,32,5,0.000186682,0.000183344,856,785,1712,bcsstk27
19,32,6,0.000164747,0.000161409,856,785,1712,bcsstk27
20,32,0,0.000206709,0.000202656,894,823,1788,bcsstk27
20,32,1,0.000200748,0.000196934,894,823,1788,bcsstk27
20,32,2,0.000171900,0.000168324,894,823,1788,bcsstk27
20,32,3,0.000197172,0.000193596,894,823,1788,bcsstk27
20,32,4,0.000235796,0.000232220,894,823,1788,bcsstk27
20,32,5,0.000198126,0.000194550,894,823,1788,bcsstk27
6,32,0,0.000231504,0.000227928,933,859,1866,bcsstk27
6,32,1,0.000210285,0.000206947,933,859,1866,bcsstk27
6,32,2,0.000223637,0.000220299,933,859,1866,bcsstk27
6,32,3,0.000198364,0.000195026,933,859,1866,bcsstk27
6,32,4,0.000212669,0.000209332,933,859,1866,bcsstk27
6,32,5,0.000218630,0.000215530,933,859,1866,bcsstk27
6,32,6,0.000185490,0.000182152,933,859,1866,bcsstk27
6,32,7,0.000235319,0.000232220,933,859,1866,bcsstk27
6,32,8,0.000212431,0.000209332,933,859,1866,bcsstk27
6,32,9,0.000216246,0.000213146,933,859,1866,bcsstk27
28,32,0,0.000207424,0.000188112,918,846,1836,bcsstk27
28,32,1,0.000195742,0.000192165,918,846,1836,bcsstk27
28,32,2,0.000209332,0.000205994,918,846,1836,bcsstk27
28,32,3,0.000195980,0.000192642,918,846,1836,bcsstk27
28,32,4,0.000206470,0.000203371,918,846,1836,bcsstk27
28,32,5,0.000185013,0.000181913,918,846,1836,bcsstk27
28,32,6,0.000200033,0.000196695,918,846,1836,bcsstk27
28,32,7,0.000224113,0.000221014,918,846,1836,bcsstk27
28,32,8,0.000199318,0.000196457,918,846,1836,bcsstk27
28,32,9,0.000206470,0.000203133,918,846,1836,bcsstk27
29,32,8,0.000202179,0.000198841,886,814,1772,bcsstk27
29,32,9,0.000188828,0.000185728,886,814,1772,bcsstk27
19,32,7,0.000243187,0.000239849,856,785,1712,bcsstk27
19,32,8,0.000182629,0.000179529,856,785,1712,bcsstk27
19,32,9,0.000174761,0.000171423,856,785,1712,bcsstk27
26,32,0,0.000212431,0.000208378,912,841,1824,bcsstk27
26,32,1,0.000198364,0.000194788,912,841,1824,bcsstk27
26,32,2,0.000202894,0.000198841,912,841,1824,bcsstk27
26,32,3,0.000202656,0.000199080,912,841,1824,bcsstk27
26,32,4,0.000211477,0.000207901,912,841,1824,bcsstk27
26,32,5,0.000194788,0.000191212,912,841,1824,bcsstk27
26,32,6,0.000216007,0.000212431,912,841,1824,bcsstk27
26,32,7,0.000196695,0.000193119,912,841,1824,bcsstk27
26,32,8,0.000233650,0.000230074,912,841,1824,bcsstk27
26,32,9,0.000204563,0.000200987,912,841,1824,bcsstk27
12,32,0,0.000212431,0.000208616,904,832,1808,bcsstk27
12,32,1,0.000222921,0.000219345,904,832,1808,bcsstk27
12,32,2,0.000213861,0.000210524,904,832,1808,bcsstk27
12,32,3,0.000227213,0.000223637,904,832,1808,bcsstk27
12,32,4,0.000238419,0.000234604,904,832,1808,bcsstk27
12,32,5,0.000195026,0.000191450,904,832,1808,bcsstk27
12,32,6,0.000163317,0.000159979,904,832,1808,bcsstk27
12,32,7,0.000249386,0.000245810,904,832,1808,bcsstk27
12,32,8,0.000206947,0.000203371,904,832,1808,bcsstk27
12,32,9,0.000218153,0.000214815,904,832,1808,bcsstk27
10,32,0,0.000219345,0.000215769,899,827,1798,bcsstk27
10,32,1,0.000238657,0.000235558,899,827,1798,bcsstk27
10,32,2,0.000197887,0.000194788,899,827,1798,bcsstk27
10,32,3,0.000248671,0.000245810,899,827,1798,bcsstk27
10,32,4,0.000184059,0.000180960,899,827,1798,bcsstk27
10,32,5,0.000211239,0.000208378,899,827,1798,bcsstk27
10,32,6,0.000199795,0.000196695,899,827,1798,bcsstk27
10,32,7,0.000243664,0.000240803,899,827,1798,bcsstk27
10,32,8,0.000217915,0.000215054,899,827,1798,bcsstk27
10,32,9,0.000226021,0.000222921,899,827,1798,bcsstk27
23,32,8,0.000177383,0.000173807,876,804,1752,bcsstk27
23,32,9,0.000204325,0.000201225,876,804,1752,bcsstk27
25,32,0,0.000221729,0.000218153,874,803,1748,bcsstk27
25,32,1,0.000194073,0.000190735,874,803,1748,bcsstk27
25,32,2,0.000196218,0.000193119,874,803,1748,bcsstk27
15,32,0,0.000218868,0.000215292,867,795,1734,bcsstk27
15,32,1,0.000211716,0.000208378,867,795,1734,bcsstk27
15,32,2,0.000215769,0.000212193,867,795,1734,bcsstk27
15,32,3,0.000257730,0.000254631,867,795,1734,bcsstk27
15,32,4,0.000221729,0.000218630,867,795,1734,bcsstk27
15,32,5,0.000215530,0.000212431,867,795,1734,bcsstk27
15,32,6,0.000254393,0.000251055,867,795,1734,bcsstk27
15,32,7,0.000218630,0.000215530,867,795,1734,bcsstk27
15,32,8,0.000220299,0.000217199,867,795,1734,bcsstk27
15,32,9,0.000270844,0.000267506,867,795,1734,bcsstk27
2,32,0,0.000242710,0.000238419,918,846,1836,bcsstk27
2,32,1,0.000240564,0.000236511,918,846,1836,bcsstk27
2,32,2,0.000212431,0.000208378,918,846,1836,bcsstk27
2,32,3,0.000237226,0.000233173,918,846,1836,bcsstk27
2,32,4,0.000235796,0.000231504,918,846,1836,bcsstk27
2,32,5,0.000242233,0.000238419,918,846,1836,bcsstk27
18,32,0,0.000209570,0.000205994,912,841,1824,bcsstk27
18,32,1,0.000209332,0.000205755,912,841,1824,bcsstk27
18,32,2,0.000201464,0.000198364,912,841,1824,bcsstk27
18,32,3,0.000213623,0.000210524,912,841,1824,bcsstk27
18,32,4,0.000213385,0.000210285,912,841,1824,bcsstk27
18,32,5,0.000195503,0.000192165,912,841,1824,bcsstk27
18,32,6,0.000180721,0.000177622,912,841,1824,bcsstk27
18,32,7,0.000244379,0.000241041,912,841,1824,bcsstk27
18,32,8,0.000202656,0.000199556,912,841,1824,bcsstk27
18,32,9,0.000211477,0.000208378,912,841,1824,bcsstk27
16,32,0,0.000210524,0.000206947,905,833,1810,bcsstk27
16,32,1,0.000226736,0.000223398,905,833,1810,bcsstk27
16,32,2,0.000194788,0.000191450,905,833,1810,bcsstk27
16,32,3,0.000239372,0.000236273,905,833,1810,bcsstk27
16,32,4,0.000194788,0.000191689,905,833,1810,bcsstk27
16,32,5,0.000218630,0.000215530,905,833,1810,bcsstk27
16,32,6,0.000217915,0.000214815,905,833,1810,bcsstk27
16,32,7,0.000239849,0.000236750,905,833,1810,bcsstk27
16,32,8,0.000211239,0.000208139,905,833,1810,bcsstk27
16,32,9,0.000232697,0.000229597,905,833,1810,bcsstk27
5,32,0,0.000231266,0.000227451,894,820,1788,bcsstk27
31,32,0,0.000230074,0.000226736,894,822,1788,bcsstk27
31,32,1,0.000207901,0.000204802,894,822,1788,bcsstk27
31,32,2,0.000224590,0.000221252,894,822,1788,bcsstk27
31,32,3,0.000215530,0.000211954,894,822,1788,bcsstk27
31,32,4,0.000226259,0.000222921,894,822,1788,bcsstk27
8,32,0,0.000179052,0.000174999,915,842,1830,bcsstk27
8,32,1,0.000220537,0.000216484,915,842,1830,bcsstk27
8,32,2,0.000152349,0.000148773,915,842,1830,bcsstk27
8,32,3,0.000180960,0.000177145,915,842,1830,bcsstk27
24,32,0,0.000207424,0.000203848,914,842,1828,bcsstk27
24,32,1,0.000178337,0.000174761,914,842,1828,bcsstk27
24,32,2,0.000195026,0.000191450,914,842,1828,bcsstk27
24,32,3,0.000178576,0.000175238,914,842,1828,bcsstk27
24,32,4,0.000216722,0.000213385,914,842,1828,bcsstk27
24,32,5,0.000179291,0.000175714,914,842,1828,bcsstk27
24,32,6,0.000140667,0.000137329,914,842,1828,bcsstk27
24,32,7,0.000233650,0.000230312,914,842,1828,bcsstk27
24,32,8,0.000180483,0.000177145,914,842,1828,bcsstk27
24,32,9,0.000172377,0.000168800,914,842,1828,bcsstk27
22,32,8,0.000199080,0.000195980,900,828,1800,bcsstk27
22,32,9,0.000205994,0.000202656,900,828,1800,bcsstk27
5,32,1,0.000212908,0.000209808,894,820,1788,bcsstk27
5,32,2,0.000251055,0.000247717,894,820,1788,bcsstk27
13,32,0,0.000205278,0.000201941,874,801,1748,bcsstk27
13,32,1,0.000250101,0.000246763,874,801,1748,bcsstk27
13,32,2,0.000204802,0.000201702,874,801,1748,bcsstk27
27,32,0,0.000198126,0.000194550,895,823,1790,bcsstk27
27,32,1,0.000205278,0.000201464,895,823,1790,bcsstk27
27,32,2,0.000239372,0.000236034,895,823,1790,bcsstk27
27,32,3,0.000246286,0.000242949,895,823,1790,bcsstk27
27,32,4,0.000197411,0.000194073,895,823,1790,bcsstk27
27,32,5,0.000172377,0.000169039,895,823,1790,bcsstk27
27,32,6,0.000239849,0.000236511,895,823,1790,bcsstk27
27,32,7,0.000196457,0.000192881,895,823,1790,bcsstk27
27,32,8,0.000176191,0.000172615,895,823,1790,bcsstk27
27,32,9,0.000283718,0.000280142,895,823,1790,bcsstk27
14,32,0,0.000166893,0.000162363,909,836,1818,bcsstk27
14,32,1,0.000219107,0.000215054,909,836,1818,bcsstk27
14,32,2,0.000140429,0.000136614,909,836,1818,bcsstk27
14,32,3,0.000198841,0.000194788,909,836,1818,bcsstk27
14,32,4,0.000237226,0.000233412,909,836,1818,bcsstk27
14,32,5,0.000194550,0.000190735,909,836,1818,bcsstk27
14,32,6,0.000168085,0.000164270,909,836,1818,bcsstk27
14,32,7,0.000207663,0.000203609,909,836,1818,bcsstk27
14,32,8,0.000220060,0.000216246,909,836,1818,bcsstk27
14,32,9,0.000231981,0.000228167,909,836,1818,bcsstk27
30,32,0,0.000267744,0.000263929,924,852,1848,bcsstk27
30,32,1,0.000215292,0.000211477,924,852,1848,bcsstk27
30,32,2,0.000249386,0.000245810,924,852,1848,bcsstk27
30,32,3,0.000220537,0.000217199,924,852,1848,bcsstk27
30,32,4,0.000219107,0.000215530,924,852,1848,bcsstk27
30,32,5,0.000243664,0.000240088,924,852,1848,bcsstk27
30,32,6,0.000200987,0.000197649,924,852,1848,bcsstk27
30,32,7,0.000218391,0.000214815,924,852,1848,bcsstk27
30,32,8,0.000238419,0.000234604,924,852,1848,bcsstk27
30,32,9,0.000208378,0.000205040,924,852,1848,bcsstk27
4,32,0,0.000230789,0.000227451,934,861,1868,bcsstk27
4,32,1,0.000224829,0.000221491,934,861,1868,bcsstk27
4,32,2,0.000212431,0.000208855,934,861,1868,bcsstk27
4,32,3,0.000228167,0.000224829,934,861,1868,bcsstk27
4,32,4,0.000204563,0.000201464,934,861,1868,bcsstk27
4,32,5,0.000226498,0.000223398,934,861,1868,bcsstk27
4,32,6,0.000218868,0.000215530,934,861,1868,bcsstk27
4,32,7,0.000251055,0.000247717,934,861,1868,bcsstk27
4,32,8,0.000242949,0.000239849,934,861,1868,bcsstk27
4,32,9,0.000237942,0.000234604,934,861,1868,bcsstk27
5,32,3,0.000206470,0.000203133,894,820,1788,bcsstk27
5,32,4,0.000238180,0.000235081,894,820,1788,bcsstk27
5,32,5,0.000214100,0.000210762,894,820,1788,bcsstk27
25,32,3,0.000185251,0.000181913,874,803,1748,bcsstk27
25,32,4,0.000236511,0.000233412,874,803,1748,bcsstk27
25,32,5,0.000190735,0.000187635,874,803,1748,bcsstk27
25,32,6,0.000203133,0.000200033,874,803,1748,bcsstk27
25,32,7,0.000234127,0.000230789,874,803,1748,bcsstk27
25,32,8,0.000201941,0.000198841,874,803,1748,bcsstk27
25,32,9,0.000200987,0.000197172,874,803,1748,bcsstk27
3,32,0,0.000213146,0.000209093,883,811,1766,bcsstk27
3,32,1,0.000216722,0.000213385,883,811,1766,bcsstk27
3,32,2,0.000253201,0.000249863,883,811,1766,bcsstk27
3,32,3,0.000257730,0.000254154,883,811,1766,bcsstk27
3,32,4,0.000216722,0.000213385,883,811,1766,bcsstk27
3,32,5,0.000226498,0.000223160,883,811,1766,bcsstk27
3,32,6,0.000252008,0.000248671,883,811,1766,bcsstk27
3,32,7,0.000198603,0.000195026,883,811,1766,bcsstk27
3,32,8,0.000215292,0.000211716,883,811,1766,bcsstk27
3,32,9,0.000307322,0.000303984,883,811,1766,bcsstk27
20,32,6,0.000198841,0.000195265,894,823,1788,bcsstk27
20,32,7,0.000201225,0.000197649,894,823,1788,bcsstk27
20,32,8,0.000215530,0.000211954,894,823,1788,bcsstk27
20,32,9,0.000209332,0.000205755,894,823,1788,bcsstk27
11,32,0,0.000222206,0.000218868,866,794,1732,bcsstk27
11,32,1,0.000238419,0.000235319,866,794,1732,bcsstk27
11,32,2,0.000233412,0.000230312,866,794,1732,bcsstk27
11,32,3,0.000251770,0.000248671,866,794,1732,bcsstk27
11,32,4,0.000255346,0.000252247,866,794,1732,bcsstk27
11,32,5,0.000205040,0.000201464,866,794,1732,bcsstk27
31,32,5,0.000238895,0.000235558,894,822,1788,bcsstk27
31,32,6,0.000212193,0.000208855,894,822,1788,bcsstk27
31,32,7,0.000219584,0.000216246,894,822,1788,bcsstk27
31,32,8,0.000228882,0.000225544,894,822,1788,bcsstk27
31,32,9,0.000202656,0.000199080,894,822,1788,bcsstk27
9,32,0,0.000238657,0.000235081,879,807,1758,bcsstk27
9,32,1,0.000220060,0.000216722,879,807,1758,bcsstk27
9,32,2,0.000231504,0.000228405,879,807,1758,bcsstk27
9,32,3,0.000270844,0.000267506,879,807,1758,bcsstk27
9,32,4,0.000215292,0.000212193,879,807,1758,bcsstk27
9,32,5,0.000218868,0.000215530,879,807,1758,bcsstk27
9,32,6,0.000258207,0.000254869,879,807,1758,bcsstk27
9,32,7,0.000212431,0.000209093,879,807,1758,bcsstk27
9,32,8,0.000225544,0.000222206,879,807,1758,bcsstk27
9,32,9,0.000288486,0.000285387,879,807,1758,bcsstk27
2,32,6,0.000235796,0.000231981,918,846,1836,bcsstk27
2,32,7,0.000229120,0.000225067,918,846,1836,bcsstk27
2,32,8,0.000256300,0.000252485,918,846,1836,bcsstk27
2,32,9,0.000241518,0.000237703,918,846,1836,bcsstk27
17,32,0,0.000220776,0.000217199,874,803,1748,bcsstk27
17,32,1,0.000228167,0.000225067,874,803,1748,bcsstk27
17,32,2,0.000211954,0.000208616,874,803,1748,bcsstk27
17,32,3,0.000236750,0.000233650,874,803,1748,bcsstk27
17,32,4,0.000240803,0.000237226,874,803,1748,bcsstk27
17,32,5,0.000199795,0.000196695,874,803,1748,bcsstk27
17,32,6,0.000199556,0.000196218,874,803,1748,bcsstk27
17,32,7,0.000262499,0.000259399,874,803,1748,bcsstk27
17,32,8,0.000192165,0.000188828,874,803,1748,bcsstk27
1,32,0,0.000231743,0.000227451,882,810,1764,bcsstk27
1,32,1,0.000237703,0.000234365,882,810,1764,bcsstk27
1,32,2,0.000231266,0.000227928,882,810,1764,bcsstk27
1,32,3,0.000225067,0.000221968,882,810,1764,bcsstk27
1,32,4,0.000241280,0.000237942,882,810,1764,bcsstk27
1,32,5,0.000235558,0.000232458,882,810,1764,bcsstk27
1,32,6,0.000236988,0.000233650,882,810,1764,bcsstk27
1,32,7,0.000224352,0.000221014,882,810,1764,bcsstk27
1,32,8,0.000219584,0.000216484,882,810,1764,bcsstk27
1,32,9,0.000224829,0.000221491,882,810,1764,bcsstk27
21,32,0,0.000225067,0.000221491,853,781,1706,bcsstk27
21,32,1,0.000220060,0.000216722,853,781,1706,bcsstk27
21,32,2,0.000237465,0.000234365,853,781,1706,bcsstk27
21,32,3,0.000227451,0.000224352,853,781,1706,bcsstk27
21,32,4,0.000222683,0.000219584,853,781,1706,bcsstk27
21,32,5,0.000194073,0.000190973,853,781,1706,bcsstk27
21,32,6,0.000249863,0.000246763,853,781,1706,bcsstk27
21,32,7,0.000205517,0.000202417,853,781,1706,bcsstk27
21,32,8,0.000226736,0.000223637,853,781,1706,bcsstk27
21,32,9,0.000301600,0.000298500,853,781,1706,bcsstk27
8,32,4,0.000217915,0.000214100,915,842,1830,bcsstk27
8,32,5,0.000204802,0.000200987,915,842,1830,bcsstk27
8,32,6,0.000184059,0.000180483,915,842,1830,bcsstk27
8,32,7,0.000194311,0.000190496,915,842,1830,bcsstk27
8,32,8,0.000224352,0.000220776,915,842,1830,bcsstk27
8,32,9,0.000236988,0.000233173,915,842,1830,bcsstk27
5,32,6,0.000217915,0.000214815,894,820,1788,bcsstk27
5,32,7,0.000262260,0.000259161,894,820,1788,bcsstk27
5,32,8,0.000203609,0.000200510,894,820,1788,bcsstk27
5,32,9,0.000228167,0.000224590,894,820,1788,bcsstk27
13,32,3,0.000246286,0.000242949,874,801,1748,bcsstk27
13,32,4,0.000222206,0.000218630,874,801,1748,bcsstk27
13,32,5,0.000217438,0.000214100,874,801,1748,bcsstk27
13,32,6,0.000201702,0.000198364,874,801,1748,bcsstk27
13,32,7,0.000248194,0.000244856,874,801,1748,bcsstk27
13,32,8,0.000197649,0.000194311,874,801,1748,bcsstk27
13,32,9,0.000223160,0.000219822,874,801,1748,bcsstk27
11,32,6,0.000217199,0.000213861,866,794,1732,bcsstk27
11,32,7,0.000281811,0.000278473,866,794,1732,bcsstk27
11,32,8,0.000197887,0.000195026,866,794,1732,bcsstk27
11,32,9,0.000236511,0.000233412,866,794,1732,bcsstk27
7,32,0,0.000222683,0.000218391,898,825,1796,bcsstk27
7,32,1,0.000240564,0.000236988,898,825,1796,bcsstk27
7,32,2,0.000228167,0.000224829,898,825,1796,bcsstk27
7,32,3,0.000206709,0.000203133,898,825,1796,bcsstk27
7,32,4,0.000241518,0.000237942,898,825,1796,bcsstk27
7,32,5,0.000221729,0.000218391,898,825,1796,bcsstk27
7,32,6,0.000200033,0.000196695,898,825,1796,bcsstk27
7,32,7,0.000237703,0.000234365,898,825,1796,bcsstk27
7,32,8,0.000214577,0.000211000,898,825,1796,bcsstk27
7,32,9,0.000244379,0.000240803,898,825,1796,bcsstk27
17,32,9,0.000235081,0.000231981,874,803,1748,bcsstk27
23,64,0,0.000537634,0.000535727,427,408,854,bcsstk27
23,64,1,0.000506878,0.000504971,427,408,854,bcsstk27
23,64,2,0.000375986,0.000374079,427,408,854,bcsstk27
23,64,3,0.000602722,0.000600815,427,408,854,bcsstk27
23,64,4,0.000521660,0.000519753,427,408,854,bcsstk27
23,64,5,0.000464678,0.000462770,427,408,854,bcsstk27
23,64,6,0.000446558,0.000444651,427,408,854,bcsstk27
23,64,7,0.000482798,0.000480890,427,408,854,bcsstk27
23,64,8,0.000469685,0.000467777,427,408,854,bcsstk27
23,64,9,0.000342846,0.000340939,427,408,854,bcsstk27
17,64,0,0.000413895,0.000411510,426,407,852,bcsstk27
17,64,1,0.000468493,0.000466585,426,407,852,bcsstk27
17,64,2,0.000389338,0.000387192,426,407,852,bcsstk27
17,64,3,0.000629902,0.000627756,426,407,852,bcsstk27
17,64,4,0.000349760,0.000347853,426,407,852,bcsstk27
17,64,5,0.000476360,0.000474215,426,407,852,bcsstk27
17,64,6,0.000273705,0.000271797,426,407,852,bcsstk27
17,64,7,0.000459433,0.000457287,426,407,852,bcsstk27
17,64,8,0.000289202,0.000287294,426,407,852,bcsstk27
0,64,0,0.000542402,0.000540495,468,448,936,bcsstk27
0,64,1,0.000468731,0.000466824,468,448,936,bcsstk27
0,64,2,0.000487089,0.000484943,468,448,936,bcsstk27
0,64,3,0.000626326,0.000624418,468,448,936,bcsstk27
0,64,4,0.000511169,0.000509262,468,448,936,bcsstk27
22,64,0,0.000432253,0.000430584,442,423,884,bcsstk27
22,64,1,0.000502825,0.000501156,442,423,884,bcsstk27
22,64,2,0.000384808,0.000382900,442,423,884,bcsstk27
22,64,3,0.000594854,0.000593185,442,423,884,bcsstk27
22,64,4,0.000406981,0.000405550,442,423,884,bcsstk27
22,64,5,0.000480652,0.000478983,442,423,884,bcsstk27
22,64,6,0.000354290,0.000352621,442,423,884,bcsstk27
22,64,7,0.000478029,0.000475883,442,423,884,bcsstk27
22,64,8,0.000427008,0.000425339,442,423,884,bcsstk27
22,64,9,0.000392437,0.000390768,442,423,884,bcsstk27
17,64,9,0.000390768,0.000389099,426,407,852,bcsstk27
19,64,0,0.000401258,0.000399113,430,411,860,bcsstk27
19,64,1,0.000386715,0.000384808,430,411,860,bcsstk27
19,64,2,0.000390053,0.000388145,430,411,860,bcsstk27
19,64,3,0.000598192,0.000596046,430,411,860,bcsstk27
19,64,4,0.000273705,0.000271559,430,411,860,bcsstk27
19,64,5,0.000372410,0.000370264,430,411,860,bcsstk27
19,64,6,0.000294209,0.000292063,430,411,860,bcsstk27
19,64,7,0.000366926,0.000364542,430,411,860,bcsstk27
19,64,8,0.000288248,0.000286102,430,411,860,bcsstk27
19,64,9,0.000334978,0.000333071,430,411,860,bcsstk27
6,64,0,0.000507832,0.000505686,466,446,932,bcsstk27
6,64,1,0.000527859,0.000525713,466,446,932,bcsstk27
6,64,2,0.000397205,0.000395298,466,446,932,bcsstk27
6,64,3,0.000618458,0.000616312,466,446,932,bcsstk27
6,64,4,0.000487566,0.000485420,466,446,932,bcsstk27
6,64,5,0.000490427,0.000488520,466,446,932,bcsstk27
6,64,6,0.000564575,0.000562668,466,446,932,bcsstk27
6,64,7,0.000505686,0.000503778,466,446,932,bcsstk27
6,64,8,0.000500441,0.000498533,466,446,932,bcsstk27
6,64,9,0.000442743,0.000440836,466,446,932,bcsstk27
16,64,0,0.000464439,0.000462532,442,423,884,bcsstk27
16,64,1,0.000479460,0.000477552,442,423,884,bcsstk27
59,64,0,0.000452280,0.000450134,457,438,914,bcsstk27
59,64,1,0.000487566,0.000485659,457,438,914,bcsstk27
59,64,2,0.000348806,0.000346899,457,438,914,bcsstk27
61,64,0,0.000418186,0.000415802,444,425,888,bcsstk27
61,64,1,0.000439644,0.000437498,444,425,888,bcsstk27
61,64,2,0.000352859,0.000350714,444,425,888,bcsstk27
61,64,3,0.000626564,0.000624418,444,425,888,bcsstk27
61,64,4,0.000334263,0.000332117,444,425,888,bcsstk27
61,64,5,0.000383854,0.000381708,444,425,888,bcsstk27
61,64,6,0.000365973,0.000363588,444,425,888,bcsstk27
61,64,7,0.000353813,0.000351667,444,425,888,bcsstk27
61,64,8,0.000344276,0.000342131,444,425,888,bcsstk27
61,64,9,0.000336170,0.000334024,444,425,888,bcsstk27
3,64,0,0.000493526,0.000491142,451,431,902,bcsstk27
3,64,1,0.000467062,0.000465155,451,431,902,bcsstk27
3,64,2,0.000422001,0.000419855,451,431,902,bcsstk27
3,64,3,0.000626802,0.000624657,451,431,902,bcsstk27
3,64,4,0.000524044,0.000521898,451,431,902,bcsstk27
3,64,5,0.000506639,0.000504494,451,431,902,bcsstk27
3,64,6,0.000470638,0.000468493,451,431,902,bcsstk27
3,64,7,0.000512362,0.000510216,451,431,902,bcsstk27
3,64,8,0.000480175,0.000478029,451,431,902,bcsstk27
2,64,0,0.000506639,0.000503540,471,451,942,bcsstk27
2,64,1,0.000444412,0.000441313,471,451,942,bcsstk27
2,64,2,0.000420332,0.000417233,471,451,942,bcsstk27
2,64,3,0.000656128,0.000653028,471,451,942,bcsstk27
2,64,4,0.000554323,0.000551224,471,451,942,bcsstk27
2,64,5,0.000477076,0.000474930,471,451,942,bcsstk27
2,64,6,0.000511408,0.000509024,471,451,942,bcsstk27
2,64,7,0.000463247,0.000461102,471,451,942,bcsstk27
2,64,8,0.000507832,0.000505447,471,451,942,bcsstk27
2,64,9,0.000411987,0.000409842,471,451,942,bcsstk27
18,64,0,0.000413656,0.000411749,445,426,890,bcsstk27
18,64,1,0.000484705,0.000482798,445,426,890,bcsstk27
18,64,2,0.000341177,0.000339270,445,426,890,bcsstk27
18,64,3,0.000631332,0.000629425,445,426,890,bcsstk27
18,64,4,0.000328302,0.000326395,445,426,890,bcsstk27
18,64,5,0.000418901,0.000417233,445,426,890,bcsstk27
18,64,6,0.000358105,0.000356197,445,426,890,bcsstk27
18,64,7,0.000454187,0.000452042,445,426,890,bcsstk27
18,64,8,0.000376225,0.000374556,445,426,890,bcsstk27
18,64,9,0.000442505,0.000440598,445,426,890,bcsstk27
58,64,0,0.000475168,0.000473022,472,453,944,bcsstk27
58,64,1,0.000509501,0.000507593,472,453,944,bcsstk27
58,64,2,0.000444889,0.000442982,472,453,944,bcsstk27
59,64,3,0.000681639,0.000679731,457,438,914,bcsstk27
59,64,4,0.000388622,0.000386477,457,438,914,bcsstk27
59,64,5,0.000465393,0.000463486,457,438,914,bcsstk27
59,64,6,0.000330925,0.000329018,457,438,914,bcsstk27
59,64,7,0.000456333,0.000454426,457,438,914,bcsstk27
59,64,8,0.000334024,0.000331879,457,438,914,bcsstk27
59,64,9,0.000413656,0.000411749,457,438,914,bcsstk27
13,64,0,0.000364065,0.000361681,434,415,868,bcsstk27
9,64,0,0.000452757,0.000450611,429,410,858,bcsstk27
9,64,1,0.000451088,0.000449181,429,410,858,bcsstk27
9,64,2,0.000431776,0.000430107,429,410,858,bcsstk27
9,64,3,0.000564814,0.000562906,429,410,858,bcsstk27
9,64,4,0.000499964,0.000498056,429,410,858,bcsstk27
9,64,5,0.000478029,0.000476122,429,410,858,bcsstk27
9,64,6,0.000444651,0.000442982,429,410,858,bcsstk27
9,64,7,0.000480652,0.000478745,429,410,858,bcsstk27
9,64,8,0.000456095,0.000453949,429,410,858,bcsstk27
9,64,9,0.000464916,0.000463009,429,410,858,bcsstk27
20,64,0,0.000395775,0.000393629,449,430,898,bcsstk27
20,64,1,0.000370502,0.000368357,449,430,898,bcsstk27
20,64,2,0.000332117,0.000329971,449,430,898,bcsstk27
20,64,3,0.000617504,0.000615358,449,430,898,bcsstk27
20,64,4,0.000343561,0.000341415,449,430,898,bcsstk27
20,64,5,0.000359535,0.000357389,449,430,898,bcsstk27
20,64,6,0.000332594,0.000330448,449,430,898,bcsstk27
20,64,7,0.000360250,0.000358105,449,430,898,bcsstk27
20,64,8,0.000311613,0.000309467,449,430,898,bcsstk27
20,64,9,0.000342846,0.000340462,449,430,898,bcsstk27
24,64,0,0.000494242,0.000492334,446,427,892,bcsstk27
24,64,1,0.000477314,0.000475407,446,427,892,bcsstk27
24,64,2,0.000404358,0.000402451,446,427,892,bcsstk27
24,64,3,0.000607967,0.000606060,446,427,892,bcsstk27
24,64,4,0.000469446,0.000467539,446,427,892,bcsstk27
24,64,5,0.000445604,0.000443697,446,427,892,bcsstk27
24,64,6,0.000478983,0.000477076,446,427,892,bcsstk27
24,64,7,0.000468493,0.000466824,446,427,892,bcsstk27
24,64,8,0.000482798,0.000480890,446,427,892,bcsstk27
24,64,9,0.000444174,0.000442505,446,427,892,bcsstk27
16,64,2,0.000326872,0.000324726,442,423,884,bcsstk27
16,64,3,0.000586510,0.000584602,442,423,884,bcsstk27
16,64,4,0.000444412,0.000442505,442,423,884,bcsstk27
16,64,5,0.000503778,0.000501871,442,423,884,bcsstk27
16,64,6,0.000349760,0.000347853,442,423,884,bcsstk27
16,64,7,0.000487328,0.000485659,442,423,884,bcsstk27
16,64,8,0.000357389,0.000355482,442,423,884,bcsstk27
16,64,9,0.000449181,0.000447273,442,423,884,bcsstk27
35,64,0,0.000411510,0.000409365,432,413,864,bcsstk27
35,64,1,0.000486851,0.000484943,432,413,864,bcsstk27
25,64,0,0.000455379,0.000444651,421,402,842,bcsstk27
25,64,1,0.000442982,0.000440836,421,402,842,bcsstk27
25,64,2,0.000377178,0.000375032,421,402,842,bcsstk27
25,64,3,0.000605106,0.000603199,421,402,842,bcsstk27
25,64,4,0.000473022,0.000470877,421,402,842,bcsstk27
25,64,5,0.000375271,0.000373125,421,402,842,bcsstk27
25,64,6,0.000530958,0.000529051,421,402,842,bcsstk27
25,64,7,0.000382423,0.000380278,421,402,842,bcsstk27
25,64,8,0.000470877,0.000468731,421,402,842,bcsstk27
25,64,9,0.000357151,0.000355244,421,402,842,bcsstk27
3,64,9,0.000460386,0.000458241,451,431,902,bcsstk27
26,64,0,0.000440836,0.000438929,440,421,880,bcsstk27
26,64,1,0.000451803,0.000449657,440,421,880,bcsstk27
26,64,2,0.000378132,0.000375986,440,421,880,bcsstk27
26,64,3,0.000634193,0.000632048,440,421,880,bcsstk27
26,64,4,0.000499249,0.000497341,440,421,880,bcsstk27
26,64,5,0.000386238,0.000384331,440,421,880,bcsstk27
26,64,6,0.000466824,0.000464916,440,421,880,bcsstk27
26,64,7,0.000378370,0.000376225,440,421,880,bcsstk27
26,64,8,0.000462294,0.000460148,440,421,880,bcsstk27
26,64,9,0.000370026,0.000368118,440,421,880,bcsstk27
42,64,0,0.000399828,0.000397444,451,432,902,bcsstk27
42,64,1,0.000470400,0.000468493,451,432,902,bcsstk27
42,64,2,0.000355721,0.000353575,451,432,902,bcsstk27
42,64,3,0.000632286,0.000630379,451,432,902,bcsstk27
42,64,4,0.000323534,0.000321627,451,432,902,bcsstk27
42,64,5,0.000461578,0.000459433,451,432,902,bcsstk27
42,64,6,0.000517607,0.000515699,451,432,902,bcsstk27
42,64,7,0.000479937,0.000478029,451,432,902,bcsstk27
42,64,8,0.000333071,0.000331163,451,432,902,bcsstk27
42,64,9,0.000442028,0.000440121,451,432,902,bcsstk27
34,64,0,0.000416517,0.000414371,447,428,894,bcsstk27
34,64,1,0.000475407,0.000473738,447,428,894,bcsstk27
34,64,2,0.000440359,0.000438452,447,428,894,bcsstk27
34,64,3,0.000603199,0.000601292,447,428,894,bcsstk27
34,64,4,0.000416756,0.000414848,447,428,894,bcsstk27
34,64,5,0.000511885,0.000510216,447,428,894,bcsstk27
34,64,6,0.000484943,0.000483036,447,428,894,bcsstk27
34,64,7,0.000484705,0.000482798,447,428,894,bcsstk27
34,64,8,0.000396013,0.000394344,447,428,894,bcsstk27
11,64,0,0.000396252,0.000394106,430,411,860,bcsstk27
11,64,1,0.000522137,0.000520229,430,411,860,bcsstk27
11,64,2,0.000308752,0.000306845,430,411,860,bcsstk27
11,64,3,0.000648737,0.000646830,430,411,860,bcsstk27
11,64,4,0.000313759,0.000311852,430,411,860,bcsstk27
43,64,0,0.000360966,0.000358582,436,417,872,bcsstk27
43,64,1,0.000447273,0.000445127,436,417,872,bcsstk27
43,64,2,0.000398159,0.000396013,436,417,872,bcsstk27
15,64,0,0.000473261,0.000470638,423,404,846,bcsstk27
15,64,1,0.000469208,0.000466824,423,404,846,bcsstk27
15,64,2,0.000406027,0.000403881,423,404,846,bcsstk27
15,64,3,0.000606060,0.000603914,423,404,846,bcsstk27
15,64,4,0.000365496,0.000363350,423,404,846,bcsstk27
15,64,5,0.000517130,0.000514984,423,404,846,bcsstk27
15,64,6,0.000356674,0.000354528,423,404,846,bcsstk27
15,64,7,0.000464916,0.000462770,423,404,846,bcsstk27
15,64,8,0.000353336,0.000351429,423,404,846,bcsstk27
15,64,9,0.000469208,0.000467300,423,404,846,bcsstk27
32,64,0,0.000477791,0.000475645,465,446,930,bcsstk27
32,64,1,0.000449896,0.000447989,465,446,930,bcsstk27
32,64,2,0.000369549,0.000367641,465,446,930,bcsstk27
32,64,3,0.000601292,0.000599384,465,446,930,bcsstk27
32,64,4,0.000356674,0.000354767,465,446,930,bcsstk27
32,64,5,0.000433445,0.000431299,465,446,930,bcsstk27
32,64,6,0.000375509,0.000373363,465,446,930,bcsstk27
32,64,7,0.000414848,0.000412941,465,446,930,bcsstk27
32,64,8,0.000351906,0.000349760,465,446,930,bcsstk27
32,64,9,0.000414848,0.000412703,465,446,930,bcsstk27
0,64,5,0.000522852,0.000521183,468,448,936,bcsstk27
0,64,6,0.000522852,0.000520945,468,448,936,bcsstk27
0,64,7,0.000483274,0.000481367,468,448,936,bcsstk27
0,64,8,0.000519514,0.000517845,468,448,936,bcsstk27
0,64,9,0.000464439,0.000462294,468,448,936,bcsstk27
40,64,0,0.000388622,0.000386715,465,446,930,bcsstk27
40,64,1,0.000529289,0.000527382,465,446,930,bcsstk27
40,64,2,0.000409842,0.000407934,465,446,930,bcsstk27
40,64,3,0.000630140,0.000628233,465,446,930,bcsstk27
40,64,4,0.000429869,0.000427961,465,446,930,bcsstk27
40,64,5,0.000517130,0.000515223,465,446,930,bcsstk27
35,64,2,0.000363827,0.000361919,432,413,864,bcsstk27
35,64,3,0.000653982,0.000652075,432,413,864,bcsstk27
35,64,4,0.000344753,0.000342846,432,413,864,bcsstk27
35,64,5,0.000519276,0.000517368,432,413,864,bcsstk27
35,64,6,0.000310898,0.000308990,432,413,864,bcsstk27
35,64,7,0.000483036,0.000480890,432,413,864,bcsstk27
35,64,8,0.000317812,0.000316143,432,413,864,bcsstk27
35,64,9,0.000441790,0.000439644,432,413,864,bcsstk27
7,64,0,0.000466824,0.000464678,452,432,904,bcsstk27
7,64,1,0.000524044,0.000521898,452,432,904,bcsstk27
7,64,2,0.000378609,0.000376463,452,432,904,bcsstk27
7,64,3,0.000602722,0.000600576,452,432,904,bcsstk27
21,64,0,0.000465393,0.000462770,423,404,846,bcsstk27
21,64,1,0.000470638,0.000467777,423,404,846,bcsstk27
21,64,2,0.000434875,0.000432491,423,404,846,bcsstk27
21,64,3,0.000614882,0.000612259,423,404,846,bcsstk27
21,64,4,0.000434160,0.000431776,423,404,846,bcsstk27
21,64,5,0.000508070,0.000506401,423,404,846,bcsstk27
21,64,6,0.000376940,0.000375032,423,404,846,bcsstk27
21,64,7,0.000470161,0.000468493,423,404,846,bcsstk27
21,64,8,0.000431299,0.000429630,423,404,846,bcsstk27
21,64,9,0.000491858,0.000489950,423,404,846,bcsstk27
44,64,0,0.000430346,0.000427723,455,436,910,bcsstk27
44,64,1,0.000521898,0.000519753,455,436,910,bcsstk27
44,64,2,0.000369787,0.000367641,455,436,910,bcsstk27
44,64,3,0.000643492,0.000641108,455,436,910,bcsstk27
44,64,4,0.000364780,0.000362873,455,436,910,bcsstk27
44,64,5,0.000411272,0.000409126,455,436,910,bcsstk27
44,64,6,0.000376463,0.000374317,455,436,910,bcsstk27
44,64,7,0.000419855,0.000417471,455,436,910,bcsstk27
44,64,8,0.000343561,0.000341415,455,436,910,bcsstk27
44,64,9,0.000385523,0.000383377,455,436,910,bcsstk27
12,64,0,0.000415087,0.000412941,449,430,898,bcsstk27
12,64,1,0.000493765,0.000491858,449,430,898,bcsstk27
12,64,2,0.000386477,0.000384808,449,430,898,bcsstk27
12,64,3,0.000620127,0.000618219,449,430,898,bcsstk27
12,64,4,0.000346899,0.000344992,449,430,898,bcsstk27
12,64,5,0.000487328,0.000485420,449,430,898,bcsstk27
12,64,6,0.000348806,0.000346899,449,430,898,bcsstk27
12,64,7,0.000485182,0.000483513,449,430,898,bcsstk27
12,64,8,0.000355959,0.000354052,449,430,898,bcsstk27
12,64,9,0.000463724,0.000462055,449,430,898,bcsstk27
58,64,3,0.000631571,0.000629663,472,453,944,bcsstk27
58,64,4,0.000455379,0.000453472,472,453,944,bcsstk27
58,64,5,0.000511885,0.000509977,472,453,944,bcsstk27
58,64,6,0.000417233,0.000415087,472,453,944,bcsstk27
58,64,7,0.000492573,0.000490665,472,453,944,bcsstk27
58,64,8,0.000400543,0.000398636,472,453,944,bcsstk27
58,64,9,0.000458002,0.000448465,472,453,944,bcsstk27
53,64,0,0.000453234,0.000451088,430,411,860,bcsstk27
53,64,1,0.000478506,0.000476599,430,411,860,bcsstk27
53,64,2,0.000377655,0.000375748,430,411,860,bcsstk27
53,64,3,0.000704288,0.000702143,430,411,860,bcsstk27
53,64,4,0.000343084,0.000341177,430,411,860,bcsstk27
13,64,1,0.000467539,0.000465393,434,415,868,bcsstk27
13,64,2,0.000312090,0.000309944,434,415,868,bcsstk27
13,64,3,0.000622034,0.000619888,434,415,868,bcsstk27
13,64,4,0.000290394,0.000288248,434,415,868,bcsstk27
13,64,5,0.000418901,0.000416756,434,415,868,bcsstk27
13,64,6,0.000299692,0.000297785,434,415,868,bcsstk27
13,64,7,0.000411749,0.000409603,434,415,868,bcsstk27
13,64,8,0.000298738,0.000296831,434,415,868,bcsstk27
13,64,9,0.000399113,0.000396967,434,415,868,bcsstk27
27,64,0,0.000453472,0.000450611,438,419,876,bcsstk27
27,64,1,0.000461578,0.000458956,438,419,876,bcsstk27
27,64,2,0.000472784,0.000470161,438,419,876,bcsstk27
27,64,3,0.000661612,0.000658989,438,419,876,bcsstk27
27,64,4,0.000482082,0.000479460,438,419,876,bcsstk27
27,64,5,0.000520229,0.000517607,438,419,876,bcsstk27
27,64,6,0.000425816,0.000423193,438,419,876,bcsstk27
27,64,7,0.000495195,0.000493526,438,419,876,bcsstk27
27,64,8,0.000433207,0.000431299,438,419,876,bcsstk27
27,64,9,0.000464678,0.000462532,438,419,876,bcsstk27
62,64,0,0.000426769,0.000423670,463,444,926,bcsstk27
62,64,1,0.000399351,0.000396252,463,444,926,bcsstk27
62,64,2,0.000393391,0.000390530,463,444,926,bcsstk27
62,64,3,0.000649214,0.000646353,463,444,926,bcsstk27
62,64,4,0.000406981,0.000403881,463,444,926,bcsstk27
62,64,5,0.000388622,0.000385761,463,444,926,bcsstk27
62,64,6,0.000410080,0.000407219,463,444,926,bcsstk27
62,64,7,0.000359058,0.000356197,463,444,926,bcsstk27
62,64,8,0.000405312,0.000402212,463,444,926,bcsstk27
62,64,9,0.000340700,0.000337839,463,444,926,bcsstk27
30,64,0,0.000458717,0.000456333,461,442,922,bcsstk27
30,64,1,0.000501394,0.000499487,461,442,922,bcsstk27
30,64,2,0.000395060,0.000393152,461,442,922,bcsstk27
30,64,3,0.000642061,0.000640154,461,442,922,bcsstk27
30,64,4,0.000437260,0.000435352,461,442,922,bcsstk27
30,64,5,0.000483751,0.000481844,461,442,922,bcsstk27
30,64,6,0.000544310,0.000542164,461,442,922,bcsstk27
30,64,7,0.000485420,0.000483513,461,442,922,bcsstk27
30,64,8,0.000452042,0.000449896,461,442,922,bcsstk27
30,64,9,0.000467300,0.000465393,461,442,922,bcsstk27
10,64,0,0.000478029,0.000476122,448,429,896,bcsstk27
10,64,1,0.000503302,0.000501394,448,429,896,bcsstk27
10,64,2,0.000411034,0.000409126,448,429,896,bcsstk27
10,64,3,0.000547409,0.000545502,448,429,896,bcsstk27
10,64,4,0.000524998,0.000523329,448,429,896,bcsstk27
10,64,5,0.000527620,0.000525951,448,429,896,bcsstk27
10,64,6,0.000459909,0.000458002,448,429,896,bcsstk27
10,64,7,0.000494003,0.000492096,448,429,896,bcsstk27
10,64,8,0.000467539,0.000465631,448,429,896,bcsstk27
10,64,9,0.000476360,0.000474691,448,429,896,bcsstk27
11,64,5,0.000509977,0.000508070,430,411,860,bcsstk27
11,64,6,0.000276327,0.000274420,430,411,860,bcsstk27
11,64,7,0.000493765,0.000491858,430,411,860,bcsstk27
11,64,8,0.000297785,0.000295877,430,411,860,bcsstk27
11,64,9,0.000449419,0.000447512,430,411,860,bcsstk27
31,64,0,0.000489712,0.000487804,446,427,892,bcsstk27
31,64,1,0.000520945,0.000518799,446,427,892,bcsstk27
31,64,2,0.000352621,0.000350475,446,427,892,bcsstk27
31,64,3,0.000630856,0.000628710,446,427,892,bcsstk27
31,64,4,0.000448227,0.000446081,446,427,892,bcsstk27
31,64,5,0.000406742,0.000404596,446,427,892,bcsstk27
31,64,6,0.000520468,0.000518322,446,427,892,bcsstk27
31,64,7,0.000424147,0.000422001,446,427,892,bcsstk27
31,64,8,0.000452518,0.000450134,446,427,892,bcsstk27
31,64,9,0.000397921,0.000395775,446,427,892,bcsstk27
33,64,0,0.000414610,0.000412226,428,409,856,bcsstk27
33,64,1,0.000473738,0.000471592,428,409,856,bcsstk27
33,64,2,0.000425100,0.000422955,428,409,856,bcsstk27
33,64,3,0.000622034,0.000619650,428,409,856,bcsstk27
33,64,4,0.000404596,0.000402451,428,409,856,bcsstk27
33,64,5,0.000522137,0.000519991,428,409,856,bcsstk27
33,64,6,0.000395536,0.000393391,428,409,856,bcsstk27
33,64,7,0.000482798,0.000480413,428,409,856,bcsstk27
33,64,8,0.000374556,0.000372171,428,409,856,bcsstk27
33,64,9,0.000503302,0.000501156,428,409,856,bcsstk27
8,64,0,0.000503540,0.000501394,450,431,900,bcsstk27
8,64,1,0.000474453,0.000472069,450,431,900,bcsstk27
8,64,2,0.000398397,0.000396252,450,431,900,bcsstk27
8,64,3,0.000572443,0.000570297,450,431,900,bcsstk27
8,64,4,0.000531435,0.000529051,450,431,900,bcsstk27
8,64,5,0.000454426,0.000452042,450,431,900,bcsstk27
8,64,6,0.000562191,0.000560045,450,431,900,bcsstk27
8,64,7,0.000456810,0.000454664,450,431,900,bcsstk27
8,64,8,0.000491858,0.000489473,450,431,900,bcsstk27
8,64,9,0.000431299,0.000429153,450,431,900,bcsstk27
36,64,0,0.000382662,0.000380516,463,444,926,bcsstk27
36,64,1,0.000494480,0.000492573,463,444,926,bcsstk27
36,64,2,0.000380993,0.000379086,463,444,926,bcsstk27
36,64,3,0.000646830,0.000644922,463,444,926,bcsstk27
36,64,4,0.000311375,0.000309467,463,444,926,bcsstk27
36,64,5,0.000509262,0.000507355,463,444,926,bcsstk27
36,64,6,0.000380039,0.000378132,463,444,926,bcsstk27
36,64,7,0.000485659,0.000483751,463,444,926,bcsstk27
36,64,8,0.000331163,0.000329256,463,444,926,bcsstk27
36,64,9,0.000464439,0.000462532,463,444,926,bcsstk27
28,64,0,0.000465393,0.000463247,457,438,914,bcsstk27
28,64,1,0.000524282,0.000522375,457,438,914,bcsstk27
28,64,2,0.000407457,0.000405788,457,438,914,bcsstk27
28,64,3,0.000630617,0.000628710,457,438,914,bcsstk27
28,64,4,0.000502586,0.000500679,457,438,914,bcsstk27
41,64,0,0.000388622,0.000386477,450,431,900,bcsstk27
41,64,1,0.000512600,0.000510454,450,431,900,bcsstk27
41,64,2,0.000338793,0.000336647,450,431,900,bcsstk27
41,64,3,0.000630617,0.000628710,450,431,900,bcsstk27
41,64,4,0.000348806,0.000346899,450,431,900,bcsstk27
41,64,5,0.000502586,0.000500441,450,431,900,bcsstk27
41,64,6,0.000315428,0.000313282,450,431,900,bcsstk27
43,64,3,0.000635862,0.000633717,436,417,872,bcsstk27
43,64,4,0.000287294,0.000284910,436,417,872,bcsstk27
43,64,5,0.000397205,0.000395298,436,417,872,bcsstk27
43,64,6,0.000330687,0.000328779,436,417,872,bcsstk27
43,64,7,0.000407696,0.000405550,436,417,872,bcsstk27
43,64,8,0.000318766,0.000316620,436,417,872,bcsstk27
43,64,9,0.000385046,0.000382900,436,417,872,bcsstk27
39,64,0,0.000421047,0.000418901,446,427,892,bcsstk27
39,64,1,0.000476360,0.000474215,446,427,892,bcsstk27
39,64,2,0.000424862,0.000422955,446,427,892,bcsstk27
39,64,3,0.000633478,0.000631571,446,427,892,bcsstk27
39,64,4,0.000405788,0.000403881,446,427,892,bcsstk27
39,64,5,0.000519276,0.000517130,446,427,892,bcsstk27
39,64,6,0.000401735,0.000399590,446,427,892,bcsstk27
39,64,7,0.000496149,0.000494003,446,427,892,bcsstk27
39,64,8,0.000387669,0.000385523,446,427,892,bcsstk27
39,64,9,0.000483274,0.000481367,446,427,892,bcsstk27
14,64,0,0.000405788,0.000403881,450,431,900,bcsstk27
14,64,1,0.000448465,0.000446558,450,431,900,bcsstk27
14,64,2,0.000349522,0.000347614,450,431,900,bcsstk27
14,64,3,0.000625610,0.000623703,450,431,900,bcsstk27
14,64,4,0.000332355,0.000330210,450,431,900,bcsstk27
14,64,5,0.000432253,0.000430346,450,431,900,bcsstk27
14,64,6,0.000338078,0.000335932,450,431,900,bcsstk27
14,64,7,0.000417471,0.000415325,450,431,900,bcsstk27
14,64,8,0.000325441,0.000323296,450,431,900,bcsstk27
14,64,9,0.000428200,0.000426054,450,431,900,bcsstk27
48,64,0,0.000461102,0.000458956,463,444,926,bcsstk27
48,64,1,0.000496387,0.000494480,463,444,926,bcsstk27
48,64,2,0.000382185,0.000380278,463,444,926,bcsstk27
48,64,3,0.000602484,0.000600576,463,444,926,bcsstk27
48,64,4,0.000370264,0.000368357,463,444,926,bcsstk27
48,64,5,0.000488997,0.000487089,463,444,926,bcsstk27
48,64,6,0.000524044,0.000522375,463,444,926,bcsstk27
48,64,7,0.000473738,0.000472069,463,444,926,bcsstk27
48,64,8,0.000394344,0.000392437,463,444,926,bcsstk27
48,64,9,0.000470638,0.000468731,463,444,926,bcsstk27
34,64,9,0.000468731,0.000466824,447,428,894,bcsstk27
53,64,5,0.000484228,0.000482321,430,411,860,bcsstk27
53,64,6,0.000303030,0.000301123,430,411,860,bcsstk27
53,64,7,0.000453234,0.000451326,430,411,860,bcsstk27
53,64,8,0.000320911,0.000319004,430,411,860,bcsstk27
53,64,9,0.000454664,0.000452518,430,411,860,bcsstk27
1,64,0,0.000499964,0.000497580,454,434,908,bcsstk27
1,64,1,0.000456333,0.000454187,454,434,908,bcsstk27
1,64,2,0.000400543,0.000398397,454,434,908,bcsstk27
1,64,3,0.000607967,0.000605822,454,434,908,bcsstk27
1,64,4,0.000519514,0.000517368,454,434,908,bcsstk27
1,64,5,0.000455379,0.000452995,454,434,908,bcsstk27
1,64,6,0.000502348,0.000500441,454,434,908,bcsstk27
1,64,7,0.000450134,0.000448227,454,434,908,bcsstk27
1,64,8,0.000514507,0.000512362,454,434,908,bcsstk27
1,64,9,0.000410080,0.000407696,454,434,908,bcsstk27
45,64,0,0.000518799,0.000516415,440,421,880,bcsstk27
45,64,1,0.000473976,0.000471830,440,421,880,bcsstk27
45,64,2,0.000431299,0.000428915,440,421,880,bcsstk27
45,64,3,0.000616074,0.000613689,440,421,880,bcsstk27
45,64,4,0.000420094,0.000417471,440,421,880,bcsstk27
45,64,5,0.000510931,0.000509024,440,421,880,bcsstk27
45,64,6,0.000375032,0.000373125,440,421,880,bcsstk27
45,64,7,0.000486851,0.000484943,440,421,880,bcsstk27
45,64,8,0.000397682,0.000395775,440,421,880,bcsstk27
45,64,9,0.000486851,0.000484943,440,421,880,bcsstk27
38,64,0,0.000353575,0.000350952,467,448,934,bcsstk27
38,64,1,0.000472069,0.000469923,467,448,934,bcsstk27
38,64,2,0.000365973,0.000363588,467,448,934,bcsstk27
38,64,3,0.000656605,0.000654459,467,448,934,bcsstk27
38,64,4,0.000355721,0.000353575,467,448,934,bcsstk27
38,64,5,0.000454903,0.000452757,467,448,934,bcsstk27
38,64,6,0.000383854,0.000381947,467,448,934,bcsstk27
38,64,7,0.000450134,0.000447750,467,448,934,bcsstk27
38,64,8,0.000364780,0.000362635,467,448,934,bcsstk27
38,64,9,0.000424623,0.000422478,467,448,934,bcsstk27
54,64,0,0.000432253,0.000430346,458,439,916,bcsstk27
54,64,1,0.000483036,0.000481129,458,439,916,bcsstk27
54,64,2,0.000362396,0.000360727,458,439,916,bcsstk27
54,64,3,0.000669718,0.000667810,458,439,916,bcsstk27
54,64,4,0.000302792,0.000300884,458,439,916,bcsstk27
54,64,5,0.000455856,0.000453949,458,439,916,bcsstk27
54,64,6,0.000324249,0.000322342,458,439,916,bcsstk27
54,64,7,0.000467539,0.000465631,458,439,916,bcsstk27
54,64,8,0.000334263,0.000332355,458,439,916,bcsstk27
54,64,9,0.000465631,0.000463724,458,439,916,bcsstk27
40,64,6,0.000403881,0.000401974,465,446,930,bcsstk27
40,64,7,0.000499487,0.000497580,465,446,930,bcsstk27
40,64,8,0.000400782,0.000398874,465,446,930,bcsstk27
40,64,9,0.000478029,0.000476122,465,446,930,bcsstk27
29,64,0,0.000485659,0.000483274,442,423,884,bcsstk27
29,64,1,0.000529289,0.000527143,442,423,884,bcsstk27
29,64,2,0.000379801,0.000377893,442,423,884,bcsstk27
29,64,3,0.000673294,0.000671387,442,423,884,bcsstk27
29,64,4,0.000498056,0.000496149,442,423,884,bcsstk27
29,64,5,0.000499725,0.000497818,442,423,884,bcsstk27
29,64,6,0.000430346,0.000428438,442,423,884,bcsstk27
29,64,7,0.000509501,0.000507593,442,423,884,bcsstk27
29,64,8,0.000445366,0.000443459,442,423,884,bcsstk27
29,64,9,0.000468016,0.000466108,442,423,884,bcsstk27
7,64,4,0.000495434,0.000493050,452,432,904,bcsstk27
7,64,5,0.000443697,0.000441790,452,432,904,bcsstk27
7,64,6,0.000482321,0.000480413,452,432,904,bcsstk27
7,64,7,0.000447273,0.000445127,452,432,904,bcsstk27
7,64,8,0.000492811,0.000490665,452,432,904,bcsstk27
7,64,9,0.000398159,0.000396013,452,432,904,bcsstk27
51,64,0,0.000549555,0.000546694,426,407,852,bcsstk27
51,64,1,0.000458717,0.000456095,426,407,852,bcsstk27
51,64,2,0.000484467,0.000482082,426,407,852,bcsstk27
51,64,3,0.000601053,0.000598669,426,407,852,bcsstk27
51,64,4,0.000448942,0.000446320,426,407,852,bcsstk27
51,64,5,0.000516891,0.000514507,426,407,852,bcsstk27
51,64,6,0.000414133,0.000411749,426,407,852,bcsstk27
51,64,7,0.000473022,0.000471115,426,407,852,bcsstk27
51,64,8,0.000406265,0.000404596,426,407,852,bcsstk27
51,64,9,0.000504494,0.000502825,426,407,852,bcsstk27
50,64,0,0.000446558,0.000443459,467,448,934,bcsstk27
50,64,1,0.000529051,0.000526428,467,448,934,bcsstk27
50,64,2,0.000346184,0.000343323,467,448,934,bcsstk27
50,64,3,0.000610828,0.000608206,467,448,934,bcsstk27
50,64,4,0.000365973,0.000363111,467,448,934,bcsstk27
50,64,5,0.000451803,0.000449419,467,448,934,bcsstk27
50,64,6,0.000347376,0.000344992,467,448,934,bcsstk27
50,64,7,0.000420809,0.000418663,467,448,934,bcsstk27
50,64,8,0.000357628,0.000355244,467,448,934,bcsstk27
50,64,9,0.000437021,0.000434637,467,448,934,bcsstk27
60,64,0,0.000455379,0.000453472,461,442,922,bcsstk27
60,64,1,0.000492811,0.000490904,461,442,922,bcsstk27
60,64,2,0.000387907,0.000386000,461,442,922,bcsstk27
60,64,3,0.000646830,0.000644922,461,442,922,bcsstk27
60,64,4,0.000364542,0.000362635,461,442,922,bcsstk27
60,64,5,0.000437260,0.000435352,461,442,922,bcsstk27
60,64,6,0.000397444,0.000395536,461,442,922,bcsstk27
60,64,7,0.000472069,0.000470161,461,442,922,bcsstk27
60,64,8,0.000362635,0.000360489,461,442,922,bcsstk27
60,64,9,0.000461817,0.000459909,461,442,922,bcsstk27
46,64,0,0.000524521,0.000522375,459,440,918,bcsstk27
46,64,1,0.000505924,0.000503778,459,440,918,bcsstk27
46,64,2,0.000429392,0.000427246,459,440,918,bcsstk27
46,64,3,0.000624418,0.000622511,459,440,918,bcsstk27
46,64,4,0.000427008,0.000425100,459,440,918,bcsstk27
46,64,5,0.000524759,0.000523090,459,440,918,bcsstk27
46,64,6,0.000378609,0.000376701,459,440,918,bcsstk27
46,64,7,0.000492096,0.000490427,459,440,918,bcsstk27
46,64,8,0.000416517,0.000414848,459,440,918,bcsstk27
46,64,9,0.000491858,0.000489950,459,440,918,bcsstk27
41,64,7,0.000500917,0.000499010,450,431,900,bcsstk27
41,64,8,0.000311852,0.000309706,450,431,900,bcsstk27
41,64,9,0.000466108,0.000464201,450,431,900,bcsstk27
37,64,0,0.000332355,0.000329971,448,429,896,bcsstk27
37,64,1,0.000481844,0.000479698,448,429,896,bcsstk27
37,64,2,0.000354528,0.000352621,448,429,896,bcsstk27
37,64,3,0.000624180,0.000621796,448,429,896,bcsstk27
37,64,4,0.000286341,0.000284433,448,429,896,bcsstk27
37,64,5,0.000432014,0.000429869,448,429,896,bcsstk27
37,64,6,0.000324249,0.000321865,448,429,896,bcsstk27
37,64,7,0.000427723,0.000425577,448,429,896,bcsstk27
37,64,8,0.000305176,0.000303030,448,429,896,bcsstk27
37,64,9,0.000401020,0.000399113,448,429,896,bcsstk27
57,64,0,0.000529289,0.000526667,453,434,906,bcsstk27
57,64,1,0.000474930,0.000472307,453,434,906,bcsstk27
57,64,2,0.000408649,0.000405788,453,434,906,bcsstk27
57,64,3,0.000666618,0.000663996,453,434,906,bcsstk27
57,64,4,0.000482559,0.000479937,453,434,906,bcsstk27
57,64,5,0.000509977,0.000507355,453,434,906,bcsstk27
57,64,6,0.000411749,0.000408888,453,434,906,bcsstk27
57,64,7,0.000492811,0.000490189,453,434,906,bcsstk27
57,64,8,0.000391722,0.000389814,453,434,906,bcsstk27
57,64,9,0.000479221,0.000477314,453,434,906,bcsstk27
56,64,0,0.000478506,0.000475645,468,449,936,bcsstk27
56,64,1,0.000531912,0.000529051,468,449,936,bcsstk27
56,64,2,0.000394583,0.000391722,468,449,936,bcsstk27
56,64,3,0.000664711,0.000661850,468,449,936,bcsstk27
56,64,4,0.000412703,0.000409842,468,449,936,bcsstk27
56,64,5,0.000395060,0.000391960,468,449,936,bcsstk27
56,64,6,0.000417948,0.000415087,468,449,936,bcsstk27
56,64,7,0.000375986,0.000373125,468,449,936,bcsstk27
56,64,8,0.000401020,0.000398159,468,449,936,bcsstk27
56,64,9,0.000426054,0.000423193,468,449,936,bcsstk27
52,64,0,0.000451326,0.000449419,445,426,890,bcsstk27
52,64,1,0.000481129,0.000479221,445,426,890,bcsstk27
52,64,2,0.000432730,0.000431061,445,426,890,bcsstk27
52,64,3,0.000649691,0.000647545,445,426,890,bcsstk27
52,64,4,0.000418663,0.000416756,445,426,890,bcsstk27
52,64,5,0.000524998,0.000523329,445,426,890,bcsstk27
52,64,6,0.000385046,0.000383377,445,426,890,bcsstk27
52,64,7,0.000493288,0.000491381,445,426,890,bcsstk27
52,64,8,0.000391722,0.000390053,445,426,890,bcsstk27
52,64,9,0.000487566,0.000485659,445,426,890,bcsstk27
5,64,0,0.000537634,0.000535488,446,426,892,bcsstk27
5,64,1,0.000557899,0.000555992,446,426,892,bcsstk27
5,64,2,0.000404596,0.000402689,446,426,892,bcsstk27
5,64,3,0.000632524,0.000630617,446,426,892,bcsstk27
5,64,4,0.000547171,0.000545263,446,426,892,bcsstk27
5,64,5,0.000523090,0.000521183,446,426,892,bcsstk27
5,64,6,0.000476122,0.000474215,446,426,892,bcsstk27
5,64,7,0.000519753,0.000517845,446,426,892,bcsstk27
55,64,0,0.000415564,0.000413418,449,430,898,bcsstk27
55,64,1,0.000438213,0.000436068,449,430,898,bcsstk27
55,64,2,0.000383615,0.000377178,449,430,898,bcsstk27
55,64,3,0.000652313,0.000650167,449,430,898,bcsstk27
55,64,4,0.000373363,0.000371456,449,430,898,bcsstk27
55,64,5,0.000395536,0.000393152,449,430,898,bcsstk27
55,64,6,0.000380754,0.000371695,449,430,898,bcsstk27
55,64,7,0.000385761,0.000383854,449,430,898,bcsstk27
55,64,8,0.000360966,0.000358582,449,430,898,bcsstk27
55,64,9,0.000399113,0.000396967,449,430,898,bcsstk27
63,64,0,0.000578403,0.000575542,448,429,896,bcsstk27
63,64,1,0.000476122,0.000473261,448,429,896,bcsstk27
63,64,2,0.000539303,0.000536680,448,429,896,bcsstk27
63,64,3,0.000632048,0.000629187,448,429,896,bcsstk27
63,64,4,0.000569582,0.000566959,448,429,896,bcsstk27
63,64,5,0.000534058,0.000531197,448,429,896,bcsstk27
63,64,6,0.000550508,0.000547647,448,429,896,bcsstk27
63,64,7,0.000498772,0.000496149,448,429,896,bcsstk27
63,64,8,0.000515699,0.000513554,448,429,896,bcsstk27
63,64,9,0.000485897,0.000483751,448,429,896,bcsstk27
4,64,0,0.000521183,0.000518799,471,451,942,bcsstk27
4,64,1,0.000544548,0.000542641,471,451,942,bcsstk27
4,64,2,0.000445843,0.000443697,471,451,942,bcsstk27
4,64,3,0.000602007,0.000600100,471,451,942,bcsstk27
4,64,4,0.000551462,0.000549555,471,451,942,bcsstk27
4,64,5,0.000564575,0.000562668,471,451,942,bcsstk27
4,64,6,0.000517607,0.000515699,471,451,942,bcsstk27
4,64,7,0.000530958,0.000528812,471,451,942,bcsstk27
4,64,8,0.000493765,0.000491858,471,451,942,bcsstk27
4,64,9,0.000521183,0.000519037,471,451,942,bcsstk27
47,64,0,0.000455618,0.000453234,444,425,888,bcsstk27
47,64,1,0.000520468,0.000518322,444,425,888,bcsstk27
47,64,2,0.000365496,0.000363350,444,425,888,bcsstk27
47,64,3,0.000656366,0.000654221,444,425,888,bcsstk27
47,64,4,0.000354767,0.000352621,444,425,888,bcsstk27
47,64,5,0.000526190,0.000524282,444,425,888,bcsstk27
47,64,6,0.000306606,0.000304699,444,425,888,bcsstk27
49,64,0,0.000427723,0.000425339,448,429,896,bcsstk27
49,64,1,0.000523090,0.000520706,448,429,896,bcsstk27
49,64,2,0.000350714,0.000348568,448,429,896,bcsstk27
49,64,3,0.000598907,0.000597000,448,429,896,bcsstk27
49,64,4,0.000303745,0.000301838,448,429,896,bcsstk27
49,64,5,0.000433445,0.000431299,448,429,896,bcsstk27
49,64,6,0.000326633,0.000324488,448,429,896,bcsstk27
49,64,7,0.000407219,0.000405073,448,429,896,bcsstk27
49,64,8,0.000334501,0.000332594,448,429,896,bcsstk27
49,64,9,0.000435591,0.000433445,448,429,896,bcsstk27
28,64,5,0.000516891,0.000514984,457,438,914,bcsstk27
28,64,6,0.000438690,0.000436783,457,438,914,bcsstk27
28,64,7,0.000502825,0.000500917,457,438,914,bcsstk27
28,64,8,0.000446320,0.000444412,457,438,914,bcsstk27
28,64,9,0.000508070,0.000506401,457,438,914,bcsstk27
5,64,8,0.000492096,0.000490189,446,426,892,bcsstk27
5,64,9,0.000483274,0.000481367,446,426,892,bcsstk27
47,64,7,0.000492573,0.000490189,444,425,888,bcsstk27
47,64,8,0.000333786,0.000331640,444,425,888,bcsstk27
47,64,9,0.000486612,0.000484467,444,425,888,bcsstk27
100,128,0,0.000888109,0.000886917,228,219,456,bcsstk27
100,128,1,0.001074553,0.001073360,228,219,456,bcsstk27
100,128,2,0.000879049,0.000878096,228,219,456,bcsstk27
100,128,3,0.001055717,0.001054764,228,219,456,bcsstk27
100,128,4,0.000811338,0.000810385,228,219,456,bcsstk27
100,128,5,0.001100302,0.001099348,228,219,456,bcsstk27
100,128,6,0.000741005,0.000740051,228,219,456,bcsstk27
100,128,7,0.001021147,0.001020193,228,219,456,bcsstk27
100,128,8,0.000825644,0.000824690,228,219,456,bcsstk27
100,128,9,0.001122952,0.001121759,228,219,456,bcsstk27
96,128,0,0.000878334,0.000877380,218,209,436,bcsstk27
96,128,1,0.001303434,0.001302481,218,209,436,bcsstk27
96,128,2,0.000949860,0.000948668,218,209,436,bcsstk27
96,128,3,0.001305580,0.001304865,218,209,436,bcsstk27
109,128,0,0.000910044,0.000909090,201,192,402,bcsstk27
109,128,1,0.001012087,0.001011133,201,192,402,bcsstk27
109,128,2,0.000880241,0.000879526,201,192,402,bcsstk27
109,128,3,0.000950813,0.000949860,201,192,402,bcsstk27
109,128,4,0.000873804,0.000872612,201,192,402,bcsstk27
109,128,5,0.000953674,0.000952721,201,192,402,bcsstk27
109,128,6,0.000917912,0.000917196,201,192,402,bcsstk27
109,128,7,0.001010418,0.001009464,201,192,402,bcsstk27
109,128,8,0.000813007,0.000812054,201,192,402,bcsstk27
106,128,0,0.000681877,0.000680685,234,225,468,bcsstk27
106,128,1,0.001096249,0.001095295,234,225,468,bcsstk27
106,128,2,0.000909567,0.000908375,234,225,468,bcsstk27
106,128,3,0.001048326,0.001047134,234,225,468,bcsstk27
106,128,4,0.000900745,0.000899792,234,225,468,bcsstk27
106,128,5,0.001066208,0.001065254,234,225,468,bcsstk27
106,128,6,0.000942230,0.000941277,234,225,468,bcsstk27
106,128,7,0.001052141,0.001050949,234,225,468,bcsstk27
106,128,8,0.000916958,0.000915766,234,225,468,bcsstk27
106,128,9,0.001108408,0.001107454,234,225,468,bcsstk27
111,128,0,0.000946522,0.000945330,211,202,422,bcsstk27
111,128,1,0.000955105,0.000954151,211,202,422,bcsstk27
111,128,2,0.000918388,0.000917673,211,202,422,bcsstk27
111,128,3,0.000964165,0.000963449,211,202,422,bcsstk27
111,128,4,0.000985622,0.000984669,211,202,422,bcsstk27
111,128,5,0.000923395,0.000922441,211,202,422,bcsstk27
111,128,6,0.000967503,0.000966549,211,202,422,bcsstk27
111,128,7,0.000976562,0.000975847,211,202,422,bcsstk27
111,128,8,0.000971556,0.000970602,211,202,422,bcsstk27
111,128,9,0.000950575,0.000949621,211,202,422,bcsstk27
96,128,4,0.000966549,0.000965834,218,209,436,bcsstk27
96,128,5,0.001311541,0.001310587,218,209,436,bcsstk27
96,128,6,0.000909328,0.000908375,218,209,436,bcsstk27
96,128,7,0.001274824,0.001273870,218,209,436,bcsstk27
96,128,8,0.000977993,0.000976801,218,209,436,bcsstk27
96,128,9,0.001227617,0.001226664,218,209,436,bcsstk27
109,128,9,0.001008987,0.001008034,201,192,402,bcsstk27
83,128,0,0.000752211,0.000751257,205,196,410,bcsstk27
83,128,1,0.001191139,0.001190424,205,196,410,bcsstk27
83,128,2,0.000956774,0.000956059,205,196,410,bcsstk27
83,128,3,0.001273870,0.001272917,205,196,410,bcsstk27
83,128,4,0.000904799,0.000903845,205,196,410,bcsstk27
83,128,5,0.001265526,0.001264811,205,196,410,bcsstk27
83,128,6,0.000945807,0.000944853,205,196,410,bcsstk27
83,128,7,0.001231670,0.001230717,205,196,410,bcsstk27
83,128,8,0.000894785,0.000894070,205,196,410,bcsstk27
83,128,9,0.001185656,0.001184702,205,196,410,bcsstk27
88,128,0,0.000922680,0.000921726,216,207,432,bcsstk27
88,128,1,0.001063108,0.001062155,216,207,432,bcsstk27
88,128,2,0.000781536,0.000780582,216,207,432,bcsstk27
88,128,3,0.001152277,0.001151562,216,207,432,bcsstk27
88,128,4,0.000596046,0.000595093,216,207,432,bcsstk27
88,128,5,0.001107216,0.001106024,216,207,432,bcsstk27
88,128,6,0.000713348,0.000712395,216,207,432,bcsstk27
88,128,7,0.001032114,0.001031160,216,207,432,bcsstk27
88,128,8,0.000662804,0.000662088,216,207,432,bcsstk27
88,128,9,0.001131773,0.001130819,216,207,432,bcsstk27
110,128,0,0.000864983,0.000863552,210,201,420,bcsstk27
110,128,1,0.000977278,0.000976324,210,201,420,bcsstk27
110,128,2,0.000824213,0.000823259,210,201,420,bcsstk27
110,128,3,0.000976324,0.000975370,210,201,420,bcsstk27
110,128,4,0.000862360,0.000861168,210,201,420,bcsstk27
110,128,5,0.000942707,0.000941753,210,201,420,bcsstk27
110,128,6,0.000918627,0.000917435,210,201,420,bcsstk27
110,128,7,0.000984430,0.000983238,210,201,420,bcsstk27
110,128,8,0.000813723,0.000812769,210,201,420,bcsstk27
110,128,9,0.000977993,0.000976801,210,201,420,bcsstk27
99,128,0,0.000971079,0.000970125,219,210,438,bcsstk27
99,128,1,0.001023293,0.001022339,219,210,438,bcsstk27
99,128,2,0.000918865,0.000917912,219,210,438,bcsstk27
99,128,3,0.001025677,0.001024723,219,210,438,bcsstk27
99,128,4,0.000952959,0.000952005,219,210,438,bcsstk27
84,128,0,0.000926018,0.000924826,214,205,428,bcsstk27
84,128,1,0.001280069,0.001279116,214,205,428,bcsstk27
84,128,2,0.000869036,0.000868320,214,205,428,bcsstk27
84,128,3,0.001288891,0.001287937,214,205,428,bcsstk27
84,128,4,0.000916243,0.000915289,214,205,428,bcsstk27
97,128,0,0.000901222,0.000899553,221,212,442,bcsstk27
97,128,1,0.001075268,0.001074314,221,212,442,bcsstk27
97,128,2,0.000769854,0.000768900,221,212,442,bcsstk27
89,128,0,0.000932693,0.000931501,219,210,438,bcsstk27
89,128,1,0.001123905,0.001122952,219,210,438,bcsstk27
89,128,2,0.000863314,0.000862360,219,210,438,bcsstk27
89,128,3,0.001264334,0.001263380,219,210,438,bcsstk27
89,128,4,0.000702143,0.000701189,219,210,438,bcsstk27
89,128,5,0.001243591,0.001242399,219,210,438,bcsstk27
89,128,6,0.000899792,0.000899076,219,210,438,bcsstk27
89,128,7,0.001225233,0.001224279,219,210,438,bcsstk27
89,128,8,0.000736952,0.000735998,219,210,438,bcsstk27
89,128,9,0.001157284,0.001156330,219,210,438,bcsstk27
94,128,0,0.000907898,0.000906944,214,205,428,bcsstk27
94,128,1,0.001100540,0.001099586,214,205,428,bcsstk27
94,128,2,0.000880003,0.000879049,214,205,428,bcsstk27
94,128,3,0.001084089,0.001083136,214,205,428,bcsstk27
94,128,4,0.000835180,0.000834465,214,205,428,bcsstk27
94,128,5,0.001136303,0.001135349,214,205,428,bcsstk27
94,128,6,0.000804186,0.000802994,214,205,428,bcsstk27
94,128,7,0.001059771,0.001059055,214,205,428,bcsstk27
94,128,8,0.000881910,0.000880718,214,205,428,bcsstk27
94,128,9,0.001151323,0.001150131,214,205,428,bcsstk27
98,128,0,0.000880003,0.000878572,230,221,460,bcsstk27
98,128,1,0.001068115,0.001066923,230,221,460,bcsstk27
98,128,2,0.000760317,0.000747681,230,221,460,bcsstk27
98,128,3,0.001055241,0.001054049,230,221,460,bcsstk27
98,128,4,0.000683546,0.000682354,230,221,460,bcsstk27
98,128,5,0.001025915,0.001024723,230,221,460,bcsstk27
98,128,6,0.000656605,0.000655174,230,221,460,bcsstk27
98,128,7,0.000969410,0.000968218,230,221,460,bcsstk27
98,128,8,0.000712633,0.000711203,230,221,460,bcsstk27
87,128,0,0.000944614,0.000943661,207,198,414,bcsstk27
87,128,1,0.001024485,0.001023531,207,198,414,bcsstk27
87,128,2,0.000852346,0.000851393,207,198,414,bcsstk27
87,128,3,0.001141071,0.001140356,207,198,414,bcsstk27
87,128,4,0.000681639,0.000680923,207,198,414,bcsstk27
87,128,5,0.001012087,0.001011133,207,198,414,bcsstk27
87,128,6,0.000714064,0.000713348,207,198,414,bcsstk27
87,128,7,0.001016378,0.001015425,207,198,414,bcsstk27
87,128,8,0.000679016,0.000678062,207,198,414,bcsstk27
87,128,9,0.001046896,0.001046181,207,198,414,bcsstk27
84,128,5,0.001326323,0.001325607,214,205,428,bcsstk27
84,128,6,0.000845909,0.000844955,214,205,428,bcsstk27
84,128,7,0.001288414,0.001287460,214,205,428,bcsstk27
84,128,8,0.000854254,0.000853300,214,205,428,bcsstk27
84,128,9,0.001259089,0.001258373,214,205,428,bcsstk27
97,128,3,0.001061678,0.001060724,221,212,442,bcsstk27
97,128,4,0.000747919,0.000746727,221,212,442,bcsstk27
97,128,5,0.001049519,0.001048565,221,212,442,bcsstk27
97,128,6,0.000689507,0.000688314,221,212,442,bcsstk27
97,128,7,0.000994205,0.000993252,221,212,442,bcsstk27
97,128,8,0.000755787,0.000754833,221,212,442,bcsstk27
97,128,9,0.001084805,0.001083851,221,212,442,bcsstk27
95,128,0,0.000905991,0.000905037,209,200,418,bcsstk27
95,128,1,0.001177788,0.001176834,209,200,418,bcsstk27
95,128,2,0.000860214,0.000859261,209,200,418,bcsstk27
95,128,3,0.001241446,0.001240492,209,200,418,bcsstk27
95,128,4,0.000883102,0.000882149,209,200,418,bcsstk27
95,128,5,0.001285553,0.001284599,209,200,418,bcsstk27
95,128,6,0.000840187,0.000839233,209,200,418,bcsstk27
95,128,7,0.001225948,0.001225233,209,200,418,bcsstk27
95,128,8,0.000832796,0.000831842,209,200,418,bcsstk27
95,128,9,0.001195192,0.001194239,209,200,418,bcsstk27
112,128,0,0.000864506,0.000863314,220,211,440,bcsstk27
112,128,1,0.001112700,0.001111746,220,211,440,bcsstk27
112,128,2,0.000894547,0.000893831,220,211,440,bcsstk27
112,128,3,0.001070738,0.001070023,220,211,440,bcsstk27
112,128,4,0.000882626,0.000881433,220,211,440,bcsstk27
112,128,5,0.001118183,0.001116991,220,211,440,bcsstk27
112,128,6,0.000915289,0.000914097,220,211,440,bcsstk27
112,128,7,0.001056194,0.001055479,220,211,440,bcsstk27
112,128,8,0.000922203,0.000921249,220,211,440,bcsstk27
112,128,9,0.001171827,0.001171112,220,211,440,bcsstk27
86,128,0,0.000909090,0.000907660,210,201,420,bcsstk27
86,128,1,0.001047373,0.001046181,210,201,420,bcsstk27
86,128,2,0.000682831,0.000681639,210,201,420,bcsstk27
86,128,3,0.001155615,0.001154423,210,201,420,bcsstk27
86,128,4,0.000540495,0.000539541,210,201,420,bcsstk27
86,128,5,0.001021147,0.001020193,210,201,420,bcsstk27
86,128,6,0.000755072,0.000754118,210,201,420,bcsstk27
86,128,7,0.001035690,0.001034737,210,201,420,bcsstk27
86,128,8,0.000645399,0.000644445,210,201,420,bcsstk27
86,128,9,0.001070976,0.001069784,210,201,420,bcsstk27
93,128,0,0.000946522,0.000944376,205,196,410,bcsstk27
93,128,1,0.000963926,0.000962496,205,196,410,bcsstk27
93,128,2,0.000783205,0.000782251,205,196,410,bcsstk27
93,128,3,0.001030922,0.001030207,205,196,410,bcsstk27
93,128,4,0.000777960,0.000777245,205,196,410,bcsstk27
93,128,5,0.001032829,0.001031876,205,196,410,bcsstk27
93,128,6,0.000736237,0.000735283,205,196,410,bcsstk27
93,128,7,0.001084566,0.001083612,205,196,410,bcsstk27
93,128,8,0.000763655,0.000762701,205,196,410,bcsstk27
93,128,9,0.001060247,0.001059055,205,196,410,bcsstk27
90,128,0,0.000893831,0.000892878,228,219,456,bcsstk27
90,128,1,0.001340628,0.001339674,228,219,456,bcsstk27
103,128,0,0.000894547,0.000893354,207,198,414,bcsstk27
103,128,1,0.001049280,0.001048326,207,198,414,bcsstk27
103,128,2,0.000888109,0.000887394,207,198,414,bcsstk27
101,128,0,0.000884771,0.000883818,203,194,406,bcsstk27
101,128,1,0.001140594,0.001139879,203,194,406,bcsstk27
101,128,2,0.000898600,0.000897646,203,194,406,bcsstk27
101,128,3,0.001246214,0.001245260,203,194,406,bcsstk27
101,128,4,0.000909090,0.000908136,203,194,406,bcsstk27
101,128,5,0.001266241,0.001265287,203,194,406,bcsstk27
101,128,6,0.000921011,0.000920296,203,194,406,bcsstk27
101,128,7,0.001253843,0.001253128,203,194,406,bcsstk27
101,128,8,0.000839233,0.000838280,203,194,406,bcsstk27
101,128,9,0.001185894,0.001185179,203,194,406,bcsstk27
10,128,0,0.000968456,0.000967026,222,212,444,bcsstk27
10,128,1,0.001287222,0.001286268,222,212,444,bcsstk27
10,128,2,0.001047850,0.001046658,222,212,444,bcsstk27
10,128,3,0.001358271,0.001357317,222,212,444,bcsstk27
10,128,4,0.001073360,0.001072645,222,212,444,bcsstk27
10,128,5,0.001413822,0.001412868,222,212,444,bcsstk27
10,128,6,0.001154184,0.001153231,222,212,444,bcsstk27
10,128,7,0.001337528,0.001336336,222,212,444,bcsstk27
10,128,8,0.001038313,0.001037359,222,212,444,bcsstk27
10,128,9,0.001317739,0.001316786,222,212,444,bcsstk27
92,128,0,0.000882149,0.000880480,224,215,448,bcsstk27
92,128,1,0.000984669,0.000983477,224,215,448,bcsstk27
92,128,2,0.000694513,0.000693560,224,215,448,bcsstk27
92,128,3,0.001053572,0.001052618,224,215,448,bcsstk27
92,128,4,0.000697136,0.000696182,224,215,448,bcsstk27
92,128,5,0.001026392,0.001025200,224,215,448,bcsstk27
92,128,6,0.000681400,0.000680208,224,215,448,bcsstk27
92,128,7,0.001089573,0.001088619,224,215,448,bcsstk27
92,128,8,0.000708103,0.000706911,224,215,448,bcsstk27
92,128,9,0.001083374,0.001082182,224,215,448,bcsstk27
99,128,5,0.001011848,0.001010895,219,210,438,bcsstk27
99,128,6,0.000875235,0.000874281,219,210,438,bcsstk27
99,128,7,0.000947952,0.000946999,219,210,438,bcsstk27
99,128,8,0.000923872,0.000922918,219,210,438,bcsstk27
99,128,9,0.001043320,0.001042366,219,210,438,bcsstk27
90,128,2,0.000798941,0.000797749,228,219,456,bcsstk27
90,128,3,0.001366615,0.001365662,228,219,456,bcsstk27
90,128,4,0.000677109,0.000676155,228,219,456,bcsstk27
90,128,5,0.001371145,0.001370192,228,219,456,bcsstk27
90,128,6,0.000637531,0.000636578,228,219,456,bcsstk27
90,128,7,0.001331568,0.001330614,228,219,456,bcsstk27
85,128,0,0.000945807,0.000944853,201,192,402,bcsstk27
85,128,1,0.001070499,0.001069546,201,192,402,bcsstk27
85,128,2,0.000753880,0.000752926,201,192,402,bcsstk27
85,128,3,0.001160622,0.001159668,201,192,402,bcsstk27
85,128,4,0.000796080,0.000795126,201,192,402,bcsstk27
85,128,5,0.001032352,0.001031399,201,192,402,bcsstk27
85,128,6,0.000759125,0.000758410,201,192,402,bcsstk27
85,128,7,0.001049280,0.001048088,201,192,402,bcsstk27
107,128,0,0.000908375,0.000907183,217,208,434,bcsstk27
107,128,1,0.001145124,0.001144171,217,208,434,bcsstk27
107,128,2,0.000868797,0.000867605,217,208,434,bcsstk27
107,128,3,0.001299381,0.001298428,217,208,434,bcsstk27
107,128,4,0.000923395,0.000922441,217,208,434,bcsstk27
107,128,5,0.001276016,0.001274824,217,208,434,bcsstk27
107,128,6,0.000901937,0.000900984,217,208,434,bcsstk27
107,128,7,0.001229048,0.001228094,217,208,434,bcsstk27
107,128,8,0.000844240,0.000843287,217,208,434,bcsstk27
107,128,9,0.001180887,0.001179934,217,208,434,bcsstk27
118,128,0,0.000863552,0.000862360,214,205,428,bcsstk27
118,128,1,0.001263618,0.001262426,214,205,428,bcsstk27
118,128,2,0.001094580,0.001093864,214,205,428,bcsstk27
118,128,3,0.001399755,0.001398802,214,205,428,bcsstk27
118,128,4,0.001130342,0.001129389,214,205,428,bcsstk27
118,128,5,0.001431227,0.001430273,214,205,428,bcsstk27
118,128,6,0.001193047,0.001192093,214,205,428,bcsstk27
118,128,7,0.001356602,0.001355648,214,205,428,bcsstk27
118,128,8,0.001055717,0.001055002,214,205,428,bcsstk27
118,128,9,0.001340628,0.001339674,214,205,428,bcsstk27
98,128,9,0.001063347,0.001062155,230,221,460,bcsstk27
105,128,0,0.000741243,0.000738144,225,216,450,bcsstk27
105,128,1,0.001018763,0.001015902,225,216,450,bcsstk27
105,128,2,0.000926256,0.000925064,225,216,450,bcsstk27
105,128,3,0.001062155,0.001060963,225,216,450,bcsstk27
105,128,4,0.000929117,0.000927925,225,216,450,bcsstk27
105,128,5,0.001068830,0.001067638,225,216,450,bcsstk27
105,128,6,0.000971556,0.000970364,225,216,450,bcsstk27
105,128,7,0.001099825,0.001098633,225,216,450,bcsstk27
105,128,8,0.000884533,0.000883341,225,216,450,bcsstk27
105,128,9,0.001059771,0.001058817,225,216,450,bcsstk27
18,128,0,0.001041412,0.001040459,227,217,454,bcsstk27
18,128,1,0.001376390,0.001375198,227,217,454,bcsstk27
18,128,2,0.001012564,0.001011610,227,217,454,bcsstk27
18,128,3,0.001363993,0.001363039,227,217,454,bcsstk27
18,128,4,0.000982046,0.000981092,227,217,454,bcsstk27
18,128,5,0.001397610,0.001396656,227,217,454,bcsstk27
18,128,6,0.000973940,0.000972986,227,217,454,bcsstk27
91,128,0,0.000912666,0.000911474,215,206,430,bcsstk27
91,128,1,0.000988483,0.000987291,215,206,430,bcsstk27
91,128,2,0.000749350,0.000748396,215,206,430,bcsstk27
91,128,3,0.001055002,0.001054049,215,206,430,bcsstk27
91,128,4,0.000731945,0.000730991,215,206,430,bcsstk27
91,128,5,0.001044750,0.001043797,215,206,430,bcsstk27
91,128,6,0.000739574,0.000738621,215,206,430,bcsstk27
91,128,7,0.001092672,0.001091719,215,206,430,bcsstk27
91,128,8,0.000764608,0.000763655,215,206,430,bcsstk27
91,128,9,0.001098156,0.001097202,215,206,430,bcsstk27
125,128,0,0.000607252,0.000606298,215,206,430,bcsstk27
125,128,1,0.001189470,0.001188517,215,206,430,bcsstk27
125,128,2,0.000858784,0.000857830,215,206,430,bcsstk27
125,128,3,0.001249075,0.001248360,215,206,430,bcsstk27
125,128,4,0.000894785,0.000893831,215,206,430,bcsstk27
125,128,5,0.001260519,0.001259565,215,206,430,bcsstk27
125,128,6,0.000879288,0.000878334,215,206,430,bcsstk27
125,128,7,0.001245260,0.001244307,215,206,430,bcsstk27
125,128,8,0.000832796,0.000831842,215,206,430,bcsstk27
125,128,9,0.001177311,0.001176357,215,206,430,bcsstk27
124,128,0,0.000847578,0.000846624,228,219,456,bcsstk27
124,128,1,0.001264811,0.001263857,228,219,456,bcsstk27
124,128,2,0.001069546,0.001068592,228,219,456,bcsstk27
124,128,3,0.001378059,0.001377106,228,219,456,bcsstk27
124,128,4,0.001102924,0.001101971,228,219,456,bcsstk27
124,128,5,0.001410961,0.001410007,228,219,456,bcsstk27
124,128,6,0.001171827,0.001170874,228,219,456,bcsstk27
124,128,7,0.001338959,0.001338005,228,219,456,bcsstk27
124,128,8,0.001053810,0.001052856,228,219,456,bcsstk27
124,128,9,0.001310825,0.001309872,228,219,456,bcsstk27
104,128,0,0.000918388,0.000917196,216,207,432,bcsstk27
104,128,1,0.001023769,0.001022577,216,207,432,bcsstk27
104,128,2,0.000874758,0.000873327,216,207,432,bcsstk27
104,128,3,0.001083374,0.001082420,216,207,432,bcsstk27
104,128,4,0.000888109,0.000886679,216,207,432,bcsstk27
104,128,5,0.001062632,0.001061678,216,207,432,bcsstk27
104,128,6,0.000940323,0.000939369,216,207,432,bcsstk27
104,128,7,0.001085520,0.001084328,216,207,432,bcsstk27
104,128,8,0.000832796,0.000831604,216,207,432,bcsstk27
104,128,9,0.001081944,0.001080751,216,207,432,bcsstk27
9,128,0,0.000908852,0.000907660,212,202,424,bcsstk27
9,128,1,0.001277685,0.001276493,212,202,424,bcsstk27
90,128,8,0.000632286,0.000631094,228,219,456,bcsstk27
90,128,9,0.001302242,0.001301289,228,219,456,bcsstk27
103,128,3,0.001042128,0.001041174,207,198,414,bcsstk27
103,128,4,0.000920296,0.000919342,207,198,414,bcsstk27
103,128,5,0.001059771,0.001058817,207,198,414,bcsstk27
103,128,6,0.000960350,0.000959396,207,198,414,bcsstk27
103,128,7,0.001112938,0.001111746,207,198,414,bcsstk27
103,128,8,0.000835657,0.000834465,207,198,414,bcsstk27
103,128,9,0.001097918,0.001097202,207,198,414,bcsstk27
16,128,0,0.001022100,0.001020908,216,206,432,bcsstk27
16,128,1,0.001286507,0.001285315,216,206,432,bcsstk27
16,128,2,0.001045704,0.001044750,216,206,432,bcsstk27
16,128,3,0.001327753,0.001326799,216,206,432,bcsstk27
16,128,4,0.001069069,0.001068115,216,206,432,bcsstk27
14,128,0,0.000840902,0.000839949,230,220,460,bcsstk27
14,128,1,0.001314640,0.001313686,230,220,460,bcsstk27
14,128,2,0.001024246,0.001023054,230,220,460,bcsstk27
14,128,3,0.001334667,0.001333714,230,220,460,bcsstk27
14,128,4,0.001046658,0.001045465,230,220,460,bcsstk27
14,128,5,0.001361370,0.001360178,230,220,460,bcsstk27
14,128,6,0.001113653,0.001112461,230,220,460,bcsstk27
14,128,7,0.001319408,0.001318216,230,220,460,bcsstk27
14,128,8,0.001013517,0.001012564,230,220,460,bcsstk27
14,128,9,0.001266956,0.001265764,230,220,460,bcsstk27
15,128,0,0.000834465,0.000833273,206,196,412,bcsstk27
15,128,1,0.001309872,0.001308918,206,196,412,bcsstk27
15,128,2,0.001053333,0.001052380,206,196,412,bcsstk27
15,128,3,0.001324415,0.001323462,206,196,412,bcsstk27
15,128,4,0.001068592,0.001067877,206,196,412,bcsstk27
15,128,5,0.001361370,0.001360416,206,196,412,bcsstk27
15,128,6,0.001132965,0.001132011,206,196,412,bcsstk27
15,128,7,0.001319647,0.001318693,206,196,412,bcsstk27
15,128,8,0.001018524,0.001017809,206,196,412,bcsstk27
15,128,9,0.001270771,0.001269817,206,196,412,bcsstk27
102,128,0,0.000857592,0.000856638,212,203,424,bcsstk27
102,128,1,0.001379013,0.001378059,212,203,424,bcsstk27
102,128,2,0.001021624,0.001020670,212,203,424,bcsstk27
102,128,3,0.001376390,0.001375437,212,203,424,bcsstk27
102,128,4,0.001001120,0.001000166,212,203,424,bcsstk27
102,128,5,0.001391172,0.001390457,212,203,424,bcsstk27
102,128,6,0.000945568,0.000944853,212,203,424,bcsstk27
85,128,8,0.000734568,0.000733614,201,192,402,bcsstk27
85,128,9,0.001106977,0.001106262,201,192,402,bcsstk27
122,128,0,0.000830412,0.000829458,216,207,432,bcsstk27
122,128,1,0.001243353,0.001242399,216,207,432,bcsstk27
122,128,2,0.001046181,0.001045227,216,207,432,bcsstk27
122,128,3,0.001367569,0.001366377,216,207,432,bcsstk27
122,128,4,0.001067877,0.001066685,216,207,432,bcsstk27
122,128,5,0.001396894,0.001395702,216,207,432,bcsstk27
122,128,6,0.001164436,0.001163244,216,207,432,bcsstk27
122,128,7,0.001348972,0.001348019,216,207,432,bcsstk27
122,128,8,0.001020193,0.001019239,216,207,432,bcsstk27
122,128,9,0.001322031,0.001321077,216,207,432,bcsstk27
9,128,2,0.001072407,0.001071453,212,202,424,bcsstk27
9,128,3,0.001353979,0.001352787,212,202,424,bcsstk27
9,128,4,0.001092434,0.001091480,212,202,424,bcsstk27
9,128,5,0.001405716,0.001404762,212,202,424,bcsstk27
9,128,6,0.001139641,0.001138687,212,202,424,bcsstk27
9,128,7,0.001351833,0.001350880,212,202,424,bcsstk27
9,128,8,0.001037598,0.001036882,212,202,424,bcsstk27
9,128,9,0.001328707,0.001327991,212,202,424,bcsstk27
108,128,0,0.000876427,0.000875235,226,217,452,bcsstk27
108,128,1,0.001353502,0.001352310,226,217,452,bcsstk27
108,128,2,0.001007318,0.001006365,226,217,452,bcsstk27
108,128,3,0.001368523,0.001367569,226,217,452,bcsstk27
108,128,4,0.000997066,0.000996113,226,217,452,bcsstk27
108,128,5,0.001373053,0.001372099,226,217,452,bcsstk27
108,128,6,0.000945091,0.000944138,226,217,452,bcsstk27
108,128,7,0.001338005,0.001337051,226,217,452,bcsstk27
108,128,8,0.000990629,0.000989676,226,217,452,bcsstk27
108,128,9,0.001321793,0.001321077,226,217,452,bcsstk27
13,128,0,0.000818729,0.000817537,223,213,446,bcsstk27
13,128,1,0.001317024,0.001315832,223,213,446,bcsstk27
13,128,2,0.001037598,0.001036644,223,213,446,bcsstk27
13,128,3,0.001291037,0.001290083,223,213,446,bcsstk27
16,128,5,0.001352787,0.001351833,216,206,432,bcsstk27
16,128,6,0.001127720,0.001126766,216,206,432,bcsstk27
16,128,7,0.001331568,0.001330614,216,206,432,bcsstk27
16,128,8,0.001024246,0.001023293,216,206,432,bcsstk27
16,128,9,0.001305342,0.001304388,216,206,432,bcsstk27
20,128,0,0.000991821,0.000990391,235,225,470,bcsstk27
20,128,1,0.001436710,0.001435518,235,225,470,bcsstk27
20,128,2,0.000974417,0.000972986,235,225,470,bcsstk27
20,128,3,0.001400232,0.001399040,235,225,470,bcsstk27
20,128,4,0.000959158,0.000957966,235,225,470,bcsstk27
20,128,5,0.001410484,0.001409292,235,225,470,bcsstk27
20,128,6,0.001028538,0.001027346,235,225,470,bcsstk27
20,128,7,0.001397610,0.001396418,235,225,470,bcsstk27
20,128,8,0.000949383,0.000948191,235,225,470,bcsstk27
20,128,9,0.001391172,0.001389980,235,225,470,bcsstk27
123,128,0,0.000838757,0.000836372,219,210,438,bcsstk27
123,128,1,0.001244068,0.001241922,219,210,438,bcsstk27
120,128,0,0.000867367,0.000866175,210,201,420,bcsstk27
120,128,1,0.001324177,0.001323223,210,201,420,bcsstk27
120,128,2,0.001091003,0.001090050,210,201,420,bcsstk27
120,128,3,0.001340628,0.001339674,210,201,420,bcsstk27
120,128,4,0.001110077,0.001109123,210,201,420,bcsstk27
120,128,5,0.001397848,0.001396894,210,201,420,bcsstk27
120,128,6,0.001160622,0.001159906,210,201,420,bcsstk27
120,128,7,0.001321554,0.001320601,210,201,420,bcsstk27
13,128,4,0.001049042,0.001048088,223,213,446,bcsstk27
13,128,5,0.001350880,0.001349926,223,213,446,bcsstk27
13,128,6,0.001100302,0.001099110,223,213,446,bcsstk27
13,128,7,0.001307964,0.001306772,223,213,446,bcsstk27
13,128,8,0.001022100,0.001021147,223,213,446,bcsstk27
13,128,9,0.001283646,0.001282692,223,213,446,bcsstk27
116,128,0,0.000874519,0.000873327,218,209,436,bcsstk27
116,128,1,0.001269579,0.001268148,218,209,436,bcsstk27
116,128,2,0.001051903,0.001050949,218,209,436,bcsstk27
116,128,3,0.001379490,0.001378059,218,209,436,bcsstk27
116,128,4,0.001098633,0.001097441,218,209,436,bcsstk27
116,128,5,0.001414776,0.001413822,218,209,436,bcsstk27
116,128,6,0.001163244,0.001162052,218,209,436,bcsstk27
116,128,7,0.001363754,0.001362801,218,209,436,bcsstk27
116,128,8,0.001029968,0.001028776,218,209,436,bcsstk27
116,128,9,0.001387119,0.001386166,218,209,436,bcsstk27
123,128,2,0.001079082,0.001078129,219,210,438,bcsstk27
123,128,3,0.001356840,0.001355410,219,210,438,bcsstk27
123,128,4,0.001102448,0.001101255,219,210,438,bcsstk27
123,128,5,0.001399994,0.001399040,219,210,438,bcsstk27
123,128,6,0.001181126,0.001179934,219,210,438,bcsstk27
123,128,7,0.001343012,0.001342058,219,210,438,bcsstk27
123,128,8,0.001033545,0.001032591,219,210,438,bcsstk27
123,128,9,0.001354456,0.001353264,219,210,438,bcsstk27
18,128,7,0.001351833,0.001350880,227,217,454,bcsstk27
18,128,8,0.000983477,0.000982523,227,217,454,bcsstk27
18,128,9,0.001319885,0.001318932,227,217,454,bcsstk27
121,128,0,0.000859261,0.000858307,207,198,414,bcsstk27
121,128,1,0.001231670,0.001230717,207,198,414,bcsstk27
121,128,2,0.001059532,0.001058578,207,198,414,bcsstk27
121,128,3,0.001322269,0.001321316,207,198,414,bcsstk27
121,128,4,0.001085997,0.001085281,207,198,414,bcsstk27
121,128,5,0.001381159,0.001379967,207,198,414,bcsstk27
121,128,6,0.001166821,0.001165867,207,198,414,bcsstk27
121,128,7,0.001337290,0.001336575,207,198,414,bcsstk27
121,128,8,0.001017809,0.001016617,207,198,414,bcsstk27
121,128,9,0.001302719,0.001301765,207,198,414,bcsstk27
117,128,0,0.000969648,0.000966549,205,196,410,bcsstk27
117,128,1,0.001275778,0.001273155,205,196,410,bcsstk27
117,128,2,0.001106739,0.001105547,205,196,410,bcsstk27
117,128,3,0.001386166,0.001385212,205,196,410,bcsstk27
117,128,4,0.001114845,0.001113653,205,196,410,bcsstk27
117,128,5,0.001437187,0.001435995,205,196,410,bcsstk27
117,128,6,0.001178503,0.001177311,205,196,410,bcsstk27
117,128,7,0.001366138,0.001365185,205,196,410,bcsstk27
117,128,8,0.001060963,0.001060009,205,196,410,bcsstk27
117,128,9,0.001386881,0.001385927,205,196,410,bcsstk27
102,128,7,0.001348972,0.001348257,212,203,424,bcsstk27
102,128,8,0.001002312,0.001001358,212,203,424,bcsstk27
102,128,9,0.001332521,0.001331806,212,203,424,bcsstk27
115,128,0,0.000900269,0.000898838,209,200,418,bcsstk27
115,128,1,0.001254082,0.001253128,209,200,418,bcsstk27
115,128,2,0.001104355,0.001103401,209,200,418,bcsstk27
115,128,3,0.001338720,0.001337767,209,200,418,bcsstk27
115,128,4,0.001126766,0.001125574,209,200,418,bcsstk27
120,128,8,0.001049042,0.001047850,210,201,420,bcsstk27
120,128,9,0.001332045,0.001331329,210,201,420,bcsstk27
19,128,0,0.001020908,0.001019716,225,215,450,bcsstk27
19,128,1,0.001416683,0.001415730,225,215,450,bcsstk27
19,128,2,0.000991583,0.000990629,225,215,450,bcsstk27
19,128,3,0.001365423,0.001364470,225,215,450,bcsstk27
19,128,4,0.000976086,0.000975132,225,215,450,bcsstk27
19,128,5,0.001402378,0.001401424,225,215,450,bcsstk27
19,128,6,0.001016617,0.001015663,225,215,450,bcsstk27
19,128,7,0.001385212,0.001384497,225,215,450,bcsstk27
19,128,8,0.000946283,0.000945330,225,215,450,bcsstk27
19,128,9,0.001350880,0.001349926,225,215,450,bcsstk27
114,128,0,0.000919580,0.000918627,226,217,452,bcsstk27
114,128,1,0.001367807,0.001366615,226,217,452,bcsstk27
114,128,2,0.001118898,0.001117945,226,217,452,bcsstk27
114,128,3,0.001360893,0.001359940,226,217,452,bcsstk27
114,128,4,0.001127243,0.001126051,226,217,452,bcsstk27
114,128,5,0.001422167,0.001421213,226,217,452,bcsstk27
114,128,6,0.001188517,0.001187563,226,217,452,bcsstk27
114,128,7,0.001342535,0.001341105,226,217,452,bcsstk27
115,128,5,0.001406193,0.001405001,209,200,418,bcsstk27
115,128,6,0.001198530,0.001197577,209,200,418,bcsstk27
115,128,7,0.001350880,0.001349926,209,200,418,bcsstk27
115,128,8,0.001031637,0.001030445,209,200,418,bcsstk27
115,128,9,0.001350641,0.001349688,209,200,418,bcsstk27
114,128,8,0.001088381,0.001087427,226,217,452,bcsstk27
114,128,9,0.001374483,0.001373529,226,217,452,bcsstk27
12,128,0,0.000895500,0.000894070,239,229,478,bcsstk27
12,128,1,0.001405239,0.001404285,239,229,478,bcsstk27
12,128,2,0.001057863,0.001056910,239,229,478,bcsstk27
12,128,3,0.001400948,0.001399755,239,229,478,bcsstk27
12,128,4,0.001069307,0.001068115,239,229,478,bcsstk27
12,128,5,0.001413107,0.001411915,239,229,478,bcsstk27
12,128,6,0.001121521,0.001120567,239,229,478,bcsstk27
12,128,7,0.001375675,0.001374722,239,229,478,bcsstk27
12,128,8,0.001020432,0.001019478,239,229,478,bcsstk27
80,128,0,0.000880241,0.000878811,226,217,452,bcsstk27
80,128,1,0.001513243,0.001512051,226,217,452,bcsstk27
80,128,2,0.000763655,0.000762224,226,217,452,bcsstk27
80,128,3,0.001490593,0.001489401,226,217,452,bcsstk27
80,128,4,0.000741482,0.000740290,226,217,452,bcsstk27
80,128,5,0.001476288,0.001475096,226,217,452,bcsstk27
80,128,6,0.001017094,0.001016140,226,217,452,bcsstk27
80,128,7,0.001482248,0.001481056,226,217,452,bcsstk27
80,128,8,0.000693321,0.000692129,226,217,452,bcsstk27
80,128,9,0.002379894,0.002378702,226,217,452,bcsstk27
81,128,0,0.000900269,0.000899076,209,200,418,bcsstk27
81,128,1,0.001529455,0.001528502,209,200,418,bcsstk27
81,128,2,0.000866890,0.000865936,209,200,418,bcsstk27
81,128,3,0.001485109,0.001484156,209,200,418,bcsstk27
81,128,4,0.000860929,0.000859976,209,200,418,bcsstk27
81,128,5,0.001503468,0.001502514,209,200,418,bcsstk27
81,128,6,0.000885963,0.000885010,209,200,418,bcsstk27
81,128,7,0.001502514,0.001501799,209,200,418,bcsstk27
81,128,8,0.000946999,0.000946045,209,200,418,bcsstk27
81,128,9,0.002403498,0.002402544,209,200,418,bcsstk27
12,128,9,0.001416445,0.001415491,239,229,478,bcsstk27
30,128,0,0.001040697,0.001039267,247,237,494,bcsstk27
30,128,1,0.001608610,0.001607656,247,237,494,bcsstk27
30,128,2,0.001320362,0.001319170,247,237,494,bcsstk27
30,128,3,0.001574755,0.001573563,247,237,494,bcsstk27
30,128,4,0.001248837,0.001247883,247,237,494,bcsstk27
30,128,5,0.001607895,0.001606941,247,237,494,bcsstk27
30,128,6,0.001245499,0.001244545,247,237,494,bcsstk27
30,128,7,0.001569748,0.001568556,247,237,494,bcsstk27
30,128,8,0.001230717,0.001229763,247,237,494,bcsstk27
30,128,9,0.002426863,0.002425909,247,237,494,bcsstk27
24,128,0,0.001060724,0.001059532,230,220,460,bcsstk27
24,128,1,0.001627207,0.001626253,230,220,460,bcsstk27
24,128,2,0.001338005,0.001336813,230,220,460,bcsstk27
24,128,3,0.001606941,0.001605988,230,220,460,bcsstk27
24,128,4,0.001265526,0.001264572,230,220,460,bcsstk27
24,128,5,0.001630545,0.001629591,230,220,460,bcsstk27
24,128,6,0.001263618,0.001262665,230,220,460,bcsstk27
24,128,7,0.001601696,0.001600742,230,220,460,bcsstk27
24,128,8,0.001252413,0.001251459,230,220,460,bcsstk27
69,128,0,0.000898361,0.000895977,223,213,446,bcsstk27
69,128,1,0.001572371,0.001570225,223,213,446,bcsstk27
69,128,2,0.001195669,0.001194715,223,213,446,bcsstk27
69,128,3,0.001532316,0.001531124,223,213,446,bcsstk27
69,128,4,0.001196384,0.001195431,223,213,446,bcsstk27
69,128,5,0.001523495,0.001522541,223,213,446,bcsstk27
69,128,6,0.001091719,0.001090765,223,213,446,bcsstk27
69,128,7,0.001536846,0.001535892,223,213,446,bcsstk27
69,128,8,0.001100063,0.001099110,223,213,446,bcsstk27
69,128,9,0.002485275,0.002484322,223,213,446,bcsstk27
24,128,9,0.002467155,0.002466202,230,220,460,bcsstk27
26,128,0,0.001055717,0.001054525,212,202,424,bcsstk27
26,128,1,0.001685619,0.001684427,212,202,424,bcsstk27
26,128,2,0.001338482,0.001337528,212,202,424,bcsstk27
26,128,3,0.001653671,0.001652718,212,202,424,bcsstk27
26,128,4,0.001273155,0.001271963,212,202,424,bcsstk27
26,128,5,0.001648188,0.001646996,212,202,424,bcsstk27
26,128,6,0.001291513,0.001290560,212,202,424,bcsstk27
27,128,0,0.001074076,0.001071692,223,213,446,bcsstk27
27,128,1,0.001689911,0.001688242,223,213,446,bcsstk27
6,128,0,0.001080751,0.001079559,233,223,466,bcsstk27
6,128,1,0.001644135,0.001643181,233,223,466,bcsstk27
6,128,2,0.001356602,0.001355648,233,223,466,bcsstk27
6,128,3,0.001622915,0.001621962,233,223,466,bcsstk27
6,128,4,0.001282930,0.001281977,233,223,466,bcsstk27
6,128,5,0.001642466,0.001641512,233,223,466,bcsstk27
27,128,2,0.001363993,0.001363039,223,213,446,bcsstk27
27,128,3,0.001648188,0.001647234,223,213,446,bcsstk27
27,128,4,0.001309633,0.001308680,223,213,446,bcsstk27
27,128,5,0.001658678,0.001657724,223,213,446,bcsstk27
27,128,6,0.001300812,0.001299858,223,213,446,bcsstk27
27,128,7,0.001645803,0.001644850,223,213,446,bcsstk27
27,128,8,0.001270533,0.001269817,223,213,446,bcsstk27
27,128,9,0.002521276,0.002520323,223,213,446,bcsstk27
0,128,0,0.001103163,0.001102209,215,205,430,bcsstk27
0,128,1,0.001663208,0.001662254,215,205,430,bcsstk27
0,128,2,0.001377344,0.001376390,215,205,430,bcsstk27
0,128,3,0.001643419,0.001642466,215,205,430,bcsstk27
11,128,0,0.000861168,0.000859976,229,219,458,bcsstk27
11,128,1,0.001268625,0.001267672,229,219,458,bcsstk27
11,128,2,0.001041651,0.001040697,229,219,458,bcsstk27
11,128,3,0.001328707,0.001327753,229,219,458,bcsstk27
11,128,4,0.001067638,0.001066685,229,219,458,bcsstk27
11,128,5,0.001364708,0.001363516,229,219,458,bcsstk27
11,128,6,0.001083851,0.001082897,229,219,458,bcsstk27
11,128,7,0.001304626,0.001303673,229,219,458,bcsstk27
11,128,8,0.001003742,0.001002789,229,219,458,bcsstk27
11,128,9,0.001295328,0.001294374,229,219,458,bcsstk27
26,128,7,0.001644850,0.001643896,212,202,424,bcsstk27
26,128,8,0.001262188,0.001260996,212,202,424,bcsstk27
26,128,9,0.002514124,0.002512932,212,202,424,bcsstk27
21,128,0,0.001103163,0.001100540,222,212,444,bcsstk27
21,128,1,0.001704931,0.001702785,222,212,444,bcsstk27
21,128,2,0.001377583,0.001376629,222,212,444,bcsstk27
21,128,3,0.001664877,0.001663685,222,212,444,bcsstk27
6,128,6,0.001283407,0.001282215,233,223,466,bcsstk27
6,128,7,0.001619101,0.001618147,233,223,466,bcsstk27
6,128,8,0.001265764,0.001264572,233,223,466,bcsstk27
6,128,9,0.002508640,0.002507448,233,223,466,bcsstk27
1,128,0,0.001111746,0.001110315,211,201,422,bcsstk27
1,128,1,0.001710415,0.001709461,211,201,422,bcsstk27
1,128,2,0.001384020,0.001383066,211,201,422,bcsstk27
1,128,3,0.001658916,0.001657963,211,201,422,bcsstk27
1,128,4,0.001330376,0.001329184,211,201,422,bcsstk27
1,128,5,0.001677275,0.001676321,211,201,422,bcsstk27
1,128,6,0.001336336,0.001335382,211,201,422,bcsstk27
1,128,7,0.001678705,0.001677990,211,201,422,bcsstk27
1,128,8,0.001295805,0.001294613,211,201,422,bcsstk27
17,128,0,0.001022577,0.001021624,217,207,434,bcsstk27
17,128,1,0.001282215,0.001281023,217,207,434,bcsstk27
17,128,2,0.001027822,0.001026869,217,207,434,bcsstk27
17,128,3,0.001302242,0.001301289,217,207,434,bcsstk27
17,128,4,0.001045227,0.001044273,217,207,434,bcsstk27
17,128,5,0.001326323,0.001325369,217,207,434,bcsstk27
17,128,6,0.001055956,0.001055002,217,207,434,bcsstk27
17,128,7,0.001282930,0.001281977,217,207,434,bcsstk27
17,128,8,0.000992537,0.000991583,217,207,434,bcsstk27
17,128,9,0.001232624,0.001231909,217,207,434,bcsstk27
22,128,0,0.001067162,0.001065969,232,222,464,bcsstk27
22,128,1,0.001702785,0.001701355,232,222,464,bcsstk27
22,128,2,0.001347542,0.001346111,232,222,464,bcsstk27
22,128,3,0.001671791,0.001670599,232,222,464,bcsstk27
22,128,4,0.001308680,0.001307726,232,222,464,bcsstk27
8,128,0,0.001069069,0.001067638,216,206,432,bcsstk27
8,128,1,0.001701117,0.001700163,216,206,432,bcsstk27
8,128,2,0.001358032,0.001357079,216,206,432,bcsstk27
8,128,3,0.001672506,0.001671553,216,206,432,bcsstk27
8,128,4,0.001294374,0.001293421,216,206,432,bcsstk27
21,128,4,0.001322031,0.001321077,222,212,444,bcsstk27
21,128,5,0.001676321,0.001675129,222,212,444,bcsstk27
21,128,6,0.001309872,0.001308680,222,212,444,bcsstk27
21,128,7,0.001665592,0.001664400,222,212,444,bcsstk27
21,128,8,0.001290798,0.001289368,222,212,444,bcsstk27
0,128,4,0.001309156,0.001308203,215,205,430,bcsstk27
0,128,5,0.001662970,0.001662016,215,205,430,bcsstk27
0,128,6,0.001299381,0.001298428,215,205,430,bcsstk27
0,128,7,0.001638412,0.001637459,215,205,430,bcsstk27
0,128,8,0.001290321,0.001289368,215,205,430,bcsstk27
0,128,9,0.002532959,0.002532005,215,205,430,bcsstk27
7,128,0,0.001088619,0.001087666,209,199,418,bcsstk27
7,128,1,0.001690149,0.001689196,209,199,418,bcsstk27
7,128,2,0.001364470,0.001363277,209,199,418,bcsstk27
7,128,3,0.001639128,0.001638412,209,199,418,bcsstk27
7,128,4,0.001309633,0.001308441,209,199,418,bcsstk27
7,128,5,0.001657009,0.001656055,209,199,418,bcsstk27
7,128,6,0.001319647,0.001318693,209,199,418,bcsstk27
7,128,7,0.001662731,0.001661777,209,199,418,bcsstk27
7,128,8,0.001282692,0.001281738,209,199,418,bcsstk27
7,128,9,0.002565622,0.002564907,209,199,418,bcsstk27
113,128,0,0.000933170,0.000931978,217,208,434,bcsstk27
113,128,1,0.001279831,0.001278877,217,208,434,bcsstk27
113,128,2,0.001114845,0.001113892,217,208,434,bcsstk27
113,128,3,0.001369715,0.001368523,217,208,434,bcsstk27
113,128,4,0.001131535,0.001130342,217,208,434,bcsstk27
113,128,5,0.001416683,0.001415730,217,208,434,bcsstk27
113,128,6,0.001199961,0.001199007,217,208,434,bcsstk27
113,128,7,0.001355171,0.001354218,217,208,434,bcsstk27
113,128,8,0.001059294,0.001058340,217,208,434,bcsstk27
113,128,9,0.001350164,0.001349211,217,208,434,bcsstk27
22,128,5,0.001659393,0.001658440,232,222,464,bcsstk27
22,128,6,0.001297951,0.001296997,232,222,464,bcsstk27
22,128,7,0.001655817,0.001654863,232,222,464,bcsstk27
22,128,8,0.001286745,0.001285791,232,222,464,bcsstk27
22,128,9,0.002561331,0.002560139,232,222,464,bcsstk27
2,128,0,0.001094103,0.001092911,221,211,442,bcsstk27
2,128,1,0.001721382,0.001720190,221,211,442,bcsstk27
2,128,2,0.001379013,0.001378059,221,211,442,bcsstk27
2,128,3,0.001698017,0.001696587,221,211,442,bcsstk27
2,128,4,0.001312017,0.001310825,221,211,442,bcsstk27
75,128,0,0.000949621,0.000948191,201,192,402,bcsstk27
75,128,1,0.001571894,0.001570702,201,192,402,bcsstk27
78,128,0,0.000893354,0.000892162,220,211,440,bcsstk27
78,128,1,0.001488686,0.001487732,220,211,440,bcsstk27
78,128,2,0.000912428,0.000911474,220,211,440,bcsstk27
78,128,3,0.001470327,0.001469135,220,211,440,bcsstk27
78,128,4,0.001068115,0.001067400,220,211,440,bcsstk27
25,128,0,0.001069784,0.001068592,202,192,404,bcsstk27
25,128,1,0.001676321,0.001675367,202,192,404,bcsstk27
25,128,2,0.001350641,0.001349926,202,192,404,bcsstk27
25,128,3,0.001617193,0.001616240,202,192,404,bcsstk27
25,128,4,0.001290560,0.001289606,202,192,404,bcsstk27
25,128,5,0.001637936,0.001636982,202,192,404,bcsstk27
25,128,6,0.001298904,0.001297951,202,192,404,bcsstk27
25,128,7,0.001639605,0.001638889,202,192,404,bcsstk27
25,128,8,0.001262665,0.001261711,202,192,404,bcsstk27
25,128,9,0.002521276,0.002520561,202,192,404,bcsstk27
119,128,0,0.000805616,0.000804663,201,192,402,bcsstk27
119,128,1,0.001237869,0.001236677,201,192,402,bcsstk27
119,128,2,0.001066685,0.001065493,201,192,402,bcsstk27
119,128,3,0.001349688,0.001348972,201,192,402,bcsstk27
119,128,4,0.001085043,0.001083851,201,192,402,bcsstk27
119,128,5,0.001395702,0.001394987,201,192,402,bcsstk27
119,128,6,0.001117706,0.001116991,201,192,402,bcsstk27
119,128,7,0.001332283,0.001331568,201,192,402,bcsstk27
119,128,8,0.001027346,0.001026392,201,192,402,bcsstk27
119,128,9,0.001295328,0.001294374,201,192,402,bcsstk27
82,128,0,0.000887632,0.000886440,218,209,436,bcsstk27
82,128,1,0.001503468,0.001502275,218,209,436,bcsstk27
82,128,2,0.000896692,0.000895739,218,209,436,bcsstk27
82,128,3,0.001476765,0.001475811,218,209,436,bcsstk27
82,128,4,0.000854969,0.000854015,218,209,436,bcsstk27
82,128,5,0.001465559,0.001464605,218,209,436,bcsstk27
82,128,6,0.000839233,0.000838280,218,209,436,bcsstk27
82,128,7,0.001464844,0.001464128,218,209,436,bcsstk27
82,128,8,0.000881433,0.000880480,218,209,436,bcsstk27
82,128,9,0.002614498,0.002613544,218,209,436,bcsstk27
8,128,5,0.001671076,0.001670122,216,206,432,bcsstk27
8,128,6,0.001310825,0.001309872,216,206,432,bcsstk27
8,128,7,0.001665354,0.001664400,216,206,432,bcsstk27
8,128,8,0.001276016,0.001275063,216,206,432,bcsstk27
8,128,9,0.002563000,0.002562046,216,206,432,bcsstk27
21,128,9,0.002548695,0.002547264,222,212,444,bcsstk27
31,128,0,0.000921249,0.000920057,237,227,474,bcsstk27
31,128,1,0.001639128,0.001638174,237,227,474,bcsstk27
31,128,2,0.001172066,0.001170874,237,227,474,bcsstk27
31,128,3,0.001589060,0.001588106,237,227,474,bcsstk27
31,128,4,0.001151323,0.001150370,237,227,474,bcsstk27
31,128,5,0.001601934,0.001600981,237,227,474,bcsstk27
31,128,6,0.001163721,0.001162767,237,227,474,bcsstk27
31,128,7,0.001604557,0.001603603,237,227,474,bcsstk27
31,128,8,0.001135111,0.001134157,237,227,474,bcsstk27
31,128,9,0.002569199,0.002568007,237,227,474,bcsstk27
5,128,0,0.001097441,0.001096249,223,213,446,bcsstk27
5,128,1,0.001729012,0.001728058,223,213,446,bcsstk27
5,128,2,0.001397848,0.001396894,223,213,446,bcsstk27
5,128,3,0.001694918,0.001693964,223,213,446,bcsstk27
5,128,4,0.001351118,0.001349926,223,213,446,bcsstk27
5,128,5,0.001695871,0.001694918,223,213,446,bcsstk27
5,128,6,0.001325369,0.001324415,223,213,446,bcsstk27
5,128,7,0.001684666,0.001683474,223,213,446,bcsstk27
5,128,8,0.001314640,0.001313686,223,213,446,bcsstk27
5,128,9,0.002597094,0.002596140,223,213,446,bcsstk27
70,128,0,0.000919580,0.000918627,233,223,466,bcsstk27
70,128,1,0.001572371,0.001571178,233,223,466,bcsstk27
70,128,2,0.001107693,0.001106739,233,223,466,bcsstk27
70,128,3,0.001558304,0.001557350,233,223,466,bcsstk27
70,128,4,0.001133919,0.001132727,233,223,466,bcsstk27
70,128,5,0.001526833,0.001525879,233,223,466,bcsstk27
70,128,6,0.001103401,0.001102448,233,223,466,bcsstk27
70,128,7,0.001534462,0.001533508,233,223,466,bcsstk27
70,128,8,0.001113653,0.001112700,233,223,466,bcsstk27
74,128,0,0.000936031,0.000934362,226,217,452,bcsstk27
74,128,1,0.001555920,0.001554728,226,217,452,bcsstk27
74,128,2,0.001074791,0.001073360,226,217,452,bcsstk27
74,128,3,0.001543045,0.001541853,226,217,452,bcsstk27
74,128,4,0.001071692,0.001070499,226,217,452,bcsstk27
74,128,5,0.001523495,0.001522541,226,217,452,bcsstk27
74,128,6,0.001079798,0.001078606,226,217,452,bcsstk27
74,128,7,0.001522064,0.001521111,226,217,452,bcsstk27
74,128,8,0.000746012,0.000744820,226,217,452,bcsstk27
74,128,9,0.002585888,0.002584934,226,217,452,bcsstk27
63,128,0,0.000957727,0.000956059,243,233,486,bcsstk27
63,128,1,0.001630068,0.001628637,243,233,486,bcsstk27
63,128,2,0.001212120,0.001210928,243,233,486,bcsstk27
63,128,3,0.001619577,0.001618147,243,233,486,bcsstk27
63,128,4,0.001208305,0.001206875,243,233,486,bcsstk27
63,128,5,0.001578569,0.001577377,243,233,486,bcsstk27
72,128,0,0.000910282,0.000908852,234,225,468,bcsstk27
72,128,1,0.001526833,0.001525879,234,225,468,bcsstk27
72,128,2,0.001131296,0.001130342,234,225,468,bcsstk27
55,128,0,0.000926018,0.000924587,248,238,496,bcsstk27
55,128,1,0.001631021,0.001629829,248,238,496,bcsstk27
55,128,2,0.001152515,0.001151562,248,238,496,bcsstk27
55,128,3,0.001566410,0.001565218,248,238,496,bcsstk27
55,128,4,0.001156807,0.001155615,248,238,496,bcsstk27
55,128,5,0.001580954,0.001579523,248,238,496,bcsstk27
55,128,6,0.001137495,0.001136541,248,238,496,bcsstk27
55,128,7,0.001592159,0.001590967,248,238,496,bcsstk27
55,128,8,0.001133442,0.001132488,248,238,496,bcsstk27
55,128,9,0.002615690,0.002614498,248,238,496,bcsstk27
23,128,0,0.001073360,0.001072407,220,210,440,bcsstk27
23,128,1,0.001718044,0.001717091,220,210,440,bcsstk27
23,128,2,0.001385212,0.001384258,220,210,440,bcsstk27
23,128,3,0.001700163,0.001699209,220,210,440,bcsstk27
23,128,4,0.001332998,0.001332045,220,210,440,bcsstk27
23,128,5,0.001670837,0.001669884,220,210,440,bcsstk27
23,128,6,0.001319408,0.001318216,220,210,440,bcsstk27
23,128,7,0.001678467,0.001677513,220,210,440,bcsstk27
23,128,8,0.001297474,0.001296520,220,210,440,bcsstk27
23,128,9,0.002564430,0.002563477,220,210,440,bcsstk27
70,128,9,0.002630949,0.002629757,233,223,466,bcsstk27
2,128,5,0.001683474,0.001682520,221,211,442,bcsstk27
2,128,6,0.001329422,0.001328230,221,211,442,bcsstk27
2,128,7,0.001682043,0.001681089,221,211,442,bcsstk27
2,128,8,0.001295328,0.001294136,221,211,442,bcsstk27
2,128,9,0.002582788,0.002581835,221,211,442,bcsstk27
75,128,2,0.001077890,0.001076698,201,192,402,bcsstk27
75,128,3,0.001537800,0.001536846,201,192,402,bcsstk27
75,128,4,0.001115561,0.001114607,201,192,402,bcsstk27
75,128,5,0.001516819,0.001515627,201,192,402,bcsstk27
75,128,6,0.001077890,0.001076937,201,192,402,bcsstk27
75,128,7,0.001523733,0.001522779,201,192,402,bcsstk27
75,128,8,0.000966072,0.000965118,201,192,402,bcsstk27
75,128,9,0.002565861,0.002564907,201,192,402,bcsstk27
78,128,5,0.001489162,0.001488209,220,211,440,bcsstk27
78,128,6,0.001050472,0.001049757,220,211,440,bcsstk27
78,128,7,0.001458645,0.001457691,220,211,440,bcsstk27
78,128,8,0.000900269,0.000899315,220,211,440,bcsstk27
78,128,9,0.002538681,0.002537727,220,211,440,bcsstk27
61,128,0,0.000994921,0.000993729,229,219,458,bcsstk27
61,128,1,0.001607895,0.001606703,229,219,458,bcsstk27
61,128,2,0.001151800,0.001150608,229,219,458,bcsstk27
61,128,3,0.001551867,0.001550674,229,219,458,bcsstk27
61,128,4,0.001141548,0.001140594,229,219,458,bcsstk27
61,128,5,0.001566648,0.001565695,229,219,458,bcsstk27
61,128,6,0.001131535,0.001130342,229,219,458,bcsstk27
61,128,7,0.001569748,0.001568794,229,219,458,bcsstk27
61,128,8,0.001138926,0.001137495,229,219,458,bcsstk27
61,128,9,0.002605200,0.002604246,229,219,458,bcsstk27
29,128,0,0.001073360,0.001072168,237,227,474,bcsstk27
29,128,1,0.001718521,0.001717329,237,227,474,bcsstk27
29,128,2,0.001363993,0.001363039,237,227,474,bcsstk27
29,128,3,0.001676798,0.001675367,237,227,474,bcsstk27
29,128,4,0.001331568,0.001330376,237,227,474,bcsstk27
29,128,5,0.001675367,0.001674175,237,227,474,bcsstk27
29,128,6,0.001296043,0.001294851,237,227,474,bcsstk27
29,128,7,0.001655102,0.001654148,237,227,474,bcsstk27
29,128,8,0.001297474,0.001296043,237,227,474,bcsstk27
29,128,9,0.002506018,0.002504826,237,227,474,bcsstk27
76,128,0,0.000920773,0.000919819,210,201,420,bcsstk27
76,128,1,0.001569271,0.001568317,210,201,420,bcsstk27
76,128,2,0.001082182,0.001081228,210,201,420,bcsstk27
76,128,3,0.001547098,0.001546383,210,201,420,bcsstk27
76,128,4,0.001080036,0.001079082,210,201,420,bcsstk27
76,128,5,0.001531124,0.001530409,210,201,420,bcsstk27
76,128,6,0.001081228,0.001080513,210,201,420,bcsstk27
76,128,7,0.001525879,0.001524925,210,201,420,bcsstk27
76,128,8,0.000888586,0.000887632,210,201,420,bcsstk27
76,128,9,0.002648354,0.002647400,210,201,420,bcsstk27
44,128,0,0.000993490,0.000992298,229,219,458,bcsstk27
44,128,1,0.001665354,0.001664162,229,219,458,bcsstk27
44,128,2,0.001194715,0.001193523,229,219,458,bcsstk27
44,128,3,0.001638651,0.001637697,229,219,458,bcsstk27
44,128,4,0.001178503,0.001177549,229,219,458,bcsstk27
44,128,5,0.001609087,0.001608133,229,219,458,bcsstk27
44,128,6,0.001179934,0.001178741,229,219,458,bcsstk27
44,128,7,0.001626492,0.001625299,229,219,458,bcsstk27
44,128,8,0.001175404,0.001174212,229,219,458,bcsstk27
44,128,9,0.002626419,0.002625227,229,219,458,bcsstk27
63,128,6,0.001142740,0.001141787,243,233,486,bcsstk27
63,128,7,0.001598835,0.001597881,243,233,486,bcsstk27
63,128,8,0.001157045,0.001155853,243,233,486,bcsstk27
63,128,9,0.002573729,0.002572775,243,233,486,bcsstk27
72,128,3,0.001517534,0.001516581,234,225,468,bcsstk27
72,128,4,0.001108408,0.001107454,234,225,468,bcsstk27
72,128,5,0.001533508,0.001532555,234,225,468,bcsstk27
72,128,6,0.001071453,0.001070499,234,225,468,bcsstk27
72,128,7,0.001511335,0.001510382,234,225,468,bcsstk27
72,128,8,0.001075268,0.001074314,234,225,468,bcsstk27
72,128,9,0.002556086,0.002555132,234,225,468,bcsstk27
67,128,0,0.000997305,0.000996113,226,216,452,bcsstk27
67,128,1,0.001580238,0.001579046,226,216,452,bcsstk27
67,128,2,0.001131773,0.001130819,226,216,452,bcsstk27
67,128,3,0.001532078,0.001531124,226,216,452,bcsstk27
67,128,4,0.001133919,0.001132727,226,216,452,bcsstk27
67,128,5,0.001535177,0.001534224,226,216,452,bcsstk27
67,128,6,0.001117229,0.001116276,226,216,452,bcsstk27
67,128,7,0.001540661,0.001539707,226,216,452,bcsstk27
67,128,8,0.001105547,0.001104593,226,216,452,bcsstk27
67,128,9,0.002594233,0.002593279,226,216,452,bcsstk27
41,128,0,0.001010895,0.001009941,225,215,450,bcsstk27
41,128,1,0.001688480,0.001687527,225,215,450,bcsstk27
41,128,2,0.001239777,0.001238823,225,215,450,bcsstk27
41,128,3,0.001648426,0.001647472,225,215,450,bcsstk27
41,128,4,0.001233339,0.001232386,225,215,450,bcsstk27
41,128,5,0.001636267,0.001635313,225,215,450,bcsstk27
41,128,6,0.001190662,0.001189709,225,215,450,bcsstk27
41,128,7,0.001639128,0.001638174,225,215,450,bcsstk27
41,128,8,0.001202822,0.001201868,225,215,450,bcsstk27
41,128,9,0.002652645,0.002651691,225,215,450,bcsstk27
64,128,0,0.000986099,0.000984907,253,243,506,bcsstk27
64,128,1,0.001611233,0.001610041,253,243,506,bcsstk27
64,128,2,0.001156330,0.001155376,253,243,506,bcsstk27
64,128,3,0.001591921,0.001590967,253,243,506,bcsstk27
64,128,4,0.001165628,0.001164675,253,243,506,bcsstk27
64,128,5,0.001578093,0.001576900,253,243,506,bcsstk27
64,128,6,0.001138210,0.001137018,253,243,506,bcsstk27
64,128,7,0.001560926,0.001559973,253,243,506,bcsstk27
64,128,8,0.001146793,0.001145601,253,243,506,bcsstk27
64,128,9,0.002674341,0.002673149,253,243,506,bcsstk27
56,128,0,0.000892401,0.000890732,258,248,516,bcsstk27
56,128,1,0.001650333,0.001648664,258,248,516,bcsstk27
56,128,2,0.001173019,0.001171827,258,248,516,bcsstk27
56,128,3,0.001643896,0.001642704,258,248,516,bcsstk27
56,128,4,0.001157999,0.001156807,258,248,516,bcsstk27
56,128,5,0.001589537,0.001588345,258,248,516,bcsstk27
56,128,6,0.001143932,0.001142740,258,248,516,bcsstk27
56,128,7,0.001619577,0.001618385,258,248,516,bcsstk27
56,128,8,0.001122713,0.001121521,258,248,516,bcsstk27
56,128,9,0.002635002,0.002633572,258,248,516,bcsstk27
45,128,0,0.000969172,0.000967979,239,229,478,bcsstk27
45,128,1,0.001647472,0.001646519,239,229,478,bcsstk27
45,128,2,0.001240492,0.001239538,239,229,478,bcsstk27
45,128,3,0.001630545,0.001629353,239,229,478,bcsstk27
45,128,4,0.001234531,0.001233578,239,229,478,bcsstk27
45,128,5,0.001626015,0.001624823,239,229,478,bcsstk27
45,128,6,0.001187086,0.001186132,239,229,478,bcsstk27
45,128,7,0.001622915,0.001621962,239,229,478,bcsstk27
45,128,8,0.001196384,0.001195431,239,229,478,bcsstk27
45,128,9,0.002588987,0.002588034,239,229,478,bcsstk27
60,128,0,0.001013994,0.001013041,233,223,466,bcsstk27
60,128,1,0.001593590,0.001592636,233,223,466,bcsstk27
60,128,2,0.001185417,0.001184464,233,223,466,bcsstk27
73,128,0,0.000953913,0.000952959,217,208,434,bcsstk27
73,128,1,0.001534939,0.001533985,217,208,434,bcsstk27
73,128,2,0.001098633,0.001097679,217,208,434,bcsstk27
73,128,3,0.001496553,0.001495600,217,208,434,bcsstk27
73,128,4,0.001086712,0.001085758,217,208,434,bcsstk27
73,128,5,0.001511097,0.001510143,217,208,434,bcsstk27
73,128,6,0.001084805,0.001083851,217,208,434,bcsstk27
73,128,7,0.001506090,0.001504898,217,208,434,bcsstk27
73,128,8,0.000805616,0.000804663,217,208,434,bcsstk27
73,128,9,0.002578735,0.002577782,217,208,434,bcsstk27
47,128,0,0.000977516,0.000976324,233,223,466,bcsstk27
47,128,1,0.001659155,0.001658201,233,223,466,bcsstk27
47,128,2,0.001220465,0.001219511,233,223,466,bcsstk27
47,128,3,0.001647472,0.001646280,233,223,466,bcsstk27
47,128,4,0.001223087,0.001222134,233,223,466,bcsstk27
47,128,5,0.001638651,0.001637697,233,223,466,bcsstk27
47,128,6,0.001169920,0.001168728,233,223,466,bcsstk27
47,128,7,0.001633644,0.001632690,233,223,466,bcsstk27
47,128,8,0.001177549,0.001176596,233,223,466,bcsstk27
47,128,9,0.002650261,0.002649069,233,223,466,bcsstk27
28,128,0,0.001075506,0.001074314,233,223,466,bcsstk27
28,128,1,0.001709938,0.001708984,233,223,466,bcsstk27
28,128,2,0.001341343,0.001340151,233,223,466,bcsstk27
28,128,3,0.001650572,0.001649380,233,223,466,bcsstk27
28,128,4,0.001305342,0.001304388,233,223,466,bcsstk27
28,128,5,0.001663923,0.001662970,233,223,466,bcsstk27
28,128,6,0.001291513,0.001290321,233,223,466,bcsstk27
28,128,7,0.001634598,0.001633406,233,223,466,bcsstk27
28,128,8,0.001287699,0.001286507,233,223,466,bcsstk27
68,128,0,0.000927210,0.000925303,236,226,472,bcsstk27
68,128,1,0.001581907,0.001580477,236,226,472,bcsstk27
68,128,2,0.001105785,0.001104355,236,226,472,bcsstk27
68,128,3,0.001555920,0.001554489,236,226,472,bcsstk27
68,128,4,0.001152515,0.001151323,236,226,472,bcsstk27
68,128,5,0.001530886,0.001529694,236,226,472,bcsstk27
68,128,6,0.001121998,0.001120567,236,226,472,bcsstk27
68,128,7,0.001547337,0.001545906,236,226,472,bcsstk27
68,128,8,0.001068115,0.001066923,236,226,472,bcsstk27
68,128,9,0.002586365,0.002584934,236,226,472,bcsstk27
3,128,0,0.001099586,0.001097679,225,215,450,bcsstk27
3,128,1,0.001724720,0.001723289,225,215,450,bcsstk27
3,128,2,0.001406431,0.001405001,225,215,450,bcsstk27
3,128,3,0.001690865,0.001689911,225,215,450,bcsstk27
3,128,4,0.001344442,0.001343250,225,215,450,bcsstk27
3,128,5,0.001696348,0.001694918,225,215,450,bcsstk27
60,128,3,0.001579046,0.001578093,233,223,466,bcsstk27
60,128,4,0.001150846,0.001149893,233,223,466,bcsstk27
60,128,5,0.001587868,0.001586914,233,223,466,bcsstk27
60,128,6,0.001135349,0.001134157,233,223,466,bcsstk27
60,128,7,0.001561642,0.001560688,233,223,466,bcsstk27
60,128,8,0.001149893,0.001148701,233,223,466,bcsstk27
79,128,0,0.000914335,0.000913143,217,208,434,bcsstk27
79,128,1,0.001496077,0.001495123,217,208,434,bcsstk27
79,128,2,0.000786066,0.000784874,217,208,434,bcsstk27
79,128,3,0.001448631,0.001447678,217,208,434,bcsstk27
79,128,4,0.000790596,0.000789404,217,208,434,bcsstk27
79,128,5,0.001460552,0.001459599,217,208,434,bcsstk27
79,128,6,0.001059532,0.001058578,217,208,434,bcsstk27
79,128,7,0.001464367,0.001463413,217,208,434,bcsstk27
79,128,8,0.000745535,0.000744343,217,208,434,bcsstk27
79,128,9,0.002554655,0.002553701,217,208,434,bcsstk27
53,128,0,0.000967026,0.000965595,225,215,450,bcsstk27
53,128,1,0.001643181,0.001642227,225,215,450,bcsstk27
53,128,2,0.001201868,0.001200914,225,215,450,bcsstk27
53,128,3,0.001623154,0.001622200,225,215,450,bcsstk27
53,128,4,0.001205683,0.001204729,225,215,450,bcsstk27
53,128,5,0.001600027,0.001599073,225,215,450,bcsstk27
53,128,6,0.001144886,0.001143932,225,215,450,bcsstk27
53,128,7,0.001604319,0.001603365,225,215,450,bcsstk27
53,128,8,0.001155138,0.001153946,225,215,450,bcsstk27
53,128,9,0.002625227,0.002624035,225,215,450,bcsstk27
52,128,0,0.000958204,0.000957012,227,217,454,bcsstk27
52,128,1,0.001636267,0.001635313,227,217,454,bcsstk27
52,128,2,0.001168728,0.001167774,227,217,454,bcsstk27
52,128,3,0.001620293,0.001619339,227,217,454,bcsstk27
52,128,4,0.001178503,0.001177549,227,217,454,bcsstk27
52,128,5,0.001595736,0.001594782,227,217,454,bcsstk27
52,128,6,0.001152992,0.001152039,227,217,454,bcsstk27
52,128,7,0.001604557,0.001603365,227,217,454,bcsstk27
52,128,8,0.001150370,0.001149416,227,217,454,bcsstk27
52,128,9,0.002692223,0.002691507,227,217,454,bcsstk27
38,128,0,0.001019001,0.001017570,255,245,510,bcsstk27
38,128,1,0.001678228,0.001676798,255,245,510,bcsstk27
33,128,0,0.001039505,0.001038313,207,197,414,bcsstk27
33,128,1,0.001680613,0.001679659,207,197,414,bcsstk27
33,128,2,0.001234293,0.001233578,207,197,414,bcsstk27
33,128,3,0.001649141,0.001648188,207,197,414,bcsstk27
33,128,4,0.001232386,0.001231194,207,197,414,bcsstk27
33,128,5,0.001648188,0.001647234,207,197,414,bcsstk27
33,128,6,0.001211882,0.001210928,207,197,414,bcsstk27
33,128,7,0.001657248,0.001656294,207,197,414,bcsstk27
33,128,8,0.001193762,0.001192808,207,197,414,bcsstk27
33,128,9,0.002630234,0.002629280,207,197,414,bcsstk27
60,128,9,0.002581358,0.002580404,233,223,466,bcsstk27
127,128,0,0.001112223,0.001111031,205,196,410,bcsstk27
127,128,1,0.001708746,0.001707554,205,196,410,bcsstk27
127,128,2,0.001383781,0.001382828,205,196,410,bcsstk27
127,128,3,0.001655579,0.001654625,205,196,410,bcsstk27
127,128,4,0.001330853,0.001329660,205,196,410,bcsstk27
127,128,5,0.001677036,0.001676083,205,196,410,bcsstk27
127,128,6,0.001335621,0.001334667,205,196,410,bcsstk27
127,128,7,0.001672745,0.001671791,205,196,410,bcsstk27
127,128,8,0.001297474,0.001296759,205,196,410,bcsstk27
127,128,9,0.002591848,0.002590895,205,196,410,bcsstk27
59,128,0,0.000999212,0.000997782,238,228,476,bcsstk27
59,128,1,0.001639605,0.001638174,238,228,476,bcsstk27
59,128,2,0.001208305,0.001207352,238,228,476,bcsstk27
59,128,3,0.001626968,0.001625776,238,228,476,bcsstk27
59,128,4,0.001194239,0.001193285,238,228,476,bcsstk27
59,128,5,0.001608849,0.001607656,238,228,476,bcsstk27
59,128,6,0.001145840,0.001144886,238,228,476,bcsstk27
59,128,7,0.001606464,0.001605511,238,228,476,bcsstk27
59,128,8,0.001169920,0.001168966,238,228,476,bcsstk27
59,128,9,0.002620935,0.002619982,238,228,476,bcsstk27
62,128,0,0.000979424,0.000977755,239,229,478,bcsstk27
62,128,1,0.001606464,0.001604795,239,229,478,bcsstk27
62,128,2,0.001144171,0.001142979,239,229,478,bcsstk27
62,128,3,0.001585245,0.001584053,239,229,478,bcsstk27
62,128,4,0.001160145,0.001159191,239,229,478,bcsstk27
62,128,5,0.001567602,0.001566410,239,229,478,bcsstk27
62,128,6,0.001167059,0.001166105,239,229,478,bcsstk27
62,128,7,0.001568794,0.001567602,239,229,478,bcsstk27
62,128,8,0.001143217,0.001141787,239,229,478,bcsstk27
62,128,9,0.002646446,0.002645016,239,229,478,bcsstk27
51,128,0,0.000992298,0.000987530,217,207,434,bcsstk27
51,128,1,0.001660585,0.001658916,217,207,434,bcsstk27
51,128,2,0.001203775,0.001202583,217,207,434,bcsstk27
51,128,3,0.001627207,0.001626253,217,207,434,bcsstk27
51,128,4,0.001239538,0.001238346,217,207,434,bcsstk27
51,128,5,0.001624346,0.001623154,217,207,434,bcsstk27
51,128,6,0.001174212,0.001173019,217,207,434,bcsstk27
51,128,7,0.001628399,0.001627207,217,207,434,bcsstk27
51,128,8,0.001165152,0.001164198,217,207,434,bcsstk27
51,128,9,0.002647161,0.002645731,217,207,434,bcsstk27
66,128,0,0.000975132,0.000973940,250,240,500,bcsstk27
66,128,1,0.001548767,0.001547575,250,240,500,bcsstk27
66,128,2,0.001177073,0.001176119,250,240,500,bcsstk27
66,128,3,0.001527071,0.001525879,250,240,500,bcsstk27
66,128,4,0.001162767,0.001161814,250,240,500,bcsstk27
66,128,5,0.001549721,0.001548767,250,240,500,bcsstk27
66,128,6,0.001135349,0.001134396,250,240,500,bcsstk27
66,128,7,0.001521826,0.001520872,250,240,500,bcsstk27
1,128,9,0.002596855,0.002595663,211,201,422,bcsstk27
32,128,0,0.000948906,0.000947475,247,237,494,bcsstk27
32,128,1,0.001680136,0.001678705,247,237,494,bcsstk27
32,128,2,0.001192093,0.001190901,247,237,494,bcsstk27
32,128,3,0.001659870,0.001658678,247,237,494,bcsstk27
32,128,4,0.001181602,0.001180649,247,237,494,bcsstk27
32,128,5,0.001640320,0.001639128,247,237,494,bcsstk27
32,128,6,0.001184940,0.001183748,247,237,494,bcsstk27
32,128,7,0.001641512,0.001640558,247,237,494,bcsstk27
32,128,8,0.001182079,0.001181126,247,237,494,bcsstk27
32,128,9,0.002671957,0.002671003,247,237,494,bcsstk27
57,128,0,0.000969887,0.000968456,246,236,492,bcsstk27
57,128,1,0.001644373,0.001643181,246,236,492,bcsstk27
57,128,2,0.001211643,0.001210213,246,236,492,bcsstk27
57,128,3,0.001599312,0.001598120,246,236,492,bcsstk27
57,128,4,0.001218557,0.001217365,246,236,492,bcsstk27
57,128,5,0.001614809,0.001613617,246,236,492,bcsstk27
57,128,6,0.001177311,0.001175880,246,236,492,bcsstk27
57,128,7,0.001622915,0.001621962,246,236,492,bcsstk27
57,128,8,0.001155853,0.001154661,246,236,492,bcsstk27
57,128,9,0.002632380,0.002631187,246,236,492,bcsstk27
42,128,0,0.001033545,0.001032591,217,207,434,bcsstk27
42,128,1,0.001620770,0.001619816,217,207,434,bcsstk27
42,128,2,0.001224279,0.001223326,217,207,434,bcsstk27
42,128,3,0.001626730,0.001625776,217,207,434,bcsstk27
42,128,4,0.001189709,0.001188755,217,207,434,bcsstk27
42,128,5,0.001616716,0.001615763,217,207,434,bcsstk27
42,128,6,0.001176119,0.001175165,217,207,434,bcsstk27
42,128,7,0.001590252,0.001589298,217,207,434,bcsstk27
42,128,8,0.001182079,0.001181126,217,207,434,bcsstk27
37,128,0,0.001051903,0.001050711,245,235,490,bcsstk27
37,128,1,0.001672268,0.001671076,245,235,490,bcsstk27
37,128,2,0.001217842,0.001216888,245,235,490,bcsstk27
37,128,3,0.001621008,0.001620054,245,235,490,bcsstk27
37,128,4,0.001204014,0.001202822,245,235,490,bcsstk27
37,128,5,0.001630545,0.001629591,245,235,490,bcsstk27
37,128,6,0.001207829,0.001206636,245,235,490,bcsstk27
37,128,7,0.001634598,0.001633406,245,235,490,bcsstk27
37,128,8,0.001186132,0.001185179,245,235,490,bcsstk27
37,128,9,0.002673149,0.002672195,245,235,490,bcsstk27
38,128,2,0.001217127,0.001215935,255,245,510,bcsstk27
38,128,3,0.001659870,0.001658678,255,245,510,bcsstk27
38,128,4,0.001197577,0.001196384,255,245,510,bcsstk27
38,128,5,0.001627207,0.001626015,255,245,510,bcsstk27
38,128,6,0.001187325,0.001186132,255,245,510,bcsstk27
38,128,7,0.001636982,0.001635790,255,245,510,bcsstk27
38,128,8,0.001184940,0.001183510,255,245,510,bcsstk27
38,128,9,0.002672672,0.002671480,255,245,510,bcsstk27
3,128,6,0.001332760,0.001331329,225,215,450,bcsstk27
3,128,7,0.001695156,0.001693964,225,215,450,bcsstk27
3,128,8,0.001307964,0.001307011,225,215,450,bcsstk27
3,128,9,0.002609491,0.002607822,225,215,450,bcsstk27
54,128,0,0.001018286,0.001017332,244,234,488,bcsstk27
54,128,1,0.001572609,0.001571655,244,234,488,bcsstk27
54,128,2,0.001170635,0.001169443,244,234,488,bcsstk27
54,128,3,0.001564026,0.001562834,244,234,488,bcsstk27
54,128,4,0.001159191,0.001158237,244,234,488,bcsstk27
54,128,5,0.001587868,0.001586676,244,234,488,bcsstk27
54,128,6,0.001126289,0.001125097,244,234,488,bcsstk27
54,128,7,0.001559496,0.001558065,244,234,488,bcsstk27
54,128,8,0.000911236,0.000910282,244,234,488,bcsstk27
54,128,9,0.002607822,0.002606869,244,234,488,bcsstk27
43,128,0,0.001019478,0.001018524,219,209,438,bcsstk27
43,128,1,0.001633883,0.001632929,219,209,438,bcsstk27
43,128,2,0.001201868,0.001200914,219,209,438,bcsstk27
43,128,3,0.001592636,0.001591682,219,209,438,bcsstk27
43,128,4,0.001183987,0.001183033,219,209,438,bcsstk27
43,128,5,0.001596451,0.001595497,219,209,438,bcsstk27
43,128,6,0.001205921,0.001204967,219,209,438,bcsstk27
43,128,7,0.001605034,0.001603842,219,209,438,bcsstk27
43,128,8,0.001170874,0.001169920,219,209,438,bcsstk27
43,128,9,0.002637625,0.002636433,219,209,438,bcsstk27
65,128,0,0.000988722,0.000987530,243,233,486,bcsstk27
65,128,1,0.001623392,0.001622200,243,233,486,bcsstk27
65,128,2,0.001176834,0.001175642,243,233,486,bcsstk27
65,128,3,0.001601219,0.001600266,243,233,486,bcsstk27
65,128,4,0.001179457,0.001178265,243,233,486,bcsstk27
65,128,5,0.001573324,0.001572371,243,233,486,bcsstk27
65,128,6,0.001129150,0.001128197,243,233,486,bcsstk27
65,128,7,0.001566648,0.001565218,243,233,486,bcsstk27
65,128,8,0.001146555,0.001145363,243,233,486,bcsstk27
65,128,9,0.002566576,0.002565384,243,233,486,bcsstk27
4,128,0,0.001098633,0.001097441,235,225,470,bcsstk27
4,128,1,0.001734495,0.001733303,235,225,470,bcsstk27
4,128,2,0.001376390,0.001375437,235,225,470,bcsstk27
4,128,3,0.001700401,0.001699448,235,225,470,bcsstk27
4,128,4,0.001339197,0.001338243,235,225,470,bcsstk27
4,128,5,0.001695156,0.001694202,235,225,470,bcsstk27
4,128,6,0.001329660,0.001328707,235,225,470,bcsstk27
4,128,7,0.001687288,0.001686096,235,225,470,bcsstk27
4,128,8,0.001315594,0.001314402,235,225,470,bcsstk27
4,128,9,0.002725124,0.002723932,235,225,470,bcsstk27
39,128,0,0.001065493,0.001063585,239,229,478,bcsstk27
39,128,1,0.001689672,0.001687765,239,229,478,bcsstk27
39,128,2,0.001278877,0.001277447,239,229,478,bcsstk27
39,128,3,0.001652241,0.001651049,239,229,478,bcsstk27
39,128,4,0.001272202,0.001270771,239,229,478,bcsstk27
39,128,5,0.001643896,0.001642704,239,229,478,bcsstk27
66,128,8,0.001125813,0.001124620,250,240,500,bcsstk27
66,128,9,0.002588272,0.002587318,250,240,500,bcsstk27
49,128,0,0.001013756,0.001012564,231,221,462,bcsstk27
49,128,1,0.001619339,0.001618385,231,221,462,bcsstk27
49,128,2,0.001168728,0.001167297,231,221,462,bcsstk27
49,128,3,0.001590729,0.001589537,231,221,462,bcsstk27
49,128,4,0.001178741,0.001177788,231,221,462,bcsstk27
49,128,5,0.001604319,0.001603365,231,221,462,bcsstk27
49,128,6,0.001176357,0.001175404,231,221,462,bcsstk27
49,128,7,0.001618147,0.001617193,231,221,462,bcsstk27
49,128,8,0.001140118,0.001139164,231,221,462,bcsstk27
49,128,9,0.002655745,0.002654791,231,221,462,bcsstk27
71,128,0,0.000907183,0.000905991,243,233,486,bcsstk27
71,128,1,0.001579523,0.001578569,243,233,486,bcsstk27
71,128,2,0.001142263,0.001141310,243,233,486,bcsstk27
71,128,3,0.001547813,0.001546860,243,233,486,bcsstk27
71,128,4,0.001151085,0.001149893,243,233,486,bcsstk27
71,128,5,0.001544237,0.001542807,243,233,486,bcsstk27
71,128,6,0.001100779,0.001099825,243,233,486,bcsstk27
71,128,7,0.001539946,0.001538992,243,233,486,bcsstk27
71,128,8,0.001115084,0.001113892,243,233,486,bcsstk27
71,128,9,0.002561569,0.002560377,243,233,486,bcsstk27
28,128,9,0.002692461,0.002691507,233,223,466,bcsstk27
39,128,6,0.001237154,0.001235723,239,229,478,bcsstk27
39,128,7,0.001641512,0.001636028,239,229,478,bcsstk27
39,128,8,0.001228571,0.001227379,239,229,478,bcsstk27
39,128,9,0.004013300,0.004011869,239,229,478,bcsstk27
42,128,9,0.002605438,0.002604485,217,207,434,bcsstk27
77,128,0,0.000916958,0.000915766,211,202,422,bcsstk27
77,128,1,0.001559258,0.001558304,211,202,422,bcsstk27
77,128,2,0.001109362,0.001108170,211,202,422,bcsstk27
77,128,3,0.001535177,0.001534224,211,202,422,bcsstk27
77,128,4,0.001128435,0.001127481,211,202,422,bcsstk27
77,128,5,0.001534939,0.001533747,211,202,422,bcsstk27
77,128,6,0.001069546,0.001068830,211,202,422,bcsstk27
77,128,7,0.001521349,0.001520395,211,202,422,bcsstk27
77,128,8,0.000834227,0.000833511,211,202,422,bcsstk27
77,128,9,0.002542496,0.002541542,211,202,422,bcsstk27
34,128,0,0.001046896,0.001045942,217,207,434,bcsstk27
34,128,1,0.001684666,0.001683712,217,207,434,bcsstk27
34,128,2,0.001221895,0.001220942,217,207,434,bcsstk27
34,128,3,0.001677752,0.001676798,217,207,434,bcsstk27
34,128,4,0.001232147,0.001231194,217,207,434,bcsstk27
34,128,5,0.001644373,0.001643419,217,207,434,bcsstk27
34,128,6,0.001206875,0.001206160,217,207,434,bcsstk27
34,128,7,0.001659870,0.001658916,217,207,434,bcsstk27
34,128,8,0.001216888,0.001215935,217,207,434,bcsstk27
34,128,9,0.002732754,0.002731800,217,207,434,bcsstk27
48,128,0,0.000989199,0.000988007,243,233,486,bcsstk27
48,128,1,0.001610756,0.001609802,243,233,486,bcsstk27
48,128,2,0.001217127,0.001216173,243,233,486,bcsstk27
48,128,3,0.001605988,0.001604795,243,233,486,bcsstk27
48,128,4,0.001189947,0.001188993,243,233,486,bcsstk27
48,128,5,0.001622915,0.001621962,243,233,486,bcsstk27
48,128,6,0.001168251,0.001167297,243,233,486,bcsstk27
48,128,7,0.001599312,0.001598120,243,233,486,bcsstk27
48,128,8,0.001161098,0.001159906,243,233,486,bcsstk27
48,128,9,0.002626657,0.002625465,243,233,486,bcsstk27
35,128,0,0.001032352,0.001030922,213,203,426,bcsstk27
35,128,1,0.001690865,0.001689672,213,203,426,bcsstk27
35,128,2,0.001243353,0.001242399,213,203,426,bcsstk27
35,128,3,0.001672029,0.001671076,213,203,426,bcsstk27
35,128,4,0.001235247,0.001234055,213,203,426,bcsstk27
35,128,5,0.001661062,0.001660109,213,203,426,bcsstk27
35,128,6,0.001193523,0.001192570,213,203,426,bcsstk27
35,128,7,0.001663446,0.001662493,213,203,426,bcsstk27
35,128,8,0.001221895,0.001220942,213,203,426,bcsstk27
35,128,9,0.002717495,0.002716541,213,203,426,bcsstk27
40,128,0,0.001032114,0.001030922,249,239,498,bcsstk27
40,128,1,0.001690865,0.001689672,249,239,498,bcsstk27
40,128,2,0.001235008,0.001233578,249,239,498,bcsstk27
40,128,3,0.001659632,0.001658440,249,239,498,bcsstk27
40,128,4,0.001229048,0.001228094,249,239,498,bcsstk27
40,128,5,0.001638412,0.001637220,249,239,498,bcsstk27
40,128,6,0.001212597,0.001211643,249,239,498,bcsstk27
40,128,7,0.001638174,0.001636744,249,239,498,bcsstk27
40,128,8,0.001224518,0.001223564,249,239,498,bcsstk27
40,128,9,0.002715349,0.002714396,249,239,498,bcsstk27
36,128,0,0.001047373,0.001046181,235,225,470,bcsstk27
36,128,1,0.001645327,0.001644373,235,225,470,bcsstk27
46,128,0,0.000970125,0.000969172,249,239,498,bcsstk27
46,128,1,0.001655817,0.001654625,249,239,498,bcsstk27
46,128,2,0.001203060,0.001202106,249,239,498,bcsstk27
46,128,3,0.001639128,0.001638174,249,239,498,bcsstk27
46,128,4,0.001211882,0.001210690,249,239,498,bcsstk27
46,128,5,0.001618385,0.001617193,249,239,498,bcsstk27
46,128,6,0.001185179,0.001183987,249,239,498,bcsstk27
46,128,7,0.001628637,0.001627684,249,239,498,bcsstk27
46,128,8,0.001182556,0.001181364,249,239,498,bcsstk27
46,128,9,0.002705812,0.002704859,249,239,498,bcsstk27
36,128,2,0.001240492,0.001239300,235,225,470,bcsstk27
36,128,3,0.001635790,0.001634598,235,225,470,bcsstk27
36,128,4,0.001201630,0.001200676,235,225,470,bcsstk27
36,128,5,0.001649380,0.001647949,235,225,470,bcsstk27
36,128,6,0.001183748,0.001182556,235,225,470,bcsstk27
58,128,0,0.001020908,0.001019716,256,246,512,bcsstk27
58,128,1,0.001637697,0.001636505,256,246,512,bcsstk27
58,128,2,0.001178980,0.001178026,256,246,512,bcsstk27
58,128,3,0.001615524,0.001614332,256,246,512,bcsstk27
58,128,4,0.001179218,0.001178026,256,246,512,bcsstk27
58,128,5,0.001601696,0.001600266,256,246,512,bcsstk27
58,128,6,0.001157045,0.001156092,256,246,512,bcsstk27
58,128,7,0.001600266,0.001599073,256,246,512,bcsstk27
58,128,8,0.001170158,0.001169205,256,246,512,bcsstk27
58,128,9,0.002708912,0.002707720,256,246,512,bcsstk27
36,128,7,0.001619577,0.001618385,235,225,470,bcsstk27
36,128,8,0.001203060,0.001202106,235,225,470,bcsstk27
36,128,9,0.002657413,0.002656460,235,225,470,bcsstk27
50,128,0,0.000972748,0.000971556,241,231,482,bcsstk27
50,128,1,0.001629353,0.001628160,241,231,482,bcsstk27
50,128,2,0.001176119,0.001174927,241,231,482,bcsstk27
50,128,3,0.001631498,0.001630545,241,231,482,bcsstk27
50,128,4,0.001168251,0.001167297,241,231,482,bcsstk27
50,128,5,0.001607180,0.001605988,241,231,482,bcsstk27
50,128,6,0.001173019,0.001172066,241,231,482,bcsstk27
50,128,7,0.001628160,0.001626730,241,231,482,bcsstk27
50,128,8,0.001135111,0.001133919,241,231,482,bcsstk27
50,128,9,0.002682209,0.002681017,241,231,482,bcsstk27
126,128,0,0.001103163,0.001101732,224,215,448,bcsstk27
126,128,1,0.000263691,0.000262499,224,215,448,bcsstk27
126,128,2,0.001381874,0.001375914,224,215,448,bcsstk27
126,128,3,0.001639128,0.001638174,224,215,448,bcsstk27
126,128,4,0.001311541,0.001307011,224,215,448,bcsstk27
126,128,5,0.001659155,0.001658201,224,215,448,bcsstk27
126,128,6,0.001290083,0.001285315,224,215,448,bcsstk27
126,128,7,0.000261307,0.000260353,224,215,448,bcsstk27
126,128,8,0.001292706,0.001291752,224,215,448,bcsstk27
126,128,9,0.003225088,0.003223896,224,215,448,bcsstk27
0,1,0,0.102224112,0.000002384,31207734,0,62415468,Hook_1498
0,1,1,0.102183819,0.000002384,31207734,0,62415468,Hook_1498
0,1,2,0.102109909,0.000002384,31207734,0,62415468,Hook_1498
0,1,3,0.102118731,0.000002384,31207734,0,62415468,Hook_1498
0,1,4,0.102100849,0.000002146,31207734,0,62415468,Hook_1498
0,1,5,0.102103472,0.000002384,31207734,0,62415468,Hook_1498
0,1,6,0.102089882,0.000002384,31207734,0,62415468,Hook_1498
0,1,7,0.102434397,0.000002384,31207734,0,62415468,Hook_1498
0,1,8,0.102077484,0.000002146,31207734,0,62415468,Hook_1498
0,1,9,0.102085829,0.000002146,31207734,0,62415468,Hook_1498
0,2,0,0.249445677,0.145917177,15603136,7596746,31206272,Hook_1498
0,2,1,0.242062092,0.138488531,15603136,7596746,31206272,Hook_1498
0,2,2,0.245088577,0.139949083,15603136,7596746,31206272,Hook_1498
0,2,3,0.245063305,0.141232729,15603136,7596746,31206272,Hook_1498
0,2,4,0.247787237,0.144074678,15603136,7596746,31206272,Hook_1498
0,2,5,0.241164923,0.137153387,15603136,7596746,31206272,Hook_1498
0,2,6,0.240277290,0.136542320,15603136,7596746,31206272,Hook_1498
0,2,7,0.244151354,0.140419245,15603136,7596746,31206272,Hook_1498
0,2,8,0.240396738,0.139244318,15603136,7596746,31206272,Hook_1498
0,2,9,0.235558271,0.131908417,15603136,7596746,31206272,Hook_1498
1,2,0,0.277986765,0.147075891,15604598,7598405,31209196,Hook_1498
1,2,1,0.270035267,0.139031649,15604598,7598405,31209196,Hook_1498
1,2,2,0.271767378,0.140943527,15604598,7598405,31209196,Hook_1498
1,2,3,0.273319721,0.142859936,15604598,7598405,31209196,Hook_1498
1,2,4,0.272717476,0.144606352,15604598,7598405,31209196,Hook_1498
1,2,5,0.264186621,0.137685299,15604598,7598405,31209196,Hook_1498
1,2,6,0.264376163,0.137024403,15604598,7598405,31209196,Hook_1498
1,2,7,0.268990993,0.141425133,15604598,7598405,31209196,Hook_1498
1,2,8,0.268755436,0.139731407,15604598,7598405,31209196,Hook_1498
1,2,9,0.259830713,0.132064342,15604598,7598405,31209196,Hook_1498
0,4,0,0.148479462,0.085953236,7802548,5692709,15605096,Hook_1498
0,4,1,0.146170616,0.083619118,7802548,5692709,15605096,Hook_1498
0,4,2,0.145608425,0.083202839,7802548,5692709,15605096,Hook_1498
0,4,3,0.146028996,0.083478689,7802548,5692709,15605096,Hook_1498
0,4,4,0.146862984,0.084434986,7802548,5692709,15605096,Hook_1498
0,4,5,0.146867275,0.084278822,7802548,5692709,15605096,Hook_1498
0,4,6,0.134364605,0.071566105,7802548,5692709,15605096,Hook_1498
0,4,7,0.136655569,0.074194431,7802548,5692709,15605096,Hook_1498
0,4,8,0.136867046,0.074031353,7802548,5692709,15605096,Hook_1498
0,4,9,0.133965969,0.071523428,7802548,5692709,15605096,Hook_1498
2,4,0,0.142937183,0.080938339,7800588,5690589,15601176,Hook_1498
2,4,1,0.140887260,0.078687191,7800588,5690589,15601176,Hook_1498
2,4,2,0.140627623,0.078140259,7800588,5690589,15601176,Hook_1498
2,4,3,0.139538765,0.077611446,7800588,5690589,15601176,Hook_1498
2,4,4,0.138938427,0.076415300,7800588,5690589,15601176,Hook_1498
2,4,5,0.142515421,0.076672077,7800588,5690589,15601176,Hook_1498
2,4,6,0.137918234,0.075421572,7800588,5690589,15601176,Hook_1498
2,4,7,0.141005754,0.078619003,7800588,5690589,15601176,Hook_1498
2,4,8,0.139529228,0.077029943,7800588,5690589,15601176,Hook_1498
2,4,9,0.138777971,0.076036453,7800588,5690589,15601176,Hook_1498
1,4,0,0.153788805,0.094885826,7800863,5692751,15601726,Hook_1498
1,4,1,0.152731895,0.093806267,7800863,5692751,15601726,Hook_1498
1,4,2,0.149152279,0.090270281,7800863,5692751,15601726,Hook_1498
1,4,3,0.148367167,0.089463234,7800863,5692751,15601726,Hook_1498
1,4,4,0.148159981,0.089311361,7800863,5692751,15601726,Hook_1498
1,4,5,0.148562670,0.089636803,7800863,5692751,15601726,Hook_1498
1,4,6,0.139740705,0.080701351,7800863,5692751,15601726,Hook_1498
1,4,7,0.142043352,0.082880735,7800863,5692751,15601726,Hook_1498
1,4,8,0.141081333,0.081897497,7800863,5692751,15601726,Hook_1498
1,4,9,0.139475107,0.080421209,7800863,5692751,15601726,Hook_1498
3,4,0,0.177312851,0.099380493,7803735,5691972,15607470,Hook_1498
3,4,1,0.173933268,0.098162174,7803735,5691972,15607470,Hook_1498
3,4,2,0.170700312,0.094489574,7803735,5691972,15607470,Hook_1498
3,4,3,0.170410872,0.094146490,7803735,5691972,15607470,Hook_1498
3,4,4,0.170601845,0.093952417,7803735,5691972,15607470,Hook_1498
3,4,5,0.170675278,0.094624519,7803735,5691972,15607470,Hook_1498
3,4,6,0.159155369,0.082730532,7803735,5691972,15607470,Hook_1498
3,4,7,0.160632849,0.084990501,7803735,5691972,15607470,Hook_1498
3,4,8,0.160139799,0.083906412,7803735,5691972,15607470,Hook_1498
3,4,9,0.158660889,0.082476377,7803735,5691972,15607470,Hook_1498
5,8,0,0.077758551,0.052660227,3905099,3314954,7810198,Hook_1498
5,8,1,0.066639423,0.041615486,3905099,3314954,7810198,Hook_1498
5,8,2,0.066163063,0.041097403,3905099,3314954,7810198,Hook_1498
5,8,3,0.066646814,0.041779995,3905099,3314954,7810198,Hook_1498
5,8,4,0.067389011,0.042308092,3905099,3314954,7810198,Hook_1498
5,8,5,0.064331055,0.039412260,3905099,3314954,7810198,Hook_1498
5,8,6,0.062316895,0.037384272,3905099,3314954,7810198,Hook_1498
5,8,7,0.064802647,0.039882183,3905099,3314954,7810198,Hook_1498
5,8,8,0.065032482,0.040162086,3905099,3314954,7810198,Hook_1498
5,8,9,0.064992189,0.039979935,3905099,3314954,7810198,Hook_1498
4,8,0,0.080672026,0.055660009,3903936,3313492,7807872,Hook_1498
4,8,1,0.075376987,0.050410032,3903936,3313492,7807872,Hook_1498
4,8,2,0.077218533,0.052304745,3903936,3313492,7807872,Hook_1498
4,8,3,0.080844879,0.055916071,3903936,3313492,7807872,Hook_1498
4,8,4,0.082230091,0.057332993,3903936,3313492,7807872,Hook_1498
4,8,5,0.075694084,0.050707579,3903936,3313492,7807872,Hook_1498
4,8,6,0.073570251,0.048630476,3903936,3313492,7807872,Hook_1498
4,8,7,0.070847750,0.045983315,3903936,3313492,7807872,Hook_1498
4,8,8,0.068647623,0.043597937,3903936,3313492,7807872,Hook_1498
4,8,9,0.067506313,0.042518139,3903936,3313492,7807872,Hook_1498
3,8,0,0.080477476,0.055137873,3900463,3310430,7800926,Hook_1498
3,8,1,0.073838234,0.048812151,3900463,3310430,7800926,Hook_1498
3,8,2,0.079936028,0.054987907,3900463,3310430,7800926,Hook_1498
3,8,3,0.073924065,0.048924685,3900463,3310430,7800926,Hook_1498
3,8,4,0.076548815,0.051671028,3900463,3310430,7800926,Hook_1498
3,8,5,0.073280573,0.048489332,3900463,3310430,7800926,Hook_1498
3,8,6,0.078108549,0.053139210,3900463,3310430,7800926,Hook_1498
3,8,7,0.075744152,0.050957680,3900463,3310430,7800926,Hook_1498
3,8,8,0.073218107,0.048326492,3900463,3310430,7800926,Hook_1498
3,8,9,0.078448296,0.052996874,3900463,3310430,7800926,Hook_1498
7,8,0,0.080626249,0.054418325,3903272,3312570,7806544,Hook_1498
7,8,1,0.072018862,0.046367407,3903272,3312570,7806544,Hook_1498
7,8,2,0.074015141,0.048230886,3903272,3312570,7806544,Hook_1498
7,8,3,0.076122046,0.050431490,3903272,3312570,7806544,Hook_1498
7,8,4,0.083948374,0.054521799,3903272,3312570,7806544,Hook_1498
7,8,5,0.085017204,0.053663254,3903272,3312570,7806544,Hook_1498
7,8,6,0.083611488,0.052107573,3903272,3312570,7806544,Hook_1498
7,8,7,0.080935240,0.048764229,3903272,3312570,7806544,Hook_1498
7,8,8,0.079122543,0.047568321,3903272,3312570,7806544,Hook_1498
7,8,9,0.080301523,0.048890591,3903272,3312570,7806544,Hook_1498
1,8,0,0.082779646,0.056802750,3895764,3306649,7791528,Hook_1498
1,8,1,0.078883648,0.053296089,3895764,3306649,7791528,Hook_1498
1,8,2,0.082466841,0.057000875,3895764,3306649,7791528,Hook_1498
1,8,3,0.082845688,0.057529449,3895764,3306649,7791528,Hook_1498
1,8,4,0.083315849,0.057661772,3895764,3306649,7791528,Hook_1498
1,8,5,0.080526114,0.055252790,3895764,3306649,7791528,Hook_1498
1,8,6,0.298845768,0.273943424,3895764,3306649,7791528,Hook_1498
1,8,7,0.077809095,0.052808046,3895764,3306649,7791528,Hook_1498
1,8,8,0.080348969,0.055248737,3895764,3306649,7791528,Hook_1498
1,8,9,0.080818653,0.055775881,3895764,3306649,7791528,Hook_1498
6,8,0,0.084482670,0.057647705,3904396,3313720,7808792,Hook_1498
6,8,1,0.080663919,0.053982973,3904396,3313720,7808792,Hook_1498
6,8,2,0.084382057,0.057669640,3904396,3313720,7808792,Hook_1498
6,8,3,0.084954739,0.058260441,3904396,3313720,7808792,Hook_1498
6,8,4,0.085695267,0.058980465,3904396,3313720,7808792,Hook_1498
6,8,5,0.084089518,0.057500601,3904396,3313720,7808792,Hook_1498
6,8,6,0.083998680,0.057351589,3904396,3313720,7808792,Hook_1498
6,8,7,0.083494663,0.056880474,3904396,3313720,7808792,Hook_1498
6,8,8,0.084286690,0.057504892,3904396,3313720,7808792,Hook_1498
6,8,9,0.084641218,0.058041811,3904396,3313720,7808792,Hook_1498
0,8,0,0.079782963,0.055074692,3898612,3308781,7797224,Hook_1498
0,8,1,0.076775551,0.052296162,3898612,3308781,7797224,Hook_1498
0,8,2,0.080964565,0.056616545,3898612,3308781,7797224,Hook_1498
0,8,3,0.082196474,0.057723284,3898612,3308781,7797224,Hook_1498
0,8,4,0.083651066,0.059284925,3898612,3308781,7797224,Hook_1498
0,8,5,0.081718922,0.057302952,3898612,3308781,7797224,Hook_1498
0,8,6,0.082249880,0.057889700,3898612,3308781,7797224,Hook_1498
0,8,7,0.082692623,0.058271408,3898612,3308781,7797224,Hook_1498
0,8,8,0.082851648,0.058446646,3898612,3308781,7797224,Hook_1498
0,8,9,0.084851742,0.060508728,3898612,3308781,7797224,Hook_1498
2,8,0,0.078423500,0.051743507,3896192,3307151,7792384,Hook_1498
2,8,1,0.075839281,0.049549818,3896192,3307151,7792384,Hook_1498
2,8,2,0.073637009,0.047122478,3896192,3307151,7792384,Hook_1498
2,8,3,0.070315123,0.043895245,3896192,3307151,7792384,Hook_1498
2,8,4,0.076373339,0.049905539,3896192,3307151,7792384,Hook_1498
2,8,5,0.075167894,0.048727512,3896192,3307151,7792384,Hook_1498
2,8,6,0.079112530,0.052620173,3896192,3307151,7792384,Hook_1498
2,8,7,0.084172249,0.057507515,3896192,3307151,7792384,Hook_1498
2,8,8,0.079427719,0.052952290,3896192,3307151,7792384,Hook_1498
2,8,9,0.084950686,0.058516979,3896192,3307151,7792384,Hook_1498
11,16,0,0.050765991,0.038768053,1952665,1767421,3905330,Hook_1498
11,16,1,0.045075178,0.033196688,1952665,1767421,3905330,Hook_1498
11,16,2,0.045260906,0.033796072,1952665,1767421,3905330,Hook_1498
11,16,3,0.043118238,0.031627178,1952665,1767421,3905330,Hook_1498
11,16,4,0.047619343,0.035909176,1952665,1767421,3905330,Hook_1498
11,16,5,0.042484999,0.030890942,1952665,1767421,3905330,Hook_1498
11,16,6,0.047322273,0.035683393,1952665,1767421,3905330,Hook_1498
11,16,7,0.049181461,0.037585497,1952665,1767421,3905330,Hook_1498
11,16,8,0.044207573,0.032491207,1952665,1767421,3905330,Hook_1498
11,16,9,0.043484688,0.031781197,1952665,1767421,3905330,Hook_1498
5,16,0,0.046551228,0.034767866,1950828,1766242,3901656,Hook_1498
5,16,1,0.043004751,0.031405687,1950828,1766242,3901656,Hook_1498
5,16,2,0.040535450,0.029007196,1950828,1766242,3901656,Hook_1498
5,16,3,0.041556358,0.030065536,1950828,1766242,3901656,Hook_1498
5,16,4,0.046402693,0.034964800,1950828,1766242,3901656,Hook_1498
5,16,5,0.041478157,0.030058622,1950828,1766242,3901656,Hook_1498
5,16,6,0.039803028,0.028735876,1950828,1766242,3901656,Hook_1498
5,16,7,0.041627169,0.030230284,1950828,1766242,3901656,Hook_1498
5,16,8,0.045491934,0.033948660,1950828,1766242,3901656,Hook_1498
5,16,9,0.046148539,0.034687757,1950828,1766242,3901656,Hook_1498
4,16,0,0.053908110,0.041920185,1949220,1764802,3898440,Hook_1498
4,16,1,0.047303200,0.035429239,1949220,1764802,3898440,Hook_1498
4,16,2,0.048657656,0.036917448,1949220,1764802,3898440,Hook_1498
4,16,3,0.048748016,0.037029028,1949220,1764802,3898440,Hook_1498
4,16,4,0.046258926,0.034481525,1949220,1764802,3898440,Hook_1498
4,16,5,0.047433376,0.035969257,1949220,1764802,3898440,Hook_1498
4,16,6,0.048913479,0.037596703,1949220,1764802,3898440,Hook_1498
4,16,7,0.050380468,0.038767099,1949220,1764802,3898440,Hook_1498
4,16,8,0.236858130,0.225126982,1949220,1764802,3898440,Hook_1498
4,16,9,0.050827026,0.039231300,1949220,1764802,3898440,Hook_1498
13,16,0,0.057580709,0.043420553,1954271,1769120,3908542,Hook_1498
13,16,1,0.051903009,0.037677765,1954271,1769120,3908542,Hook_1498
13,16,2,0.052808046,0.036441088,1954271,1769120,3908542,Hook_1498
13,16,3,0.058203936,0.038852692,1954271,1769120,3908542,Hook_1498
13,16,4,0.058275461,0.039230824,1954271,1769120,3908542,Hook_1498
13,16,5,0.058213949,0.039341688,1954271,1769120,3908542,Hook_1498
13,16,6,0.058737040,0.040367842,1954271,1769120,3908542,Hook_1498
13,16,7,0.059266329,0.040669441,1954271,1769120,3908542,Hook_1498
13,16,8,0.065844297,0.045776606,1954271,1769120,3908542,Hook_1498
13,16,9,0.053175211,0.038347483,1954271,1769120,3908542,Hook_1498
10,16,0,0.053264618,0.041300774,1950023,1764878,3900046,Hook_1498
10,16,1,0.049096346,0.037485600,1950023,1764878,3900046,Hook_1498
10,16,2,0.047502518,0.036041737,1950023,1764878,3900046,Hook_1498
10,16,3,0.046963692,0.035790443,1950023,1764878,3900046,Hook_1498
10,16,4,0.047168493,0.035632372,1950023,1764878,3900046,Hook_1498
10,16,5,0.045401812,0.033946514,1950023,1764878,3900046,Hook_1498
10,16,6,0.045709372,0.034360409,1950023,1764878,3900046,Hook_1498
10,16,7,0.048519850,0.037111521,1950023,1764878,3900046,Hook_1498
10,16,8,0.048729658,0.037303448,1950023,1764878,3900046,Hook_1498
10,16,9,0.054007053,0.042633057,1950023,1764878,3900046,Hook_1498
0,16,0,0.054107904,0.042257786,1948584,1763661,3897168,Hook_1498
0,16,1,0.049274206,0.037533760,1948584,1763661,3897168,Hook_1498
0,16,2,0.049733400,0.038043022,1948584,1763661,3897168,Hook_1498
0,16,3,0.051394224,0.039800882,1948584,1763661,3897168,Hook_1498
0,16,4,0.051213741,0.039621830,1948584,1763661,3897168,Hook_1498
0,16,5,0.051732063,0.040185928,1948584,1763661,3897168,Hook_1498
0,16,6,0.053814888,0.042292356,1948584,1763661,3897168,Hook_1498
0,16,7,0.054781199,0.043178797,1948584,1763661,3897168,Hook_1498
0,16,8,0.050801277,0.037510395,1948584,1763661,3897168,Hook_1498
0,16,9,0.055777550,0.044222116,1948584,1763661,3897168,Hook_1498
1,16,0,0.054596663,0.041530609,1946145,1761706,3892290,Hook_1498
1,16,1,0.048649549,0.035554171,1946145,1761706,3892290,Hook_1498
1,16,2,0.057637930,0.034978390,1946145,1761706,3892290,Hook_1498
1,16,3,0.049258709,0.036831141,1946145,1761706,3892290,Hook_1498
1,16,4,0.049654722,0.036948681,1946145,1761706,3892290,Hook_1498
1,16,5,0.048120499,0.035601616,1946145,1761706,3892290,Hook_1498
1,16,6,0.050223112,0.037245989,1946145,1761706,3892290,Hook_1498
1,16,7,0.049334764,0.036494493,1946145,1761706,3892290,Hook_1498
1,16,8,0.040994883,0.027647495,1946145,1761706,3892290,Hook_1498
1,16,9,0.055745602,0.042187691,1946145,1761706,3892290,Hook_1498
6,16,0,0.053041458,0.040286779,1951128,1766131,3902256,Hook_1498
6,16,1,0.238754272,0.226058245,1951128,1766131,3902256,Hook_1498
6,16,2,0.049705505,0.037127972,1951128,1766131,3902256,Hook_1498
6,16,3,0.051270008,0.038710594,1951128,1766131,3902256,Hook_1498
6,16,4,0.050583363,0.038103342,1951128,1766131,3902256,Hook_1498
6,16,5,0.051151752,0.038828611,1951128,1766131,3902256,Hook_1498
6,16,6,0.053298950,0.040921688,1951128,1766131,3902256,Hook_1498
6,16,7,0.053450823,0.041166782,1951128,1766131,3902256,Hook_1498
6,16,8,0.055319548,0.042879343,1951128,1766131,3902256,Hook_1498
6,16,9,0.056176186,0.043643951,1951128,1766131,3902256,Hook_1498
12,16,0,0.052923679,0.041003704,1954716,1769513,3909432,Hook_1498
12,16,1,0.237735987,0.226082325,1954716,1769513,3909432,Hook_1498
12,16,2,0.046999693,0.035409689,1954716,1769513,3909432,Hook_1498
12,16,3,0.049307108,0.038095713,1954716,1769513,3909432,Hook_1498
12,16,4,0.049586773,0.038265228,1954716,1769513,3909432,Hook_1498
12,16,5,0.050039530,0.038639069,1954716,1769513,3909432,Hook_1498
12,16,6,0.051582575,0.040351629,1954716,1769513,3909432,Hook_1498
12,16,7,0.051837444,0.040513277,1954716,1769513,3909432,Hook_1498
12,16,8,0.231905222,0.220567703,1954716,1769513,3909432,Hook_1498
12,16,9,0.056270838,0.045002460,1954716,1769513,3909432,Hook_1498
2,16,0,0.059463024,0.045282602,1946169,1761720,3892338,Hook_1498
2,16,1,0.052437305,0.038466215,1946169,1761720,3892338,Hook_1498
2,16,2,0.053194761,0.038942099,1946169,1761720,3892338,Hook_1498
2,16,3,0.054830074,0.040949345,1946169,1761720,3892338,Hook_1498
2,16,4,0.052613735,0.038673878,1946169,1761720,3892338,Hook_1498
2,16,5,0.055516958,0.041514635,1946169,1761720,3892338,Hook_1498
2,16,6,0.057153940,0.043061256,1946169,1761720,3892338,Hook_1498
2,16,7,0.055862427,0.041848183,1946169,1761720,3892338,Hook_1498
2,16,8,0.059278011,0.045217037,1946169,1761720,3892338,Hook_1498
2,16,9,0.056639910,0.042744160,1946169,1761720,3892338,Hook_1498
15,16,0,0.054265499,0.041217566,1951089,1766056,3902178,Hook_1498
15,16,1,0.050743580,0.037920713,1951089,1766056,3902178,Hook_1498
15,16,2,0.061270952,0.037882805,1951089,1766056,3902178,Hook_1498
15,16,3,0.244911909,0.231094122,1951089,1766056,3902178,Hook_1498
15,16,4,0.053711414,0.039454222,1951089,1766056,3902178,Hook_1498
15,16,5,0.052965879,0.039065599,1951089,1766056,3902178,Hook_1498
15,16,6,0.054605484,0.040826797,1951089,1766056,3902178,Hook_1498
15,16,7,0.243502855,0.229310036,1951089,1766056,3902178,Hook_1498
15,16,8,0.054188490,0.040367603,1951089,1766056,3902178,Hook_1498
15,16,9,0.057074547,0.043505669,1951089,1766056,3902178,Hook_1498
7,16,0,0.055386543,0.041304111,1952183,1766826,3904366,Hook_1498
7,16,1,0.049445152,0.035483599,1952183,1766826,3904366,Hook_1498
7,16,2,0.050141335,0.036020994,1952183,1766826,3904366,Hook_1498
7,16,3,0.053077698,0.038886547,1952183,1766826,3904366,Hook_1498
7,16,4,0.053162813,0.039179564,1952183,1766826,3904366,Hook_1498
7,16,5,0.052403450,0.038330793,1952183,1766826,3904366,Hook_1498
7,16,6,0.055444479,0.041352749,1952183,1766826,3904366,Hook_1498
7,16,7,0.053886890,0.040160179,1952183,1766826,3904366,Hook_1498
7,16,8,0.046907902,0.032968760,1952183,1766826,3904366,Hook_1498
7,16,9,0.058154345,0.044065475,1952183,1766826,3904366,Hook_1498
9,16,0,0.055906534,0.041939497,1949619,1764519,3899238,Hook_1498
9,16,1,0.052966356,0.039038420,1949619,1764519,3899238,Hook_1498
9,16,2,0.050410748,0.037314415,1949619,1764519,3899238,Hook_1498
9,16,3,0.090943575,0.037364960,1949619,1764519,3899238,Hook_1498
9,16,4,0.054909706,0.040786505,1949619,1764519,3899238,Hook_1498
9,16,5,0.054860353,0.040870905,1949619,1764519,3899238,Hook_1498
9,16,6,0.056133986,0.042052031,1949619,1764519,3899238,Hook_1498
9,16,7,0.056299686,0.042686701,1949619,1764519,3899238,Hook_1498
9,16,8,0.055309534,0.041288137,1949619,1764519,3899238,Hook_1498
9,16,9,0.060086727,0.046020508,1949619,1764519,3899238,Hook_1498
14,16,0,0.056154490,0.041944504,1953268,1768309,3906536,Hook_1498
14,16,1,0.050303459,0.036368132,1953268,1768309,3906536,Hook_1498
14,16,2,0.050159931,0.036098719,1953268,1768309,3906536,Hook_1498
14,16,3,0.051355839,0.037454367,1953268,1768309,3906536,Hook_1498
14,16,4,0.054302931,0.040131807,1953268,1768309,3906536,Hook_1498
14,16,5,0.052613258,0.038481951,1953268,1768309,3906536,Hook_1498
14,16,6,0.054306030,0.040356398,1953268,1768309,3906536,Hook_1498
14,16,7,0.056862593,0.042896032,1953268,1768309,3906536,Hook_1498
14,16,8,0.057289600,0.043349743,1953268,1768309,3906536,Hook_1498
14,16,9,0.060327768,0.046070099,1953268,1768309,3906536,Hook_1498
8,16,0,0.056916952,0.042782545,1950028,1764762,3900056,Hook_1498
8,16,1,0.051776886,0.037758350,1950028,1764762,3900056,Hook_1498
8,16,2,0.050040483,0.035956144,1950028,1764762,3900056,Hook_1498
8,16,3,0.238792658,0.224574089,1950028,1764762,3900056,Hook_1498
8,16,4,0.052862406,0.038908958,1950028,1764762,3900056,Hook_1498
8,16,5,0.053471565,0.039375305,1950028,1764762,3900056,Hook_1498
8,16,6,0.056603909,0.042491198,1950028,1764762,3900056,Hook_1498
8,16,7,0.056936502,0.043050051,1950028,1764762,3900056,Hook_1498
8,16,8,0.056267977,0.042092562,1950028,1764762,3900056,Hook_1498
8,16,9,0.060524702,0.046128750,1950028,1764762,3900056,Hook_1498
3,16,0,0.056787968,0.043008327,1947798,1763230,3895596,Hook_1498
3,16,1,0.050976515,0.037556648,1947798,1763230,3895596,Hook_1498
3,16,2,0.057744741,0.037593365,1947798,1763230,3895596,Hook_1498
3,16,3,0.059160948,0.038210869,1947798,1763230,3895596,Hook_1498
3,16,4,0.057938576,0.037671328,1947798,1763230,3895596,Hook_1498
3,16,5,0.058925152,0.039262772,1947798,1763230,3895596,Hook_1498
3,16,6,0.060694218,0.040258408,1947798,1763230,3895596,Hook_1498
3,16,7,0.062974930,0.042589903,1947798,1763230,3895596,Hook_1498
3,16,8,0.080257177,0.059682369,1947798,1763230,3895596,Hook_1498
3,16,9,0.066032887,0.045758247,1947798,1763230,3895596,Hook_1498
29,32,0,0.037956715,0.032925129,977034,909024,1954068,Hook_1498
29,32,1,0.035998583,0.031061172,977034,909024,1954068,Hook_1498
29,32,2,0.035929680,0.031065702,977034,909024,1954068,Hook_1498
29,32,3,0.037234545,0.032360315,977034,909024,1954068,Hook_1498
29,32,4,0.036339521,0.031519890,977034,909024,1954068,Hook_1498
29,32,5,0.037056446,0.032299995,977034,909024,1954068,Hook_1498
29,32,6,0.036028385,0.031250000,977034,909024,1954068,Hook_1498
29,32,7,0.036825418,0.032028198,977034,909024,1954068,Hook_1498
29,32,8,0.036061525,0.031281948,977034,909024,1954068,Hook_1498
29,32,9,0.037943125,0.033184767,977034,909024,1954068,Hook_1498
23,32,0,0.038111687,0.032147884,976083,907837,1952166,Hook_1498
23,32,1,0.038292885,0.032284498,976083,907837,1952166,Hook_1498
23,32,2,0.037724733,0.031720400,976083,907837,1952166,Hook_1498
23,32,3,0.038429022,0.032469749,976083,907837,1952166,Hook_1498
23,32,4,0.037799120,0.031870365,976083,907837,1952166,Hook_1498
23,32,5,0.037916183,0.032077789,976083,907837,1952166,Hook_1498
23,32,6,0.037224054,0.031318665,976083,907837,1952166,Hook_1498
23,32,7,0.037489414,0.031687737,976083,907837,1952166,Hook_1498
23,32,8,0.037134409,0.031173468,976083,907837,1952166,Hook_1498
23,32,9,0.038408279,0.032428265,976083,907837,1952166,Hook_1498
11,32,0,0.039510489,0.033410072,975804,907729,1951608,Hook_1498
11,32,1,0.035684347,0.029755116,975804,907729,1951608,Hook_1498
11,32,2,0.035436392,0.029503107,975804,907729,1951608,Hook_1498
11,32,3,0.036232710,0.030465126,975804,907729,1951608,Hook_1498
11,32,4,0.036339283,0.030402422,975804,907729,1951608,Hook_1498
11,32,5,0.038210154,0.032253742,975804,907729,1951608,Hook_1498
11,32,6,0.038378000,0.032313108,975804,907729,1951608,Hook_1498
11,32,7,0.037923098,0.031905890,975804,907729,1951608,Hook_1498
11,32,8,0.038230658,0.032232761,975804,907729,1951608,Hook_1498
11,32,9,0.038624763,0.032624722,975804,907729,1951608,Hook_1498
5,32,0,0.042124987,0.035621166,974330,906534,1948660,Hook_1498
5,32,1,0.039617062,0.033246040,974330,906534,1948660,Hook_1498
5,32,2,0.038614273,0.032217264,974330,906534,1948660,Hook_1498
5,32,3,0.039300442,0.033145189,974330,906534,1948660,Hook_1498
5,32,4,0.038836479,0.032591581,974330,906534,1948660,Hook_1498
5,32,5,0.039151907,0.032994032,974330,906534,1948660,Hook_1498
5,32,6,0.038599968,0.032510281,974330,906534,1948660,Hook_1498
5,32,7,0.038455248,0.032313585,974330,906534,1948660,Hook_1498
5,32,8,0.038868666,0.032730341,974330,906534,1948660,Hook_1498
5,32,9,0.038793802,0.032715082,974330,906534,1948660,Hook_1498
17,32,0,0.041189671,0.034784794,973218,905425,1946436,Hook_1498
17,32,1,0.038596392,0.032359123,973218,905425,1946436,Hook_1498
17,32,2,0.038722038,0.032511711,973218,905425,1946436,Hook_1498
17,32,3,0.039585829,0.033385754,973218,905425,1946436,Hook_1498
17,32,4,0.039721489,0.033537865,973218,905425,1946436,Hook_1498
17,32,5,0.038636208,0.032603741,973218,905425,1946436,Hook_1498
17,32,6,0.038442612,0.032341719,973218,905425,1946436,Hook_1498
17,32,7,0.039951563,0.033769369,973218,905425,1946436,Hook_1498
17,32,8,0.038133860,0.032047987,973218,905425,1946436,Hook_1498
17,32,9,0.039388418,0.033330441,973218,905425,1946436,Hook_1498
25,32,0,0.044734001,0.037816525,975638,907607,1951276,Hook_1498
25,32,1,0.040829420,0.033882618,975638,907607,1951276,Hook_1498
25,32,2,0.041744709,0.035285473,975638,907607,1951276,Hook_1498
25,32,3,0.041396141,0.034387350,975638,907607,1951276,Hook_1498
25,32,4,0.040830851,0.033696651,975638,907607,1951276,Hook_1498
25,32,5,0.040011406,0.032649279,975638,907607,1951276,Hook_1498
25,32,6,0.040196657,0.032965660,975638,907607,1951276,Hook_1498
25,32,7,0.040071011,0.032740593,975638,907607,1951276,Hook_1498
25,32,8,0.040303469,0.033150673,975638,907607,1951276,Hook_1498
25,32,9,0.040023804,0.032924891,975638,907607,1951276,Hook_1498
16,32,0,0.043367624,0.038378239,975839,907720,1951678,Hook_1498
16,32,1,0.039589167,0.034849405,975839,907720,1951678,Hook_1498
16,32,2,0.038767576,0.033986568,975839,907720,1951678,Hook_1498
16,32,3,0.040357828,0.035608292,975839,907720,1951678,Hook_1498
16,32,4,0.234387636,0.229664564,975839,907720,1951678,Hook_1498
16,32,5,0.038895607,0.034188747,975839,907720,1951678,Hook_1498
16,32,6,0.233142138,0.228412390,975839,907720,1951678,Hook_1498
16,32,7,0.039677858,0.034974337,975839,907720,1951678,Hook_1498
16,32,8,0.039671659,0.034970284,975839,907720,1951678,Hook_1498
16,32,9,0.040491343,0.035741806,975839,907720,1951678,Hook_1498
9,32,0,0.044841766,0.039383173,973981,905835,1947962,Hook_1498
9,32,1,0.040452957,0.035253525,973981,905835,1947962,Hook_1498
9,32,2,0.048926592,0.036308050,973981,905835,1947962,Hook_1498
9,32,3,0.042900801,0.036166906,973981,905835,1947962,Hook_1498
9,32,4,0.042856455,0.035263062,973981,905835,1947962,Hook_1498
9,32,5,0.041264296,0.033583641,973981,905835,1947962,Hook_1498
9,32,6,0.040186167,0.032666206,973981,905835,1947962,Hook_1498
9,32,7,0.042116642,0.034644604,973981,905835,1947962,Hook_1498
9,32,8,0.040030956,0.033032179,973981,905835,1947962,Hook_1498
9,32,9,0.040316582,0.033252239,973981,905835,1947962,Hook_1498
19,32,0,0.044403553,0.037634373,974147,906298,1948294,Hook_1498
19,32,1,0.041805744,0.034757376,974147,906298,1948294,Hook_1498
19,32,2,0.041324377,0.034915447,974147,906298,1948294,Hook_1498
19,32,3,0.039954901,0.033230305,974147,906298,1948294,Hook_1498
19,32,4,0.038859367,0.032040834,974147,906298,1948294,Hook_1498
19,32,5,0.040057182,0.032771826,974147,906298,1948294,Hook_1498
19,32,6,0.040266514,0.032965660,974147,906298,1948294,Hook_1498
19,32,7,0.039940357,0.032715797,974147,906298,1948294,Hook_1498
19,32,8,0.039907455,0.032964706,974147,906298,1948294,Hook_1498
19,32,9,0.040523767,0.033425808,974147,906298,1948294,Hook_1498
10,32,0,0.043650150,0.037646055,974666,906565,1949332,Hook_1498
10,32,1,0.040360689,0.034487247,974666,906565,1949332,Hook_1498
6,32,0,0.044798851,0.039099693,975166,907255,1950332,Hook_1498
6,32,1,0.041270733,0.035549879,975166,907255,1950332,Hook_1498
6,32,2,0.040692806,0.034547567,975166,907255,1950332,Hook_1498
6,32,3,0.040296316,0.034658909,975166,907255,1950332,Hook_1498
6,32,4,0.038441181,0.033606052,975166,907255,1950332,Hook_1498
6,32,5,0.038508654,0.033804417,975166,907255,1950332,Hook_1498
6,32,6,0.038024902,0.033333063,975166,907255,1950332,Hook_1498
6,32,7,0.038180590,0.033520699,975166,907255,1950332,Hook_1498
6,32,8,0.039345026,0.034690857,975166,907255,1950332,Hook_1498
6,32,9,0.040840864,0.035444021,975166,907255,1950332,Hook_1498
10,32,2,0.040629625,0.034866571,974666,906565,1949332,Hook_1498
10,32,3,0.041549444,0.035785913,974666,906565,1949332,Hook_1498
10,32,4,0.040888786,0.035119772,974666,906565,1949332,Hook_1498
10,32,5,0.040115833,0.034279108,974666,906565,1949332,Hook_1498
10,32,6,0.039952040,0.034420013,974666,906565,1949332,Hook_1498
10,32,7,0.040183783,0.034484148,974666,906565,1949332,Hook_1498
10,32,8,0.040710688,0.034974575,974666,906565,1949332,Hook_1498
10,32,9,0.040880919,0.035161495,974666,906565,1949332,Hook_1498
22,32,0,0.045017004,0.038835049,975962,907630,1951924,Hook_1498
22,32,1,0.041677713,0.035858393,975962,907630,1951924,Hook_1498
22,32,2,0.041953087,0.035889149,975962,907630,1951924,Hook_1498
22,32,3,0.042332888,0.036296129,975962,907630,1951924,Hook_1498
22,32,4,0.041187525,0.035472393,975962,907630,1951924,Hook_1498
22,32,5,0.039816141,0.033831596,975962,907630,1951924,Hook_1498
22,32,6,0.040783405,0.034694195,975962,907630,1951924,Hook_1498
22,32,7,0.040408611,0.034409285,975962,907630,1951924,Hook_1498
22,32,8,0.040458202,0.034475565,975962,907630,1951924,Hook_1498
22,32,9,0.041236639,0.035315990,975962,907630,1951924,Hook_1498
26,32,0,0.043642998,0.036065102,975357,907363,1950714,Hook_1498
26,32,1,0.236256599,0.228292704,975357,907363,1950714,Hook_1498
26,32,2,0.041826248,0.034172535,975357,907363,1950714,Hook_1498
26,32,3,0.043701887,0.035654545,975357,907363,1950714,Hook_1498
26,32,4,0.042354345,0.034551859,975357,907363,1950714,Hook_1498
26,32,5,0.039926052,0.032608986,975357,907363,1950714,Hook_1498
26,32,6,0.040913105,0.032987833,975357,907363,1950714,Hook_1498
26,32,7,0.041254759,0.033666611,975357,907363,1950714,Hook_1498
26,32,8,0.041211367,0.033258677,975357,907363,1950714,Hook_1498
26,32,9,0.041164398,0.033433914,975357,907363,1950714,Hook_1498
4,32,0,0.045265675,0.039012909,973707,905877,1947414,Hook_1498
4,32,1,0.084069490,0.077914715,973707,905877,1947414,Hook_1498
4,32,2,0.042047262,0.035990715,973707,905877,1947414,Hook_1498
4,32,3,0.042351246,0.036313295,973707,905877,1947414,Hook_1498
4,32,4,0.050816774,0.044720888,973707,905877,1947414,Hook_1498
4,32,5,0.039649487,0.033632994,973707,905877,1947414,Hook_1498
4,32,6,0.039940357,0.034063339,973707,905877,1947414,Hook_1498
4,32,7,0.040806532,0.034735441,973707,905877,1947414,Hook_1498
4,32,8,0.041072369,0.035068989,973707,905877,1947414,Hook_1498
4,32,9,0.041752100,0.035735369,973707,905877,1947414,Hook_1498
28,32,0,0.044108629,0.038083076,976739,908731,1953478,Hook_1498
28,32,1,0.040190458,0.034276009,976739,908731,1953478,Hook_1498
28,32,2,0.041879654,0.035934687,976739,908731,1953478,Hook_1498
28,32,3,0.042129993,0.036271334,976739,908731,1953478,Hook_1498
28,32,4,0.041486740,0.035595894,976739,908731,1953478,Hook_1498
28,32,5,0.039314032,0.033564568,976739,908731,1953478,Hook_1498
28,32,6,0.044346333,0.038385153,976739,908731,1953478,Hook_1498
28,32,7,0.040898561,0.035050631,976739,908731,1953478,Hook_1498
28,32,8,0.041009665,0.035145044,976739,908731,1953478,Hook_1498
28,32,9,0.041852236,0.036003828,976739,908731,1953478,Hook_1498
21,32,0,0.042906761,0.037023783,976498,908510,1952996,Hook_1498
21,32,1,0.044754982,0.033671379,976498,908510,1952996,Hook_1498
21,32,2,0.040914774,0.034802914,976498,908510,1952996,Hook_1498
21,32,3,0.040193558,0.034147501,976498,908510,1952996,Hook_1498
21,32,4,0.038748503,0.032783985,976498,908510,1952996,Hook_1498
21,32,5,0.235777140,0.229157925,976498,908510,1952996,Hook_1498
21,32,6,0.233813286,0.227299452,976498,908510,1952996,Hook_1498
21,32,7,0.044543505,0.037896633,976498,908510,1952996,Hook_1498
21,32,8,0.040843964,0.034506321,976498,908510,1952996,Hook_1498
21,32,9,0.041778326,0.035474777,976498,908510,1952996,Hook_1498
31,32,0,0.046056747,0.038747787,974654,906594,1949308,Hook_1498
31,32,1,0.042226791,0.035092354,974654,906594,1949308,Hook_1498
31,32,2,0.041256189,0.033507586,974654,906594,1949308,Hook_1498
31,32,3,0.042518377,0.034917593,974654,906594,1949308,Hook_1498
31,32,4,0.041850567,0.034886122,974654,906594,1949308,Hook_1498
31,32,5,0.040285110,0.032706261,974654,906594,1949308,Hook_1498
31,32,6,0.040403843,0.032626867,974654,906594,1949308,Hook_1498
31,32,7,0.041063309,0.033488274,974654,906594,1949308,Hook_1498
31,32,8,0.040812969,0.033383131,974654,906594,1949308,Hook_1498
31,32,9,0.042142630,0.034451723,974654,906594,1949308,Hook_1498
8,32,0,0.046711683,0.039008379,975096,906823,1950192,Hook_1498
8,32,1,0.042548418,0.034662247,975096,906823,1950192,Hook_1498
8,32,2,0.236589432,0.228551626,975096,906823,1950192,Hook_1498
8,32,3,0.043222666,0.035060883,975096,906823,1950192,Hook_1498
8,32,4,0.041732073,0.033594370,975096,906823,1950192,Hook_1498
8,32,5,0.040590048,0.032503605,975096,906823,1950192,Hook_1498
8,32,6,0.040593386,0.032774687,975096,906823,1950192,Hook_1498
8,32,7,0.041006327,0.033012152,975096,906823,1950192,Hook_1498
8,32,8,0.238532066,0.230467796,975096,906823,1950192,Hook_1498
8,32,9,0.042363167,0.034691811,975096,906823,1950192,Hook_1498
7,32,0,0.049626589,0.038726091,976100,907979,1952200,Hook_1498
7,32,1,0.043692112,0.035202026,976100,907979,1952200,Hook_1498
7,32,2,0.045239449,0.034726143,976100,907979,1952200,Hook_1498
7,32,3,0.047190666,0.035944223,976100,907979,1952200,Hook_1498
7,32,4,0.044224501,0.035146475,976100,907979,1952200,Hook_1498
7,32,5,0.041609287,0.033317804,976100,907979,1952200,Hook_1498
7,32,6,0.041680574,0.033279419,976100,907979,1952200,Hook_1498
7,32,7,0.042432308,0.033920050,976100,907979,1952200,Hook_1498
7,32,8,0.041801214,0.033618927,976100,907979,1952200,Hook_1498
7,32,9,0.042713881,0.034463167,976100,907979,1952200,Hook_1498
13,32,0,0.045495510,0.038145304,977237,909137,1954474,Hook_1498
13,32,1,0.041207552,0.033961535,977237,909137,1954474,Hook_1498
13,32,2,0.042057753,0.034172535,977237,909137,1954474,Hook_1498
13,32,3,0.043799877,0.035852671,977237,909137,1954474,Hook_1498
13,32,4,0.041082144,0.034039736,977237,909137,1954474,Hook_1498
13,32,5,0.040327787,0.032558918,977237,909137,1954474,Hook_1498
13,32,6,0.041294336,0.033421755,977237,909137,1954474,Hook_1498
13,32,7,0.041177988,0.033197641,977237,909137,1954474,Hook_1498
13,32,8,0.041042805,0.033497572,977237,909137,1954474,Hook_1498
13,32,9,0.042752981,0.034916639,977237,909137,1954474,Hook_1498
14,32,0,0.046245813,0.038490772,978414,910237,1956828,Hook_1498
14,32,1,0.043201923,0.035446644,978414,910237,1956828,Hook_1498
14,32,2,0.043811321,0.036148071,978414,910237,1956828,Hook_1498
14,32,3,0.044584274,0.036450863,978414,910237,1956828,Hook_1498
14,32,4,0.043090105,0.035168886,978414,910237,1956828,Hook_1498
14,32,5,0.239229918,0.231480837,978414,910237,1956828,Hook_1498
14,32,6,0.041638851,0.033740044,978414,910237,1956828,Hook_1498
14,32,7,0.042217493,0.034548283,978414,910237,1956828,Hook_1498
14,32,8,0.042343616,0.034325838,978414,910237,1956828,Hook_1498
14,32,9,0.044104338,0.036199808,978414,910237,1956828,Hook_1498
12,32,0,0.236610889,0.229419231,977977,909709,1955954,Hook_1498
12,32,1,0.043092966,0.036440611,977977,909709,1955954,Hook_1498
12,32,2,0.046208620,0.037071705,977977,909709,1955954,Hook_1498
12,32,3,0.045341730,0.036280632,977977,909709,1955954,Hook_1498
12,32,4,0.044393539,0.035485744,977977,909709,1955954,Hook_1498
12,32,5,0.043908596,0.033830404,977977,909709,1955954,Hook_1498
12,32,6,0.041291714,0.034112930,977977,909709,1955954,Hook_1498
12,32,7,0.043200493,0.034822226,977977,909709,1955954,Hook_1498
12,32,8,0.047841787,0.040831089,977977,909709,1955954,Hook_1498
12,32,9,0.044726610,0.035865307,977977,909709,1955954,Hook_1498
30,32,0,0.047361612,0.039298296,974854,906909,1949708,Hook_1498
30,32,1,0.044307947,0.035839081,974854,906909,1949708,Hook_1498
30,32,2,0.238341808,0.231139421,974854,906909,1949708,Hook_1498
30,32,3,0.043215513,0.036358833,974854,906909,1949708,Hook_1498
30,32,4,0.042172432,0.035275221,974854,906909,1949708,Hook_1498
30,32,5,0.039640188,0.033818245,974854,906909,1949708,Hook_1498
30,32,6,0.039791584,0.034150124,974854,906909,1949708,Hook_1498
30,32,7,0.040397167,0.034996271,974854,906909,1949708,Hook_1498
30,32,8,0.039999008,0.034678459,974854,906909,1949708,Hook_1498
30,32,9,0.045639038,0.036197424,974854,906909,1949708,Hook_1498
15,32,0,0.236753464,0.230751276,976435,908276,1952870,Hook_1498
15,32,1,0.039787769,0.033970594,976435,908276,1952870,Hook_1498
15,32,2,0.039672852,0.033297300,976435,908276,1952870,Hook_1498
15,32,3,0.227599859,0.220988989,976435,908276,1952870,Hook_1498
15,32,4,0.041448593,0.035040855,976435,908276,1952870,Hook_1498
15,32,5,0.038941145,0.032790422,976435,908276,1952870,Hook_1498
15,32,6,0.234115601,0.227721453,976435,908276,1952870,Hook_1498
15,32,7,0.041390419,0.035229445,976435,908276,1952870,Hook_1498
15,32,8,0.041268826,0.034932613,976435,908276,1952870,Hook_1498
15,32,9,0.046365499,0.035789967,976435,908276,1952870,Hook_1498
0,32,0,0.047710896,0.041563034,972745,904793,1945490,Hook_1498
0,32,1,0.277988911,0.271864653,972745,904793,1945490,Hook_1498
0,32,2,0.281787872,0.275716782,972745,904793,1945490,Hook_1498
0,32,3,0.042117119,0.035862446,972745,904793,1945490,Hook_1498
0,32,4,0.040571690,0.035565615,972745,904793,1945490,Hook_1498
0,32,5,0.039329052,0.033704042,972745,904793,1945490,Hook_1498
0,32,6,0.039815187,0.034099340,972745,904793,1945490,Hook_1498
0,32,7,0.040496826,0.034689903,972745,904793,1945490,Hook_1498
0,32,8,0.041309595,0.035450697,972745,904793,1945490,Hook_1498
0,32,9,0.046780348,0.041744947,972745,904793,1945490,Hook_1498
1,32,0,0.045301437,0.037706137,972927,904955,1945854,Hook_1498
1,32,1,0.042355537,0.034697056,972927,904955,1945854,Hook_1498
1,32,2,0.042762995,0.034770489,972927,904955,1945854,Hook_1498
1,32,3,0.043678284,0.035562277,972927,904955,1945854,Hook_1498
1,32,4,0.042454481,0.034957886,972927,904955,1945854,Hook_1498
1,32,5,0.041953087,0.034052372,972927,904955,1945854,Hook_1498
1,32,6,0.042281151,0.034261227,972927,904955,1945854,Hook_1498
1,32,7,0.042576313,0.034549713,972927,904955,1945854,Hook_1498
1,32,8,0.042444706,0.034593344,972927,904955,1945854,Hook_1498
1,32,9,0.046646118,0.034871578,972927,904955,1945854,Hook_1498
20,32,0,0.047612906,0.039670706,975513,907386,1951026,Hook_1498
20,32,1,0.044879675,0.036622047,975513,907386,1951026,Hook_1498
20,32,2,0.239275217,0.231087685,975513,907386,1951026,Hook_1498
20,32,3,0.045382977,0.037336111,975513,907386,1951026,Hook_1498
20,32,4,0.043691635,0.035620213,975513,907386,1951026,Hook_1498
20,32,5,0.039582491,0.032187462,975513,907386,1951026,Hook_1498
20,32,6,0.048775911,0.040643454,975513,907386,1951026,Hook_1498
20,32,7,0.042356968,0.034600496,975513,907386,1951026,Hook_1498
20,32,8,0.042763472,0.033524275,975513,907386,1951026,Hook_1498
20,32,9,0.047364950,0.038136959,975513,907386,1951026,Hook_1498
18,32,0,0.287649155,0.272682428,973588,905772,1947176,Hook_1498
18,32,1,0.243658543,0.236740112,973588,905772,1947176,Hook_1498
18,32,2,0.045212269,0.037526846,973588,905772,1947176,Hook_1498
18,32,3,0.043842793,0.036809444,973588,905772,1947176,Hook_1498
18,32,4,0.047177076,0.035902023,973588,905772,1947176,Hook_1498
18,32,5,0.048694849,0.034251213,973588,905772,1947176,Hook_1498
18,32,6,0.042219639,0.034540653,973588,905772,1947176,Hook_1498
18,32,7,0.046489000,0.035176277,973588,905772,1947176,Hook_1498
18,32,8,0.042149782,0.035222769,973588,905772,1947176,Hook_1498
18,32,9,0.047971010,0.040631771,973588,905772,1947176,Hook_1498
27,32,0,0.049615622,0.039329290,976861,908765,1953722,Hook_1498
27,32,1,0.045668840,0.035437584,976861,908765,1953722,Hook_1498
27,32,2,0.048892260,0.035897255,976861,908765,1953722,Hook_1498
27,32,3,0.049649715,0.037458658,976861,908765,1953722,Hook_1498
27,32,4,0.048453808,0.036198378,976861,908765,1953722,Hook_1498
27,32,5,0.046671391,0.034206390,976861,908765,1953722,Hook_1498
27,32,6,0.239278078,0.226698637,976861,908765,1953722,Hook_1498
27,32,7,0.047781706,0.035277128,976861,908765,1953722,Hook_1498
27,32,8,0.047605753,0.035314798,976861,908765,1953722,Hook_1498
27,32,9,0.048155546,0.035819530,976861,908765,1953722,Hook_1498
3,32,0,0.049645662,0.039649248,973651,905688,1947302,Hook_1498
3,32,1,0.046351433,0.036419868,973651,905688,1947302,Hook_1498
3,32,2,0.076676846,0.067692518,973651,905688,1947302,Hook_1498
3,32,3,0.042733908,0.035731077,973651,905688,1947302,Hook_1498
3,32,4,0.043087006,0.035695314,973651,905688,1947302,Hook_1498
3,32,5,0.039841652,0.033089876,973651,905688,1947302,Hook_1498
3,32,6,0.040141821,0.033697844,973651,905688,1947302,Hook_1498
3,32,7,0.041313171,0.034601450,973651,905688,1947302,Hook_1498
3,32,8,0.042027235,0.034902573,973651,905688,1947302,Hook_1498
3,32,9,0.055015087,0.037982941,973651,905688,1947302,Hook_1498
2,32,0,0.045993328,0.038374901,972581,904745,1945162,Hook_1498
2,32,1,0.236512184,0.228568077,972581,904745,1945162,Hook_1498
2,32,2,0.042977333,0.035442114,972581,904745,1945162,Hook_1498
2,32,3,0.045139790,0.036128521,972581,904745,1945162,Hook_1498
2,32,4,0.042652369,0.034873724,972581,904745,1945162,Hook_1498
2,32,5,0.045697927,0.038389921,972581,904745,1945162,Hook_1498
2,32,6,0.041306973,0.033598900,972581,904745,1945162,Hook_1498
2,32,7,0.041297913,0.033835173,972581,904745,1945162,Hook_1498
2,32,8,0.237020731,0.229226589,972581,904745,1945162,Hook_1498
2,32,9,0.078333855,0.070224047,972581,904745,1945162,Hook_1498
24,32,0,0.048845291,0.041994810,974932,906755,1949864,Hook_1498
24,32,1,0.243823051,0.232147217,974932,906755,1949864,Hook_1498
24,32,2,0.042135715,0.035555363,974932,906755,1949864,Hook_1498
24,32,3,0.042681932,0.036387682,974932,906755,1949864,Hook_1498
24,32,4,0.042264223,0.035618544,974932,906755,1949864,Hook_1498
24,32,5,0.040511131,0.033662319,974932,906755,1949864,Hook_1498
24,32,6,0.041281462,0.034422159,974932,906755,1949864,Hook_1498
24,32,7,0.041195393,0.034300566,974932,906755,1949864,Hook_1498
24,32,8,0.041857481,0.035243750,974932,906755,1949864,Hook_1498
24,32,9,0.149982214,0.142332554,974932,906755,1949864,Hook_1498
10,64,0,0.227869749,0.224392653,487460,459020,974920,Hook_1498
10,64,1,0.229417562,0.225906849,487460,459020,974920,Hook_1498
10,64,2,0.235671759,0.232217312,487460,459020,974920,Hook_1498
10,64,3,0.236502886,0.232948780,487460,459020,974920,Hook_1498
10,64,4,0.258652925,0.255168438,487460,459020,974920,Hook_1498
10,64,5,0.232064724,0.228631258,487460,459020,974920,Hook_1498
10,64,6,0.230455160,0.226925850,487460,459020,974920,Hook_1498
10,64,7,0.227514029,0.223937750,487460,459020,974920,Hook_1498
10,64,8,0.228353024,0.224991322,487460,459020,974920,Hook_1498
10,64,9,0.231671095,0.228458643,487460,459020,974920,Hook_1498
3,64,0,0.229875088,0.225819826,487042,458557,974084,Hook_1498
3,64,1,0.229523659,0.225543976,487042,458557,974084,Hook_1498
3,64,2,0.235322952,0.230967522,487042,458557,974084,Hook_1498
3,64,3,0.240979910,0.233510256,487042,458557,974084,Hook_1498
3,64,4,0.259460449,0.255099535,487042,458557,974084,Hook_1498
3,64,5,0.233074427,0.228712082,487042,458557,974084,Hook_1498
3,64,6,0.231423616,0.226983547,487042,458557,974084,Hook_1498
3,64,7,0.227934837,0.223467112,487042,458557,974084,Hook_1498
3,64,8,0.230681181,0.226571560,487042,458557,974084,Hook_1498
3,64,9,0.231739521,0.227588654,487042,458557,974084,Hook_1498
17,64,0,0.228395462,0.225029469,486753,458374,973506,Hook_1498
17,64,1,0.227663040,0.224364519,486753,458374,973506,Hook_1498
17,64,2,0.237771988,0.234255075,486753,458374,973506,Hook_1498
17,64,3,0.236794949,0.233265400,486753,458374,973506,Hook_1498
17,64,4,0.256767750,0.253306866,486753,458374,973506,Hook_1498
17,64,5,0.231060743,0.227591038,486753,458374,973506,Hook_1498
17,64,6,0.230083942,0.226560116,486753,458374,973506,Hook_1498
17,64,7,0.225584984,0.222126484,486753,458374,973506,Hook_1498
17,64,8,0.228468895,0.225215435,486753,458374,973506,Hook_1498
17,64,9,0.231867075,0.228625298,486753,458374,973506,Hook_1498
11,64,0,0.227851391,0.224106550,487617,459112,975234,Hook_1498
11,64,1,0.228245258,0.224600315,487617,459112,975234,Hook_1498
11,64,2,0.236125469,0.232207298,487617,459112,975234,Hook_1498
11,64,3,0.237123013,0.233177423,487617,459112,975234,Hook_1498
11,64,4,0.257650614,0.253972054,487617,459112,975234,Hook_1498
11,64,5,0.231865883,0.228001118,487617,459112,975234,Hook_1498
11,64,6,0.230829954,0.226949215,487617,459112,975234,Hook_1498
11,64,7,0.225298882,0.221329451,487617,459112,975234,Hook_1498
11,64,8,0.228461027,0.224805593,487617,459112,975234,Hook_1498
11,64,9,0.232266903,0.228626251,487617,459112,975234,Hook_1498
4,64,0,0.228641748,0.224905014,487679,459310,975358,Hook_1498
4,64,1,0.229988337,0.226442337,487679,459310,975358,Hook_1498
4,64,2,0.233807564,0.230201960,487679,459310,975358,Hook_1498
4,64,3,0.236324549,0.232486725,487679,459310,975358,Hook_1498
4,64,4,0.259703398,0.255874872,487679,459310,975358,Hook_1498
4,64,5,0.229608059,0.225713730,487679,459310,975358,Hook_1498
4,64,6,0.229605913,0.225811005,487679,459310,975358,Hook_1498
4,64,7,0.226326466,0.222466469,487679,459310,975358,Hook_1498
16,64,0,0.228018522,0.224695206,487463,459055,974926,Hook_1498
16,64,1,0.227319717,0.224061966,487463,459055,974926,Hook_1498
16,64,2,0.237702370,0.234287500,487463,459055,974926,Hook_1498
16,64,3,0.236666918,0.233309031,487463,459055,974926,Hook_1498
16,64,4,0.257297516,0.253952265,487463,459055,974926,Hook_1498
16,64,5,0.230736494,0.227263689,487463,459055,974926,Hook_1498
16,64,6,0.229797602,0.226431370,487463,459055,974926,Hook_1498
16,64,7,0.227102757,0.223707199,487463,459055,974926,Hook_1498
16,64,8,0.229197741,0.225852013,487463,459055,974926,Hook_1498
4,64,8,0.228931665,0.225418329,487679,459310,975358,Hook_1498
4,64,9,0.232517481,0.228958845,487679,459310,975358,Hook_1498
16,64,9,0.232527733,0.229276896,487463,459055,974926,Hook_1498
5,64,0,0.228420734,0.224722862,488199,459905,976398,Hook_1498
5,64,1,0.230108500,0.226428747,488199,459905,976398,Hook_1498
5,64,2,0.234457970,0.230636120,488199,459905,976398,Hook_1498
14,64,0,0.228868484,0.224120378,487818,459452,975636,Hook_1498
14,64,1,0.227696657,0.222924948,487818,459452,975636,Hook_1498
14,64,2,0.238685846,0.234276533,487818,459452,975636,Hook_1498
14,64,3,0.238184452,0.233261347,487818,459452,975636,Hook_1498
14,64,4,0.257747412,0.253118992,487818,459452,975636,Hook_1498
14,64,5,0.232748270,0.228177786,487818,459452,975636,Hook_1498
14,64,6,0.231515408,0.226842403,487818,459452,975636,Hook_1498
14,64,7,0.228525162,0.223723650,487818,459452,975636,Hook_1498
14,64,8,0.230289698,0.225524187,487818,459452,975636,Hook_1498
14,64,9,0.232943773,0.228103161,487818,459452,975636,Hook_1498
5,64,3,0.236933708,0.233053684,488199,459905,976398,Hook_1498
5,64,4,0.259744883,0.255870342,488199,459905,976398,Hook_1498
5,64,5,0.230555296,0.226750374,488199,459905,976398,Hook_1498
5,64,6,0.229767561,0.226039886,488199,459905,976398,Hook_1498
5,64,7,0.221968651,0.218296766,488199,459905,976398,Hook_1498
5,64,8,0.229695082,0.226022005,488199,459905,976398,Hook_1498
5,64,9,0.232976913,0.229324102,488199,459905,976398,Hook_1498
18,64,0,0.229623079,0.226206064,486517,458183,973034,Hook_1498
18,64,1,0.229045868,0.225788593,486517,458183,973034,Hook_1498
18,64,2,0.236947060,0.233636856,486517,458183,973034,Hook_1498
18,64,3,0.236425400,0.232997179,486517,458183,973034,Hook_1498
18,64,4,0.257144451,0.253673553,486517,458183,973034,Hook_1498
18,64,5,0.231693506,0.228154659,486517,458183,973034,Hook_1498
18,64,6,0.231585741,0.228105307,486517,458183,973034,Hook_1498
18,64,7,0.225709677,0.222027302,486517,458183,973034,Hook_1498
18,64,8,0.227966785,0.224742174,486517,458183,973034,Hook_1498
18,64,9,0.233097315,0.229818821,486517,458183,973034,Hook_1498
22,64,0,0.228769302,0.225255966,488612,460139,977224,Hook_1498
22,64,1,0.229227304,0.225692749,488612,460139,977224,Hook_1498
22,64,2,0.236833572,0.233297110,488612,460139,977224,Hook_1498
22,64,3,0.236690521,0.233183622,488612,460139,977224,Hook_1498
22,64,4,0.231298923,0.228043556,488612,460139,977224,Hook_1498
22,64,5,0.231051922,0.227587461,488612,460139,977224,Hook_1498
22,64,6,0.229983807,0.226514101,488612,460139,977224,Hook_1498
22,64,7,0.225853443,0.222450972,488612,460139,977224,Hook_1498
22,64,8,0.228921413,0.225471258,488612,460139,977224,Hook_1498
22,64,9,0.233216047,0.229871511,488612,460139,977224,Hook_1498
13,64,0,0.230121136,0.223596096,487820,459433,975640,Hook_1498
13,64,1,0.230555058,0.225236893,487820,459433,975640,Hook_1498
13,64,2,0.236635685,0.232115984,487820,459433,975640,Hook_1498
13,64,3,0.238109112,0.233381510,487820,459433,975640,Hook_1498
13,64,4,0.258261442,0.253584623,487820,459433,975640,Hook_1498
13,64,5,0.232069731,0.227507353,487820,459433,975640,Hook_1498
13,64,6,0.231618643,0.226952314,487820,459433,975640,Hook_1498
13,64,7,0.227846622,0.223283768,487820,459433,975640,Hook_1498
13,64,8,0.228869677,0.224373341,487820,459433,975640,Hook_1498
13,64,9,0.233122349,0.228639364,487820,459433,975640,Hook_1498
19,64,0,0.229832888,0.225313663,486593,458265,973186,Hook_1498
19,64,1,0.229409456,0.224964857,486593,458265,973186,Hook_1498
19,64,2,0.238240004,0.233677626,486593,458265,973186,Hook_1498
7,64,0,0.230511189,0.223875761,487961,459577,975922,Hook_1498
7,64,1,0.232784033,0.225359917,487961,459577,975922,Hook_1498
7,64,2,0.237766266,0.230503559,487961,459577,975922,Hook_1498
7,64,3,0.244199514,0.233176708,487961,459577,975922,Hook_1498
19,64,3,0.237166882,0.232517481,486593,458265,973186,Hook_1498
19,64,4,0.258419752,0.253769159,486593,458265,973186,Hook_1498
19,64,5,0.230219841,0.225759506,486593,458265,973186,Hook_1498
19,64,6,0.230871916,0.226199389,486593,458265,973186,Hook_1498
19,64,7,0.226913929,0.222246170,486593,458265,973186,Hook_1498
19,64,8,0.230839968,0.226314545,486593,458265,973186,Hook_1498
19,64,9,0.233517647,0.229079247,486593,458265,973186,Hook_1498
7,64,4,0.261163235,0.254888773,487961,459577,975922,Hook_1498
7,64,5,0.232959747,0.226910591,487961,459577,975922,Hook_1498
7,64,6,0.243620634,0.227077723,487961,459577,975922,Hook_1498
7,64,7,0.228097677,0.223395824,487961,459577,975922,Hook_1498
7,64,8,0.229502201,0.224869013,487961,459577,975922,Hook_1498
7,64,9,0.233513117,0.229084015,487961,459577,975922,Hook_1498
8,64,0,0.229807615,0.224941969,487482,459110,974964,Hook_1498
8,64,1,0.230601788,0.225715876,487482,459110,974964,Hook_1498
8,64,2,0.236819267,0.232153654,487482,459110,974964,Hook_1498
8,64,3,0.238200188,0.233188391,487482,459110,974964,Hook_1498
8,64,4,0.259953737,0.255143404,487482,459110,974964,Hook_1498
8,64,5,0.233416796,0.228548288,487482,459110,974964,Hook_1498
8,64,6,0.232668638,0.227828503,487482,459110,974964,Hook_1498
8,64,7,0.228751421,0.223875284,487482,459110,974964,Hook_1498
15,64,0,0.231165171,0.227278233,487168,458754,974336,Hook_1498
15,64,1,0.229051828,0.225222826,487168,458754,974336,Hook_1498
15,64,2,0.237641096,0.233761072,487168,458754,974336,Hook_1498
15,64,3,0.237480164,0.233352184,487168,458754,974336,Hook_1498
15,64,4,0.257120371,0.252571821,487168,458754,974336,Hook_1498
15,64,5,0.230849028,0.226222038,487168,458754,974336,Hook_1498
15,64,6,0.230711460,0.226155281,487168,458754,974336,Hook_1498
15,64,7,0.225926638,0.221686840,487168,458754,974336,Hook_1498
15,64,8,0.224409819,0.219816685,487168,458754,974336,Hook_1498
15,64,9,0.234072924,0.229886770,487168,458754,974336,Hook_1498
8,64,8,0.229645967,0.224786282,487482,459110,974964,Hook_1498
8,64,9,0.234106779,0.229209900,487482,459110,974964,Hook_1498
20,64,0,0.229866505,0.225193977,487302,458968,974604,Hook_1498
20,64,1,0.229265690,0.224704027,487302,458968,974604,Hook_1498
20,64,2,0.236958981,0.232757330,487302,458968,974604,Hook_1498
20,64,3,0.237264872,0.232760906,487302,458968,974604,Hook_1498
20,64,4,0.233694553,0.229406834,487302,458968,974604,Hook_1498
20,64,5,0.231282949,0.227288246,487302,458968,974604,Hook_1498
20,64,6,0.230806828,0.226871729,487302,458968,974604,Hook_1498
20,64,7,0.226275682,0.222444773,487302,458968,974604,Hook_1498
20,64,8,0.227501631,0.223313570,487302,458968,974604,Hook_1498
20,64,9,0.234347105,0.229880810,487302,458968,974604,Hook_1498
9,64,0,0.227619410,0.223590374,487018,458576,974036,Hook_1498
9,64,1,0.229790926,0.225856304,487018,458576,974036,Hook_1498
9,64,2,0.236774206,0.230419874,487018,458576,974036,Hook_1498
9,64,3,0.240656376,0.233348131,487018,458576,974036,Hook_1498
9,64,4,0.262809992,0.255384684,487018,458576,974036,Hook_1498
9,64,5,0.235286474,0.228159428,487018,458576,974036,Hook_1498
9,64,6,0.235490084,0.228282690,487018,458576,974036,Hook_1498
9,64,7,0.230928898,0.223767996,487018,458576,974036,Hook_1498
9,64,8,0.227037907,0.219891071,487018,458576,974036,Hook_1498
9,64,9,0.234490633,0.227628469,487018,458576,974036,Hook_1498
2,64,0,0.226248980,0.221572161,485637,457315,971274,Hook_1498
2,64,1,0.231074095,0.226422071,485637,457315,971274,Hook_1498
2,64,2,0.234772921,0.230765343,485637,457315,971274,Hook_1498
2,64,3,0.237603188,0.233354568,485637,457315,971274,Hook_1498
2,64,4,0.259976149,0.255799055,485637,457315,971274,Hook_1498
2,64,5,0.232123137,0.228447199,485637,457315,971274,Hook_1498
2,64,6,0.230633497,0.227025986,485637,457315,971274,Hook_1498
2,64,7,0.223335505,0.219772577,485637,457315,971274,Hook_1498
2,64,8,0.229964972,0.225960493,485637,457315,971274,Hook_1498
2,64,9,0.234660625,0.230245113,485637,457315,971274,Hook_1498
12,64,0,0.233598948,0.225488186,488443,459957,976886,Hook_1498
12,64,1,0.229291439,0.225959539,488443,459957,976886,Hook_1498
12,64,2,0.237653494,0.232178211,488443,459957,976886,Hook_1498
12,64,3,0.238366127,0.232105017,488443,459957,976886,Hook_1498
12,64,4,0.264824390,0.253832102,488443,459957,976886,Hook_1498
12,64,5,0.232658863,0.225999594,488443,459957,976886,Hook_1498
12,64,6,0.233578682,0.226759911,488443,459957,976886,Hook_1498
12,64,7,0.227565765,0.222101927,488443,459957,976886,Hook_1498
12,64,8,0.234304428,0.226892471,488443,459957,976886,Hook_1498
12,64,9,0.236386299,0.229799032,488443,459957,976886,Hook_1498
6,64,0,0.227852583,0.221959114,488044,459734,976088,Hook_1498
6,64,1,0.233298302,0.225461960,488044,459734,976088,Hook_1498
6,64,2,0.236146212,0.230247498,488044,459734,976088,Hook_1498
6,64,3,0.236281395,0.232177496,488044,459734,976088,Hook_1498
6,64,4,0.259948254,0.254671097,488044,459734,976088,Hook_1498
6,64,5,0.231796026,0.225897074,488044,459734,976088,Hook_1498
6,64,6,0.232819080,0.227054358,488044,459734,976088,Hook_1498
6,64,7,0.226725817,0.221237183,488044,459734,976088,Hook_1498
6,64,8,0.229437351,0.225609779,488044,459734,976088,Hook_1498
6,64,9,0.247321367,0.228759050,488044,459734,976088,Hook_1498
24,64,0,0.258915663,0.255160093,487495,459139,974990,Hook_1498
24,64,1,0.228479147,0.224980831,487495,459139,974990,Hook_1498
24,64,2,0.237240076,0.233460426,487495,459139,974990,Hook_1498
24,64,3,0.236196518,0.232603788,487495,459139,974990,Hook_1498
24,64,4,0.232664824,0.229522467,487495,459139,974990,Hook_1498
24,64,5,0.228422403,0.225533724,487495,459139,974990,Hook_1498
24,64,6,0.230360508,0.227085352,487495,459139,974990,Hook_1498
24,64,7,0.227130890,0.223509550,487495,459139,974990,Hook_1498
24,64,8,0.230088472,0.226548672,487495,459139,974990,Hook_1498
24,64,9,0.258263826,0.255155802,487495,459139,974990,Hook_1498
23,64,0,0.258587837,0.255115986,489318,460893,978636,Hook_1498
23,64,1,0.227836132,0.224484444,489318,460893,978636,Hook_1498
23,64,2,0.237301350,0.233745098,489318,460893,978636,Hook_1498
23,64,3,0.234827757,0.231370926,489318,460893,978636,Hook_1498
23,64,4,0.232650995,0.229235411,489318,460893,978636,Hook_1498
23,64,5,0.228582859,0.225119829,489318,460893,978636,Hook_1498
23,64,6,0.228210211,0.224869967,489318,460893,978636,Hook_1498
23,64,7,0.227225304,0.223596573,489318,460893,978636,Hook_1498
23,64,8,0.226799726,0.223467350,489318,460893,978636,Hook_1498
23,64,9,0.258515596,0.255201101,489318,460893,978636,Hook_1498
21,64,0,0.259222507,0.255011082,488704,460352,977408,Hook_1498
21,64,1,0.230941772,0.226828098,488704,460352,977408,Hook_1498
21,64,2,0.238507509,0.234098196,488704,460352,977408,Hook_1498
21,64,3,0.238150597,0.233912945,488704,460352,977408,Hook_1498
21,64,4,0.234076262,0.229978323,488704,460352,977408,Hook_1498
21,64,5,0.233397484,0.229135275,488704,460352,977408,Hook_1498
21,64,6,0.233202219,0.228906870,488704,460352,977408,Hook_1498
21,64,7,0.228164196,0.223713636,488704,460352,977408,Hook_1498
21,64,8,0.229220867,0.225100994,488704,460352,977408,Hook_1498
21,64,9,0.259821177,0.255114555,488704,460352,977408,Hook_1498
26,64,0,0.259834051,0.255131721,486678,458305,973356,Hook_1498
26,64,1,0.229376554,0.225158215,486678,458305,973356,Hook_1498
26,64,2,0.238331079,0.232563496,486678,458305,973356,Hook_1498
26,64,3,0.236316204,0.231822014,486678,458305,973356,Hook_1498
26,64,4,0.232827425,0.228569746,486678,458305,973356,Hook_1498
26,64,5,0.227526903,0.223928452,486678,458305,973356,Hook_1498
26,64,6,0.230353594,0.226767540,486678,458305,973356,Hook_1498
26,64,7,0.224318027,0.220756531,486678,458305,973356,Hook_1498
26,64,8,0.229993582,0.225814342,486678,458305,973356,Hook_1498
26,64,9,0.259812832,0.255262852,486678,458305,973356,Hook_1498
63,64,0,0.230684996,0.225544214,486981,458660,973962,Hook_1498
63,64,1,0.256824255,0.251279116,486981,458660,973962,Hook_1498
63,64,2,0.233421564,0.228769302,486981,458660,973962,Hook_1498
63,64,3,0.238713026,0.233353138,486981,458660,973962,Hook_1498
63,64,4,0.264077425,0.255630255,486981,458660,973962,Hook_1498
63,64,5,0.231788397,0.227412701,486981,458660,973962,Hook_1498
63,64,6,0.232861519,0.228190660,486981,458660,973962,Hook_1498
63,64,7,0.226783037,0.221990347,486981,458660,973962,Hook_1498
63,64,8,0.259423733,0.254609585,486981,458660,973962,Hook_1498
63,64,9,0.259885550,0.255313873,486981,458660,973962,Hook_1498
25,64,0,0.259742260,0.255117178,487895,459539,975790,Hook_1498
25,64,1,0.229397297,0.224624872,487895,459539,975790,Hook_1498
25,64,2,0.240893126,0.233132124,487895,459539,975790,Hook_1498
25,64,3,0.236814976,0.232181311,487895,459539,975790,Hook_1498
25,64,4,0.233823538,0.229070902,487895,459539,975790,Hook_1498
25,64,5,0.229596853,0.225185633,487895,459539,975790,Hook_1498
25,64,6,0.231910944,0.227381468,487895,459539,975790,Hook_1498
25,64,7,0.227414846,0.222652912,487895,459539,975790,Hook_1498
25,64,8,0.230108261,0.225312471,487895,459539,975790,Hook_1498
25,64,9,0.259956598,0.255128860,487895,459539,975790,Hook_1498
51,64,0,0.259645939,0.255184889,487554,459285,975108,Hook_1498
51,64,1,0.255655527,0.251416922,487554,459285,975108,Hook_1498
51,64,2,0.232865334,0.228730917,487554,459285,975108,Hook_1498
51,64,3,0.236462831,0.232074738,487554,459285,975108,Hook_1498
51,64,4,0.259954691,0.255862236,487554,459285,975108,Hook_1498
51,64,5,0.227742195,0.223556042,487554,459285,975108,Hook_1498
51,64,6,0.232395649,0.228156328,487554,459285,975108,Hook_1498
51,64,7,0.227179527,0.223018646,487554,459285,975108,Hook_1498
51,64,8,0.258986473,0.254761219,487554,459285,975108,Hook_1498
51,64,9,0.260231495,0.255512238,487554,459285,975108,Hook_1498
57,64,0,0.259472609,0.255092144,487743,459458,975486,Hook_1498
57,64,1,0.255743265,0.251345873,487743,459458,975486,Hook_1498
57,64,2,0.231505394,0.227703094,487743,459458,975486,Hook_1498
57,64,3,0.238752604,0.234343052,487743,459458,975486,Hook_1498
57,64,4,0.260832548,0.255986691,487743,459458,975486,Hook_1498
57,64,5,0.231168509,0.226485729,487743,459458,975486,Hook_1498
57,64,6,0.232542992,0.228055239,487743,459458,975486,Hook_1498
57,64,7,0.227742434,0.223345995,487743,459458,975486,Hook_1498
57,64,8,0.259509563,0.254691362,487743,459458,975486,Hook_1498
57,64,9,0.260228872,0.255414724,487743,459458,975486,Hook_1498
45,64,0,0.259518147,0.255261660,489417,460999,978834,Hook_1498
45,64,1,0.255661249,0.251501322,489417,460999,978834,Hook_1498
45,64,2,0.237182856,0.233193159,489417,460999,978834,Hook_1498
45,64,3,0.236556530,0.232344151,489417,460999,978834,Hook_1498
45,64,4,0.261998892,0.257282495,489417,460999,978834,Hook_1498
45,64,5,0.230672598,0.225991726,489417,460999,978834,Hook_1498
45,64,6,0.232070684,0.227688313,489417,460999,978834,Hook_1498
45,64,7,0.226396322,0.221644402,489417,460999,978834,Hook_1498
61,64,0,0.224916458,0.220562696,488304,460081,976608,Hook_1498
61,64,1,0.256139755,0.251548290,488304,460081,976608,Hook_1498
61,64,2,0.231522083,0.227191210,488304,460081,976608,Hook_1498
45,64,8,0.259606123,0.254842520,489417,460999,978834,Hook_1498
45,64,9,0.260354519,0.255625248,489417,460999,978834,Hook_1498
61,64,3,0.238228083,0.233518362,488304,460081,976608,Hook_1498
61,64,4,0.260284901,0.255557537,488304,460081,976608,Hook_1498
61,64,5,0.232076406,0.227498770,488304,460081,976608,Hook_1498
61,64,6,0.230112314,0.225493193,488304,460081,976608,Hook_1498
61,64,7,0.224355221,0.219803095,488304,460081,976608,Hook_1498
61,64,8,0.259904385,0.255230904,488304,460081,976608,Hook_1498
61,64,9,0.260258675,0.255593300,488304,460081,976608,Hook_1498
58,64,0,0.259511232,0.255863667,488679,460409,977358,Hook_1498
58,64,1,0.255765676,0.252325773,488679,460409,977358,Hook_1498
58,64,2,0.232001066,0.228727579,488679,460409,977358,Hook_1498
58,64,3,0.237342358,0.233868122,488679,460409,977358,Hook_1498
58,64,4,0.259433270,0.255880356,488679,460409,977358,Hook_1498
58,64,5,0.231672049,0.228218317,488679,460409,977358,Hook_1498
58,64,6,0.231011629,0.227489948,488679,460409,977358,Hook_1498
58,64,7,0.226544857,0.223069191,488679,460409,977358,Hook_1498
58,64,8,0.258799076,0.255288839,488679,460409,977358,Hook_1498
58,64,9,0.260631323,0.256714106,488679,460409,977358,Hook_1498
39,64,0,0.259878397,0.255356550,488139,459719,976278,Hook_1498
39,64,1,0.256114483,0.251688242,488139,459719,976278,Hook_1498
39,64,2,0.237792730,0.233262300,488139,459719,976278,Hook_1498
39,64,3,0.231852055,0.227646351,488139,459719,976278,Hook_1498
39,64,4,0.259145498,0.254636765,488139,459719,976278,Hook_1498
39,64,5,0.231918812,0.227521420,488139,459719,976278,Hook_1498
39,64,6,0.231475830,0.227056265,488139,459719,976278,Hook_1498
39,64,7,0.228224039,0.223851204,488139,459719,976278,Hook_1498
39,64,8,0.259469271,0.255034685,488139,459719,976278,Hook_1498
39,64,9,0.260674953,0.255844355,488139,459719,976278,Hook_1498
60,64,0,0.227373123,0.223629236,488595,460317,977190,Hook_1498
60,64,1,0.255417109,0.251549721,488595,460317,977190,Hook_1498
60,64,2,0.233187675,0.229294538,488595,460317,977190,Hook_1498
60,64,3,0.236299038,0.232388020,488595,460317,977190,Hook_1498
60,64,4,0.258522034,0.254822969,488595,460317,977190,Hook_1498
60,64,5,0.232359409,0.228407621,488595,460317,977190,Hook_1498
60,64,6,0.230454206,0.226848364,488595,460317,977190,Hook_1498
60,64,7,0.225769281,0.222217560,488595,460317,977190,Hook_1498
60,64,8,0.258500099,0.254870653,488595,460317,977190,Hook_1498
60,64,9,0.260720730,0.256567717,488595,460317,977190,Hook_1498
0,64,0,0.227159023,0.223767281,485623,457392,971246,Hook_1498
0,64,1,0.255370378,0.252048731,485623,457392,971246,Hook_1498
0,64,2,0.232358932,0.229464769,485623,457392,971246,Hook_1498
0,64,3,0.235413551,0.232411385,485623,457392,971246,Hook_1498
0,64,4,0.258092642,0.254756689,485623,457392,971246,Hook_1498
0,64,5,0.231097937,0.227759838,485623,457392,971246,Hook_1498
0,64,6,0.230364799,0.227053404,485623,457392,971246,Hook_1498
0,64,7,0.222937822,0.219584942,485623,457392,971246,Hook_1498
0,64,8,0.258733988,0.255389452,485623,457392,971246,Hook_1498
0,64,9,0.260789156,0.256847382,485623,457392,971246,Hook_1498
1,64,0,0.226366758,0.221879721,485798,457454,971596,Hook_1498
1,64,1,0.256145477,0.251461506,485798,457454,971596,Hook_1498
1,64,2,0.233312607,0.228919744,485798,457454,971596,Hook_1498
53,64,0,0.259878635,0.256006002,487794,459434,975588,Hook_1498
53,64,1,0.255545855,0.251708984,487794,459434,975588,Hook_1498
53,64,2,0.232874632,0.229181767,487794,459434,975588,Hook_1498
53,64,3,0.235866070,0.232053757,487794,459434,975588,Hook_1498
53,64,4,0.259799242,0.255945921,487794,459434,975588,Hook_1498
53,64,5,0.227040768,0.223369122,487794,459434,975588,Hook_1498
53,64,6,0.231544256,0.227647543,487794,459434,975588,Hook_1498
53,64,7,0.225052595,0.221123457,487794,459434,975588,Hook_1498
53,64,8,0.258852243,0.255038500,487794,459434,975588,Hook_1498
53,64,9,0.260888577,0.256649971,487794,459434,975588,Hook_1498
48,64,0,0.260013580,0.255418301,488376,459934,976752,Hook_1498
48,64,1,0.260225296,0.252760410,488376,459934,976752,Hook_1498
48,64,2,0.232206106,0.228861809,488376,459934,976752,Hook_1498
48,64,3,0.236779690,0.231956005,488376,459934,976752,Hook_1498
1,64,3,0.240807772,0.233193398,485798,457454,971596,Hook_1498
1,64,4,0.260856152,0.256071806,485798,457454,971596,Hook_1498
1,64,5,0.231315613,0.226882219,485798,457454,971596,Hook_1498
1,64,6,0.231993437,0.227437735,485798,457454,971596,Hook_1498
1,64,7,0.224522829,0.219857693,485798,457454,971596,Hook_1498
1,64,8,0.259695053,0.254954815,485798,457454,971596,Hook_1498
1,64,9,0.260764360,0.255961180,485798,457454,971596,Hook_1498
48,64,4,0.260119200,0.255177498,488376,459934,976752,Hook_1498
48,64,5,0.231081724,0.227962017,488376,459934,976752,Hook_1498
48,64,6,0.231007338,0.227722883,488376,459934,976752,Hook_1498
48,64,7,0.226526022,0.223032475,488376,459934,976752,Hook_1498
48,64,8,0.260796547,0.256018162,488376,459934,976752,Hook_1498
48,64,9,0.260900974,0.257808447,488376,459934,976752,Hook_1498
59,64,0,0.259966135,0.256347179,488382,460031,976764,Hook_1498
59,64,1,0.255270243,0.251664877,488382,460031,976764,Hook_1498
59,64,2,0.231185436,0.227823734,488382,460031,976764,Hook_1498
59,64,3,0.237409115,0.233774662,488382,460031,976764,Hook_1498
59,64,4,0.259277582,0.255693436,488382,460031,976764,Hook_1498
59,64,5,0.230833292,0.227203608,488382,460031,976764,Hook_1498
59,64,6,0.230565548,0.227003098,488382,460031,976764,Hook_1498
59,64,7,0.224443197,0.221007586,488382,460031,976764,Hook_1498
59,64,8,0.258492947,0.254964352,488382,460031,976764,Hook_1498
59,64,9,0.261426687,0.257900238,488382,460031,976764,Hook_1498
54,64,0,0.260300159,0.256370783,487350,459041,974700,Hook_1498
54,64,1,0.255839109,0.251963854,487350,459041,974700,Hook_1498
54,64,2,0.234447956,0.230532408,487350,459041,974700,Hook_1498
54,64,3,0.237590551,0.233824015,487350,459041,974700,Hook_1498
54,64,4,0.259106159,0.255183220,487350,459041,974700,Hook_1498
54,64,5,0.232051611,0.228249311,487350,459041,974700,Hook_1498
54,64,6,0.231525660,0.227731705,487350,459041,974700,Hook_1498
54,64,7,0.227140903,0.223492384,487350,459041,974700,Hook_1498
47,64,0,0.259258032,0.255467892,489267,460798,978534,Hook_1498
47,64,1,0.256400585,0.252592564,489267,460798,978534,Hook_1498
47,64,2,0.234359741,0.230561495,489267,460798,978534,Hook_1498
47,64,3,0.235380411,0.231662035,489267,460798,978534,Hook_1498
47,64,4,0.260277510,0.256427765,489267,460798,978534,Hook_1498
47,64,5,0.227528095,0.223901987,489267,460798,978534,Hook_1498
47,64,6,0.231044292,0.227214098,489267,460798,978534,Hook_1498
54,64,8,0.263422251,0.259738207,487350,459041,974700,Hook_1498
54,64,9,0.261485100,0.257366896,487350,459041,974700,Hook_1498
47,64,7,0.224110842,0.220268726,489267,460798,978534,Hook_1498
47,64,8,0.259861946,0.256040335,489267,460798,978534,Hook_1498
47,64,9,0.261502504,0.257281542,489267,460798,978534,Hook_1498
28,64,0,0.259959936,0.256505966,488144,459838,976288,Hook_1498
28,64,1,0.228086233,0.224824429,488144,459838,976288,Hook_1498
28,64,2,0.236870289,0.233397722,488144,459838,976288,Hook_1498
56,64,0,0.260888338,0.255682707,487437,459113,974874,Hook_1498
56,64,1,0.257274866,0.252309799,487437,459113,974874,Hook_1498
56,64,2,0.235742569,0.231075525,487437,459113,974874,Hook_1498
56,64,3,0.239751816,0.234683990,487437,459113,974874,Hook_1498
56,64,4,0.260586023,0.255703449,487437,459113,974874,Hook_1498
56,64,5,0.233516932,0.229618311,487437,459113,974874,Hook_1498
56,64,6,0.230669737,0.226901770,487437,459113,974874,Hook_1498
56,64,7,0.227799416,0.224281311,487437,459113,974874,Hook_1498
56,64,8,0.260682344,0.255580664,487437,459113,974874,Hook_1498
56,64,9,0.261537552,0.256493568,487437,459113,974874,Hook_1498
28,64,3,0.234298944,0.230945587,488144,459838,976288,Hook_1498
28,64,4,0.231271982,0.228126049,488144,459838,976288,Hook_1498
28,64,5,0.231173992,0.227728844,488144,459838,976288,Hook_1498
28,64,6,0.229951143,0.226509333,488144,459838,976288,Hook_1498
28,64,7,0.223530531,0.220183134,488144,459838,976288,Hook_1498
28,64,8,0.229260921,0.225908279,488144,459838,976288,Hook_1498
28,64,9,0.261684895,0.257929564,488144,459838,976288,Hook_1498
44,64,0,0.260577202,0.255909920,489534,461052,979068,Hook_1498
44,64,1,0.257270098,0.252489328,489534,461052,979068,Hook_1498
44,64,2,0.236589193,0.232249975,489534,461052,979068,Hook_1498
44,64,3,0.232914448,0.228812933,489534,461052,979068,Hook_1498
44,64,4,0.261577368,0.257356644,489534,461052,979068,Hook_1498
44,64,5,0.232223511,0.228433132,489534,461052,979068,Hook_1498
44,64,6,0.228133440,0.224552870,489534,461052,979068,Hook_1498
44,64,7,0.226880074,0.223126650,489534,461052,979068,Hook_1498
44,64,8,0.259893417,0.255650759,489534,461052,979068,Hook_1498
44,64,9,0.261751652,0.257220745,489534,461052,979068,Hook_1498
52,64,0,0.259890079,0.256375074,488211,459748,976422,Hook_1498
52,64,1,0.256006241,0.252511978,488211,459748,976422,Hook_1498
52,64,2,0.230489492,0.227150679,488211,459748,976422,Hook_1498
41,64,0,0.259189367,0.255590439,486963,458594,973926,Hook_1498
41,64,1,0.256208897,0.252607584,486963,458594,973926,Hook_1498
52,64,3,0.235484838,0.232017040,488211,459748,976422,Hook_1498
52,64,4,0.259482622,0.255969048,488211,459748,976422,Hook_1498
52,64,5,0.226676464,0.223381042,488211,459748,976422,Hook_1498
52,64,6,0.229063749,0.225695610,488211,459748,976422,Hook_1498
52,64,7,0.224059582,0.220799208,488211,459748,976422,Hook_1498
52,64,8,0.259391308,0.255943298,488211,459748,976422,Hook_1498
52,64,9,0.261823416,0.258227110,488211,459748,976422,Hook_1498
41,64,2,0.236826420,0.233272791,486963,458594,973926,Hook_1498
41,64,3,0.235150337,0.231646538,486963,458594,973926,Hook_1498
41,64,4,0.258257151,0.254660845,486963,458594,973926,Hook_1498
41,64,5,0.230876446,0.227265120,486963,458594,973926,Hook_1498
41,64,6,0.229749918,0.226161718,486963,458594,973926,Hook_1498
34,64,0,0.260061502,0.256234884,486944,458706,973888,Hook_1498
34,64,1,0.256618977,0.252819538,486944,458706,973888,Hook_1498
34,64,2,0.236536026,0.232683897,486944,458706,973888,Hook_1498
41,64,7,0.226646423,0.223073483,486963,458594,973926,Hook_1498
41,64,8,0.259446621,0.255909681,486963,458594,973926,Hook_1498
41,64,9,0.261803150,0.257673264,486963,458594,973926,Hook_1498
34,64,3,0.235574484,0.231742859,486944,458706,973888,Hook_1498
34,64,4,0.232408285,0.228876352,486944,458706,973888,Hook_1498
34,64,5,0.228074312,0.224287748,486944,458706,973888,Hook_1498
34,64,6,0.230218887,0.226342440,486944,458706,973888,Hook_1498
34,64,7,0.225620031,0.221800089,486944,458706,973888,Hook_1498
34,64,8,0.259981155,0.256134987,486944,458706,973888,Hook_1498
34,64,9,0.261883259,0.257610083,486944,458706,973888,Hook_1498
40,64,0,0.260233879,0.256220102,487614,459131,975228,Hook_1498
40,64,1,0.256865501,0.252938747,487614,459131,975228,Hook_1498
40,64,2,0.236335278,0.232445240,487614,459131,975228,Hook_1498
40,64,3,0.235489368,0.231626749,487614,459131,975228,Hook_1498
40,64,4,0.258387327,0.254617691,487614,459131,975228,Hook_1498
40,64,5,0.228924036,0.225198746,487614,459131,975228,Hook_1498
40,64,6,0.227151632,0.223534346,487614,459131,975228,Hook_1498
40,64,7,0.226597786,0.222869158,487614,459131,975228,Hook_1498
40,64,8,0.260053873,0.256190300,487614,459131,975228,Hook_1498
40,64,9,0.262368917,0.258188963,487614,459131,975228,Hook_1498
36,64,0,0.260034323,0.256297112,486028,457784,972056,Hook_1498
36,64,1,0.256465197,0.252891302,486028,457784,972056,Hook_1498
36,64,2,0.236393690,0.233071089,486028,457784,972056,Hook_1498
36,64,3,0.236890793,0.230938673,486028,457784,972056,Hook_1498
36,64,4,0.258184910,0.254534721,486028,457784,972056,Hook_1498
36,64,5,0.229776144,0.226375580,486028,457784,972056,Hook_1498
36,64,6,0.228898048,0.225562334,486028,457784,972056,Hook_1498
36,64,7,0.226930380,0.223335743,486028,457784,972056,Hook_1498
36,64,8,0.260961771,0.255989075,486028,457784,972056,Hook_1498
36,64,9,0.262347937,0.258366108,486028,457784,972056,Hook_1498
32,64,0,0.261801243,0.257021189,487122,458801,974244,Hook_1498
32,64,1,0.256439924,0.251333475,487122,458801,974244,Hook_1498
32,64,2,0.236946106,0.232442856,487122,458801,974244,Hook_1498
32,64,3,0.236045361,0.231721163,487122,458801,974244,Hook_1498
32,64,4,0.232858658,0.228725672,487122,458801,974244,Hook_1498
32,64,5,0.230620861,0.226789951,487122,458801,974244,Hook_1498
32,64,6,0.230204344,0.226162672,487122,458801,974244,Hook_1498
29,64,0,0.260607481,0.257027864,488730,460404,977460,Hook_1498
29,64,1,0.254782677,0.251275778,488730,460404,977460,Hook_1498
29,64,2,0.236974716,0.233448505,488730,460404,977460,Hook_1498
46,64,0,0.260307789,0.256380081,490596,462194,981192,Hook_1498
46,64,1,0.255957365,0.252171278,490596,462194,981192,Hook_1498
46,64,2,0.236252546,0.232388496,490596,462194,981192,Hook_1498
32,64,7,0.224799633,0.220719576,487122,458801,974244,Hook_1498
32,64,8,0.258601904,0.254607439,487122,458801,974244,Hook_1498
32,64,9,0.262503624,0.258532763,487122,458801,974244,Hook_1498
29,64,3,0.235197306,0.231742620,488730,460404,977460,Hook_1498
29,64,4,0.232702732,0.229330063,488730,460404,977460,Hook_1498
29,64,5,0.227719784,0.224367857,488730,460404,977460,Hook_1498
29,64,6,0.230662107,0.227151632,488730,460404,977460,Hook_1498
29,64,7,0.225083113,0.221639395,488730,460404,977460,Hook_1498
29,64,8,0.258066654,0.254600048,488730,460404,977460,Hook_1498
46,64,3,0.233459234,0.229815245,490596,462194,981192,Hook_1498
46,64,4,0.260317564,0.256493807,490596,462194,981192,Hook_1498
46,64,5,0.232563496,0.228792667,490596,462194,981192,Hook_1498
46,64,6,0.230400324,0.226544142,490596,462194,981192,Hook_1498
46,64,7,0.227681160,0.223691702,490596,462194,981192,Hook_1498
62,64,0,0.226265669,0.221611023,487023,458699,974046,Hook_1498
62,64,1,0.257179499,0.252470255,487023,458699,974046,Hook_1498
62,64,2,0.232933283,0.228279591,487023,458699,974046,Hook_1498
62,64,3,0.241913080,0.233583212,487023,458699,974046,Hook_1498
62,64,4,0.260536909,0.255712748,487023,458699,974046,Hook_1498
62,64,5,0.232598782,0.228025198,487023,458699,974046,Hook_1498
29,64,9,0.262521982,0.258967876,488730,460404,977460,Hook_1498
46,64,8,0.259249687,0.255459309,490596,462194,981192,Hook_1498
46,64,9,0.262603998,0.258258820,490596,462194,981192,Hook_1498
35,64,0,0.260131598,0.256508827,486609,458436,973218,Hook_1498
35,64,1,0.256931067,0.253315687,486609,458436,973218,Hook_1498
62,64,6,0.231678963,0.226977825,487023,458699,974046,Hook_1498
62,64,7,0.227208614,0.222451687,487023,458699,974046,Hook_1498
62,64,8,0.260231018,0.255385876,487023,458699,974046,Hook_1498
62,64,9,0.262576818,0.257567406,487023,458699,974046,Hook_1498
35,64,2,0.236460447,0.232932806,486609,458436,973218,Hook_1498
35,64,3,0.238575220,0.231933355,486609,458436,973218,Hook_1498
35,64,4,0.233175993,0.229851484,486609,458436,973218,Hook_1498
35,64,5,0.226763248,0.223408461,486609,458436,973218,Hook_1498
35,64,6,0.229470253,0.225963116,486609,458436,973218,Hook_1498
35,64,7,0.222707748,0.219405413,486609,458436,973218,Hook_1498
35,64,8,0.260218620,0.256667614,486609,458436,973218,Hook_1498
35,64,9,0.262533665,0.258405447,486609,458436,973218,Hook_1498
49,64,0,0.261059046,0.256330729,486465,458116,972930,Hook_1498
49,64,1,0.256600380,0.251811266,486465,458116,972930,Hook_1498
49,64,2,0.233231783,0.228545427,486465,458116,972930,Hook_1498
49,64,3,0.239606380,0.231573582,486465,458116,972930,Hook_1498
49,64,4,0.260687351,0.255773544,486465,458116,972930,Hook_1498
49,64,5,0.227595568,0.222944736,486465,458116,972930,Hook_1498
49,64,6,0.232251883,0.227626562,486465,458116,972930,Hook_1498
49,64,7,0.225785017,0.220853090,486465,458116,972930,Hook_1498
49,64,8,0.260440350,0.255599737,486465,458116,972930,Hook_1498
49,64,9,0.262658119,0.257761478,486465,458116,972930,Hook_1498
43,64,0,0.260654926,0.256017923,488187,459822,976374,Hook_1498
43,64,1,0.257531166,0.252828360,488187,459822,976374,Hook_1498
43,64,2,0.237385750,0.232876301,488187,459822,976374,Hook_1498
43,64,3,0.239339113,0.231709957,488187,459822,976374,Hook_1498
43,64,4,0.260835648,0.256070137,488187,459822,976374,Hook_1498
43,64,5,0.227362871,0.223000526,488187,459822,976374,Hook_1498
43,64,6,0.231564999,0.226956129,488187,459822,976374,Hook_1498
43,64,7,0.227321863,0.222596884,488187,459822,976374,Hook_1498
43,64,8,0.261096716,0.256269217,488187,459822,976374,Hook_1498
43,64,9,0.262724400,0.257941484,488187,459822,976374,Hook_1498
30,64,0,0.260585308,0.257084608,487831,459539,975662,Hook_1498
30,64,1,0.254637003,0.251344442,487831,459539,975662,Hook_1498
30,64,2,0.235743046,0.232580423,487831,459539,975662,Hook_1498
30,64,3,0.234899521,0.231924057,487831,459539,975662,Hook_1498
37,64,0,0.260484695,0.255811453,486131,457909,972262,Hook_1498
37,64,1,0.257873297,0.253150702,486131,457909,972262,Hook_1498
37,64,2,0.237312317,0.232745886,486131,457909,972262,Hook_1498
37,64,3,0.239449024,0.231762886,486131,457909,972262,Hook_1498
37,64,4,0.234193802,0.229558945,486131,457909,972262,Hook_1498
30,64,4,0.232685328,0.229621410,487831,459539,975662,Hook_1498
30,64,5,0.232221127,0.228585005,487831,459539,975662,Hook_1498
30,64,6,0.234276772,0.227752924,487831,459539,975662,Hook_1498
30,64,7,0.221760035,0.218371868,487831,459539,975662,Hook_1498
37,64,5,0.231643438,0.227087736,486131,457909,972262,Hook_1498
37,64,6,0.228155613,0.223631382,486131,457909,972262,Hook_1498
37,64,7,0.227841854,0.223094225,486131,457909,972262,Hook_1498
37,64,8,0.261517763,0.256640434,486131,457909,972262,Hook_1498
37,64,9,0.262868643,0.258046150,486131,457909,972262,Hook_1498
30,64,8,0.258002996,0.254588604,487831,459539,975662,Hook_1498
30,64,9,0.262947559,0.258913755,487831,459539,975662,Hook_1498
55,64,0,0.260881901,0.256315947,486765,458402,973530,Hook_1498
55,64,1,0.256775618,0.252239943,486765,458402,973530,Hook_1498
55,64,2,0.232731342,0.228295565,486765,458402,973530,Hook_1498
55,64,3,0.241171598,0.233517408,486765,458402,973530,Hook_1498
55,64,4,0.260623455,0.255881310,486765,458402,973530,Hook_1498
55,64,5,0.232908010,0.228258371,486765,458402,973530,Hook_1498
27,64,0,0.261105299,0.257069349,488479,460162,976958,Hook_1498
27,64,1,0.255301714,0.251196861,488479,460162,976958,Hook_1498
27,64,2,0.237346888,0.233300686,488479,460162,976958,Hook_1498
27,64,3,0.237221718,0.232966900,488479,460162,976958,Hook_1498
27,64,4,0.233406544,0.229164839,488479,460162,976958,Hook_1498
27,64,5,0.230952501,0.226517439,488479,460162,976958,Hook_1498
27,64,6,0.232546329,0.227995157,488479,460162,976958,Hook_1498
27,64,7,0.227553129,0.222766161,488479,460162,976958,Hook_1498
27,64,8,0.259370804,0.254522085,488479,460162,976958,Hook_1498
55,64,6,0.232190847,0.227417946,486765,458402,973530,Hook_1498
55,64,7,0.226745844,0.222031593,486765,458402,973530,Hook_1498
55,64,8,0.260502815,0.255799294,486765,458402,973530,Hook_1498
55,64,9,0.262901306,0.258157015,486765,458402,973530,Hook_1498
27,64,9,0.263081789,0.258825064,488479,460162,976958,Hook_1498
50,64,0,0.260665894,0.255885601,487071,458748,974142,Hook_1498
50,64,1,0.257119656,0.252424717,487071,458748,974142,Hook_1498
50,64,2,0.234477520,0.229856968,487071,458748,974142,Hook_1498
50,64,3,0.236916542,0.232005596,487071,458748,974142,Hook_1498
50,64,4,0.260801554,0.255968094,487071,458748,974142,Hook_1498
50,64,5,0.232913256,0.228078604,487071,458748,974142,Hook_1498
50,64,6,0.233136415,0.228395224,487071,458748,974142,Hook_1498
50,64,7,0.225000143,0.220224142,487071,458748,974142,Hook_1498
50,64,8,0.260591507,0.255783081,487071,458748,974142,Hook_1498
50,64,9,0.263267756,0.258295536,487071,458748,974142,Hook_1498
33,64,0,0.259834290,0.255568743,487129,458777,974258,Hook_1498
33,64,1,0.257336855,0.253409624,487129,458777,974258,Hook_1498
33,64,2,0.237485170,0.233227730,487129,458777,974258,Hook_1498
33,64,3,0.236047506,0.231764555,487129,458777,974258,Hook_1498
33,64,4,0.233439922,0.229491234,487129,458777,974258,Hook_1498
33,64,5,0.232491493,0.228196383,487129,458777,974258,Hook_1498
33,64,6,0.231574535,0.227156162,487129,458777,974258,Hook_1498
33,64,7,0.228281736,0.223871469,487129,458777,974258,Hook_1498
33,64,8,0.260690451,0.256689072,487129,458777,974258,Hook_1498
33,64,9,0.263289452,0.259104967,487129,458777,974258,Hook_1498
31,64,0,0.261406660,0.256926775,487673,459317,975346,Hook_1498
31,64,1,0.255724669,0.251312017,487673,459317,975346,Hook_1498
31,64,2,0.238019228,0.233469725,487673,459317,975346,Hook_1498
31,64,3,0.236107826,0.231502771,487673,459317,975346,Hook_1498
31,64,4,0.233664989,0.229364872,487673,459317,975346,Hook_1498
31,64,5,0.226522207,0.222209692,487673,459317,975346,Hook_1498
31,64,6,0.231735945,0.227025032,487673,459317,975346,Hook_1498
31,64,7,0.224380016,0.219716787,487673,459317,975346,Hook_1498
31,64,8,0.259355307,0.254705191,487673,459317,975346,Hook_1498
31,64,9,0.263356209,0.258727074,487673,459317,975346,Hook_1498
38,64,0,0.261815548,0.256137371,487122,458746,974244,Hook_1498
38,64,1,0.258550167,0.252986670,487122,458746,974244,Hook_1498
38,64,2,0.237883329,0.232334852,487122,458746,974244,Hook_1498
38,64,3,0.237365007,0.231618643,487122,458746,974244,Hook_1498
38,64,4,0.260284662,0.254586697,487122,458746,974244,Hook_1498
38,64,5,0.233718634,0.228057384,487122,458746,974244,Hook_1498
38,64,6,0.230360508,0.224777222,487122,458746,974244,Hook_1498
38,64,7,0.229372501,0.223706484,487122,458746,974244,Hook_1498
38,64,8,0.261949301,0.256294966,487122,458746,974244,Hook_1498
38,64,9,0.263646126,0.257871628,487122,458746,974244,Hook_1498
42,64,0,0.261399031,0.256406546,487206,458849,974412,Hook_1498
42,64,1,0.259037733,0.252588749,487206,458849,974412,Hook_1498
42,64,2,0.240407467,0.233455420,487206,458849,974412,Hook_1498
42,64,3,0.238356352,0.231876612,487206,458849,974412,Hook_1498
42,64,4,0.261696339,0.256005526,487206,458849,974412,Hook_1498
42,64,5,0.229941607,0.224892855,487206,458849,974412,Hook_1498
42,64,6,0.238922358,0.226886272,487206,458849,974412,Hook_1498
42,64,7,0.223696947,0.220130920,487206,458849,974412,Hook_1498
42,64,8,0.263242006,0.256071329,487206,458849,974412,Hook_1498
42,64,9,0.264303446,0.258402586,487206,458849,974412,Hook_1498
34,128,0,0.032825708,0.030576706,242858,229992,485716,Hook_1498
34,128,1,0.032097340,0.029842615,242858,229992,485716,Hook_1498
34,128,2,0.032354116,0.030087471,242858,229992,485716,Hook_1498
34,128,3,0.031812668,0.029646635,242858,229992,485716,Hook_1498
34,128,4,0.032835007,0.030625343,242858,229992,485716,Hook_1498
34,128,5,0.031886816,0.029757738,242858,229992,485716,Hook_1498
34,128,6,0.032251120,0.030022621,242858,229992,485716,Hook_1498
34,128,7,0.031529665,0.029416561,242858,229992,485716,Hook_1498
34,128,8,0.042472124,0.040447950,242858,229992,485716,Hook_1498
34,128,9,0.031435013,0.029346228,242858,229992,485716,Hook_1498
95,128,0,0.032039165,0.029738903,244149,231312,488298,Hook_1498
95,128,1,0.030735016,0.028574228,244149,231312,488298,Hook_1498
95,128,2,0.031340837,0.029186487,244149,231312,488298,Hook_1498
95,128,3,0.031577826,0.029407740,244149,231312,488298,Hook_1498
95,128,4,0.031853676,0.029651642,244149,231312,488298,Hook_1498
95,128,5,0.031147718,0.028959036,244149,231312,488298,Hook_1498
95,128,6,0.031640768,0.029455662,244149,231312,488298,Hook_1498
95,128,7,0.031610012,0.029413700,244149,231312,488298,Hook_1498
95,128,8,0.032323122,0.030080080,244149,231312,488298,Hook_1498
95,128,9,0.031341553,0.029136658,244149,231312,488298,Hook_1498
41,128,0,0.032188892,0.029831886,243243,230425,486486,Hook_1498
41,128,1,0.032546043,0.030194998,243243,230425,486486,Hook_1498
41,128,2,0.032094002,0.029764891,243243,230425,486486,Hook_1498
41,128,3,0.031907082,0.029621601,243243,230425,486486,Hook_1498
41,128,4,0.031860828,0.029570580,243243,230425,486486,Hook_1498
41,128,5,0.031580925,0.029270411,243243,230425,486486,Hook_1498
41,128,6,0.031944513,0.029641151,243243,230425,486486,Hook_1498
41,128,7,0.031649828,0.029373407,243243,230425,486486,Hook_1498
41,128,8,0.032072544,0.029806376,243243,230425,486486,Hook_1498
41,128,9,0.031605721,0.029342175,243243,230425,486486,Hook_1498
101,128,0,0.032416105,0.030085087,242796,229977,485592,Hook_1498
101,128,1,0.032132387,0.029821873,242796,229977,485592,Hook_1498
101,128,2,0.032063007,0.029799700,242796,229977,485592,Hook_1498
101,128,3,0.032319784,0.030019760,242796,229977,485592,Hook_1498
101,128,4,0.032455444,0.030164242,242796,229977,485592,Hook_1498
101,128,5,0.031704426,0.029433012,242796,229977,485592,Hook_1498
101,128,6,0.031894922,0.029641628,242796,229977,485592,Hook_1498
101,128,7,0.032207251,0.029928207,242796,229977,485592,Hook_1498
101,128,8,0.032663822,0.030366659,242796,229977,485592,Hook_1498
101,128,9,0.031920195,0.029634714,242796,229977,485592,Hook_1498
124,128,0,0.032075644,0.029822111,243417,230666,486834,Hook_1498
124,128,1,0.032171249,0.029931307,243417,230666,486834,Hook_1498
124,128,2,0.032048702,0.029874086,243417,230666,486834,Hook_1498
124,128,3,0.032395363,0.030223608,243417,230666,486834,Hook_1498
124,128,4,0.032530546,0.030370712,243417,230666,486834,Hook_1498
124,128,5,0.032270670,0.030148983,243417,230666,486834,Hook_1498
124,128,6,0.031802177,0.029648781,243417,230666,486834,Hook_1498
23,128,0,0.032673359,0.030048370,245001,232095,490002,Hook_1498
23,128,1,0.032120466,0.029496908,245001,232095,490002,Hook_1498
23,128,2,0.032395840,0.029771090,245001,232095,490002,Hook_1498
124,128,7,0.032395124,0.030196190,243417,230666,486834,Hook_1498
124,128,8,0.032155037,0.030164957,243417,230666,486834,Hook_1498
124,128,9,0.032092094,0.029941320,243417,230666,486834,Hook_1498
23,128,3,0.032629728,0.029975891,245001,232095,490002,Hook_1498
23,128,4,0.032425165,0.029771328,245001,232095,490002,Hook_1498
23,128,5,0.032404184,0.029711008,245001,232095,490002,Hook_1498
23,128,6,0.032633781,0.029958487,245001,232095,490002,Hook_1498
23,128,7,0.032483101,0.029863834,245001,232095,490002,Hook_1498
23,128,8,0.032920361,0.030256033,245001,232095,490002,Hook_1498
23,128,9,0.032031536,0.029397249,245001,232095,490002,Hook_1498
113,128,0,0.032462835,0.030117750,243279,230405,486558,Hook_1498
113,128,1,0.032078028,0.029811144,243279,230405,486558,Hook_1498
113,128,2,0.032572508,0.030284882,243279,230405,486558,Hook_1498
113,128,3,0.032256365,0.029979229,243279,230405,486558,Hook_1498
113,128,4,0.032675266,0.030396223,243279,230405,486558,Hook_1498
113,128,5,0.032069921,0.029801846,243279,230405,486558,Hook_1498
113,128,6,0.032657623,0.030360937,243279,230405,486558,Hook_1498
113,128,7,0.032371044,0.030100107,243279,230405,486558,Hook_1498
113,128,8,0.032321930,0.030076742,243279,230405,486558,Hook_1498
113,128,9,0.032058239,0.029792070,243279,230405,486558,Hook_1498
46,128,0,0.221321344,0.218835831,245184,232325,490368,Hook_1498
46,128,1,0.032486916,0.029874086,245184,232325,490368,Hook_1498
46,128,2,0.235608339,0.233128548,245184,232325,490368,Hook_1498
46,128,3,0.033130407,0.030524015,245184,232325,490368,Hook_1498
46,128,4,0.031905890,0.029426813,245184,232325,490368,Hook_1498
46,128,5,0.232498169,0.230043650,245184,232325,490368,Hook_1498
46,128,6,0.032421589,0.029788971,245184,232325,490368,Hook_1498
46,128,7,0.237765312,0.235291481,245184,232325,490368,Hook_1498
46,128,8,0.032916069,0.030368090,245184,232325,490368,Hook_1498
46,128,9,0.032199621,0.029614210,245184,232325,490368,Hook_1498
35,128,0,0.032317877,0.029790401,242826,230035,485652,Hook_1498
35,128,1,0.032442093,0.029874563,242826,230035,485652,Hook_1498
35,128,2,0.031632662,0.029170752,242826,230035,485652,Hook_1498
35,128,3,0.032570124,0.029998302,242826,230035,485652,Hook_1498
64,128,0,0.221223593,0.218868017,243090,230222,486180,Hook_1498
64,128,1,0.031919956,0.029662609,243090,230222,486180,Hook_1498
64,128,2,0.034428596,0.032173395,243090,230222,486180,Hook_1498
35,128,4,0.032538414,0.029951811,242826,230035,485652,Hook_1498
35,128,5,0.032822132,0.030201912,242826,230035,485652,Hook_1498
35,128,6,0.033305168,0.030698538,242826,230035,485652,Hook_1498
35,128,7,0.032499552,0.029960632,242826,230035,485652,Hook_1498
35,128,8,0.032617807,0.030045986,242826,230035,485652,Hook_1498
64,128,3,0.032719135,0.030462980,243090,230222,486180,Hook_1498
64,128,4,0.032958746,0.030622244,243090,230222,486180,Hook_1498
64,128,5,0.032531023,0.030323744,243090,230222,486180,Hook_1498
64,128,6,0.032502174,0.030171633,243090,230222,486180,Hook_1498
64,128,7,0.231327057,0.229090214,243090,230222,486180,Hook_1498
35,128,9,0.032131433,0.029556751,242826,230035,485652,Hook_1498
64,128,8,0.239834547,0.237540960,243090,230222,486180,Hook_1498
64,128,9,0.032241106,0.029918194,243090,230222,486180,Hook_1498
29,128,0,0.033002615,0.030504704,244284,231434,488568,Hook_1498
29,128,1,0.031916857,0.029444933,244284,231434,488568,Hook_1498
29,128,2,0.032659531,0.030157804,244284,231434,488568,Hook_1498
29,128,3,0.032704353,0.030178308,244284,231434,488568,Hook_1498
29,128,4,0.033020973,0.030476809,244284,231434,488568,Hook_1498
118,128,0,0.032196999,0.029846907,243141,230325,486282,Hook_1498
118,128,1,0.031871080,0.029594898,243141,230325,486282,Hook_1498
118,128,2,0.031931639,0.029682875,243141,230325,486282,Hook_1498
118,128,3,0.032934666,0.030609608,243141,230325,486282,Hook_1498
29,128,5,0.032241583,0.029703379,244284,231434,488568,Hook_1498
29,128,6,0.032824993,0.030269384,244284,231434,488568,Hook_1498
29,128,7,0.033043861,0.030506849,244284,231434,488568,Hook_1498
29,128,8,0.032739162,0.030196905,244284,231434,488568,Hook_1498
29,128,9,0.032258511,0.029700279,244284,231434,488568,Hook_1498
112,128,0,0.032102108,0.029845238,243924,231055,487848,Hook_1498
112,128,1,0.070168734,0.067930460,243924,231055,487848,Hook_1498
112,128,2,0.032329798,0.030154705,243924,231055,487848,Hook_1498
112,128,3,0.032746315,0.030468941,243924,231055,487848,Hook_1498
112,128,4,0.033090353,0.030720949,243924,231055,487848,Hook_1498
112,128,5,0.236483574,0.234233141,243924,231055,487848,Hook_1498
112,128,6,0.032844067,0.030494928,243924,231055,487848,Hook_1498
112,128,7,0.032901049,0.030647755,243924,231055,487848,Hook_1498
112,128,8,0.032779217,0.030500889,243924,231055,487848,Hook_1498
112,128,9,0.032384396,0.030067205,243924,231055,487848,Hook_1498
89,128,0,0.032565117,0.029920578,243606,230744,487212,Hook_1498
89,128,1,0.032462358,0.029777288,243606,230744,487212,Hook_1498
89,128,2,0.032005787,0.029420137,243606,230744,487212,Hook_1498
118,128,4,0.032788515,0.030505419,243141,230325,486282,Hook_1498
118,128,5,0.032216072,0.029982805,243141,230325,486282,Hook_1498
118,128,6,0.032205820,0.029924631,243141,230325,486282,Hook_1498
118,128,7,0.032793999,0.030459404,243141,230325,486282,Hook_1498
118,128,8,0.236676693,0.234431267,243141,230325,486282,Hook_1498
118,128,9,0.032353163,0.030097485,243141,230325,486282,Hook_1498
89,128,3,0.032650948,0.029988050,243606,230744,487212,Hook_1498
89,128,4,0.032583714,0.029931545,243606,230744,487212,Hook_1498
89,128,5,0.032067537,0.029443026,243606,230744,487212,Hook_1498
89,128,6,0.032382250,0.029759884,243606,230744,487212,Hook_1498
89,128,7,0.032642603,0.030002356,243606,230744,487212,Hook_1498
43,128,0,0.222010851,0.218932390,243960,231146,487920,Hook_1498
43,128,1,0.034152508,0.030382395,243960,231146,487920,Hook_1498
43,128,2,0.031395912,0.030119896,243960,231146,487920,Hook_1498
43,128,3,0.031876802,0.030645132,243960,231146,487920,Hook_1498
43,128,4,0.031890392,0.030681133,243960,231146,487920,Hook_1498
43,128,5,0.031457424,0.030248165,243960,231146,487920,Hook_1498
43,128,6,0.031758547,0.030553102,243960,231146,487920,Hook_1498
43,128,7,0.222765207,0.221574068,243960,231146,487920,Hook_1498
43,128,8,0.031776190,0.030575037,243960,231146,487920,Hook_1498
43,128,9,0.032325506,0.030115604,243960,231146,487920,Hook_1498
89,128,8,0.032593012,0.029941320,243606,230744,487212,Hook_1498
89,128,9,0.032285929,0.029607773,243606,230744,487212,Hook_1498
70,128,0,0.220844269,0.218434811,244803,231959,489606,Hook_1498
70,128,1,0.032610893,0.030246019,244803,231959,489606,Hook_1498
70,128,2,0.225739956,0.223394871,244803,231959,489606,Hook_1498
70,128,3,0.032952547,0.030592442,244803,231959,489606,Hook_1498
70,128,4,0.033241987,0.030778885,244803,231959,489606,Hook_1498
70,128,5,0.040716648,0.038452864,244803,231959,489606,Hook_1498
70,128,6,0.032597780,0.030181885,244803,231959,489606,Hook_1498
70,128,7,0.032633066,0.030312300,244803,231959,489606,Hook_1498
70,128,8,0.032737494,0.030373573,244803,231959,489606,Hook_1498
70,128,9,0.032414436,0.030029058,244803,231959,489606,Hook_1498
125,128,0,0.032661676,0.030066490,243153,230340,486306,Hook_1498
125,128,1,0.032621622,0.030024052,243153,230340,486306,Hook_1498
125,128,2,0.032594442,0.030029535,243153,230340,486306,Hook_1498
125,128,3,0.032764673,0.030139446,243153,230340,486306,Hook_1498
125,128,4,0.032968521,0.030350447,243153,230340,486306,Hook_1498
76,128,0,0.032751083,0.030054331,244095,231219,488190,Hook_1498
76,128,1,0.032007933,0.029321671,244095,231219,488190,Hook_1498
76,128,2,0.034709215,0.032117128,244095,231219,488190,Hook_1498
76,128,3,0.033098936,0.030456543,244095,231219,488190,Hook_1498
76,128,4,0.033137321,0.030480862,244095,231219,488190,Hook_1498
76,128,5,0.032640457,0.029994011,244095,231219,488190,Hook_1498
76,128,6,0.032876730,0.030150414,244095,231219,488190,Hook_1498
76,128,7,0.040937424,0.038473845,244095,231219,488190,Hook_1498
76,128,8,0.033645391,0.030946732,244095,231219,488190,Hook_1498
76,128,9,0.032435179,0.029743910,244095,231219,488190,Hook_1498
125,128,5,0.032319784,0.029701710,243153,230340,486306,Hook_1498
125,128,6,0.032791138,0.030167580,243153,230340,486306,Hook_1498
125,128,7,0.072123528,0.069649935,243153,230340,486306,Hook_1498
125,128,8,0.032809258,0.030175924,243153,230340,486306,Hook_1498
125,128,9,0.032317400,0.029689550,243153,230340,486306,Hook_1498
5,128,0,0.032139301,0.029816151,243945,231096,487890,Hook_1498
5,128,1,0.032524109,0.030204535,243945,231096,487890,Hook_1498
5,128,2,0.032892704,0.030570030,243945,231096,487890,Hook_1498
5,128,3,0.032603741,0.030285597,243945,231096,487890,Hook_1498
5,128,4,0.032518864,0.030214787,243945,231096,487890,Hook_1498
5,128,5,0.032055855,0.029738426,243945,231096,487890,Hook_1498
5,128,6,0.032257557,0.029951811,243945,231096,487890,Hook_1498
5,128,7,0.032382488,0.030066013,243945,231096,487890,Hook_1498
5,128,8,0.032438278,0.030127048,243945,231096,487890,Hook_1498
5,128,9,0.032339334,0.030006647,243945,231096,487890,Hook_1498
17,128,0,0.032654285,0.030065298,243075,230207,486150,Hook_1498
17,128,1,0.032491922,0.029884815,243075,230207,486150,Hook_1498
17,128,2,0.032997370,0.030409813,243075,230207,486150,Hook_1498
17,128,3,0.032724142,0.030108452,243075,230207,486150,Hook_1498
17,128,4,0.032728434,0.030114174,243075,230207,486150,Hook_1498
17,128,5,0.032720804,0.030104637,243075,230207,486150,Hook_1498
17,128,6,0.032701969,0.030081749,243075,230207,486150,Hook_1498
17,128,7,0.032747030,0.030151367,243075,230207,486150,Hook_1498
17,128,8,0.032735586,0.030115128,243075,230207,486150,Hook_1498
17,128,9,0.032428503,0.029793024,243075,230207,486150,Hook_1498
71,128,0,0.221065760,0.218438864,244188,231370,488376,Hook_1498
71,128,1,0.032707930,0.030003309,244188,231370,488376,Hook_1498
71,128,2,0.034669399,0.032013893,244188,231370,488376,Hook_1498
107,128,0,0.033215523,0.030492783,244227,231398,488454,Hook_1498
107,128,1,0.032262325,0.029524803,244227,231398,488454,Hook_1498
107,128,2,0.032949686,0.030266047,244227,231398,488454,Hook_1498
107,128,3,0.033042431,0.030309439,244227,231398,488454,Hook_1498
107,128,4,0.033248901,0.030537844,244227,231398,488454,Hook_1498
107,128,5,0.032505274,0.029788017,244227,231398,488454,Hook_1498
107,128,6,0.032968760,0.030245304,244227,231398,488454,Hook_1498
107,128,7,0.033037901,0.030340433,244227,231398,488454,Hook_1498
71,128,3,0.033176184,0.030465841,244188,231370,488376,Hook_1498
71,128,4,0.032844305,0.030151606,244188,231370,488376,Hook_1498
71,128,5,0.032607555,0.029909134,244188,231370,488376,Hook_1498
71,128,6,0.032646179,0.029949188,244188,231370,488376,Hook_1498
71,128,7,0.033157349,0.030488729,244188,231370,488376,Hook_1498
71,128,8,0.033466101,0.030729532,244188,231370,488376,Hook_1498
71,128,9,0.032588720,0.029850245,244188,231370,488376,Hook_1498
106,128,0,0.031641006,0.029368162,243891,231029,487782,Hook_1498
106,128,1,0.031836271,0.029502392,243891,231029,487782,Hook_1498
106,128,2,0.032658815,0.030304193,243891,231029,487782,Hook_1498
106,128,3,0.031436443,0.029241323,243891,231029,487782,Hook_1498
106,128,4,0.032678604,0.030407429,243891,231029,487782,Hook_1498
107,128,8,0.033415556,0.030705452,244227,231398,488454,Hook_1498
107,128,9,0.032581568,0.029842854,244227,231398,488454,Hook_1498
106,128,5,0.031333685,0.029165506,243891,231029,487782,Hook_1498
106,128,6,0.031745195,0.029510260,243891,231029,487782,Hook_1498
106,128,7,0.032416821,0.030144691,243891,231029,487782,Hook_1498
106,128,8,0.236314297,0.234078407,243891,231029,487782,Hook_1498
106,128,9,0.032703638,0.030440569,243891,231029,487782,Hook_1498
88,128,0,0.032757044,0.030025959,243843,230928,487686,Hook_1498
88,128,1,0.032531261,0.029739857,243843,230928,487686,Hook_1498
88,128,2,0.034530163,0.031908989,243843,230928,487686,Hook_1498
88,128,3,0.034438133,0.031765938,243843,230928,487686,Hook_1498
88,128,4,0.033902645,0.031232357,243843,230928,487686,Hook_1498
88,128,5,0.032966852,0.030325651,243843,230928,487686,Hook_1498
88,128,6,0.032077312,0.029398918,243843,230928,487686,Hook_1498
88,128,7,0.228096962,0.225560665,243843,230928,487686,Hook_1498
88,128,8,0.033226013,0.030557156,243843,230928,487686,Hook_1498
88,128,9,0.032796383,0.030027151,243843,230928,487686,Hook_1498
58,128,0,0.221289158,0.218875408,244506,231667,489012,Hook_1498
58,128,1,0.032156467,0.029809237,244506,231667,489012,Hook_1498
58,128,2,0.045828104,0.043523788,244506,231667,489012,Hook_1498
58,128,3,0.041650772,0.039349318,244506,231667,489012,Hook_1498
58,128,4,0.033276796,0.030823231,244506,231667,489012,Hook_1498
58,128,5,0.234354496,0.232049704,244506,231667,489012,Hook_1498
58,128,6,0.032681465,0.030251503,244506,231667,489012,Hook_1498
58,128,7,0.032943249,0.030615807,244506,231667,489012,Hook_1498
58,128,8,0.032918215,0.030557871,244506,231667,489012,Hook_1498
58,128,9,0.032877445,0.030431032,244506,231667,489012,Hook_1498
122,128,0,0.033172131,0.030297995,244173,231385,488346,Hook_1498
122,128,1,0.033162117,0.030337334,244173,231385,488346,Hook_1498
122,128,2,0.238642454,0.235588789,244173,231385,488346,Hook_1498
122,128,3,0.033666134,0.030688047,244173,231385,488346,Hook_1498
122,128,4,0.033855200,0.030885458,244173,231385,488346,Hook_1498
122,128,5,0.033403873,0.030214787,244173,231385,488346,Hook_1498
122,128,6,0.033561945,0.030561447,244173,231385,488346,Hook_1498
122,128,7,0.238231659,0.235109329,244173,231385,488346,Hook_1498
122,128,8,0.033472776,0.030412912,244173,231385,488346,Hook_1498
122,128,9,0.032894135,0.029748440,244173,231385,488346,Hook_1498
10,128,0,0.032416821,0.030087471,243503,230571,487006,Hook_1498
10,128,1,0.227406263,0.225044966,243503,230571,487006,Hook_1498
10,128,2,0.032757282,0.030465126,243503,230571,487006,Hook_1498
10,128,3,0.234761000,0.232412100,243503,230571,487006,Hook_1498
10,128,4,0.033122063,0.030662060,243503,230571,487006,Hook_1498
10,128,5,0.032403231,0.030127764,243503,230571,487006,Hook_1498
10,128,6,0.032864809,0.030429125,243503,230571,487006,Hook_1498
10,128,7,0.032956839,0.030606508,243503,230571,487006,Hook_1498
10,128,8,0.033771515,0.031394482,243503,230571,487006,Hook_1498
10,128,9,0.032924414,0.030447721,243503,230571,487006,Hook_1498
100,128,0,0.032951355,0.030215025,242973,230142,485946,Hook_1498
100,128,1,0.032710075,0.029904842,242973,230142,485946,Hook_1498
100,128,2,0.033002138,0.030377865,242973,230142,485946,Hook_1498
100,128,3,0.033082485,0.030365705,242973,230142,485946,Hook_1498
100,128,4,0.033827543,0.031156778,242973,230142,485946,Hook_1498
100,128,5,0.032538414,0.029884815,242973,230142,485946,Hook_1498
100,128,6,0.032955170,0.030209303,242973,230142,485946,Hook_1498
100,128,7,0.033067942,0.030577898,242973,230142,485946,Hook_1498
100,128,8,0.236006975,0.233435392,242973,230142,485946,Hook_1498
100,128,9,0.032945871,0.030174732,242973,230142,485946,Hook_1498
16,128,0,0.032951593,0.030293465,243752,230860,487504,Hook_1498
16,128,1,0.032836437,0.030121565,243752,230860,487504,Hook_1498
16,128,2,0.032641172,0.030097961,243752,230860,487504,Hook_1498
16,128,3,0.033412695,0.030732632,243752,230860,487504,Hook_1498
16,128,4,0.032845020,0.030209303,243752,230860,487504,Hook_1498
16,128,5,0.032261610,0.029668570,243752,230860,487504,Hook_1498
16,128,6,0.032688856,0.029992580,243752,230860,487504,Hook_1498
16,128,7,0.225043297,0.222559452,243752,230860,487504,Hook_1498
16,128,8,0.033371925,0.030749321,243752,230860,487504,Hook_1498
16,128,9,0.032978773,0.030251265,243752,230860,487504,Hook_1498
49,128,0,0.221466541,0.218857527,243186,230328,486372,Hook_1498
49,128,1,0.032822847,0.029950142,243186,230328,486372,Hook_1498
49,128,2,0.032476425,0.029546499,243186,230328,486372,Hook_1498
49,128,3,0.033135176,0.029995441,243186,230328,486372,Hook_1498
49,128,4,0.033679247,0.030719042,243186,230328,486372,Hook_1498
28,128,0,0.031989813,0.029764175,244529,231662,489058,Hook_1498
28,128,1,0.032109737,0.029890299,244529,231662,489058,Hook_1498
28,128,2,0.032406569,0.030192375,244529,231662,489058,Hook_1498
28,128,3,0.032972813,0.030729771,244529,231662,489058,Hook_1498
28,128,4,0.032903433,0.030662060,244529,231662,489058,Hook_1498
33,128,0,0.034168959,0.032106400,243211,230296,486422,Hook_1498
33,128,1,0.033535242,0.031297207,243211,230296,486422,Hook_1498
33,128,2,0.034594059,0.032507181,243211,230296,486422,Hook_1498
33,128,3,0.033241510,0.031120777,243211,230296,486422,Hook_1498
33,128,4,0.033465862,0.031217098,243211,230296,486422,Hook_1498
33,128,5,0.032972813,0.030797005,243211,230296,486422,Hook_1498
33,128,6,0.033459187,0.031312227,243211,230296,486422,Hook_1498
33,128,7,0.032917261,0.030722380,243211,230296,486422,Hook_1498
33,128,8,0.033316135,0.031116009,243211,230296,486422,Hook_1498
33,128,9,0.032899141,0.030620813,243211,230296,486422,Hook_1498
31,128,0,0.032470942,0.029779196,243524,230673,487048,Hook_1498
28,128,5,0.237304211,0.235140562,244529,231662,489058,Hook_1498
28,128,6,0.033146143,0.030922174,244529,231662,489058,Hook_1498
28,128,7,0.032639503,0.030388594,244529,231662,489058,Hook_1498
28,128,8,0.236718893,0.234537840,244529,231662,489058,Hook_1498
28,128,9,0.033061504,0.030837536,244529,231662,489058,Hook_1498
45,128,0,0.221608400,0.219063520,244656,231785,489312,Hook_1498
45,128,1,0.032674551,0.030517578,244656,231785,489312,Hook_1498
45,128,2,0.032945156,0.030951500,244656,231785,489312,Hook_1498
45,128,3,0.033231497,0.031162977,244656,231785,489312,Hook_1498
45,128,4,0.072997093,0.070742369,244656,231785,489312,Hook_1498
45,128,5,0.032664537,0.030545235,244656,231785,489312,Hook_1498
45,128,6,0.032973528,0.030911684,244656,231785,489312,Hook_1498
45,128,7,0.032597780,0.030493498,244656,231785,489312,Hook_1498
45,128,8,0.033004045,0.030873775,244656,231785,489312,Hook_1498
45,128,9,0.032957554,0.030722380,244656,231785,489312,Hook_1498
49,128,5,0.033151150,0.029944897,243186,230328,486372,Hook_1498
49,128,6,0.033659220,0.030367851,243186,230328,486372,Hook_1498
49,128,7,0.033031702,0.029920101,243186,230328,486372,Hook_1498
49,128,8,0.034014225,0.030652761,243186,230328,486372,Hook_1498
49,128,9,0.032945156,0.029853344,243186,230328,486372,Hook_1498
4,128,0,0.032749653,0.030046225,243509,230638,487018,Hook_1498
4,128,1,0.033344984,0.030566692,243509,230638,487018,Hook_1498
31,128,1,0.032174587,0.029426336,243524,230673,487048,Hook_1498
31,128,2,0.032138586,0.029317856,243524,230673,487048,Hook_1498
31,128,3,0.033114910,0.030018568,243524,230673,487048,Hook_1498
31,128,4,0.033047438,0.030230999,243524,230673,487048,Hook_1498
31,128,5,0.032995224,0.029881954,243524,230673,487048,Hook_1498
31,128,6,0.033515453,0.030301809,243524,230673,487048,Hook_1498
31,128,7,0.033457279,0.030336380,243524,230673,487048,Hook_1498
31,128,8,0.033608913,0.030380726,243524,230673,487048,Hook_1498
4,128,2,0.034399986,0.031762362,243509,230638,487018,Hook_1498
4,128,3,0.079921484,0.077336788,243509,230638,487018,Hook_1498
4,128,4,0.078423262,0.075845718,243509,230638,487018,Hook_1498
4,128,5,0.040000439,0.037469387,243509,230638,487018,Hook_1498
31,128,9,0.032988548,0.029913902,243524,230673,487048,Hook_1498
4,128,6,0.033616304,0.030862093,243509,230638,487018,Hook_1498
4,128,7,0.034111500,0.031570196,243509,230638,487018,Hook_1498
4,128,8,0.033645153,0.030933857,243509,230638,487018,Hook_1498
4,128,9,0.033089399,0.030291557,243509,230638,487018,Hook_1498
115,128,0,0.032901764,0.030040264,244233,231348,488466,Hook_1498
115,128,1,0.032994509,0.029924870,244233,231348,488466,Hook_1498
115,128,2,0.033044577,0.030087471,244233,231348,488466,Hook_1498
52,128,0,0.221430779,0.218886614,244518,231643,489036,Hook_1498
52,128,1,0.032754660,0.030059814,244518,231643,489036,Hook_1498
115,128,3,0.033559084,0.030500889,244233,231348,488466,Hook_1498
115,128,4,0.033718586,0.030657768,244233,231348,488466,Hook_1498
115,128,5,0.033015728,0.029975891,244233,231348,488466,Hook_1498
115,128,6,0.224756718,0.222171783,244233,231348,488466,Hook_1498
115,128,7,0.033182144,0.030347347,244233,231348,488466,Hook_1498
115,128,8,0.033542633,0.030546665,244233,231348,488466,Hook_1498
52,128,2,0.228508711,0.226034641,244518,231643,489036,Hook_1498
52,128,3,0.035491943,0.032955885,244518,231643,489036,Hook_1498
52,128,4,0.073478699,0.070978642,244518,231643,489036,Hook_1498
52,128,5,0.032792568,0.030180693,244518,231643,489036,Hook_1498
52,128,6,0.032281399,0.029611588,244518,231643,489036,Hook_1498
50,128,0,0.221554041,0.218878984,242886,230088,485772,Hook_1498
50,128,1,0.237323999,0.234717131,242886,230088,485772,Hook_1498
50,128,2,0.232789040,0.229989529,242886,230088,485772,Hook_1498
50,128,3,0.033458233,0.030711412,242886,230088,485772,Hook_1498
50,128,4,0.228794813,0.225952387,242886,230088,485772,Hook_1498
50,128,5,0.032862902,0.029944420,242886,230088,485772,Hook_1498
50,128,6,0.033469677,0.030512094,242886,230088,485772,Hook_1498
50,128,7,0.235728979,0.232880831,242886,230088,485772,Hook_1498
50,128,8,0.033400774,0.030511141,242886,230088,485772,Hook_1498
50,128,9,0.033234119,0.030261755,242886,230088,485772,Hook_1498
115,128,9,0.033032179,0.030054092,244233,231348,488466,Hook_1498
52,128,7,0.035106182,0.032629490,244518,231643,489036,Hook_1498
52,128,8,0.241322041,0.238808870,244518,231643,489036,Hook_1498
52,128,9,0.033115149,0.030393124,244518,231643,489036,Hook_1498
55,128,0,0.221502542,0.218910694,243666,230803,487332,Hook_1498
55,128,1,0.032890558,0.029990911,243666,230803,487332,Hook_1498
55,128,2,0.032430649,0.029517651,243666,230803,487332,Hook_1498
55,128,3,0.033695936,0.030492783,243666,230803,487332,Hook_1498
55,128,4,0.033514738,0.030573368,243666,230803,487332,Hook_1498
82,128,0,0.031578541,0.029350519,243216,230335,486432,Hook_1498
82,128,1,0.032216311,0.029935598,243216,230335,486432,Hook_1498
82,128,2,0.033966303,0.031671762,243216,230335,486432,Hook_1498
82,128,3,0.032659531,0.030370951,243216,230335,486432,Hook_1498
55,128,5,0.033560991,0.030344963,243666,230803,487332,Hook_1498
55,128,6,0.033667564,0.030393124,243666,230803,487332,Hook_1498
55,128,7,0.033314705,0.030158520,243666,230803,487332,Hook_1498
55,128,8,0.032874823,0.029773474,243666,230803,487332,Hook_1498
55,128,9,0.033163309,0.030029058,243666,230803,487332,Hook_1498
82,128,4,0.033026934,0.030646801,243216,230335,486432,Hook_1498
82,128,5,0.032779694,0.030545950,243216,230335,486432,Hook_1498
82,128,6,0.033283234,0.030894518,243216,230335,486432,Hook_1498
82,128,7,0.237508535,0.235230923,243216,230335,486432,Hook_1498
82,128,8,0.033467054,0.031104565,243216,230335,486432,Hook_1498
14,128,0,0.033135176,0.030433893,243756,230853,487512,Hook_1498
14,128,1,0.032961369,0.030265808,243756,230853,487512,Hook_1498
14,128,2,0.032562256,0.029881239,243756,230853,487512,Hook_1498
14,128,3,0.033501863,0.030658722,243756,230853,487512,Hook_1498
14,128,4,0.232941866,0.229954004,243756,230853,487512,Hook_1498
14,128,5,0.033046007,0.029955626,243756,230853,487512,Hook_1498
14,128,6,0.034013510,0.031117439,243756,230853,487512,Hook_1498
14,128,7,0.237720013,0.234705687,243756,230853,487512,Hook_1498
69,128,0,0.220997334,0.218512774,244254,231418,488508,Hook_1498
69,128,1,0.032989264,0.030632496,244254,231418,488508,Hook_1498
69,128,2,0.034327745,0.031932592,244254,231418,488508,Hook_1498
69,128,3,0.033449888,0.031090260,244254,231418,488508,Hook_1498
69,128,4,0.033518314,0.031162739,244254,231418,488508,Hook_1498
69,128,5,0.032946825,0.030646563,244254,231418,488508,Hook_1498
69,128,6,0.033256531,0.030963182,244254,231418,488508,Hook_1498
82,128,9,0.033157110,0.030743361,243216,230335,486432,Hook_1498
92,128,0,0.032820940,0.030060053,243615,230804,487230,Hook_1498
92,128,1,0.032736063,0.029942274,243615,230804,487230,Hook_1498
92,128,2,0.033212423,0.030389786,243615,230804,487230,Hook_1498
92,128,3,0.033240080,0.030384302,243615,230804,487230,Hook_1498
92,128,4,0.034096479,0.031188250,243615,230804,487230,Hook_1498
92,128,5,0.032964230,0.029870272,243615,230804,487230,Hook_1498
92,128,6,0.033572912,0.030621290,243615,230804,487230,Hook_1498
92,128,7,0.032898426,0.030148983,243615,230804,487230,Hook_1498
92,128,8,0.033051014,0.030190706,243615,230804,487230,Hook_1498
92,128,9,0.033299923,0.030236959,243615,230804,487230,Hook_1498
40,128,0,0.032969475,0.030247927,243486,230628,486972,Hook_1498
40,128,1,0.032721758,0.029955864,243486,230628,486972,Hook_1498
40,128,2,0.032863617,0.030268192,243486,230628,486972,Hook_1498
40,128,3,0.033159494,0.030452013,243486,230628,486972,Hook_1498
14,128,8,0.033744097,0.030785799,243756,230853,487512,Hook_1498
14,128,9,0.033309698,0.030288458,243756,230853,487512,Hook_1498
40,128,4,0.033136368,0.030427217,243486,230628,486972,Hook_1498
40,128,5,0.032607079,0.029924393,243486,230628,486972,Hook_1498
40,128,6,0.033064604,0.030276299,243486,230628,486972,Hook_1498
40,128,7,0.047659874,0.045145035,243486,230628,486972,Hook_1498
40,128,8,0.237482548,0.234894276,243486,230628,486972,Hook_1498
38,128,0,0.033157110,0.030416489,243798,230906,487596,Hook_1498
38,128,1,0.033677816,0.031028748,243798,230906,487596,Hook_1498
38,128,2,0.231487513,0.228657007,243798,230906,487596,Hook_1498
38,128,3,0.033839226,0.030999899,243798,230906,487596,Hook_1498
38,128,4,0.033926249,0.030906439,243798,230906,487596,Hook_1498
38,128,5,0.033211231,0.030157566,243798,230906,487596,Hook_1498
38,128,6,0.033306122,0.030273914,243798,230906,487596,Hook_1498
38,128,7,0.042238951,0.039368868,243798,230906,487596,Hook_1498
38,128,8,0.034247637,0.031267881,243798,230906,487596,Hook_1498
38,128,9,0.033379793,0.030314207,243798,230906,487596,Hook_1498
69,128,7,0.033250332,0.030921698,244254,231418,488508,Hook_1498
69,128,8,0.033209324,0.030891895,244254,231418,488508,Hook_1498
69,128,9,0.033192635,0.030867815,244254,231418,488508,Hook_1498
61,128,0,0.221807241,0.218905449,245151,232336,490302,Hook_1498
61,128,1,0.033454657,0.030368805,245151,232336,490302,Hook_1498
61,128,2,0.035064936,0.032152414,245151,232336,490302,Hook_1498
61,128,3,0.033632040,0.030498266,245151,232336,490302,Hook_1498
61,128,4,0.033827782,0.030647516,245151,232336,490302,Hook_1498
40,128,9,0.033244848,0.030435801,243486,230628,486972,Hook_1498
62,128,0,0.220198393,0.218773842,243903,231042,487806,Hook_1498
62,128,1,0.231444359,0.230031252,243903,231042,487806,Hook_1498
62,128,2,0.230624676,0.227692127,243903,231042,487806,Hook_1498
62,128,3,0.034082174,0.031400204,243903,231042,487806,Hook_1498
62,128,4,0.033457994,0.030564308,243903,231042,487806,Hook_1498
62,128,5,0.032910585,0.030067444,243903,231042,487806,Hook_1498
62,128,6,0.032895565,0.030193567,243903,231042,487806,Hook_1498
62,128,7,0.238095045,0.235112906,243903,231042,487806,Hook_1498
62,128,8,0.032412291,0.029640198,243903,231042,487806,Hook_1498
62,128,9,0.033345461,0.030388594,243903,231042,487806,Hook_1498
105,128,0,0.034111977,0.031984806,243720,230848,487440,Hook_1498
105,128,1,0.032854080,0.030544758,243720,230848,487440,Hook_1498
105,128,2,0.072700500,0.070449114,243720,230848,487440,Hook_1498
105,128,3,0.033144951,0.030947685,243720,230848,487440,Hook_1498
105,128,4,0.033614397,0.031311750,243720,230848,487440,Hook_1498
105,128,5,0.033082008,0.030821562,243720,230848,487440,Hook_1498
105,128,6,0.033310890,0.031101227,243720,230848,487440,Hook_1498
105,128,7,0.033105612,0.030868292,243720,230848,487440,Hook_1498
105,128,8,0.033429384,0.031158686,243720,230848,487440,Hook_1498
105,128,9,0.033271790,0.030925035,243720,230848,487440,Hook_1498
61,128,5,0.033371449,0.030239582,245151,232336,490302,Hook_1498
61,128,6,0.033580303,0.030496836,245151,232336,490302,Hook_1498
61,128,7,0.033447027,0.030517817,245151,232336,490302,Hook_1498
61,128,8,0.033777475,0.030660629,245151,232336,490302,Hook_1498
61,128,9,0.033242464,0.030167818,245151,232336,490302,Hook_1498
68,128,0,0.221484661,0.218722582,244170,231363,488340,Hook_1498
68,128,1,0.032642841,0.029968500,244170,231363,488340,Hook_1498
68,128,2,0.034496069,0.031812668,244170,231363,488340,Hook_1498
68,128,3,0.034032583,0.031188250,244170,231363,488340,Hook_1498
68,128,4,0.033735275,0.030723095,244170,231363,488340,Hook_1498
68,128,5,0.032902002,0.029882431,244170,231363,488340,Hook_1498
68,128,6,0.040239573,0.037257910,244170,231363,488340,Hook_1498
68,128,7,0.033887863,0.030985355,244170,231363,488340,Hook_1498
68,128,8,0.033802032,0.030780315,244170,231363,488340,Hook_1498
68,128,9,0.033351660,0.030253887,244170,231363,488340,Hook_1498
37,128,0,0.033763170,0.030961990,243335,230500,486670,Hook_1498
37,128,1,0.032962322,0.029961824,243335,230500,486670,Hook_1498
37,128,2,0.033150911,0.030243158,243335,230500,486670,Hook_1498
104,128,0,0.032826900,0.030378580,244128,231199,488256,Hook_1498
104,128,1,0.031915903,0.029430866,244128,231199,488256,Hook_1498
104,128,2,0.032300711,0.029847145,244128,231199,488256,Hook_1498
104,128,3,0.032766342,0.030436993,244128,231199,488256,Hook_1498
104,128,4,0.033830166,0.030949354,244128,231199,488256,Hook_1498
104,128,5,0.033267260,0.030120611,244128,231199,488256,Hook_1498
104,128,6,0.033299685,0.030141592,244128,231199,488256,Hook_1498
104,128,7,0.236170292,0.233189821,244128,231199,488256,Hook_1498
104,128,8,0.033605576,0.030582666,244128,231199,488256,Hook_1498
104,128,9,0.033328533,0.030310869,244128,231199,488256,Hook_1498
127,128,0,0.033280611,0.030461550,243336,230472,486672,Hook_1498
127,128,1,0.033025742,0.030039549,243336,230472,486672,Hook_1498
127,128,2,0.032722712,0.029914141,243336,230472,486672,Hook_1498
127,128,3,0.033375025,0.030379295,243336,230472,486672,Hook_1498
127,128,4,0.033686638,0.030676842,243336,230472,486672,Hook_1498
127,128,5,0.033219576,0.030245066,243336,230472,486672,Hook_1498
127,128,6,0.033322811,0.030459404,243336,230472,486672,Hook_1498
80,128,0,0.032960176,0.030209541,243711,230853,487422,Hook_1498
80,128,1,0.239596844,0.236717224,243711,230853,487422,Hook_1498
80,128,2,0.034478188,0.031667471,243711,230853,487422,Hook_1498
80,128,3,0.035141945,0.032312632,243711,230853,487422,Hook_1498
80,128,4,0.035039186,0.032135010,243711,230853,487422,Hook_1498
80,128,5,0.231695890,0.228727341,243711,230853,487422,Hook_1498
80,128,6,0.033341885,0.030438185,243711,230853,487422,Hook_1498
80,128,7,0.232454300,0.229501247,243711,230853,487422,Hook_1498
80,128,8,0.034060001,0.031068325,243711,230853,487422,Hook_1498
80,128,9,0.033385038,0.030309916,243711,230853,487422,Hook_1498
63,128,0,0.237002850,0.234239340,243645,230800,487290,Hook_1498
63,128,1,0.033433199,0.030554295,243645,230800,487290,Hook_1498
63,128,2,0.034918070,0.032238245,243645,230800,487290,Hook_1498
63,128,3,0.033856392,0.031055927,243645,230800,487290,Hook_1498
63,128,4,0.033893108,0.031109333,243645,230800,487290,Hook_1498
63,128,5,0.032812119,0.030075550,243645,230800,487290,Hook_1498
63,128,6,0.033376694,0.030525446,243645,230800,487290,Hook_1498
63,128,7,0.033032417,0.030324459,243645,230800,487290,Hook_1498
63,128,8,0.033435583,0.030613422,243645,230800,487290,Hook_1498
63,128,9,0.033318996,0.030501127,243645,230800,487290,Hook_1498
1,128,0,0.033489466,0.030581951,242636,229786,485272,Hook_1498
1,128,1,0.033076763,0.030028820,242636,229786,485272,Hook_1498
1,128,2,0.033017159,0.030058146,242636,229786,485272,Hook_1498
1,128,3,0.033505201,0.030429125,242636,229786,485272,Hook_1498
94,128,0,0.031388521,0.028896570,244545,231714,489090,Hook_1498
94,128,1,0.031610250,0.029023409,244545,231714,489090,Hook_1498
94,128,2,0.032030344,0.029619217,244545,231714,489090,Hook_1498
94,128,3,0.032201290,0.029692888,244545,231714,489090,Hook_1498
116,128,0,0.032491446,0.029806137,243693,230772,487386,Hook_1498
116,128,1,0.032271147,0.029644012,243693,230772,487386,Hook_1498
116,128,2,0.032650709,0.030068159,243693,230772,487386,Hook_1498
116,128,3,0.033452272,0.030670166,243693,230772,487386,Hook_1498
116,128,4,0.033937216,0.031011105,243693,230772,487386,Hook_1498
116,128,5,0.032924891,0.029970884,243693,230772,487386,Hook_1498
116,128,6,0.237675428,0.234711885,243693,230772,487386,Hook_1498
116,128,7,0.239066839,0.236161470,243693,230772,487386,Hook_1498
116,128,8,0.033611059,0.030688286,243693,230772,487386,Hook_1498
116,128,9,0.033482075,0.030430555,243693,230772,487386,Hook_1498
37,128,3,0.033588886,0.030548096,243335,230500,486670,Hook_1498
37,128,4,0.033816099,0.030708075,243335,230500,486670,Hook_1498
37,128,5,0.033281803,0.030248404,243335,230500,486670,Hook_1498
37,128,6,0.033418179,0.030458212,243335,230500,486670,Hook_1498
37,128,7,0.033271790,0.030478716,243335,230500,486670,Hook_1498
37,128,8,0.033832312,0.030865192,243335,230500,486670,Hook_1498
37,128,9,0.033277750,0.030271292,243335,230500,486670,Hook_1498
94,128,4,0.033444166,0.030839920,244545,231714,489090,Hook_1498
94,128,5,0.234903336,0.232444286,244545,231714,489090,Hook_1498
94,128,6,0.033361435,0.030683517,244545,231714,489090,Hook_1498
94,128,7,0.235749006,0.233288288,244545,231714,489090,Hook_1498
94,128,8,0.033524752,0.030926943,244545,231714,489090,Hook_1498
94,128,9,0.033440113,0.030740499,244545,231714,489090,Hook_1498
56,128,0,0.221786976,0.218870640,244593,231698,489186,Hook_1498
56,128,1,0.044076443,0.041221857,244593,231698,489186,Hook_1498
56,128,2,0.234044790,0.230987310,244593,231698,489186,Hook_1498
56,128,3,0.032862425,0.029941320,244593,231698,489186,Hook_1498
56,128,4,0.237988949,0.234953403,244593,231698,489186,Hook_1498
56,128,5,0.034213066,0.031037807,244593,231698,489186,Hook_1498
56,128,6,0.033045530,0.030101538,244593,231698,489186,Hook_1498
56,128,7,0.236625433,0.233527184,244593,231698,489186,Hook_1498
51,128,0,0.221379280,0.218921185,243321,230508,486642,Hook_1498
51,128,1,0.033188820,0.030865431,243321,230508,486642,Hook_1498
51,128,2,0.032911062,0.030681372,243321,230508,486642,Hook_1498
51,128,3,0.033331156,0.031048298,243321,230508,486642,Hook_1498
51,128,4,0.033560753,0.031265497,243321,230508,486642,Hook_1498
51,128,5,0.033071041,0.030798912,243321,230508,486642,Hook_1498
51,128,6,0.033338547,0.031068563,243321,230508,486642,Hook_1498
48,128,0,0.221790791,0.219608784,244452,231569,488904,Hook_1498
48,128,1,0.235444784,0.233236313,244452,231569,488904,Hook_1498
48,128,2,0.235862494,0.233507156,244452,231569,488904,Hook_1498
48,128,3,0.239319563,0.237016201,244452,231569,488904,Hook_1498
48,128,4,0.043197155,0.041136742,244452,231569,488904,Hook_1498
48,128,5,0.033482790,0.031320810,244452,231569,488904,Hook_1498
48,128,6,0.033795118,0.031549931,244452,231569,488904,Hook_1498
48,128,7,0.033574104,0.031305552,244452,231569,488904,Hook_1498
48,128,8,0.033846378,0.031626463,244452,231569,488904,Hook_1498
48,128,9,0.033411264,0.031166077,244452,231569,488904,Hook_1498
127,128,7,0.033071518,0.030318975,243336,230472,486672,Hook_1498
127,128,8,0.033643246,0.030711174,243336,230472,486672,Hook_1498
127,128,9,0.033252716,0.030301094,243336,230472,486672,Hook_1498
98,128,0,0.032964706,0.030631304,244086,231286,488172,Hook_1498
98,128,1,0.032020092,0.029867649,244086,231286,488172,Hook_1498
98,128,2,0.032538176,0.030386448,244086,231286,488172,Hook_1498
98,128,3,0.240074635,0.236853361,244086,231286,488172,Hook_1498
98,128,4,0.236199141,0.233280182,244086,231286,488172,Hook_1498
98,128,5,0.033388138,0.030364513,244086,231286,488172,Hook_1498
98,128,6,0.034120560,0.031071186,244086,231286,488172,Hook_1498
98,128,7,0.037250757,0.034416437,244086,231286,488172,Hook_1498
98,128,8,0.033905506,0.030995607,244086,231286,488172,Hook_1498
98,128,9,0.033517361,0.030658960,244086,231286,488172,Hook_1498
9,128,0,0.034553766,0.032220125,243370,230457,486740,Hook_1498
9,128,1,0.229160547,0.226633072,243370,230457,486740,Hook_1498
9,128,2,0.033447981,0.030927658,243370,230457,486740,Hook_1498
9,128,3,0.033588171,0.031150103,243370,230457,486740,Hook_1498
9,128,4,0.033778429,0.031291962,243370,230457,486740,Hook_1498
9,128,5,0.033145905,0.030705929,243370,230457,486740,Hook_1498
9,128,6,0.033927679,0.031523466,243370,230457,486740,Hook_1498
9,128,7,0.033246040,0.030827761,243370,230457,486740,Hook_1498
1,128,4,0.033708096,0.030634880,242636,229786,485272,Hook_1498
1,128,5,0.033119678,0.030074358,242636,229786,485272,Hook_1498
1,128,6,0.033136368,0.030205727,242636,229786,485272,Hook_1498
1,128,7,0.033002853,0.030189991,242636,229786,485272,Hook_1498
1,128,8,0.033553600,0.030567646,242636,229786,485272,Hook_1498
1,128,9,0.033288717,0.030324936,242636,229786,485272,Hook_1498
56,128,8,0.034117937,0.030987024,244593,231698,489186,Hook_1498
56,128,9,0.033522844,0.030311823,244593,231698,489186,Hook_1498
51,128,7,0.033258915,0.030977011,243321,230508,486642,Hook_1498
51,128,8,0.033502102,0.031207085,243321,230508,486642,Hook_1498
51,128,9,0.033366919,0.031085253,243321,230508,486642,Hook_1498
42,128,0,0.227602005,0.225314379,243315,230504,486630,Hook_1498
42,128,1,0.246425867,0.243888378,243315,230504,486630,Hook_1498
42,128,2,0.235190392,0.232820034,243315,230504,486630,Hook_1498
42,128,3,0.035649061,0.033384085,243315,230504,486630,Hook_1498
42,128,4,0.034416199,0.032283306,243315,230504,486630,Hook_1498
42,128,5,0.033728123,0.031440496,243315,230504,486630,Hook_1498
42,128,6,0.034167051,0.031806946,243315,230504,486630,Hook_1498
42,128,7,0.033720255,0.031358719,243315,230504,486630,Hook_1498
42,128,8,0.033902168,0.031592369,243315,230504,486630,Hook_1498
42,128,9,0.033540726,0.031207800,243315,230504,486630,Hook_1498
19,128,0,0.033163548,0.030332565,242807,229948,485614,Hook_1498
19,128,1,0.069140911,0.066638470,242807,229948,485614,Hook_1498
19,128,2,0.033040762,0.030080080,242807,229948,485614,Hook_1498
19,128,3,0.033686638,0.030485868,242807,229948,485614,Hook_1498
19,128,4,0.033896923,0.030984402,242807,229948,485614,Hook_1498
19,128,5,0.033566475,0.030359745,242807,229948,485614,Hook_1498
19,128,6,0.033693790,0.030420542,242807,229948,485614,Hook_1498
19,128,7,0.033625841,0.030428648,242807,229948,485614,Hook_1498
19,128,8,0.033937216,0.030595064,242807,229948,485614,Hook_1498
19,128,9,0.033307791,0.030140877,242807,229948,485614,Hook_1498
9,128,8,0.033551216,0.031145334,243370,230457,486740,Hook_1498
9,128,9,0.033411026,0.031023741,243370,230457,486740,Hook_1498
85,128,0,0.033522129,0.030624151,244710,231853,489420,Hook_1498
85,128,1,0.032583952,0.029532194,244710,231853,489420,Hook_1498
85,128,2,0.034360886,0.031457424,244710,231853,489420,Hook_1498
85,128,3,0.033691645,0.030666828,244710,231853,489420,Hook_1498
85,128,4,0.033829451,0.030779362,244710,231853,489420,Hook_1498
15,128,0,0.043714046,0.041458845,243313,230443,486626,Hook_1498
15,128,1,0.033395767,0.031075001,243313,230443,486626,Hook_1498
15,128,2,0.235941410,0.233539104,243313,230443,486626,Hook_1498
15,128,3,0.033741951,0.031335592,243313,230443,486626,Hook_1498
15,128,4,0.034108400,0.031780243,243313,230443,486626,Hook_1498
15,128,5,0.033386707,0.031107664,243313,230443,486626,Hook_1498
15,128,6,0.034041166,0.031768322,243313,230443,486626,Hook_1498
15,128,7,0.033551931,0.031281233,243313,230443,486626,Hook_1498
15,128,8,0.033836365,0.031574965,243313,230443,486626,Hook_1498
15,128,9,0.033425570,0.031186104,243313,230443,486626,Hook_1498
73,128,0,0.221472263,0.218465805,243648,230779,487296,Hook_1498
73,128,1,0.033047199,0.029785872,243648,230779,487296,Hook_1498
39,128,0,0.237572670,0.234916210,244056,231190,488112,Hook_1498
39,128,1,0.033259153,0.030445814,244056,231190,488112,Hook_1498
39,128,2,0.072054625,0.069451094,244056,231190,488112,Hook_1498
39,128,3,0.033612251,0.030886173,244056,231190,488112,Hook_1498
39,128,4,0.075464010,0.072722197,244056,231190,488112,Hook_1498
39,128,5,0.032920361,0.030139923,244056,231190,488112,Hook_1498
39,128,6,0.032599211,0.029938698,244056,231190,488112,Hook_1498
39,128,7,0.032739401,0.030109882,244056,231190,488112,Hook_1498
39,128,8,0.033077955,0.030346632,244056,231190,488112,Hook_1498
39,128,9,0.033450127,0.030652285,244056,231190,488112,Hook_1498
79,128,0,0.033516645,0.030464888,243855,230994,487710,Hook_1498
79,128,1,0.032186747,0.029076815,243855,230994,487710,Hook_1498
79,128,2,0.034557581,0.031522512,243855,230994,487710,Hook_1498
79,128,3,0.033990145,0.030889034,243855,230994,487710,Hook_1498
85,128,5,0.033349037,0.030304670,244710,231853,489420,Hook_1498
85,128,6,0.033500910,0.030577660,244710,231853,489420,Hook_1498
85,128,7,0.229110956,0.226520538,244710,231853,489420,Hook_1498
85,128,8,0.033776045,0.030784130,244710,231853,489420,Hook_1498
85,128,9,0.033353090,0.030340195,244710,231853,489420,Hook_1498
32,128,0,0.032652855,0.030038357,243207,230337,486414,Hook_1498
32,128,1,0.043797493,0.040917397,243207,230337,486414,Hook_1498
32,128,2,0.046712399,0.043852329,243207,230337,486414,Hook_1498
32,128,3,0.033478498,0.030557871,243207,230337,486414,Hook_1498
32,128,4,0.032925844,0.030038118,243207,230337,486414,Hook_1498
32,128,5,0.032761097,0.029570818,243207,230337,486414,Hook_1498
32,128,6,0.033017874,0.030078888,243207,230337,486414,Hook_1498
73,128,2,0.034687042,0.031593561,243648,230779,487296,Hook_1498
73,128,3,0.033782721,0.030539751,243648,230779,487296,Hook_1498
73,128,4,0.033989191,0.030712605,243648,230779,487296,Hook_1498
73,128,5,0.033619881,0.030375957,243648,230779,487296,Hook_1498
73,128,6,0.033738613,0.030580521,243648,230779,487296,Hook_1498
73,128,7,0.033531666,0.030462503,243648,230779,487296,Hook_1498
73,128,8,0.033735275,0.030526638,243648,230779,487296,Hook_1498
73,128,9,0.033377171,0.030165434,243648,230779,487296,Hook_1498
22,128,0,0.032991648,0.030329466,244181,231293,488362,Hook_1498
22,128,1,0.032875061,0.030116320,244181,231293,488362,Hook_1498
22,128,2,0.233859539,0.231304646,244181,231293,488362,Hook_1498
32,128,7,0.033299446,0.030486822,243207,230337,486414,Hook_1498
32,128,8,0.034018278,0.030982494,243207,230337,486414,Hook_1498
32,128,9,0.033580542,0.030400038,243207,230337,486414,Hook_1498
54,128,0,0.235083818,0.232820034,244209,231346,488418,Hook_1498
54,128,1,0.238067865,0.235647202,244209,231346,488418,Hook_1498
54,128,2,0.234741211,0.232430220,244209,231346,488418,Hook_1498
54,128,3,0.238412857,0.236052513,244209,231346,488418,Hook_1498
54,128,4,0.036111593,0.033882618,244209,231346,488418,Hook_1498
79,128,4,0.033903122,0.030726433,243855,230994,487710,Hook_1498
79,128,5,0.033466339,0.030275106,243855,230994,487710,Hook_1498
79,128,6,0.033564329,0.030465364,243855,230994,487710,Hook_1498
79,128,7,0.033697605,0.030723572,243855,230994,487710,Hook_1498
79,128,8,0.033353806,0.030270338,243855,230994,487710,Hook_1498
79,128,9,0.033346415,0.030186415,243855,230994,487710,Hook_1498
22,128,3,0.033427715,0.030735493,244181,231293,488362,Hook_1498
22,128,4,0.033337593,0.030653477,244181,231293,488362,Hook_1498
22,128,5,0.034076691,0.031483650,244181,231293,488362,Hook_1498
22,128,6,0.034230471,0.031535625,244181,231293,488362,Hook_1498
22,128,7,0.033780336,0.031280041,244181,231293,488362,Hook_1498
22,128,8,0.033740282,0.031078100,244181,231293,488362,Hook_1498
22,128,9,0.033636093,0.030881882,244181,231293,488362,Hook_1498
111,128,0,0.034770489,0.032161713,244140,231269,488280,Hook_1498
111,128,1,0.033390760,0.030488253,244140,231269,488280,Hook_1498
111,128,2,0.035651207,0.033015966,244140,231269,488280,Hook_1498
111,128,3,0.033961058,0.031139135,244140,231269,488280,Hook_1498
111,128,4,0.033969402,0.031234741,244140,231269,488280,Hook_1498
111,128,5,0.033436060,0.030669212,244140,231269,488280,Hook_1498
111,128,6,0.033801079,0.031007290,244140,231269,488280,Hook_1498
111,128,7,0.033550501,0.030816317,244140,231269,488280,Hook_1498
36,128,0,0.226686954,0.224218369,243055,230247,486110,Hook_1498
36,128,1,0.237900496,0.234077215,243055,230247,486110,Hook_1498
36,128,2,0.256413698,0.244395494,243055,230247,486110,Hook_1498
36,128,3,0.236046314,0.234105825,243055,230247,486110,Hook_1498
36,128,4,0.035486221,0.033462286,243055,230247,486110,Hook_1498
36,128,5,0.239006281,0.234728575,243055,230247,486110,Hook_1498
36,128,6,0.046608210,0.044365883,243055,230247,486110,Hook_1498
36,128,7,0.034315586,0.031982422,243055,230247,486110,Hook_1498
36,128,8,0.035825491,0.031714439,243055,230247,486110,Hook_1498
97,128,0,0.033349514,0.030426264,243918,231099,487836,Hook_1498
97,128,1,0.032876015,0.029862642,243918,231099,487836,Hook_1498
97,128,2,0.033116102,0.030092239,243918,231099,487836,Hook_1498
97,128,3,0.033309221,0.030098915,243918,231099,487836,Hook_1498
97,128,4,0.227659464,0.225108862,243918,231099,487836,Hook_1498
86,128,0,0.032800674,0.030065775,244431,231541,488862,Hook_1498
86,128,1,0.230684519,0.228042364,244431,231541,488862,Hook_1498
86,128,2,0.034260750,0.031613111,244431,231541,488862,Hook_1498
86,128,3,0.236040354,0.233101130,244431,231541,488862,Hook_1498
86,128,4,0.034396887,0.031445265,244431,231541,488862,Hook_1498
86,128,5,0.230443001,0.227475643,244431,231541,488862,Hook_1498
86,128,6,0.034283638,0.031291485,244431,231541,488862,Hook_1498
86,128,7,0.228437901,0.225501060,244431,231541,488862,Hook_1498
54,128,5,0.035089731,0.032787323,244209,231346,488418,Hook_1498
54,128,6,0.034932375,0.032625675,244209,231346,488418,Hook_1498
54,128,7,0.034871340,0.032563686,244209,231346,488418,Hook_1498
54,128,8,0.034382343,0.032004356,244209,231346,488418,Hook_1498
54,128,9,0.033768892,0.031552792,244209,231346,488418,Hook_1498
97,128,5,0.033268929,0.030026436,243918,231099,487836,Hook_1498
97,128,6,0.033737659,0.030441999,243918,231099,487836,Hook_1498
97,128,7,0.032991886,0.029821634,243918,231099,487836,Hook_1498
97,128,8,0.034077406,0.030662060,243918,231099,487836,Hook_1498
97,128,9,0.033414602,0.030189991,243918,231099,487836,Hook_1498
111,128,8,0.033436060,0.030661583,244140,231269,488280,Hook_1498
111,128,9,0.033682823,0.030844927,244140,231269,488280,Hook_1498
36,128,9,0.033769608,0.031541586,243055,230247,486110,Hook_1498
25,128,0,0.033499718,0.030617714,244289,231498,488578,Hook_1498
25,128,1,0.033044338,0.030092716,244289,231498,488578,Hook_1498
25,128,2,0.071133375,0.068590641,244289,231498,488578,Hook_1498
25,128,3,0.033860445,0.030597687,244289,231498,488578,Hook_1498
25,128,4,0.033726215,0.030739784,244289,231498,488578,Hook_1498
25,128,5,0.033636570,0.030356884,244289,231498,488578,Hook_1498
86,128,8,0.033869743,0.030993938,244431,231541,488862,Hook_1498
86,128,9,0.033822060,0.030851364,244431,231541,488862,Hook_1498
120,128,0,0.238650084,0.236227274,242844,230026,485688,Hook_1498
120,128,1,0.235781908,0.233449697,242844,230026,485688,Hook_1498
120,128,2,0.235466957,0.233045101,242844,230026,485688,Hook_1498
120,128,3,0.034997940,0.032775640,242844,230026,485688,Hook_1498
120,128,4,0.233914852,0.231652975,242844,230026,485688,Hook_1498
120,128,5,0.033942223,0.031627893,242844,230026,485688,Hook_1498
120,128,6,0.034269333,0.031979799,242844,230026,485688,Hook_1498
120,128,7,0.034378052,0.032039881,242844,230026,485688,Hook_1498
120,128,8,0.034110785,0.031739950,242844,230026,485688,Hook_1498
120,128,9,0.033828259,0.031549454,242844,230026,485688,Hook_1498
25,128,6,0.033784151,0.030467033,244289,231498,488578,Hook_1498
25,128,7,0.033688307,0.030519247,244289,231498,488578,Hook_1498
25,128,8,0.034084797,0.030718327,244289,231498,488578,Hook_1498
25,128,9,0.033414364,0.030237675,244289,231498,488578,Hook_1498
123,128,0,0.236780882,0.234018087,243705,230922,487410,Hook_1498
123,128,1,0.033777952,0.030845404,243705,230922,487410,Hook_1498
123,128,2,0.226339340,0.223647594,243705,230922,487410,Hook_1498
123,128,3,0.033929348,0.031086206,243705,230922,487410,Hook_1498
123,128,4,0.034143925,0.031312943,243705,230922,487410,Hook_1498
123,128,5,0.033936977,0.031044722,243705,230922,487410,Hook_1498
123,128,6,0.034030437,0.031144142,243705,230922,487410,Hook_1498
123,128,7,0.033612728,0.030821562,243705,230922,487410,Hook_1498
123,128,8,0.033935070,0.031028509,243705,230922,487410,Hook_1498
108,128,0,0.239522934,0.237202644,245025,232129,490050,Hook_1498
108,128,1,0.235573769,0.233386040,245025,232129,490050,Hook_1498
108,128,2,0.238667727,0.236417770,245025,232129,490050,Hook_1498
108,128,3,0.241392374,0.237341881,245025,232129,490050,Hook_1498
91,128,0,0.033520222,0.030475140,243738,230905,487476,Hook_1498
91,128,1,0.032860518,0.029622078,243738,230905,487476,Hook_1498
91,128,2,0.033328056,0.030255795,243738,230905,487476,Hook_1498
91,128,3,0.033721685,0.030539989,243738,230905,487476,Hook_1498
91,128,4,0.033830643,0.030630827,243738,230905,487476,Hook_1498
108,128,4,0.034140348,0.032013178,245025,232129,490050,Hook_1498
108,128,5,0.033841848,0.031546116,245025,232129,490050,Hook_1498
108,128,6,0.033686399,0.031430006,245025,232129,490050,Hook_1498
108,128,7,0.033420086,0.031166792,245025,232129,490050,Hook_1498
108,128,8,0.033593416,0.031442404,245025,232129,490050,Hook_1498
108,128,9,0.033879757,0.031639099,245025,232129,490050,Hook_1498
91,128,5,0.033443213,0.030253172,243738,230905,487476,Hook_1498
91,128,6,0.033553600,0.030467987,243738,230905,487476,Hook_1498
91,128,7,0.229266882,0.226531744,243738,230905,487476,Hook_1498
91,128,8,0.033840895,0.030695677,243738,230905,487476,Hook_1498
91,128,9,0.033503294,0.030328989,243738,230905,487476,Hook_1498
87,128,0,0.034502268,0.031856537,244317,231461,488634,Hook_1498
87,128,1,0.033653259,0.030618668,244317,231461,488634,Hook_1498
87,128,2,0.236673117,0.233827353,244317,231461,488634,Hook_1498
87,128,3,0.034124851,0.031250000,244317,231461,488634,Hook_1498
87,128,4,0.034175158,0.031307459,244317,231461,488634,Hook_1498
87,128,5,0.033547640,0.030620337,244317,231461,488634,Hook_1498
87,128,6,0.034063101,0.031117201,244317,231461,488634,Hook_1498
87,128,7,0.033762932,0.030965805,244317,231461,488634,Hook_1498
87,128,8,0.033892393,0.030962706,244317,231461,488634,Hook_1498
87,128,9,0.033803225,0.030881166,244317,231461,488634,Hook_1498
103,128,0,0.033520460,0.030518532,244083,231172,488166,Hook_1498
103,128,1,0.032916546,0.029854774,244083,231172,488166,Hook_1498
103,128,2,0.033226252,0.030155659,244083,231172,488166,Hook_1498
103,128,3,0.033191442,0.029935598,244083,231172,488166,Hook_1498
103,128,4,0.036594868,0.034002066,244083,231172,488166,Hook_1498
123,128,9,0.033793449,0.030911922,243705,230922,487410,Hook_1498
7,128,0,0.033534527,0.030581474,243773,230874,487546,Hook_1498
7,128,1,0.033105850,0.030101061,243773,230874,487546,Hook_1498
7,128,2,0.033174038,0.030114651,243773,230874,487546,Hook_1498
7,128,3,0.033987284,0.030701637,243773,230874,487546,Hook_1498
7,128,4,0.033728123,0.030716181,243773,230874,487546,Hook_1498
103,128,5,0.033466339,0.030110359,244083,231172,488166,Hook_1498
103,128,6,0.033183575,0.029921532,244083,231172,488166,Hook_1498
103,128,7,0.033674002,0.030408144,244083,231172,488166,Hook_1498
103,128,8,0.033903837,0.030453920,244083,231172,488166,Hook_1498
103,128,9,0.033517838,0.030257463,244083,231172,488166,Hook_1498
7,128,5,0.033798218,0.030544996,243773,230874,487546,Hook_1498
7,128,6,0.033882856,0.030590534,243773,230874,487546,Hook_1498
7,128,7,0.033467054,0.030201435,243773,230874,487546,Hook_1498
7,128,8,0.034075022,0.030631781,243773,230874,487546,Hook_1498
7,128,9,0.033539057,0.030264854,243773,230874,487546,Hook_1498
18,128,0,0.236507177,0.234224796,243301,230486,486602,Hook_1498
18,128,1,0.236848831,0.234599829,243301,230486,486602,Hook_1498
18,128,2,0.033946276,0.031777859,243301,230486,486602,Hook_1498
18,128,3,0.243714094,0.241357088,243301,230486,486602,Hook_1498
6,128,0,0.033733606,0.031481743,243241,230382,486482,Hook_1498
6,128,1,0.247887611,0.245492220,243241,230382,486482,Hook_1498
6,128,2,0.237317085,0.234943628,243241,230382,486482,Hook_1498
6,128,3,0.034226179,0.031942844,243241,230382,486482,Hook_1498
6,128,4,0.238176107,0.235781431,243241,230382,486482,Hook_1498
6,128,5,0.034228563,0.031790018,243241,230382,486482,Hook_1498
6,128,6,0.034642458,0.032171726,243241,230382,486482,Hook_1498
3,128,0,0.034735680,0.032133579,243466,230565,486932,Hook_1498
3,128,1,0.033926249,0.031021595,243466,230565,486932,Hook_1498
3,128,2,0.231475353,0.228811741,243466,230565,486932,Hook_1498
3,128,3,0.034154892,0.031293392,243466,230565,486932,Hook_1498
3,128,4,0.034344912,0.031475067,243466,230565,486932,Hook_1498
3,128,5,0.033792496,0.030944824,243466,230565,486932,Hook_1498
3,128,6,0.034266710,0.031381607,243466,230565,486932,Hook_1498
3,128,7,0.033730745,0.030983448,243466,230565,486932,Hook_1498
3,128,8,0.034128189,0.031291246,243466,230565,486932,Hook_1498
3,128,9,0.033919811,0.031047106,243466,230565,486932,Hook_1498
18,128,4,0.046880722,0.044606447,243301,230486,486602,Hook_1498
18,128,5,0.034619093,0.032211542,243301,230486,486602,Hook_1498
18,128,6,0.034626484,0.032219648,243301,230486,486602,Hook_1498
18,128,7,0.034567595,0.032182693,243301,230486,486602,Hook_1498
18,128,8,0.235048056,0.232788324,243301,230486,486602,Hook_1498
18,128,9,0.034006834,0.031680346,243301,230486,486602,Hook_1498
6,128,7,0.034448385,0.031987667,243241,230382,486482,Hook_1498
6,128,8,0.034529448,0.032177687,243241,230382,486482,Hook_1498
6,128,9,0.034023523,0.031634331,243241,230382,486482,Hook_1498
72,128,0,0.235581398,0.233219624,244152,231334,488304,Hook_1498
72,128,1,0.237089634,0.234665155,244152,231334,488304,Hook_1498
72,128,2,0.246603251,0.244193792,244152,231334,488304,Hook_1498
72,128,3,0.235532761,0.233188391,244152,231334,488304,Hook_1498
74,128,0,0.221276045,0.218495846,243957,231078,487914,Hook_1498
74,128,1,0.235848904,0.233052254,243957,231078,487914,Hook_1498
74,128,2,0.236691236,0.233668804,243957,231078,487914,Hook_1498
74,128,3,0.033485651,0.030595064,243957,231078,487914,Hook_1498
74,128,4,0.034295559,0.031232357,243957,231078,487914,Hook_1498
74,128,5,0.033296347,0.030186415,243957,231078,487914,Hook_1498
74,128,6,0.033575296,0.030475855,243957,231078,487914,Hook_1498
74,128,7,0.240517855,0.237500191,243957,231078,487914,Hook_1498
72,128,4,0.234965801,0.232704878,244152,231334,488304,Hook_1498
72,128,5,0.034570456,0.032192230,244152,231334,488304,Hook_1498
72,128,6,0.034455299,0.032046795,244152,231334,488304,Hook_1498
72,128,7,0.034271002,0.031852961,244152,231334,488304,Hook_1498
72,128,8,0.034183502,0.031802416,244152,231334,488304,Hook_1498
72,128,9,0.034059286,0.031642437,244152,231334,488304,Hook_1498
81,128,0,0.238615274,0.235921621,243678,230807,487356,Hook_1498
81,128,1,0.033603430,0.030688047,243678,230807,487356,Hook_1498
81,128,2,0.034194946,0.031584024,243678,230807,487356,Hook_1498
81,128,3,0.230236292,0.227539539,243678,230807,487356,Hook_1498
81,128,4,0.034236908,0.031478167,243678,230807,487356,Hook_1498
81,128,5,0.033681631,0.030881405,243678,230807,487356,Hook_1498
81,128,6,0.034090519,0.031256914,243678,230807,487356,Hook_1498
81,128,7,0.230415583,0.227734327,243678,230807,487356,Hook_1498
81,128,8,0.033949852,0.031110525,243678,230807,487356,Hook_1498
81,128,9,0.033964872,0.031135798,243678,230807,487356,Hook_1498
114,128,0,0.240102530,0.237684250,244185,231310,488370,Hook_1498
114,128,1,0.238014698,0.235616922,244185,231310,488370,Hook_1498
114,128,2,0.235594988,0.233188629,244185,231310,488370,Hook_1498
114,128,3,0.041654825,0.039396286,244185,231310,488370,Hook_1498
114,128,4,0.048246622,0.046048641,244185,231310,488370,Hook_1498
114,128,5,0.033779144,0.031492233,244185,231310,488370,Hook_1498
74,128,8,0.034288406,0.031209230,243957,231078,487914,Hook_1498
74,128,9,0.034080982,0.030910492,243957,231078,487914,Hook_1498
90,128,0,0.033144236,0.030880451,243207,230337,486414,Hook_1498
90,128,1,0.237727165,0.233583450,243207,230337,486414,Hook_1498
90,128,2,0.237553835,0.235061407,243207,230337,486414,Hook_1498
90,128,3,0.238912344,0.236439943,243207,230337,486414,Hook_1498
109,128,0,0.033507824,0.030591965,244761,231868,489522,Hook_1498
109,128,1,0.032500029,0.029436588,244761,231868,489522,Hook_1498
109,128,2,0.033087015,0.030186415,244761,231868,489522,Hook_1498
109,128,3,0.033624172,0.030601501,244761,231868,489522,Hook_1498
109,128,4,0.033777714,0.030741930,244761,231868,489522,Hook_1498
99,128,0,0.041902542,0.039237738,243783,230954,487566,Hook_1498
99,128,1,0.033754110,0.030746460,243783,230954,487566,Hook_1498
99,128,2,0.033579111,0.030972004,243783,230954,487566,Hook_1498
99,128,3,0.034297466,0.031439781,243783,230954,487566,Hook_1498
99,128,4,0.034429312,0.031624794,243783,230954,487566,Hook_1498
99,128,5,0.033690691,0.030816078,243783,230954,487566,Hook_1498
99,128,6,0.034019709,0.031143427,243783,230954,487566,Hook_1498
99,128,7,0.033641815,0.030870199,243783,230954,487566,Hook_1498
99,128,8,0.034289598,0.031391144,243783,230954,487566,Hook_1498
99,128,9,0.033954859,0.031052828,243783,230954,487566,Hook_1498
114,128,6,0.034105062,0.031761885,244185,231310,488370,Hook_1498
114,128,7,0.034036636,0.031650066,244185,231310,488370,Hook_1498
114,128,8,0.034253836,0.031927824,244185,231310,488370,Hook_1498
114,128,9,0.034063816,0.031673908,244185,231310,488370,Hook_1498
57,128,0,0.221597672,0.218886375,244266,231376,488532,Hook_1498
57,128,1,0.033651590,0.030667782,244266,231376,488532,Hook_1498
57,128,2,0.035018921,0.032256126,244266,231376,488532,Hook_1498
57,128,3,0.034040213,0.031152725,244266,231376,488532,Hook_1498
57,128,4,0.034163952,0.031253338,244266,231376,488532,Hook_1498
57,128,5,0.033945322,0.030972481,244266,231376,488532,Hook_1498
57,128,6,0.034073114,0.031111240,244266,231376,488532,Hook_1498
57,128,7,0.033778191,0.030922890,244266,231376,488532,Hook_1498
57,128,8,0.033880234,0.030945778,244266,231376,488532,Hook_1498
57,128,9,0.033982754,0.031024694,244266,231376,488532,Hook_1498
90,128,4,0.039527178,0.037137747,243207,230337,486414,Hook_1498
90,128,5,0.043329716,0.040943384,243207,230337,486414,Hook_1498
90,128,6,0.035695553,0.033180714,243207,230337,486414,Hook_1498
90,128,7,0.034486532,0.031992435,243207,230337,486414,Hook_1498
90,128,8,0.034554482,0.031980753,243207,230337,486414,Hook_1498
90,128,9,0.034090996,0.031479836,243207,230337,486414,Hook_1498
93,128,0,0.044174433,0.041405201,244446,231652,488892,Hook_1498
93,128,1,0.033854485,0.030797005,244446,231652,488892,Hook_1498
93,128,2,0.235394478,0.232529402,244446,231652,488892,Hook_1498
93,128,3,0.034297228,0.031368732,244446,231652,488892,Hook_1498
93,128,4,0.036462307,0.031635046,244446,231652,488892,Hook_1498
93,128,5,0.034042597,0.031047821,244446,231652,488892,Hook_1498
93,128,6,0.034157515,0.031158686,244446,231652,488892,Hook_1498
93,128,7,0.229035616,0.226222992,244446,231652,488892,Hook_1498
93,128,8,0.034126043,0.031165361,244446,231652,488892,Hook_1498
93,128,9,0.033980131,0.031013727,244446,231652,488892,Hook_1498
12,128,0,0.224512577,0.222291470,244348,231403,488696,Hook_1498
12,128,1,0.246721745,0.244399071,244348,231403,488696,Hook_1498
12,128,2,0.237161875,0.234869242,244348,231403,488696,Hook_1498
12,128,3,0.275000095,0.272622585,244348,231403,488696,Hook_1498
12,128,4,0.044453859,0.042174578,244348,231403,488696,Hook_1498
12,128,5,0.034565449,0.032148600,244348,231403,488696,Hook_1498
12,128,6,0.034451485,0.032029867,244348,231403,488696,Hook_1498
12,128,7,0.034290314,0.031878948,244348,231403,488696,Hook_1498
12,128,8,0.034316540,0.032026052,244348,231403,488696,Hook_1498
12,128,9,0.034153461,0.031806946,244348,231403,488696,Hook_1498
109,128,5,0.033378124,0.030338049,244761,231868,489522,Hook_1498
109,128,6,0.033439398,0.030503988,244761,231868,489522,Hook_1498
109,128,7,0.034062386,0.031320810,244761,231868,489522,Hook_1498
109,128,8,0.034020662,0.031084776,244761,231868,489522,Hook_1498
109,128,9,0.034039736,0.031139374,244761,231868,489522,Hook_1498
26,128,0,0.033783197,0.030960083,243471,230617,486942,Hook_1498
26,128,1,0.041758060,0.038915157,243471,230617,486942,Hook_1498
26,128,2,0.233649731,0.230603456,243471,230617,486942,Hook_1498
26,128,3,0.035240173,0.032284498,243471,230617,486942,Hook_1498
26,128,4,0.034198999,0.031234026,243471,230617,486942,Hook_1498
26,128,5,0.034256697,0.031060457,243471,230617,486942,Hook_1498
26,128,6,0.034342766,0.031381845,243471,230617,486942,Hook_1498
26,128,7,0.230737925,0.227717638,243471,230617,486942,Hook_1498
26,128,8,0.034274340,0.031272411,243471,230617,486942,Hook_1498
26,128,9,0.034221649,0.031037807,243471,230617,486942,Hook_1498
30,128,0,0.240017176,0.237703562,243286,230444,486572,Hook_1498
30,128,1,0.238368511,0.236028194,243286,230444,486572,Hook_1498
30,128,2,0.236953497,0.234660387,243286,230444,486572,Hook_1498
30,128,3,0.236934662,0.234701872,243286,230444,486572,Hook_1498
44,128,0,0.223414898,0.218951941,244509,231620,489018,Hook_1498
44,128,1,0.238320589,0.233731985,244509,231620,489018,Hook_1498
44,128,2,0.034305334,0.029686451,244509,231620,489018,Hook_1498
44,128,3,0.035977602,0.031292439,244509,231620,489018,Hook_1498
44,128,4,0.239644289,0.234947443,244509,231620,489018,Hook_1498
44,128,5,0.035699606,0.030838251,244509,231620,489018,Hook_1498
44,128,6,0.035413027,0.030594349,244509,231620,489018,Hook_1498
44,128,7,0.239036083,0.234208822,244509,231620,489018,Hook_1498
44,128,8,0.034810543,0.030957460,244509,231620,489018,Hook_1498
44,128,9,0.034235954,0.030228853,244509,231620,489018,Hook_1498
60,128,0,0.235446453,0.233194590,245178,232337,490356,Hook_1498
60,128,1,0.237009525,0.234647751,245178,232337,490356,Hook_1498
60,128,2,0.235355854,0.233021736,245178,232337,490356,Hook_1498
60,128,3,0.236720324,0.234454870,245178,232337,490356,Hook_1498
60,128,4,0.034658432,0.032508850,245178,232337,490356,Hook_1498
60,128,5,0.033826828,0.031590939,245178,232337,490356,Hook_1498
60,128,6,0.033825159,0.031677723,245178,232337,490356,Hook_1498
60,128,7,0.034241676,0.032025099,245178,232337,490356,Hook_1498
60,128,8,0.034345388,0.032026768,245178,232337,490356,Hook_1498
60,128,9,0.034291267,0.032078505,245178,232337,490356,Hook_1498
30,128,4,0.238037586,0.235773087,243286,230444,486572,Hook_1498
30,128,5,0.034034729,0.031826973,243286,230444,486572,Hook_1498
30,128,6,0.035392761,0.033172846,243286,230444,486572,Hook_1498
30,128,7,0.034212112,0.032005072,243286,230444,486572,Hook_1498
30,128,8,0.034481525,0.032203197,243286,230444,486572,Hook_1498
30,128,9,0.034291267,0.032104254,243286,230444,486572,Hook_1498
78,128,0,0.237956285,0.235486031,244062,231181,488124,Hook_1498
78,128,1,0.238807201,0.236427069,244062,231181,488124,Hook_1498
78,128,2,0.237651348,0.235256672,244062,231181,488124,Hook_1498
78,128,3,0.236608982,0.234324217,244062,231181,488124,Hook_1498
78,128,4,0.236971378,0.234509468,244062,231181,488124,Hook_1498
78,128,5,0.235990763,0.233574629,244062,231181,488124,Hook_1498
78,128,6,0.034262180,0.031869650,244062,231181,488124,Hook_1498
78,128,7,0.034420967,0.032027006,244062,231181,488124,Hook_1498
78,128,8,0.034484148,0.032003880,244062,231181,488124,Hook_1498
78,128,9,0.034321070,0.031546831,244062,231181,488124,Hook_1498
96,128,0,0.236111641,0.233659029,243915,231081,487830,Hook_1498
96,128,1,0.236366510,0.233949184,243915,231081,487830,Hook_1498
96,128,2,0.235232592,0.232792139,243915,231081,487830,Hook_1498
96,128,3,0.034254074,0.031939268,243915,231081,487830,Hook_1498
96,128,4,0.236661196,0.234169006,243915,231081,487830,Hook_1498
77,128,0,0.034094572,0.029710531,244422,231544,488844,Hook_1498
77,128,1,0.034193754,0.029681921,244422,231544,488844,Hook_1498
77,128,2,0.036554575,0.032006025,244422,231544,488844,Hook_1498
77,128,3,0.034882784,0.030136585,244422,231544,488844,Hook_1498
96,128,5,0.034315109,0.032000780,243915,231081,487830,Hook_1498
96,128,6,0.034022808,0.031570911,243915,231081,487830,Hook_1498
96,128,7,0.033927202,0.031360149,243915,231081,487830,Hook_1498
96,128,8,0.034204960,0.031583309,243915,231081,487830,Hook_1498
96,128,9,0.034345627,0.031736135,243915,231081,487830,Hook_1498
121,128,0,0.033282757,0.030359268,243477,230662,486954,Hook_1498
121,128,1,0.071167946,0.068612337,243477,230662,486954,Hook_1498
66,128,0,0.236737013,0.234232664,243315,230461,486630,Hook_1498
66,128,1,0.239085197,0.236624718,243315,230461,486630,Hook_1498
66,128,2,0.236244202,0.233814240,243315,230461,486630,Hook_1498
66,128,3,0.238703012,0.236214638,243315,230461,486630,Hook_1498
66,128,4,0.035330057,0.033010006,243315,230461,486630,Hook_1498
77,128,4,0.034715176,0.029951334,244422,231544,488844,Hook_1498
77,128,5,0.034284115,0.029519796,244422,231544,488844,Hook_1498
77,128,6,0.034584999,0.029829025,244422,231544,488844,Hook_1498
77,128,7,0.034554958,0.029910088,244422,231544,488844,Hook_1498
77,128,8,0.034721851,0.029911995,244422,231544,488844,Hook_1498
77,128,9,0.034170389,0.029361486,244422,231544,488844,Hook_1498
66,128,5,0.237076044,0.234569311,243315,230461,486630,Hook_1498
66,128,6,0.035541773,0.033031702,243315,230461,486630,Hook_1498
66,128,7,0.034081459,0.031572104,243315,230461,486630,Hook_1498
66,128,8,0.034270048,0.031689405,243315,230461,486630,Hook_1498
66,128,9,0.034372807,0.031522512,243315,230461,486630,Hook_1498
2,128,0,0.033459187,0.030694485,242322,229477,484644,Hook_1498
2,128,1,0.237756729,0.235049486,242322,229477,484644,Hook_1498
2,128,2,0.036581755,0.033902884,242322,229477,484644,Hook_1498
2,128,3,0.034784317,0.031985760,242322,229477,484644,Hook_1498
2,128,4,0.034816742,0.031850338,242322,229477,484644,Hook_1498
2,128,5,0.034247160,0.031229019,242322,229477,484644,Hook_1498
2,128,6,0.034989595,0.032027960,242322,229477,484644,Hook_1498
2,128,7,0.034471989,0.031587362,242322,229477,484644,Hook_1498
121,128,2,0.033132076,0.030096292,243477,230662,486954,Hook_1498
121,128,3,0.033905029,0.030676126,243477,230662,486954,Hook_1498
121,128,4,0.033633232,0.030646324,243477,230662,486954,Hook_1498
121,128,5,0.033373594,0.030127525,243477,230662,486954,Hook_1498
121,128,6,0.033739567,0.030431509,243477,230662,486954,Hook_1498
121,128,7,0.033498526,0.030284166,243477,230662,486954,Hook_1498
121,128,8,0.033987045,0.030595779,243477,230662,486954,Hook_1498
121,128,9,0.034092665,0.030128717,243477,230662,486954,Hook_1498
2,128,8,0.235883713,0.232873678,242322,229477,484644,Hook_1498
2,128,9,0.034428358,0.031404972,242322,229477,484644,Hook_1498
119,128,0,0.034108639,0.029439688,243099,230230,486198,Hook_1498
119,128,1,0.034949303,0.030104876,243099,230230,486198,Hook_1498
119,128,2,0.034037113,0.029198408,243099,230230,486198,Hook_1498
119,128,3,0.034735441,0.029601336,243099,230230,486198,Hook_1498
119,128,4,0.034615755,0.029517412,243099,230230,486198,Hook_1498
119,128,5,0.034125090,0.029030323,243099,230230,486198,Hook_1498
119,128,6,0.034456015,0.029375792,243099,230230,486198,Hook_1498
119,128,7,0.034196854,0.029238224,243099,230230,486198,Hook_1498
119,128,8,0.034810543,0.029639959,243099,230230,486198,Hook_1498
119,128,9,0.034388542,0.029219866,243099,230230,486198,Hook_1498
24,128,0,0.239005804,0.236642599,243652,230823,487304,Hook_1498
24,128,1,0.236356020,0.233996868,243652,230823,487304,Hook_1498
24,128,2,0.234778643,0.232431889,243652,230823,487304,Hook_1498
24,128,3,0.034938335,0.032695770,243652,230823,487304,Hook_1498
24,128,4,0.036043167,0.033881903,243652,230823,487304,Hook_1498
24,128,5,0.035308361,0.032979250,243652,230823,487304,Hook_1498
24,128,6,0.045001030,0.042666912,243652,230823,487304,Hook_1498
24,128,7,0.230894566,0.228544474,243652,230823,487304,Hook_1498
24,128,8,0.034554720,0.032207727,243652,230823,487304,Hook_1498
24,128,9,0.034605265,0.032201767,243652,230823,487304,Hook_1498
47,128,0,0.223690510,0.219188213,245127,232273,490254,Hook_1498
47,128,1,0.230281115,0.225929022,245127,232273,490254,Hook_1498
47,128,2,0.033977985,0.029363394,245127,232273,490254,Hook_1498
47,128,3,0.034374714,0.029550791,245127,232273,490254,Hook_1498
47,128,4,0.033867836,0.029118538,245127,232273,490254,Hook_1498
47,128,5,0.033746481,0.028905153,245127,232273,490254,Hook_1498
47,128,6,0.033941984,0.029104471,245127,232273,490254,Hook_1498
47,128,7,0.034324169,0.029602051,245127,232273,490254,Hook_1498
47,128,8,0.034844398,0.029960155,245127,232273,490254,Hook_1498
47,128,9,0.034559488,0.029627800,245127,232273,490254,Hook_1498
53,128,0,0.223577023,0.218944788,244257,231373,488514,Hook_1498
53,128,1,0.034404516,0.029710054,244257,231373,488514,Hook_1498
53,128,2,0.033977985,0.029251337,244257,231373,488514,Hook_1498
53,128,3,0.034980536,0.029975891,244257,231373,488514,Hook_1498
110,128,0,0.035007715,0.030465841,245412,232549,490824,Hook_1498
110,128,1,0.233566284,0.229741812,245412,232549,490824,Hook_1498
110,128,2,0.228273630,0.224361897,245412,232549,490824,Hook_1498
110,128,3,0.034266472,0.030611753,245412,232549,490824,Hook_1498
110,128,4,0.035448790,0.031701565,245412,232549,490824,Hook_1498
110,128,5,0.034732819,0.030764818,245412,232549,490824,Hook_1498
110,128,6,0.034828186,0.031179428,245412,232549,490824,Hook_1498
110,128,7,0.041489601,0.037903786,245412,232549,490824,Hook_1498
53,128,4,0.034774542,0.029726028,244257,231373,488514,Hook_1498
53,128,5,0.034519672,0.029468060,244257,231373,488514,Hook_1498
53,128,6,0.034427404,0.029418230,244257,231373,488514,Hook_1498
53,128,7,0.034691095,0.029842854,244257,231373,488514,Hook_1498
53,128,8,0.034790277,0.029781103,244257,231373,488514,Hook_1498
53,128,9,0.034854889,0.029780149,244257,231373,488514,Hook_1498
11,128,0,0.034639597,0.029901505,243483,230558,486966,Hook_1498
11,128,1,0.034835815,0.029911995,243483,230558,486966,Hook_1498
11,128,2,0.035016537,0.030087471,243483,230558,486966,Hook_1498
11,128,3,0.035505295,0.030367374,243483,230558,486966,Hook_1498
110,128,8,0.035091400,0.031317949,245412,232549,490824,Hook_1498
110,128,9,0.034993649,0.031064987,245412,232549,490824,Hook_1498
11,128,4,0.035399675,0.030214310,243483,230558,486966,Hook_1498
11,128,5,0.035134792,0.029970407,243483,230558,486966,Hook_1498
11,128,6,0.035841465,0.030718327,243483,230558,486966,Hook_1498
11,128,7,0.035167456,0.030143976,243483,230558,486966,Hook_1498
11,128,8,0.035389662,0.030173302,243483,230558,486966,Hook_1498
11,128,9,0.034908056,0.029674768,243483,230558,486966,Hook_1498
65,128,0,0.223489523,0.218953371,243162,230303,486324,Hook_1498
65,128,1,0.034708500,0.030107737,243162,230303,486324,Hook_1498
65,128,2,0.036898613,0.032249451,243162,230303,486324,Hook_1498
65,128,3,0.035398960,0.030534267,243162,230303,486324,Hook_1498
65,128,4,0.035338640,0.030494690,243162,230303,486324,Hook_1498
65,128,5,0.034645557,0.029731989,243162,230303,486324,Hook_1498
65,128,6,0.035031557,0.030130148,243162,230303,486324,Hook_1498
65,128,7,0.035167933,0.030436516,243162,230303,486324,Hook_1498
65,128,8,0.035635710,0.030725002,243162,230303,486324,Hook_1498
83,128,0,0.034786224,0.030170202,243786,230957,487572,Hook_1498
83,128,1,0.034761190,0.029962540,243786,230957,487572,Hook_1498
83,128,2,0.036421537,0.031578064,243786,230957,487572,Hook_1498
83,128,3,0.036000490,0.031049728,243786,230957,487572,Hook_1498
83,128,4,0.035630941,0.030623436,243786,230957,487572,Hook_1498
83,128,5,0.034947395,0.029878855,243786,230957,487572,Hook_1498
83,128,6,0.035026073,0.030003548,243786,230957,487572,Hook_1498
83,128,7,0.229118109,0.224567652,243786,230957,487572,Hook_1498
65,128,9,0.034960747,0.030016899,243162,230303,486324,Hook_1498
83,128,8,0.035401106,0.030291080,243786,230957,487572,Hook_1498
83,128,9,0.034971714,0.029845715,243786,230957,487572,Hook_1498
59,128,0,0.223640919,0.218949318,244677,231819,489354,Hook_1498
59,128,1,0.074569941,0.070067406,244677,231819,489354,Hook_1498
59,128,2,0.037209034,0.032361746,244677,231819,489354,Hook_1498
59,128,3,0.035246134,0.030141115,244677,231819,489354,Hook_1498
59,128,4,0.035291433,0.030163765,244677,231819,489354,Hook_1498
13,128,0,0.033500910,0.030665874,243398,230511,486796,Hook_1498
13,128,1,0.032921314,0.030021667,243398,230511,486796,Hook_1498
59,128,5,0.034789324,0.029646158,244677,231819,489354,Hook_1498
59,128,6,0.035023928,0.029902935,244677,231819,489354,Hook_1498
59,128,7,0.035053492,0.030130386,244677,231819,489354,Hook_1498
59,128,8,0.035309792,0.030162811,244677,231819,489354,Hook_1498
59,128,9,0.035151243,0.030019283,244677,231819,489354,Hook_1498
13,128,2,0.032762766,0.029828548,243398,230511,486796,Hook_1498
13,128,3,0.033807993,0.030620813,243398,230511,486796,Hook_1498
13,128,4,0.033659935,0.030741930,243398,230511,486796,Hook_1498
13,128,5,0.033568621,0.030355692,243398,230511,486796,Hook_1498
13,128,6,0.033709764,0.030470371,243398,230511,486796,Hook_1498
13,128,7,0.036117315,0.033521414,243398,230511,486796,Hook_1498
13,128,8,0.034678459,0.030734777,243398,230511,486796,Hook_1498
13,128,9,0.034769773,0.030350447,243398,230511,486796,Hook_1498
27,128,0,0.035837650,0.031974792,244741,231871,489482,Hook_1498
27,128,1,0.034836769,0.030799150,244741,231871,489482,Hook_1498
27,128,2,0.238001585,0.234031677,244741,231871,489482,Hook_1498
27,128,3,0.035166979,0.031093836,244741,231871,489482,Hook_1498
27,128,4,0.035264492,0.031263113,244741,231871,489482,Hook_1498
20,128,0,0.035195351,0.030047655,243441,230572,486882,Hook_1498
20,128,1,0.236795425,0.231719732,243441,230572,486882,Hook_1498
20,128,2,0.237427711,0.231986523,243441,230572,486882,Hook_1498
20,128,3,0.035530329,0.030428171,243441,230572,486882,Hook_1498
20,128,4,0.236389875,0.230939865,243441,230572,486882,Hook_1498
20,128,5,0.035967350,0.030588150,243441,230572,486882,Hook_1498
117,128,0,0.035985708,0.032051563,243537,230673,487074,Hook_1498
117,128,1,0.035102606,0.031061411,243537,230673,487074,Hook_1498
117,128,2,0.035095453,0.031178951,243537,230673,487074,Hook_1498
117,128,3,0.035552979,0.031506538,243537,230673,487074,Hook_1498
117,128,4,0.035514355,0.031459570,243537,230673,487074,Hook_1498
117,128,5,0.035798788,0.030954361,243537,230673,487074,Hook_1498
117,128,6,0.036031961,0.031274796,243537,230673,487074,Hook_1498
117,128,7,0.035896301,0.031217337,243537,230673,487074,Hook_1498
117,128,8,0.035865784,0.031523466,243537,230673,487074,Hook_1498
117,128,9,0.035247326,0.030982971,243537,230673,487074,Hook_1498
21,128,0,0.036056280,0.032183170,243994,231136,487988,Hook_1498
21,128,1,0.034894705,0.030867338,243994,231136,487988,Hook_1498
21,128,2,0.034723997,0.030869961,243994,231136,487988,Hook_1498
21,128,3,0.035261154,0.031268120,243994,231136,487988,Hook_1498
21,128,4,0.073807001,0.069768667,243994,231136,487988,Hook_1498
21,128,5,0.035534859,0.030826330,243994,231136,487988,Hook_1498
20,128,6,0.035931110,0.030566931,243441,230572,486882,Hook_1498
20,128,7,0.036406279,0.031268835,243441,230572,486882,Hook_1498
20,128,8,0.035581589,0.030886650,243441,230572,486882,Hook_1498
20,128,9,0.035304070,0.030385971,243441,230572,486882,Hook_1498
27,128,5,0.035680294,0.030858278,244741,231871,489482,Hook_1498
27,128,6,0.035879850,0.031118870,244741,231871,489482,Hook_1498
27,128,7,0.035604239,0.030926228,244741,231871,489482,Hook_1498
27,128,8,0.035699606,0.031341553,244741,231871,489482,Hook_1498
27,128,9,0.035269260,0.030992746,244741,231871,489482,Hook_1498
21,128,6,0.035974503,0.031332731,243994,231136,487988,Hook_1498
21,128,7,0.073706865,0.069052458,243994,231136,487988,Hook_1498
21,128,8,0.035612106,0.031325340,243994,231136,487988,Hook_1498
21,128,9,0.035309076,0.031122684,243994,231136,487988,Hook_1498
84,128,0,0.238144159,0.234040499,243861,231014,487722,Hook_1498
84,128,1,0.238233805,0.234166861,243861,231014,487722,Hook_1498
84,128,2,0.238004208,0.233291149,243861,231014,487722,Hook_1498
84,128,3,0.036502600,0.032176971,243861,231014,487722,Hook_1498
84,128,4,0.238961935,0.234581470,243861,231014,487722,Hook_1498
84,128,5,0.037602186,0.032365084,243861,231014,487722,Hook_1498
84,128,6,0.036836624,0.032619953,243861,231014,487722,Hook_1498
84,128,7,0.035607338,0.032373190,243861,231014,487722,Hook_1498
84,128,8,0.035433769,0.032205105,243861,231014,487722,Hook_1498
84,128,9,0.035519600,0.031888247,243861,231014,487722,Hook_1498
67,128,0,0.221292019,0.218476295,243576,230736,487152,Hook_1498
67,128,1,0.032940149,0.029846430,243576,230736,487152,Hook_1498
67,128,2,0.034762859,0.031897545,243576,230736,487152,Hook_1498
67,128,3,0.033867598,0.030553579,243576,230736,487152,Hook_1498
67,128,4,0.033427238,0.030362606,243576,230736,487152,Hook_1498
67,128,5,0.033603191,0.030231714,243576,230736,487152,Hook_1498
67,128,6,0.033895254,0.030506134,243576,230736,487152,Hook_1498
67,128,7,0.034807205,0.030407906,243576,230736,487152,Hook_1498
67,128,8,0.035905838,0.030597925,243576,230736,487152,Hook_1498
67,128,9,0.035486460,0.030250549,243576,230736,487152,Hook_1498
75,128,0,0.237588406,0.232986212,244134,231205,488268,Hook_1498
75,128,1,0.035932302,0.031499624,244134,231205,488268,Hook_1498
75,128,2,0.035962343,0.031846285,244134,231205,488268,Hook_1498
75,128,3,0.081590891,0.077371836,244134,231205,488268,Hook_1498
75,128,4,0.036242485,0.032038450,244134,231205,488268,Hook_1498
75,128,5,0.036131144,0.031140327,244134,231205,488268,Hook_1498
75,128,6,0.036248446,0.031398296,244134,231205,488268,Hook_1498
75,128,7,0.036273956,0.031512976,244134,231205,488268,Hook_1498
75,128,8,0.238959074,0.234504700,244134,231205,488268,Hook_1498
75,128,9,0.035855770,0.031397820,244134,231205,488268,Hook_1498
0,128,0,0.234222412,0.231959581,242533,229699,485066,Hook_1498
0,128,1,0.238850832,0.236568213,242533,229699,485066,Hook_1498
0,128,2,0.245825291,0.243500710,242533,229699,485066,Hook_1498
0,128,3,0.240550041,0.235966682,242533,229699,485066,Hook_1498
0,128,4,0.235607386,0.233269215,242533,229699,485066,Hook_1498
0,128,5,0.033935785,0.031542778,242533,229699,485066,Hook_1498
0,128,6,0.033400774,0.031076908,242533,229699,485066,Hook_1498
0,128,7,0.035423994,0.031152248,242533,229699,485066,Hook_1498
0,128,8,0.034799576,0.031187296,242533,229699,485066,Hook_1498
0,128,9,0.036161184,0.031286001,242533,229699,485066,Hook_1498
8,128,0,0.033064365,0.030317545,243330,230418,486660,Hook_1498
8,128,1,0.233687401,0.231044769,243330,230418,486660,Hook_1498
8,128,2,0.234876394,0.231986523,243330,230418,486660,Hook_1498
8,128,3,0.235934019,0.232969046,243330,230418,486660,Hook_1498
8,128,4,0.034507036,0.031535864,243330,230418,486660,Hook_1498
8,128,5,0.033949137,0.030948877,243330,230418,486660,Hook_1498
8,128,6,0.034374237,0.031382561,243330,230418,486660,Hook_1498
8,128,7,0.033802748,0.030904531,243330,230418,486660,Hook_1498
8,128,8,0.034298420,0.031336069,243330,230418,486660,Hook_1498
8,128,9,0.036309481,0.030937910,243330,230418,486660,Hook_1498
126,128,0,0.237207890,0.234900236,243120,230255,486240,Hook_1498
126,128,1,0.247892857,0.235955715,243120,230255,486240,Hook_1498
126,128,2,0.236860037,0.234733582,243120,230255,486240,Hook_1498
126,128,3,0.239441156,0.235878706,243120,230255,486240,Hook_1498
126,128,4,0.037768126,0.033249617,243120,230255,486240,Hook_1498
126,128,5,0.036806583,0.032392979,243120,230255,486240,Hook_1498
126,128,6,0.036772013,0.033043623,243120,230255,486240,Hook_1498
126,128,7,0.034556866,0.031980515,243120,230255,486240,Hook_1498
126,128,8,0.037897825,0.031856537,243120,230255,486240,Hook_1498
126,128,9,0.036463022,0.031829596,243120,230255,486240,Hook_1498
102,128,0,0.239261389,0.236831665,243324,230463,486648,Hook_1498
102,128,1,0.236427307,0.233993292,243324,230463,486648,Hook_1498
102,128,2,0.235591650,0.233166456,243324,230463,486648,Hook_1498
102,128,3,0.239398956,0.237019062,243324,230463,486648,Hook_1498
102,128,4,0.238003016,0.235622644,243324,230463,486648,Hook_1498
102,128,5,0.236834288,0.234505653,243324,230463,486648,Hook_1498
102,128,6,0.034390211,0.032084703,243324,230463,486648,Hook_1498
102,128,7,0.034131527,0.031844378,243324,230463,486648,Hook_1498
102,128,8,0.034600019,0.032181501,243324,230463,486648,Hook_1498
102,128,9,0.237859011,0.235076666,243324,230463,486648,Hook_1498
0,1,0,0.033956051,0.000001431,10328399,0,20656798,msdoor
0,1,1,0.033937931,0.000000954,10328399,0,20656798,msdoor
0,1,2,0.033918858,0.000001192,10328399,0,20656798,msdoor
0,1,3,0.033934116,0.000000954,10328399,0,20656798,msdoor
0,1,4,0.033926725,0.000000954,10328399,0,20656798,msdoor
0,1,5,0.033926010,0.000001192,10328399,0,20656798,msdoor
0,1,6,0.033931494,0.000000954,10328399,0,20656798,msdoor
0,1,7,0.033937216,0.000001192,10328399,0,20656798,msdoor
0,1,8,0.033930540,0.000000954,10328399,0,20656798,msdoor
0,1,9,0.033940315,0.000001192,10328399,0,20656798,msdoor
0,2,0,0.042703629,0.020720243,5144923,2512743,10289846,msdoor
0,2,1,0.042384863,0.020362377,5144923,2512743,10289846,msdoor
0,2,2,0.042351723,0.020366192,5144923,2512743,10289846,msdoor
0,2,3,0.042449713,0.020415068,5144923,2512743,10289846,msdoor
0,2,4,0.042375326,0.020364046,5144923,2512743,10289846,msdoor
0,2,5,0.042235613,0.020176888,5144923,2512743,10289846,msdoor
0,2,6,0.042273998,0.020272255,5144923,2512743,10289846,msdoor
0,2,7,0.042213917,0.020199299,5144923,2512743,10289846,msdoor
0,2,8,0.042373180,0.020300627,5144923,2512743,10289846,msdoor
0,2,9,0.042317629,0.020272017,5144923,2512743,10289846,msdoor
1,2,0,0.043006897,0.020550013,5183476,2545401,10366952,msdoor
1,2,1,0.043107033,0.020691156,5183476,2545401,10366952,msdoor
1,2,2,0.042963266,0.020564318,5183476,2545401,10366952,msdoor
1,2,3,0.043080091,0.020693779,5183476,2545401,10366952,msdoor
1,2,4,0.042918682,0.020574331,5183476,2545401,10366952,msdoor
1,2,5,0.042996883,0.020625353,5183476,2545401,10366952,msdoor
1,2,6,0.043057442,0.020667791,5183476,2545401,10366952,msdoor
1,2,7,0.043233871,0.020835876,5183476,2545401,10366952,msdoor
1,2,8,0.043078184,0.020654678,5183476,2545401,10366952,msdoor
1,2,9,0.043428898,0.020656824,5183476,2545401,10366952,msdoor
1,4,0,0.038375139,0.023194313,2576982,1887950,5153964,msdoor
1,4,1,0.031627655,0.016453505,2576982,1887950,5153964,msdoor
1,4,2,0.034553289,0.019335508,2576982,1887950,5153964,msdoor
1,4,3,0.034961224,0.019737720,2576982,1887950,5153964,msdoor
1,4,4,0.034771681,0.019780397,2576982,1887950,5153964,msdoor
1,4,5,0.034499645,0.019318342,2576982,1887950,5153964,msdoor
1,4,6,0.036035061,0.020760059,2576982,1887950,5153964,msdoor
1,4,7,0.035019875,0.019780159,2576982,1887950,5153964,msdoor
1,4,8,0.035335302,0.020155668,2576982,1887950,5153964,msdoor
1,4,9,0.033896208,0.018656015,2576982,1887950,5153964,msdoor
0,4,0,0.035999775,0.020980835,2558744,1871027,5117488,msdoor
0,4,1,0.031648159,0.016913652,2558744,1871027,5117488,msdoor
0,4,2,0.032927036,0.018353462,2558744,1871027,5117488,msdoor
0,4,3,0.033636093,0.019149303,2558744,1871027,5117488,msdoor
0,4,4,0.032683849,0.018198252,2558744,1871027,5117488,msdoor
0,4,5,0.033027649,0.018519163,2558744,1871027,5117488,msdoor
0,4,6,0.035820246,0.021268606,2558744,1871027,5117488,msdoor
0,4,7,0.034511566,0.020087481,2558744,1871027,5117488,msdoor
0,4,8,0.034498692,0.020030260,2558744,1871027,5117488,msdoor
0,4,9,0.034051180,0.019834995,2558744,1871027,5117488,msdoor
3,4,0,0.040217876,0.024200439,2606494,1917833,5212988,msdoor
3,4,1,0.033674717,0.017877102,2606494,1917833,5212988,msdoor
3,4,2,0.035743713,0.020001650,2606494,1917833,5212988,msdoor
3,4,3,0.036543608,0.020916224,2606494,1917833,5212988,msdoor
3,4,4,0.036615610,0.020948410,2606494,1917833,5212988,msdoor
3,4,5,0.036739349,0.021151781,2606494,1917833,5212988,msdoor
3,4,6,0.038247347,0.022812605,2606494,1917833,5212988,msdoor
3,4,7,0.037709951,0.022213221,2606494,1917833,5212988,msdoor
3,4,8,0.037253857,0.021838903,2606494,1917833,5212988,msdoor
3,4,9,0.036569118,0.021275282,2606494,1917833,5212988,msdoor
2,4,0,0.042395830,0.024125338,2586179,1899120,5172358,msdoor
2,4,1,0.036133051,0.018031120,2586179,1899120,5172358,msdoor
2,4,2,0.038919210,0.020856142,2586179,1899120,5172358,msdoor
2,4,3,0.038117409,0.021523714,2586179,1899120,5172358,msdoor
2,4,4,0.039694071,0.021511316,2586179,1899120,5172358,msdoor
2,4,5,0.039529085,0.021337032,2586179,1899120,5172358,msdoor
2,4,6,0.040871620,0.023122549,2586179,1899120,5172358,msdoor
2,4,7,0.040520668,0.022283077,2586179,1899120,5172358,msdoor
2,4,8,0.040217638,0.022175550,2586179,1899120,5172358,msdoor
2,4,9,0.039367676,0.021818638,2586179,1899120,5172358,msdoor
5,8,0,0.025013447,0.017036676,1286241,1100460,2572482,msdoor
5,8,1,0.022283792,0.014366388,1286241,1100460,2572482,msdoor
5,8,2,0.022043228,0.014224291,1286241,1100460,2572482,msdoor
5,8,3,0.021901846,0.014121532,1286241,1100460,2572482,msdoor
5,8,4,0.021747112,0.014016390,1286241,1100460,2572482,msdoor
5,8,5,0.022018433,0.014308929,1286241,1100460,2572482,msdoor
5,8,6,0.021753788,0.014044285,1286241,1100460,2572482,msdoor
5,8,7,0.021436214,0.013789415,1286241,1100460,2572482,msdoor
5,8,8,0.021778107,0.014125824,1286241,1100460,2572482,msdoor
5,8,9,0.021772146,0.014131308,1286241,1100460,2572482,msdoor
4,8,0,0.024933815,0.016970634,1277493,1092082,2554986,msdoor
4,8,1,0.021522045,0.013681650,1277493,1092082,2554986,msdoor
4,8,2,0.021935225,0.014119148,1277493,1092082,2554986,msdoor
4,8,3,0.021684885,0.013941765,1277493,1092082,2554986,msdoor
4,8,4,0.021842718,0.014087677,1277493,1092082,2554986,msdoor
4,8,5,0.021576166,0.013899088,1277493,1092082,2554986,msdoor
4,8,6,0.020714283,0.013063669,1277493,1092082,2554986,msdoor
4,8,7,0.021959066,0.014292002,1277493,1092082,2554986,msdoor
4,8,8,0.022428036,0.014798403,1277493,1092082,2554986,msdoor
4,8,9,0.022809982,0.015199184,1277493,1092082,2554986,msdoor
2,8,0,0.027363062,0.016824484,1295807,1108342,2591614,msdoor
2,8,1,0.024627924,0.013991356,1295807,1108342,2591614,msdoor
2,8,2,0.024195433,0.013491631,1295807,1108342,2591614,msdoor
2,8,3,0.024252415,0.013760567,1295807,1108342,2591614,msdoor
2,8,4,0.023941755,0.013406277,1295807,1108342,2591614,msdoor
2,8,5,0.023206234,0.012622833,1295807,1108342,2591614,msdoor
2,8,6,0.023468971,0.012800217,1295807,1108342,2591614,msdoor
2,8,7,0.022851944,0.012943983,1295807,1108342,2591614,msdoor
2,8,8,0.023512125,0.012913227,1295807,1108342,2591614,msdoor
2,8,9,0.022745371,0.013223171,1295807,1108342,2591614,msdoor
3,8,0,0.026157379,0.017259359,1305906,1118212,2611812,msdoor
3,8,1,0.022596836,0.013901949,1305906,1118212,2611812,msdoor
3,8,2,0.023263693,0.014644861,1305906,1118212,2611812,msdoor
3,8,3,0.022485971,0.013918877,1305906,1118212,2611812,msdoor
3,8,4,0.022651434,0.014138460,1305906,1118212,2611812,msdoor
3,8,5,0.022435665,0.013937235,1305906,1118212,2611812,msdoor
3,8,6,0.022793770,0.014321566,1305906,1118212,2611812,msdoor
3,8,7,0.022574663,0.014132977,1305906,1118212,2611812,msdoor
3,8,8,0.022491693,0.014057398,1305906,1118212,2611812,msdoor
3,8,9,0.022859812,0.014441013,1305906,1118212,2611812,msdoor
1,8,0,0.030292511,0.018418074,1290741,1102943,2581482,msdoor
1,8,1,0.025024652,0.015995502,1290741,1102943,2581482,msdoor
1,8,2,0.024327040,0.015573025,1290741,1102943,2581482,msdoor
1,8,3,0.023964882,0.015328884,1290741,1102943,2581482,msdoor
1,8,4,0.023933411,0.015381575,1290741,1102943,2581482,msdoor
1,8,5,0.022728920,0.014204741,1290741,1102943,2581482,msdoor
1,8,6,0.022701502,0.014106989,1290741,1102943,2581482,msdoor
1,8,7,0.023706198,0.015173912,1290741,1102943,2581482,msdoor
1,8,8,0.023527861,0.015035391,1290741,1102943,2581482,msdoor
1,8,9,0.024072170,0.015672684,1290741,1102943,2581482,msdoor
7,8,0,0.027232170,0.017796755,1300588,1114832,2601176,msdoor
7,8,1,0.024578094,0.015402317,1300588,1114832,2601176,msdoor
7,8,2,0.023986816,0.014809608,1300588,1114832,2601176,msdoor
7,8,3,0.023619175,0.014462471,1300588,1114832,2601176,msdoor
7,8,4,0.024432421,0.015394449,1300588,1114832,2601176,msdoor
7,8,5,0.024406433,0.015369892,1300588,1114832,2601176,msdoor
7,8,6,0.023696423,0.014588833,1300588,1114832,2601176,msdoor
7,8,7,0.023320675,0.014173031,1300588,1114832,2601176,msdoor
7,8,8,0.023232937,0.014183521,1300588,1114832,2601176,msdoor
7,8,9,0.025958538,0.015125036,1300588,1114832,2601176,msdoor
0,8,0,0.028387070,0.018404961,1281251,1093631,2562502,msdoor
0,8,1,0.025619745,0.015995264,1281251,1093631,2562502,msdoor
0,8,2,0.025755405,0.016173124,1281251,1093631,2562502,msdoor
0,8,3,0.025634050,0.016086340,1281251,1093631,2562502,msdoor
0,8,4,0.025653839,0.016155481,1281251,1093631,2562502,msdoor
0,8,5,0.025783539,0.016233444,1281251,1093631,2562502,msdoor
0,8,6,0.025337219,0.015809536,1281251,1093631,2562502,msdoor
0,8,7,0.025679588,0.016143322,1281251,1093631,2562502,msdoor
0,8,8,0.025140285,0.015951395,1281251,1093631,2562502,msdoor
0,8,9,0.027627468,0.016639948,1281251,1093631,2562502,msdoor
6,8,0,0.032001019,0.018937588,1290372,1105085,2580744,msdoor
6,8,1,0.029098272,0.016537428,1290372,1105085,2580744,msdoor
6,8,2,0.028964996,0.016372442,1290372,1105085,2580744,msdoor
6,8,3,0.028652430,0.016165495,1290372,1105085,2580744,msdoor
6,8,4,0.028859854,0.016283989,1290372,1105085,2580744,msdoor
6,8,5,0.028641462,0.016224623,1290372,1105085,2580744,msdoor
6,8,6,0.028274536,0.015857935,1290372,1105085,2580744,msdoor
6,8,7,0.028610468,0.016154528,1290372,1105085,2580744,msdoor
6,8,8,0.268861294,0.256097794,1290372,1105085,2580744,msdoor
6,8,9,0.029579401,0.018445969,1290372,1105085,2580744,msdoor
4,16,0,0.014714241,0.011536598,637904,581739,1275808,msdoor
4,16,1,0.013521433,0.010404348,637904,581739,1275808,msdoor
4,16,2,0.012562037,0.009461641,637904,581739,1275808,msdoor
4,16,3,0.012688398,0.009597063,637904,581739,1275808,msdoor
4,16,4,0.012593746,0.009498596,637904,581739,1275808,msdoor
4,16,5,0.012797832,0.009689331,637904,581739,1275808,msdoor
4,16,6,0.012758255,0.009665251,637904,581739,1275808,msdoor
4,16,7,0.012842655,0.009728670,637904,581739,1275808,msdoor
4,16,8,0.013408661,0.010325670,637904,581739,1275808,msdoor
4,16,9,0.012876272,0.009800434,637904,581739,1275808,msdoor
11,16,0,0.015701771,0.012401104,654058,597239,1308116,msdoor
11,16,1,0.013479948,0.010257483,654058,597239,1308116,msdoor
11,16,2,0.013340473,0.010143757,654058,597239,1308116,msdoor
11,16,3,0.013578653,0.010382175,654058,597239,1308116,msdoor
11,16,4,0.012871981,0.009678125,654058,597239,1308116,msdoor
11,16,5,0.013418436,0.010224104,654058,597239,1308116,msdoor
11,16,6,0.013998985,0.010806561,654058,597239,1308116,msdoor
11,16,7,0.013196468,0.010005474,654058,597239,1308116,msdoor
11,16,8,0.013621569,0.010434389,654058,597239,1308116,msdoor
11,16,9,0.013013124,0.009827614,654058,597239,1308116,msdoor
5,16,0,0.015750647,0.012485266,642166,585473,1284332,msdoor
5,16,1,0.013962984,0.010742188,642166,585473,1284332,msdoor
5,16,2,0.014309883,0.011115074,642166,585473,1284332,msdoor
5,16,3,0.014225245,0.011031628,642166,585473,1284332,msdoor
5,16,4,0.014303684,0.011104107,642166,585473,1284332,msdoor
5,16,5,0.014131546,0.010943413,642166,585473,1284332,msdoor
5,16,6,0.014317513,0.011144161,642166,585473,1284332,msdoor
5,16,7,0.013380766,0.010184765,642166,585473,1284332,msdoor
5,16,8,0.014029980,0.010852098,642166,585473,1284332,msdoor
5,16,9,0.014004707,0.010837793,642166,585473,1284332,msdoor
13,16,0,0.017712593,0.013725519,644075,588125,1288150,msdoor
13,16,1,0.015279055,0.011884689,644075,588125,1288150,msdoor
13,16,2,0.014560223,0.011314869,644075,588125,1288150,msdoor
13,16,3,0.014911652,0.011708260,644075,588125,1288150,msdoor
13,16,4,0.014611244,0.011430025,644075,588125,1288150,msdoor
13,16,5,0.013897181,0.010729074,644075,588125,1288150,msdoor
13,16,6,0.014918327,0.011751175,644075,588125,1288150,msdoor
13,16,7,0.015149593,0.011970520,644075,588125,1288150,msdoor
13,16,8,0.014243126,0.011076450,644075,588125,1288150,msdoor
13,16,9,0.014437199,0.011273384,644075,588125,1288150,msdoor
10,16,0,0.016307354,0.013083696,648933,592642,1297866,msdoor
10,16,1,0.015757561,0.012587786,648933,592642,1297866,msdoor
10,16,2,0.014284134,0.011131048,648933,592642,1297866,msdoor
10,16,3,0.014046192,0.010901451,648933,592642,1297866,msdoor
10,16,4,0.014732361,0.011584759,648933,592642,1297866,msdoor
10,16,5,0.013591766,0.010440826,648933,592642,1297866,msdoor
10,16,6,0.013375044,0.010238409,648933,592642,1297866,msdoor
10,16,7,0.013857841,0.010721207,648933,592642,1297866,msdoor
10,16,8,0.013771057,0.010636806,648933,592642,1297866,msdoor
10,16,9,0.014605045,0.011475563,648933,592642,1297866,msdoor
3,16,0,0.018758297,0.014340878,651848,595039,1303696,msdoor
3,16,1,0.017025471,0.012872458,651848,595039,1303696,msdoor
3,16,2,0.016566992,0.012667656,651848,595039,1303696,msdoor
3,16,3,0.016465664,0.012517452,651848,595039,1303696,msdoor
3,16,4,0.016481876,0.012549877,651848,595039,1303696,msdoor
3,16,5,0.016355276,0.012488365,651848,595039,1303696,msdoor
3,16,6,0.018195391,0.014271975,651848,595039,1303696,msdoor
3,16,7,0.018774033,0.014891624,651848,595039,1303696,msdoor
3,16,8,0.016650915,0.012984753,651848,595039,1303696,msdoor
3,16,9,0.015425920,0.011974573,651848,595039,1303696,msdoor
12,16,0,0.017566681,0.014360428,639589,583237,1279178,msdoor
12,16,1,0.016186714,0.013057947,639589,583237,1279178,msdoor
12,16,2,0.015757561,0.012642145,639589,583237,1279178,msdoor
12,16,3,0.015629768,0.012527704,639589,583237,1279178,msdoor
12,16,4,0.015730143,0.012632847,639589,583237,1279178,msdoor
12,16,5,0.015327454,0.012240171,639589,583237,1279178,msdoor
12,16,6,0.015557528,0.012469530,639589,583237,1279178,msdoor
12,16,7,0.015918493,0.012826920,639589,583237,1279178,msdoor
12,16,8,0.015747786,0.012658358,639589,583237,1279178,msdoor
12,16,9,0.015671968,0.012580395,639589,583237,1279178,msdoor
1,16,0,0.016630650,0.013374329,644599,587876,1289198,msdoor
1,16,1,0.016191483,0.012546062,644599,587876,1289198,msdoor
6,16,0,0.018813372,0.015565395,644374,588238,1288748,msdoor
6,16,1,0.016088009,0.012901306,644374,588238,1288748,msdoor
6,16,2,0.015764236,0.012579679,644374,588238,1288748,msdoor
6,16,3,0.016018152,0.012838840,644374,588238,1288748,msdoor
6,16,4,0.016276121,0.013097525,644374,588238,1288748,msdoor
1,16,2,0.015977383,0.012332201,644599,587876,1289198,msdoor
1,16,3,0.015856743,0.012167215,644599,587876,1289198,msdoor
1,16,4,0.016105413,0.012411356,644599,587876,1289198,msdoor
1,16,5,0.015652418,0.011933804,644599,587876,1289198,msdoor
6,16,5,0.015999556,0.012832165,644374,588238,1288748,msdoor
6,16,6,0.016346455,0.013177156,644374,588238,1288748,msdoor
6,16,7,0.017133236,0.013969660,644374,588238,1288748,msdoor
1,16,6,0.015509844,0.011863232,644599,587876,1289198,msdoor
1,16,7,0.015976429,0.012284279,644599,587876,1289198,msdoor
1,16,8,0.015826702,0.012191057,644599,587876,1289198,msdoor
1,16,9,0.015715837,0.012060881,644599,587876,1289198,msdoor
6,16,8,0.015986919,0.012812138,644374,588238,1288748,msdoor
6,16,9,0.015769958,0.012610912,644374,588238,1288748,msdoor
0,16,0,0.017800093,0.013936996,640437,584179,1280874,msdoor
0,16,1,0.016551733,0.012755871,640437,584179,1280874,msdoor
0,16,2,0.016210556,0.012418509,640437,584179,1280874,msdoor
0,16,3,0.016178846,0.012442112,640437,584179,1280874,msdoor
0,16,4,0.016566515,0.012879848,640437,584179,1280874,msdoor
0,16,5,0.016359091,0.012654066,640437,584179,1280874,msdoor
0,16,6,0.016533136,0.012869120,640437,584179,1280874,msdoor
0,16,7,0.017072201,0.013407230,640437,584179,1280874,msdoor
0,16,8,0.016235352,0.012556553,640437,584179,1280874,msdoor
0,16,9,0.016219854,0.012540102,640437,584179,1280874,msdoor
2,16,0,0.019931793,0.014431000,646874,589801,1293748,msdoor
2,16,1,0.023537636,0.018375158,646874,589801,1293748,msdoor
2,16,2,0.018383980,0.013220310,646874,589801,1293748,msdoor
2,16,3,0.019095421,0.014216185,646874,589801,1293748,msdoor
2,16,4,0.019086838,0.014072657,646874,589801,1293748,msdoor
2,16,5,0.018526554,0.013378382,646874,589801,1293748,msdoor
2,16,6,0.017493486,0.012888193,646874,589801,1293748,msdoor
2,16,7,0.018180370,0.013165236,646874,589801,1293748,msdoor
2,16,8,0.018449545,0.013259888,646874,589801,1293748,msdoor
2,16,9,0.016435385,0.012414455,646874,589801,1293748,msdoor
14,16,0,0.019167900,0.013710022,645998,589805,1291996,msdoor
14,16,1,0.016879320,0.012455940,645998,589805,1291996,msdoor
14,16,2,0.017786503,0.012645721,645998,589805,1291996,msdoor
14,16,3,0.017482519,0.012755156,645998,589805,1291996,msdoor
14,16,4,0.017226934,0.012544870,645998,589805,1291996,msdoor
14,16,5,0.017458439,0.012485743,645998,589805,1291996,msdoor
14,16,6,0.017067909,0.012558222,645998,589805,1291996,msdoor
14,16,7,0.017757177,0.012831211,645998,589805,1291996,msdoor
14,16,8,0.017942429,0.012860775,645998,589805,1291996,msdoor
14,16,9,0.016744614,0.012803316,645998,589805,1291996,msdoor
15,16,0,0.020104885,0.015032768,651116,594354,1302232,msdoor
15,16,1,0.018580198,0.013694763,651116,594354,1302232,msdoor
15,16,2,0.017966270,0.013370752,651116,594354,1302232,msdoor
15,16,3,0.017379999,0.012963057,651116,594354,1302232,msdoor
15,16,4,0.017201185,0.012799978,651116,594354,1302232,msdoor
15,16,5,0.016690493,0.012386560,651116,594354,1302232,msdoor
15,16,6,0.017753601,0.013452291,651116,594354,1302232,msdoor
15,16,7,0.018805027,0.014297962,651116,594354,1302232,msdoor
15,16,8,0.017274141,0.012541294,651116,594354,1302232,msdoor
15,16,9,0.016926527,0.012381792,651116,594354,1302232,msdoor
7,16,0,0.018193483,0.014204264,649472,593567,1298944,msdoor
7,16,1,0.018301487,0.012177467,649472,593567,1298944,msdoor
7,16,2,0.017793655,0.012023687,649472,593567,1298944,msdoor
7,16,3,0.017709017,0.012043715,649472,593567,1298944,msdoor
7,16,4,0.017614126,0.012114763,649472,593567,1298944,msdoor
7,16,5,0.017198563,0.011786938,649472,593567,1298944,msdoor
7,16,6,0.017223120,0.011831045,649472,593567,1298944,msdoor
7,16,7,0.018009186,0.012483835,649472,593567,1298944,msdoor
7,16,8,0.017407179,0.012013197,649472,593567,1298944,msdoor
7,16,9,0.017379045,0.011968136,649472,593567,1298944,msdoor
8,16,0,0.019588470,0.014186144,640814,583523,1281628,msdoor
8,16,1,0.017336130,0.012053967,640814,583523,1281628,msdoor
8,16,2,0.017261982,0.013016224,640814,583523,1281628,msdoor
8,16,3,0.017706394,0.012796164,640814,583523,1281628,msdoor
8,16,4,0.017798185,0.012700319,640814,583523,1281628,msdoor
8,16,5,0.016176701,0.012133598,640814,583523,1281628,msdoor
8,16,6,0.018462420,0.013143063,640814,583523,1281628,msdoor
8,16,7,0.258775473,0.253161907,640814,583523,1281628,msdoor
8,16,8,0.016951561,0.012903452,640814,583523,1281628,msdoor
8,16,9,0.017508507,0.012597561,640814,583523,1281628,msdoor
9,16,0,0.253637075,0.248605013,646142,589291,1292284,msdoor
9,16,1,0.016814232,0.012754679,646142,589291,1292284,msdoor
9,16,2,0.015657902,0.011864185,646142,589291,1292284,msdoor
9,16,3,0.015151739,0.011386633,646142,589291,1292284,msdoor
9,16,4,0.015759706,0.011902332,646142,589291,1292284,msdoor
9,16,5,0.016164541,0.012295485,646142,589291,1292284,msdoor
9,16,6,0.016227722,0.012489557,646142,589291,1292284,msdoor
9,16,7,0.016023636,0.012314796,646142,589291,1292284,msdoor
9,16,8,0.023320198,0.012204647,646142,589291,1292284,msdoor
9,16,9,0.017867327,0.011520386,646142,589291,1292284,msdoor
5,32,0,0.012060881,0.010454655,321070,300588,642140,msdoor
5,32,1,0.011180401,0.009618282,321070,300588,642140,msdoor
5,32,2,0.010810614,0.009281397,321070,300588,642140,msdoor
5,32,3,0.010644436,0.009119987,321070,300588,642140,msdoor
5,32,4,0.010724068,0.009200335,321070,300588,642140,msdoor
5,32,5,0.010607958,0.009082556,321070,300588,642140,msdoor
5,32,6,0.010949612,0.009416819,321070,300588,642140,msdoor
5,32,7,0.011414528,0.009885311,321070,300588,642140,msdoor
5,32,8,0.010738134,0.009222746,321070,300588,642140,msdoor
5,32,9,0.010608673,0.009076357,321070,300588,642140,msdoor
4,32,0,0.012758017,0.011313915,318486,298128,636972,msdoor
4,32,1,0.011263847,0.009830475,318486,298128,636972,msdoor
4,32,2,0.010863304,0.009433746,318486,298128,636972,msdoor
4,32,3,0.010907173,0.009478092,318486,298128,636972,msdoor
4,32,4,0.020104647,0.018679380,318486,298128,636972,msdoor
4,32,5,0.012589693,0.011162281,318486,298128,636972,msdoor
4,32,6,0.011778355,0.010345697,318486,298128,636972,msdoor
4,32,7,0.012826681,0.011393070,318486,298128,636972,msdoor
4,32,8,0.012763023,0.011334658,318486,298128,636972,msdoor
4,32,9,0.011780500,0.010352612,318486,298128,636972,msdoor
23,32,0,0.012942076,0.011312723,325121,304819,650242,msdoor
23,32,1,0.011955261,0.010337830,325121,304819,650242,msdoor
23,32,2,0.012453318,0.010913610,325121,304819,650242,msdoor
23,32,3,0.012032986,0.010454893,325121,304819,650242,msdoor
23,32,4,0.012185574,0.010608435,325121,304819,650242,msdoor
23,32,5,0.011959076,0.010401487,325121,304819,650242,msdoor
23,32,6,0.012322426,0.010749578,325121,304819,650242,msdoor
23,32,7,0.012158632,0.010575771,325121,304819,650242,msdoor
23,32,8,0.011721134,0.010152102,325121,304819,650242,msdoor
23,32,9,0.011738777,0.010181189,325121,304819,650242,msdoor
17,32,0,0.013634682,0.012160301,322001,301680,644002,msdoor
17,32,1,0.012144089,0.010677576,322001,301680,644002,msdoor
17,32,2,0.012152672,0.010691643,322001,301680,644002,msdoor
17,32,3,0.012140751,0.010684252,322001,301680,644002,msdoor
17,32,4,0.012607336,0.011144400,322001,301680,644002,msdoor
17,32,5,0.012722969,0.011266470,322001,301680,644002,msdoor
17,32,6,0.012302399,0.010848522,322001,301680,644002,msdoor
17,32,7,0.012792587,0.011336088,322001,301680,644002,msdoor
17,32,8,0.012475729,0.011016369,322001,301680,644002,msdoor
17,32,9,0.011831522,0.010370255,322001,301680,644002,msdoor
26,32,0,0.013537169,0.011069536,324962,304682,649924,msdoor
26,32,1,0.012749672,0.010072470,324962,304682,649924,msdoor
26,32,2,0.013625383,0.010828257,324962,304682,649924,msdoor
26,32,3,0.013990164,0.011012793,324962,304682,649924,msdoor
26,32,4,0.014196157,0.011373520,324962,304682,649924,msdoor
26,32,5,0.214331150,0.211379290,324962,304682,649924,msdoor
26,32,6,0.013288498,0.011013746,324962,304682,649924,msdoor
26,32,7,0.013653040,0.011610270,324962,304682,649924,msdoor
26,32,8,0.012902498,0.011079788,324962,304682,649924,msdoor
26,32,9,0.011927366,0.009547472,324962,304682,649924,msdoor
29,32,0,0.209746361,0.208106518,322431,302216,644862,msdoor
29,32,1,0.011749983,0.010173798,322431,302216,644862,msdoor
29,32,2,0.012073755,0.010510206,322431,302216,644862,msdoor
29,32,3,0.012018681,0.010467052,322431,302216,644862,msdoor
29,32,4,0.012344360,0.010782719,322431,302216,644862,msdoor
29,32,5,0.012655020,0.011101484,322431,302216,644862,msdoor
29,32,6,0.012108326,0.010555506,322431,302216,644862,msdoor
29,32,7,0.012674809,0.011118174,322431,302216,644862,msdoor
29,32,8,0.012019873,0.010461569,322431,302216,644862,msdoor
29,32,9,0.011936426,0.010366440,322431,302216,644862,msdoor
16,32,0,0.251327515,0.249694824,320302,300034,640604,msdoor
16,32,1,0.012337208,0.010785341,320302,300034,640604,msdoor
11,32,0,0.012775421,0.011148691,326617,306299,653234,msdoor
11,32,1,0.011452913,0.009873152,326617,306299,653234,msdoor
11,32,2,0.210425615,0.208805799,326617,306299,653234,msdoor
11,32,3,0.011131525,0.009565353,326617,306299,653234,msdoor
11,32,4,0.011528969,0.009966850,326617,306299,653234,msdoor
11,32,5,0.011775494,0.010200500,326617,306299,653234,msdoor
11,32,6,0.011747360,0.010186911,326617,306299,653234,msdoor
11,32,7,0.011786222,0.010217428,326617,306299,653234,msdoor
11,32,8,0.011674643,0.010096073,326617,306299,653234,msdoor
11,32,9,0.012041569,0.010454416,326617,306299,653234,msdoor
16,32,2,0.213163376,0.211583853,320302,300034,640604,msdoor
16,32,3,0.012696505,0.011147261,320302,300034,640604,msdoor
16,32,4,0.213240385,0.211687088,320302,300034,640604,msdoor
16,32,5,0.013058424,0.011516094,320302,300034,640604,msdoor
16,32,6,0.012781382,0.011240482,320302,300034,640604,msdoor
16,32,7,0.013226748,0.011688948,320302,300034,640604,msdoor
16,32,8,0.012851954,0.011319160,320302,300034,640604,msdoor
16,32,9,0.012096405,0.010563850,320302,300034,640604,msdoor
10,32,0,0.013897896,0.012290955,323971,303751,647942,msdoor
10,32,1,0.013082504,0.011508942,323971,303751,647942,msdoor
10,32,2,0.253950357,0.252318144,323971,303751,647942,msdoor
10,32,3,0.012669325,0.011098862,323971,303751,647942,msdoor
10,32,4,0.013046026,0.011481047,323971,303751,647942,msdoor
10,32,5,0.013193607,0.011624575,323971,303751,647942,msdoor
10,32,6,0.012639284,0.011080265,323971,303751,647942,msdoor
10,32,7,0.013424873,0.011845112,323971,303751,647942,msdoor
10,32,8,0.013209581,0.011608124,323971,303751,647942,msdoor
10,32,9,0.012145281,0.010572910,323971,303751,647942,msdoor
22,32,0,0.211894512,0.210324526,322319,302070,644638,msdoor
22,32,1,0.012902260,0.011301279,322319,302070,644638,msdoor
22,32,2,0.012678385,0.011150837,322319,302070,644638,msdoor
22,32,3,0.012905598,0.011345863,322319,302070,644638,msdoor
22,32,4,0.012820482,0.011294603,322319,302070,644638,msdoor
22,32,5,0.013266563,0.011704206,322319,302070,644638,msdoor
22,32,6,0.012919664,0.011364460,322319,302070,644638,msdoor
14,32,0,0.215561867,0.211000204,323366,303187,646732,msdoor
14,32,1,0.013355970,0.010698557,323366,303187,646732,msdoor
14,32,2,0.213864565,0.210820913,323366,303187,646732,msdoor
14,32,3,0.013913631,0.010962963,323366,303187,646732,msdoor
14,32,4,0.014149666,0.011491060,323366,303187,646732,msdoor
14,32,5,0.014294624,0.011411190,323366,303187,646732,msdoor
14,32,6,0.013203621,0.010894537,323366,303187,646732,msdoor
14,32,7,0.013283968,0.011355400,323366,303187,646732,msdoor
22,32,7,0.013253212,0.011707783,322319,302070,644638,msdoor
22,32,8,0.012875557,0.011326313,322319,302070,644638,msdoor
22,32,9,0.012324810,0.010769367,322319,302070,644638,msdoor
14,32,8,0.012662888,0.010912418,323366,303187,646732,msdoor
14,32,9,0.012379408,0.010640383,323366,303187,646732,msdoor
28,32,0,0.214309692,0.212656975,320303,300160,640606,msdoor
28,32,1,0.014092684,0.012497663,320303,300160,640606,msdoor
28,32,2,0.212095499,0.210572004,320303,300160,640606,msdoor
28,32,3,0.014377117,0.012798071,320303,300160,640606,msdoor
28,32,4,0.013858318,0.012296200,320303,300160,640606,msdoor
28,32,5,0.014376640,0.012795687,320303,300160,640606,msdoor
28,32,6,0.014068127,0.012501001,320303,300160,640606,msdoor
28,32,7,0.013915777,0.012353182,320303,300160,640606,msdoor
28,32,8,0.013048887,0.011500597,320303,300160,640606,msdoor
28,32,9,0.012657166,0.011093140,320303,300160,640606,msdoor
19,32,0,0.014547110,0.012584448,325871,305493,651742,msdoor
19,32,1,0.013261080,0.011353970,325871,305493,651742,msdoor
19,32,2,0.013174534,0.011314631,325871,305493,651742,msdoor
19,32,3,0.013168573,0.011301279,325871,305493,651742,msdoor
19,32,4,0.013079405,0.011222363,325871,305493,651742,msdoor
19,32,5,0.013458252,0.011604786,325871,305493,651742,msdoor
19,32,6,0.013078213,0.011251926,325871,305493,651742,msdoor
19,32,7,0.013345957,0.011517048,325871,305493,651742,msdoor
19,32,8,0.013137102,0.011279106,325871,305493,651742,msdoor
19,32,9,0.012583733,0.010774136,325871,305493,651742,msdoor
13,32,0,0.014369249,0.012462854,321644,301434,643288,msdoor
13,32,1,0.013358831,0.011480808,321644,301434,643288,msdoor
13,32,2,0.013174295,0.011330843,321644,301434,643288,msdoor
13,32,3,0.013319731,0.011467457,321644,301434,643288,msdoor
13,32,4,0.013296127,0.011455059,321644,301434,643288,msdoor
13,32,5,0.013535261,0.011709452,321644,301434,643288,msdoor
13,32,6,0.013186932,0.011371374,321644,301434,643288,msdoor
13,32,7,0.013594627,0.011769533,321644,301434,643288,msdoor
13,32,8,0.013391018,0.011554241,321644,301434,643288,msdoor
13,32,9,0.012621164,0.010847092,321644,301434,643288,msdoor
21,32,0,0.216038465,0.206116676,321096,300616,642192,msdoor
21,32,1,0.012675762,0.011048079,321096,300616,642192,msdoor
21,32,2,0.013181210,0.011573792,321096,300616,642192,msdoor
21,32,3,0.013610363,0.012039900,321096,300616,642192,msdoor
21,32,4,0.012515306,0.010937452,321096,300616,642192,msdoor
21,32,5,0.013108253,0.011535168,321096,300616,642192,msdoor
21,32,6,0.013144732,0.011578083,321096,300616,642192,msdoor
21,32,7,0.012609005,0.011042595,321096,300616,642192,msdoor
21,32,8,0.012663364,0.011101484,321096,300616,642192,msdoor
21,32,9,0.012629509,0.011057854,321096,300616,642192,msdoor
31,32,0,0.014430761,0.012496948,325395,304897,650790,msdoor
31,32,1,0.013328075,0.011439085,325395,304897,650790,msdoor
31,32,2,0.013123989,0.011291504,325395,304897,650790,msdoor
20,32,0,0.214354515,0.211627483,319418,299106,638836,msdoor
20,32,1,0.013148546,0.010633230,319418,299106,638836,msdoor
20,32,2,0.217927217,0.215237379,319418,299106,638836,msdoor
20,32,3,0.013286591,0.010746717,319418,299106,638836,msdoor
20,32,4,0.012171030,0.010312080,319418,299106,638836,msdoor
20,32,5,0.012955427,0.010579109,319418,299106,638836,msdoor
9,32,0,0.014187098,0.012170553,322781,302270,645562,msdoor
9,32,1,0.214515209,0.211287022,322781,302270,645562,msdoor
9,32,2,0.013565302,0.011663198,322781,302270,645562,msdoor
9,32,3,0.013551712,0.011642456,322781,302270,645562,msdoor
9,32,4,0.013544083,0.011643171,322781,302270,645562,msdoor
9,32,5,0.014040947,0.012109280,322781,302270,645562,msdoor
9,32,6,0.013546228,0.011644363,322781,302270,645562,msdoor
9,32,7,0.013984680,0.012075186,322781,302270,645562,msdoor
9,32,8,0.013567686,0.011665583,322781,302270,645562,msdoor
9,32,9,0.012794256,0.010887623,322781,302270,645562,msdoor
25,32,0,0.014380217,0.012435436,323361,302950,646722,msdoor
25,32,1,0.013265610,0.011379004,323361,302950,646722,msdoor
20,32,6,0.013013363,0.010514259,319418,299106,638836,msdoor
20,32,7,0.012894392,0.010680199,319418,299106,638836,msdoor
20,32,8,0.012585640,0.010749817,319418,299106,638836,msdoor
20,32,9,0.012905836,0.010539293,319418,299106,638836,msdoor
31,32,3,0.013144493,0.011301756,325395,304897,650790,msdoor
31,32,4,0.013254166,0.011404753,325395,304897,650790,msdoor
31,32,5,0.013519287,0.011688471,325395,304897,650790,msdoor
31,32,6,0.013155937,0.011326790,325395,304897,650790,msdoor
31,32,7,0.013511181,0.011683941,325395,304897,650790,msdoor
31,32,8,0.013177156,0.011345625,325395,304897,650790,msdoor
31,32,9,0.012794495,0.010966301,325395,304897,650790,msdoor
25,32,2,0.013173342,0.011312962,323361,302950,646722,msdoor
25,32,3,0.013206244,0.011350393,323361,302950,646722,msdoor
25,32,4,0.013264656,0.011413336,323361,302950,646722,msdoor
25,32,5,0.013667583,0.011814356,323361,302950,646722,msdoor
25,32,6,0.013144016,0.011307240,323361,302950,646722,msdoor
25,32,7,0.013558626,0.011715889,323361,302950,646722,msdoor
25,32,8,0.013281822,0.011428595,323361,302950,646722,msdoor
25,32,9,0.012813091,0.010992050,323361,302950,646722,msdoor
7,32,0,0.014131784,0.012223482,324351,304094,648702,msdoor
7,32,1,0.013092041,0.011215925,324351,304094,648702,msdoor
7,32,2,0.013427973,0.011544228,324351,304094,648702,msdoor
7,32,3,0.012965918,0.011125326,324351,304094,648702,msdoor
7,32,4,0.013060093,0.011218548,324351,304094,648702,msdoor
7,32,5,0.013427734,0.011593580,324351,304094,648702,msdoor
7,32,6,0.012973547,0.011134148,324351,304094,648702,msdoor
8,32,0,0.254625082,0.251745462,320048,299530,640096,msdoor
8,32,1,0.013173580,0.010641336,320048,299530,640096,msdoor
8,32,2,0.216269255,0.213492155,320048,299530,640096,msdoor
8,32,3,0.013661861,0.011068583,320048,299530,640096,msdoor
8,32,4,0.013460875,0.011455059,320048,299530,640096,msdoor
8,32,5,0.014114380,0.011625051,320048,299530,640096,msdoor
7,32,7,0.013606787,0.011745691,324351,304094,648702,msdoor
7,32,8,0.012972832,0.011140585,324351,304094,648702,msdoor
7,32,9,0.012949467,0.011082888,324351,304094,648702,msdoor
8,32,6,0.013080120,0.010496855,320048,299530,640096,msdoor
8,32,7,0.013939857,0.011652946,320048,299530,640096,msdoor
8,32,8,0.013208866,0.011229038,320048,299530,640096,msdoor
8,32,9,0.013115644,0.010641813,320048,299530,640096,msdoor
2,32,0,0.255965710,0.253058910,323864,303467,647728,msdoor
2,32,1,0.014454126,0.011876822,323864,303467,647728,msdoor
2,32,2,0.013639927,0.011467457,323864,303467,647728,msdoor
2,32,3,0.013827562,0.011193514,323864,303467,647728,msdoor
2,32,4,0.013603687,0.011574507,323864,303467,647728,msdoor
2,32,5,0.013979912,0.011490583,323864,303467,647728,msdoor
2,32,6,0.013890266,0.011232615,323864,303467,647728,msdoor
2,32,7,0.013818741,0.011541843,323864,303467,647728,msdoor
2,32,8,0.216853857,0.213997364,323864,303467,647728,msdoor
2,32,9,0.013246536,0.010741711,323864,303467,647728,msdoor
1,32,0,0.014215708,0.012297630,322598,302140,645196,msdoor
1,32,1,0.013118505,0.011244774,322598,302140,645196,msdoor
1,32,2,0.013242006,0.011375189,322598,302140,645196,msdoor
1,32,3,0.012934446,0.011120558,322598,302140,645196,msdoor
1,32,4,0.013078928,0.011253595,322598,302140,645196,msdoor
1,32,5,0.013624668,0.011775970,322598,302140,645196,msdoor
1,32,6,0.013133764,0.011302710,322598,302140,645196,msdoor
1,32,7,0.013243675,0.011435747,322598,302140,645196,msdoor
1,32,8,0.012910366,0.011102676,322598,302140,645196,msdoor
1,32,9,0.013244629,0.011383057,322598,302140,645196,msdoor
15,32,0,0.014932871,0.013039827,325721,305257,651442,msdoor
15,32,1,0.210962057,0.209057570,325721,305257,651442,msdoor
15,32,2,0.014792204,0.012994528,325721,305257,651442,msdoor
15,32,3,0.013779163,0.011942625,325721,305257,651442,msdoor
15,32,4,0.013957739,0.012161016,325721,305257,651442,msdoor
15,32,5,0.014138222,0.012150049,325721,305257,651442,msdoor
15,32,6,0.013741255,0.011822462,325721,305257,651442,msdoor
15,32,7,0.013911724,0.012106419,325721,305257,651442,msdoor
15,32,8,0.013759136,0.012012959,325721,305257,651442,msdoor
15,32,9,0.013981104,0.012172937,325721,305257,651442,msdoor
0,32,0,0.014587164,0.012666464,320135,299847,640270,msdoor
0,32,1,0.212984085,0.211019516,320135,299847,640270,msdoor
0,32,2,0.015337706,0.013551950,320135,299847,640270,msdoor
0,32,3,0.014769554,0.012923479,320135,299847,640270,msdoor
0,32,4,0.215209723,0.213339090,320135,299847,640270,msdoor
0,32,5,0.014544725,0.012569666,320135,299847,640270,msdoor
0,32,6,0.014569283,0.012655258,320135,299847,640270,msdoor
0,32,7,0.013933182,0.012076616,320135,299847,640270,msdoor
0,32,8,0.257232666,0.254635334,320135,299847,640270,msdoor
0,32,9,0.014719248,0.012944698,320135,299847,640270,msdoor
3,32,0,0.013787031,0.011943102,325977,305527,651954,msdoor
3,32,1,0.215111494,0.212049961,325977,305527,651954,msdoor
3,32,2,0.013396978,0.011694908,325977,305527,651954,msdoor
3,32,3,0.012678146,0.011028290,325977,305527,651954,msdoor
3,32,4,0.013237715,0.011576176,325977,305527,651954,msdoor
3,32,5,0.012847424,0.011213064,325977,305527,651954,msdoor
3,32,6,0.013069153,0.011421680,325977,305527,651954,msdoor
3,32,7,0.013284922,0.011636734,325977,305527,651954,msdoor
3,32,8,0.013260365,0.011594772,325977,305527,651954,msdoor
3,32,9,0.014791250,0.011999846,325977,305527,651954,msdoor
18,32,0,0.254341364,0.251233101,323010,302564,646020,msdoor
18,32,1,0.217242479,0.212461472,323010,302564,646020,msdoor
18,32,2,0.015089989,0.012741089,323010,302564,646020,msdoor
18,32,3,0.016797543,0.014832258,323010,302564,646020,msdoor
18,32,4,0.017218113,0.015360355,323010,302564,646020,msdoor
18,32,5,0.016370535,0.013665438,323010,302564,646020,msdoor
18,32,6,0.014870882,0.012846947,323010,302564,646020,msdoor
18,32,7,0.014137030,0.012368441,323010,302564,646020,msdoor
18,32,8,0.023303032,0.021578312,323010,302564,646020,msdoor
18,32,9,0.014943838,0.013121843,323010,302564,646020,msdoor
30,32,0,0.013727665,0.012181997,322632,302237,645264,msdoor
30,32,1,0.208127737,0.205009460,322632,302237,645264,msdoor
30,32,2,0.014330387,0.011911869,322632,302237,645264,msdoor
30,32,3,0.013857126,0.011844873,322632,302237,645264,msdoor
30,32,4,0.014110804,0.012205839,322632,302237,645264,msdoor
30,32,5,0.015067339,0.011871576,322632,302237,645264,msdoor
30,32,6,0.014422178,0.011637449,322632,302237,645264,msdoor
30,32,7,0.014840126,0.012358427,322632,302237,645264,msdoor
30,32,8,0.024722815,0.022448301,322632,302237,645264,msdoor
30,32,9,0.015237570,0.012341499,322632,302237,645264,msdoor
12,32,0,0.016323805,0.014678001,319286,298847,638572,msdoor
12,32,1,0.015242577,0.013719559,319286,298847,638572,msdoor
12,32,2,0.212963343,0.211528301,319286,298847,638572,msdoor
12,32,3,0.014338970,0.012922525,319286,298847,638572,msdoor
12,32,4,0.013838291,0.012418985,319286,298847,638572,msdoor
12,32,5,0.014270306,0.012803316,319286,298847,638572,msdoor
12,32,6,0.013973475,0.012506247,319286,298847,638572,msdoor
12,32,7,0.014067650,0.012574434,319286,298847,638572,msdoor
12,32,8,0.013367891,0.011896133,319286,298847,638572,msdoor
12,32,9,0.019108057,0.017355204,319286,298847,638572,msdoor
27,32,0,0.014050245,0.012179613,327441,306959,654882,msdoor
27,32,1,0.212399721,0.210729122,327441,306959,654882,msdoor
27,32,2,0.012891293,0.011259794,327441,306959,654882,msdoor
27,32,3,0.012468576,0.010837793,327441,306959,654882,msdoor
27,32,4,0.013046026,0.011414051,327441,306959,654882,msdoor
27,32,5,0.012918234,0.011295319,327441,306959,654882,msdoor
27,32,6,0.012983084,0.011365891,327441,306959,654882,msdoor
27,32,7,0.013062716,0.011431217,327441,306959,654882,msdoor
27,32,8,0.012800455,0.011168957,327441,306959,654882,msdoor
27,32,9,0.019173622,0.017539740,327441,306959,654882,msdoor
24,32,0,0.015972614,0.014478922,320766,300194,641532,msdoor
24,32,1,0.212987185,0.211461067,320766,300194,641532,msdoor
24,32,2,0.014479876,0.012921333,320766,300194,641532,msdoor
24,32,3,0.014447927,0.012925863,320766,300194,641532,msdoor
24,32,4,0.014092207,0.012593031,320766,300194,641532,msdoor
24,32,5,0.014203548,0.012773037,320766,300194,641532,msdoor
24,32,6,0.013880253,0.012459517,320766,300194,641532,msdoor
24,32,7,0.013998032,0.012577534,320766,300194,641532,msdoor
24,32,8,0.013787746,0.012368679,320766,300194,641532,msdoor
24,32,9,0.021731138,0.020309210,320766,300194,641532,msdoor
6,32,0,0.013618469,0.012180328,322055,301668,644110,msdoor
6,32,1,0.212997198,0.211565495,322055,301668,644110,msdoor
6,32,2,0.013500690,0.012039423,322055,301668,644110,msdoor
6,32,3,0.013769150,0.012308598,322055,301668,644110,msdoor
6,32,4,0.014018059,0.012553215,322055,301668,644110,msdoor
6,32,5,0.013425350,0.011994362,322055,301668,644110,msdoor
6,32,6,0.013314247,0.011886597,322055,301668,644110,msdoor
6,32,7,0.013521671,0.012094259,322055,301668,644110,msdoor
6,32,8,0.013326883,0.011901855,322055,301668,644110,msdoor
6,32,9,0.024616480,0.022869110,322055,301668,644110,msdoor
23,64,0,0.010727882,0.009905577,162907,154814,325814,msdoor
23,64,1,0.011227608,0.010429382,162907,154814,325814,msdoor
23,64,2,0.010828972,0.010034561,162907,154814,325814,msdoor
23,64,3,0.010786295,0.009986639,162907,154814,325814,msdoor
23,64,4,0.011263371,0.010463953,162907,154814,325814,msdoor
23,64,5,0.010834217,0.010045290,162907,154814,325814,msdoor
23,64,6,0.011898041,0.011090994,162907,154814,325814,msdoor
23,64,7,0.010493279,0.009712934,162907,154814,325814,msdoor
23,64,8,0.010494471,0.009711504,162907,154814,325814,msdoor
23,64,9,0.010458469,0.009681225,162907,154814,325814,msdoor
34,64,0,0.011436224,0.010593176,162160,154115,324320,msdoor
34,64,1,0.011056662,0.010255098,162160,154115,324320,msdoor
34,64,2,0.010113239,0.009327173,162160,154115,324320,msdoor
34,64,3,0.010946512,0.010159731,162160,154115,324320,msdoor
34,64,4,0.010993719,0.010209322,162160,154115,324320,msdoor
34,64,5,0.010929346,0.010137558,162160,154115,324320,msdoor
34,64,6,0.010956526,0.010165215,162160,154115,324320,msdoor
34,64,7,0.010312319,0.009537935,162160,154115,324320,msdoor
34,64,8,0.010423183,0.009637594,162160,154115,324320,msdoor
34,64,9,0.010499239,0.009717941,162160,154115,324320,msdoor
41,64,0,0.010769129,0.009873867,161684,153492,323368,msdoor
41,64,1,0.011137724,0.010243177,161684,153492,323368,msdoor
41,64,2,0.010641336,0.009786606,161684,153492,323368,msdoor
41,64,3,0.010758877,0.009905100,161684,153492,323368,msdoor
41,64,4,0.010901690,0.010057926,161684,153492,323368,msdoor
41,64,5,0.010935068,0.010062218,161684,153492,323368,msdoor
41,64,6,0.011329174,0.010446787,161684,153492,323368,msdoor
41,64,7,0.010393620,0.009533882,161684,153492,323368,msdoor
41,64,8,0.010475159,0.009610891,161684,153492,323368,msdoor
41,64,9,0.010470867,0.009612799,161684,153492,323368,msdoor
5,64,0,0.011054039,0.010166645,160501,152102,321002,msdoor
5,64,1,0.011298656,0.010414124,160501,152102,321002,msdoor
5,64,2,0.010705948,0.009863377,160501,152102,321002,msdoor
5,64,3,0.010838509,0.009983063,160501,152102,321002,msdoor
5,64,4,0.011503458,0.010644197,160501,152102,321002,msdoor
5,64,5,0.010913610,0.010069370,160501,152102,321002,msdoor
5,64,6,0.011268616,0.010402441,160501,152102,321002,msdoor
5,64,7,0.010514021,0.009667397,160501,152102,321002,msdoor
5,64,8,0.010503531,0.009657383,160501,152102,321002,msdoor
5,64,9,0.010497093,0.009654522,160501,152102,321002,msdoor
30,64,0,0.207732677,0.206965446,161554,153492,323108,msdoor
30,64,1,0.011002302,0.010237455,161554,153492,323108,msdoor
30,64,2,0.010859489,0.010108471,161554,153492,323108,msdoor
30,64,3,0.011193514,0.010422707,161554,153492,323108,msdoor
30,64,4,0.011887789,0.010682583,161554,153492,323108,msdoor
30,64,5,0.211859703,0.211071014,161554,153492,323108,msdoor
30,64,6,0.010776043,0.010018587,161554,153492,323108,msdoor
30,64,7,0.010656834,0.009893656,161554,153492,323108,msdoor
30,64,8,0.010506153,0.009757280,161554,153492,323108,msdoor
30,64,9,0.010498762,0.009738445,161554,153492,323108,msdoor
54,64,0,0.011098385,0.010296583,160954,152653,321908,msdoor
54,64,1,0.011559248,0.010154724,160954,152653,321908,msdoor
54,64,2,0.010806084,0.010096788,160954,152653,321908,msdoor
54,64,3,0.010809660,0.010099411,160954,152653,321908,msdoor
54,64,4,0.010884047,0.010093689,160954,152653,321908,msdoor
54,64,5,0.212906837,0.212103128,160954,152653,321908,msdoor
54,64,6,0.011511803,0.010707617,160954,152653,321908,msdoor
54,64,7,0.010794401,0.009997368,160954,152653,321908,msdoor
54,64,8,0.010749340,0.009953499,160954,152653,321908,msdoor
54,64,9,0.010551929,0.009762526,160954,152653,321908,msdoor
48,64,0,0.010993958,0.010269403,159890,151776,319780,msdoor
48,64,1,0.011020184,0.010257244,159890,151776,319780,msdoor
48,64,2,0.011147022,0.010374546,159890,151776,319780,msdoor
28,64,0,0.011217117,0.010400295,160029,151929,320058,msdoor
48,64,3,0.011185646,0.010417461,159890,151776,319780,msdoor
48,64,4,0.012012243,0.010483503,159890,151776,319780,msdoor
48,64,5,0.011927366,0.011116982,159890,151776,319780,msdoor
48,64,6,0.010986567,0.010192394,159890,151776,319780,msdoor
48,64,7,0.010789633,0.010008097,159890,151776,319780,msdoor
48,64,8,0.010677814,0.009900570,159890,151776,319780,msdoor
48,64,9,0.010629654,0.009855270,159890,151776,319780,msdoor
28,64,1,0.011103392,0.010311365,160029,151929,320058,msdoor
28,64,2,0.010852098,0.010067701,160029,151929,320058,msdoor
28,64,3,0.010921478,0.010142803,160029,151929,320058,msdoor
28,64,4,0.010893106,0.010121346,160029,151929,320058,msdoor
28,64,5,0.011010647,0.010230303,160029,151929,320058,msdoor
28,64,6,0.011294365,0.010495186,160029,151929,320058,msdoor
28,64,7,0.010768890,0.009992361,160029,151929,320058,msdoor
28,64,8,0.010830879,0.010051250,160029,151929,320058,msdoor
28,64,9,0.010557175,0.009788513,160029,151929,320058,msdoor
29,64,0,0.010812998,0.009980202,161274,153199,322548,msdoor
29,64,1,0.011191607,0.010391951,161274,153199,322548,msdoor
29,64,2,0.010754347,0.009977341,161274,153199,322548,msdoor
36,64,0,0.011822224,0.010996103,159123,151007,318246,msdoor
36,64,1,0.010977507,0.010250807,159123,151007,318246,msdoor
36,64,2,0.010794401,0.010088682,159123,151007,318246,msdoor
36,64,3,0.010904312,0.010198355,159123,151007,318246,msdoor
16,64,0,0.011053562,0.010242224,160412,152131,320824,msdoor
16,64,1,0.010893583,0.010110140,160412,152131,320824,msdoor
29,64,3,0.010596514,0.009810209,161274,153199,322548,msdoor
29,64,4,0.011051416,0.010275126,161274,153199,322548,msdoor
29,64,5,0.011076927,0.010288954,161274,153199,322548,msdoor
29,64,6,0.011007786,0.010237694,161274,153199,322548,msdoor
36,64,4,0.011824846,0.010286093,159123,151007,318246,msdoor
36,64,5,0.212075233,0.211287498,159123,151007,318246,msdoor
36,64,6,0.010891438,0.010105848,159123,151007,318246,msdoor
36,64,7,0.010828733,0.010041237,159123,151007,318246,msdoor
36,64,8,0.010802984,0.010016203,159123,151007,318246,msdoor
22,64,0,0.010958195,0.010139942,161365,153281,322730,msdoor
22,64,1,0.011281967,0.010480642,161365,153281,322730,msdoor
22,64,2,0.010818958,0.010024548,161365,153281,322730,msdoor
22,64,3,0.011190653,0.010407448,161365,153281,322730,msdoor
22,64,4,0.011151075,0.010362625,161365,153281,322730,msdoor
22,64,5,0.011038542,0.010249138,161365,153281,322730,msdoor
22,64,6,0.011550665,0.010756016,161365,153281,322730,msdoor
29,64,7,0.010795355,0.009995937,161274,153199,322548,msdoor
29,64,8,0.010699272,0.009909630,161274,153199,322548,msdoor
29,64,9,0.010725260,0.009947538,161274,153199,322548,msdoor
12,64,0,0.011299372,0.010338783,159418,151042,318836,msdoor
16,64,2,0.010724068,0.009939671,160412,152131,320824,msdoor
16,64,3,0.010884047,0.010103703,160412,152131,320824,msdoor
16,64,4,0.010737896,0.009950399,160412,152131,320824,msdoor
16,64,5,0.010719776,0.009938717,160412,152131,320824,msdoor
16,64,6,0.011198282,0.010407925,160412,152131,320824,msdoor
16,64,7,0.010769606,0.009987116,160412,152131,320824,msdoor
16,64,8,0.010708570,0.009932280,160412,152131,320824,msdoor
36,64,9,0.010730267,0.009943485,159123,151007,318246,msdoor
22,64,7,0.010810614,0.010025501,161365,153281,322730,msdoor
22,64,8,0.010854244,0.010075569,161365,153281,322730,msdoor
22,64,9,0.010705233,0.009922266,161365,153281,322730,msdoor
12,64,1,0.011062622,0.009987116,159418,151042,318836,msdoor
12,64,2,0.010949373,0.009964705,159418,151042,318836,msdoor
12,64,3,0.011241198,0.010237694,159418,151042,318836,msdoor
12,64,4,0.010836124,0.009623051,159418,151042,318836,msdoor
12,64,5,0.011467457,0.009713888,159418,151042,318836,msdoor
12,64,6,0.011115074,0.010144472,159418,151042,318836,msdoor
16,64,9,0.010716438,0.009935856,160412,152131,320824,msdoor
12,64,7,0.010770798,0.009871721,159418,151042,318836,msdoor
12,64,8,0.010820627,0.009940386,159418,151042,318836,msdoor
12,64,9,0.010781050,0.009920359,159418,151042,318836,msdoor
4,64,0,0.011000395,0.010128498,159363,150946,318726,msdoor
4,64,1,0.011058331,0.010173082,159363,150946,318726,msdoor
58,64,0,0.011111259,0.010209799,162160,153905,324320,msdoor
58,64,1,0.011073351,0.010186672,162160,153905,324320,msdoor
58,64,2,0.010722876,0.009855509,162160,153905,324320,msdoor
58,64,3,0.011113167,0.010236025,162160,153905,324320,msdoor
58,64,4,0.011074305,0.010211706,162160,153905,324320,msdoor
49,64,0,0.011229277,0.010230541,160581,152427,321162,msdoor
49,64,1,0.010920048,0.009974957,160581,152427,321162,msdoor
49,64,2,0.011062145,0.010081053,160581,152427,321162,msdoor
49,64,3,0.011116266,0.010089874,160581,152427,321162,msdoor
49,64,4,0.011364222,0.010262489,160581,152427,321162,msdoor
49,64,5,0.011250257,0.010138273,160581,152427,321162,msdoor
49,64,6,0.011500835,0.010479689,160581,152427,321162,msdoor
49,64,7,0.010958433,0.009973288,160581,152427,321162,msdoor
49,64,8,0.010999203,0.010030508,160581,152427,321162,msdoor
49,64,9,0.010782242,0.009846449,160581,152427,321162,msdoor
4,64,2,0.010775089,0.009915113,159363,150946,318726,msdoor
4,64,3,0.011197567,0.010330915,159363,150946,318726,msdoor
4,64,4,0.011149406,0.010286808,159363,150946,318726,msdoor
4,64,5,0.011029482,0.010183334,159363,150946,318726,msdoor
4,64,6,0.011494398,0.010624409,159363,150946,318726,msdoor
4,64,7,0.010625362,0.009792089,159363,150946,318726,msdoor
4,64,8,0.010814190,0.009977579,159363,150946,318726,msdoor
4,64,9,0.010807991,0.009963274,159363,150946,318726,msdoor
47,64,0,0.011412144,0.010475874,162891,154647,325782,msdoor
47,64,1,0.011139870,0.010255575,162891,154647,325782,msdoor
47,64,2,0.010982037,0.010104895,162891,154647,325782,msdoor
47,64,3,0.011308193,0.010410786,162891,154647,325782,msdoor
47,64,4,0.011648178,0.010766745,162891,154647,325782,msdoor
47,64,5,0.011349916,0.010468006,162891,154647,325782,msdoor
47,64,6,0.011530161,0.010633707,162891,154647,325782,msdoor
47,64,7,0.010864258,0.009980440,162891,154647,325782,msdoor
47,64,8,0.010861158,0.009982347,162891,154647,325782,msdoor
47,64,9,0.010849714,0.009977579,162891,154647,325782,msdoor
60,64,0,0.011216402,0.010421276,160274,152054,320548,msdoor
60,64,1,0.010972261,0.010202408,160274,152054,320548,msdoor
58,64,5,0.011097908,0.010230064,162160,153905,324320,msdoor
58,64,6,0.011604548,0.010714769,162160,153905,324320,msdoor
58,64,7,0.010888100,0.010018826,162160,153905,324320,msdoor
58,64,8,0.011026144,0.010145187,162160,153905,324320,msdoor
58,64,9,0.010813951,0.009947777,162160,153905,324320,msdoor
53,64,0,0.011262655,0.010429144,160448,152171,320896,msdoor
53,64,1,0.010937452,0.010138273,160448,152171,320896,msdoor
53,64,2,0.010483980,0.009707212,160448,152171,320896,msdoor
53,64,3,0.011102200,0.010293722,160448,152171,320896,msdoor
53,64,4,0.011250973,0.010448933,160448,152171,320896,msdoor
53,64,5,0.011313677,0.010511160,160448,152171,320896,msdoor
53,64,6,0.011377096,0.010578156,160448,152171,320896,msdoor
53,64,7,0.010775328,0.009995222,160448,152171,320896,msdoor
53,64,8,0.010820866,0.010042906,160448,152171,320896,msdoor
53,64,9,0.010807991,0.010035753,160448,152171,320896,msdoor
60,64,2,0.010904551,0.010149479,160274,152054,320548,msdoor
60,64,3,0.011357546,0.010570049,160274,152054,320548,msdoor
60,64,4,0.011833429,0.010442495,160274,152054,320548,msdoor
60,64,5,0.010797739,0.010034323,160274,152054,320548,msdoor
60,64,6,0.011387348,0.010630369,160274,152054,320548,msdoor
59,64,0,0.011257410,0.010394335,163491,155133,326982,msdoor
59,64,1,0.010811329,0.010014057,163491,155133,326982,msdoor
59,64,2,0.010774612,0.009974718,163491,155133,326982,msdoor
59,64,3,0.010886192,0.010072708,163491,155133,326982,msdoor
59,64,4,0.011553526,0.010723591,163491,155133,326982,msdoor
59,64,5,0.011011362,0.010204792,163491,155133,326982,msdoor
59,64,6,0.011444569,0.010633945,163491,155133,326982,msdoor
59,64,7,0.010730743,0.009916544,163491,155133,326982,msdoor
59,64,8,0.010772943,0.009968042,163491,155133,326982,msdoor
59,64,9,0.010792017,0.009985924,163491,155133,326982,msdoor
60,64,7,0.010818958,0.010049820,160274,152054,320548,msdoor
60,64,8,0.010878801,0.010104895,160274,152054,320548,msdoor
60,64,9,0.010845423,0.010072231,160274,152054,320548,msdoor
42,64,0,0.011502266,0.010279894,162509,154318,325018,msdoor
42,64,1,0.011194944,0.010248899,162509,154318,325018,msdoor
42,64,2,0.213464975,0.212581158,162509,154318,325018,msdoor
42,64,3,0.011338234,0.010493040,162509,154318,325018,msdoor
42,64,4,0.016124964,0.010425806,162509,154318,325018,msdoor
42,64,5,0.213739157,0.212879658,162509,154318,325018,msdoor
42,64,6,0.011531591,0.010698795,162509,154318,325018,msdoor
46,64,0,0.010776043,0.009965420,161654,153506,323308,msdoor
46,64,1,0.010994434,0.010199547,161654,153506,323308,msdoor
46,64,2,0.010524988,0.009733915,161654,153506,323308,msdoor
42,64,7,0.010847569,0.010030508,162509,154318,325018,msdoor
42,64,8,0.010633469,0.009820461,162509,154318,325018,msdoor
42,64,9,0.010857821,0.010038614,162509,154318,325018,msdoor
46,64,3,0.011213303,0.010426521,161654,153506,323308,msdoor
46,64,4,0.011193991,0.010409594,161654,153506,323308,msdoor
46,64,5,0.010977030,0.010188341,161654,153506,323308,msdoor
18,64,0,0.011094093,0.010272503,161910,153708,323820,msdoor
46,64,6,0.010664940,0.009896994,161654,153506,323308,msdoor
46,64,7,0.010583162,0.009799480,161654,153506,323308,msdoor
46,64,8,0.010925293,0.010141611,161654,153506,323308,msdoor
46,64,9,0.010903358,0.010112524,161654,153506,323308,msdoor
18,64,1,0.011700630,0.010304213,161910,153708,323820,msdoor
18,64,2,0.011405945,0.010067225,161910,153708,323820,msdoor
18,64,3,0.011431932,0.010395765,161910,153708,323820,msdoor
18,64,4,0.015926838,0.010490656,161910,153708,323820,msdoor
40,64,0,0.011485100,0.010639906,160297,152095,320594,msdoor
40,64,1,0.011149168,0.010346413,160297,152095,320594,msdoor
40,64,2,0.011034012,0.010243177,160297,152095,320594,msdoor
40,64,3,0.011438608,0.010646105,160297,152095,320594,msdoor
40,64,4,0.011336088,0.010528564,160297,152095,320594,msdoor
18,64,5,0.011725426,0.010739088,161910,153708,323820,msdoor
18,64,6,0.011505127,0.010515928,161910,153708,323820,msdoor
18,64,7,0.010975122,0.010007381,161910,153708,323820,msdoor
18,64,8,0.010988951,0.010026217,161910,153708,323820,msdoor
55,64,0,0.011582613,0.010432005,162214,153924,324428,msdoor
55,64,1,0.011197090,0.010094881,162214,153924,324428,msdoor
55,64,2,0.011231899,0.010127068,162214,153924,324428,msdoor
40,64,5,0.011308670,0.010514021,160297,152095,320594,msdoor
40,64,6,0.011282682,0.010488749,160297,152095,320594,msdoor
40,64,7,0.010955095,0.010169268,160297,152095,320594,msdoor
40,64,8,0.010956287,0.010171652,160297,152095,320594,msdoor
18,64,9,0.010948896,0.009962320,161910,153708,323820,msdoor
55,64,3,0.011145353,0.010136843,162214,153924,324428,msdoor
55,64,4,0.011475801,0.010447264,162214,153924,324428,msdoor
55,64,5,0.011538982,0.010512114,162214,153924,324428,msdoor
55,64,6,0.011732340,0.010684729,162214,153924,324428,msdoor
55,64,7,0.010882616,0.009855986,162214,153924,324428,msdoor
40,64,9,0.010926723,0.010132313,160297,152095,320594,msdoor
11,64,0,0.011497974,0.010546207,162970,154728,325940,msdoor
11,64,1,0.011464357,0.010558367,162970,154728,325940,msdoor
11,64,2,0.011073828,0.010183096,162970,154728,325940,msdoor
11,64,3,0.011429071,0.010516405,162970,154728,325940,msdoor
11,64,4,0.011496067,0.010630369,162970,154728,325940,msdoor
3,64,0,0.011215210,0.010403156,163071,154651,326142,msdoor
3,64,1,0.010954857,0.010167599,163071,154651,326142,msdoor
3,64,2,0.011121750,0.010338545,163071,154651,326142,msdoor
3,64,3,0.011622667,0.010836363,163071,154651,326142,msdoor
3,64,4,0.215400457,0.214613914,163071,154651,326142,msdoor
3,64,5,0.011505842,0.010725498,163071,154651,326142,msdoor
3,64,6,0.011781454,0.011003971,163071,154651,326142,msdoor
3,64,7,0.011119366,0.010333061,163071,154651,326142,msdoor
3,64,8,0.011043072,0.010260344,163071,154651,326142,msdoor
3,64,9,0.010967493,0.010182619,163071,154651,326142,msdoor
6,64,0,0.011585712,0.010556698,160798,152426,321596,msdoor
55,64,8,0.011088371,0.010048628,162214,153924,324428,msdoor
55,64,9,0.010951281,0.009916544,162214,153924,324428,msdoor
10,64,0,0.011151791,0.010238647,161462,153172,322924,msdoor
10,64,1,0.011069536,0.010172367,161462,153172,322924,msdoor
10,64,2,0.011014462,0.010127068,161462,153172,322924,msdoor
24,64,0,0.011120081,0.010319233,160792,152550,321584,msdoor
24,64,1,0.011621475,0.010421038,160792,152550,321584,msdoor
24,64,2,0.211345673,0.210570574,160792,152550,321584,msdoor
24,64,3,0.011288166,0.010498524,160792,152550,321584,msdoor
24,64,4,0.011090755,0.010373354,160792,152550,321584,msdoor
24,64,5,0.011213541,0.010456800,160792,152550,321584,msdoor
24,64,6,0.011476517,0.010706902,160792,152550,321584,msdoor
10,64,3,0.010909557,0.010058165,161462,153172,322924,msdoor
10,64,4,0.010747910,0.009904623,161462,153172,322924,msdoor
10,64,5,0.011040926,0.010186672,161462,153172,322924,msdoor
11,64,5,0.011428833,0.010531425,162970,154728,325940,msdoor
11,64,6,0.011392117,0.010496378,162970,154728,325940,msdoor
11,64,7,0.011029959,0.010140181,162970,154728,325940,msdoor
11,64,8,0.011092901,0.010211229,162970,154728,325940,msdoor
11,64,9,0.011088848,0.010191441,162970,154728,325940,msdoor
33,64,0,0.011355400,0.010272980,161388,153336,322776,msdoor
33,64,1,0.011323214,0.010338545,161388,153336,322776,msdoor
33,64,2,0.011096239,0.010186911,161388,153336,322776,msdoor
33,64,3,0.011630774,0.010696888,161388,153336,322776,msdoor
33,64,4,0.217508793,0.216538668,161388,153336,322776,msdoor
33,64,5,0.018680811,0.017745495,161388,153336,322776,msdoor
33,64,6,0.011648417,0.010745525,161388,153336,322776,msdoor
33,64,7,0.010839224,0.009965420,161388,153336,322776,msdoor
33,64,8,0.011202097,0.010351658,161388,153336,322776,msdoor
33,64,9,0.011055946,0.010223866,161388,153336,322776,msdoor
6,64,1,0.011229753,0.010182142,160798,152426,321596,msdoor
6,64,2,0.011049747,0.010067701,160798,152426,321596,msdoor
6,64,3,0.011415720,0.010344267,160798,152426,321596,msdoor
6,64,4,0.012107372,0.010331154,160798,152426,321596,msdoor
6,64,5,0.011646509,0.010694742,160798,152426,321596,msdoor
6,64,6,0.011604548,0.010622978,160798,152426,321596,msdoor
10,64,6,0.011326551,0.010460615,161462,153172,322924,msdoor
10,64,7,0.010834217,0.009976387,161462,153172,322924,msdoor
10,64,8,0.010657549,0.009814501,161462,153172,322924,msdoor
17,64,0,0.011291504,0.010451555,161420,153157,322840,msdoor
17,64,1,0.011003733,0.010205746,161420,153157,322840,msdoor
17,64,2,0.010825872,0.010022402,161420,153157,322840,msdoor
51,64,0,0.011528015,0.010522127,162411,154068,324822,msdoor
51,64,1,0.010929346,0.009948730,162411,154068,324822,msdoor
51,64,2,0.011188745,0.010231972,162411,154068,324822,msdoor
51,64,3,0.011480331,0.010516167,162411,154068,324822,msdoor
51,64,4,0.219201088,0.218187332,162411,154068,324822,msdoor
51,64,5,0.011851311,0.010900974,162411,154068,324822,msdoor
51,64,6,0.011968613,0.010873079,162411,154068,324822,msdoor
51,64,7,0.011042595,0.009996653,162411,154068,324822,msdoor
51,64,8,0.011354685,0.010331154,162411,154068,324822,msdoor
51,64,9,0.011048079,0.010078669,162411,154068,324822,msdoor
24,64,7,0.011012793,0.010241508,160792,152550,321584,msdoor
24,64,8,0.010889053,0.010113478,160792,152550,321584,msdoor
24,64,9,0.011010885,0.010240316,160792,152550,321584,msdoor
25,64,0,0.011055470,0.010051489,162395,154287,324790,msdoor
25,64,1,0.011329174,0.010314941,162395,154287,324790,msdoor
25,64,2,0.010800123,0.009830952,162395,154287,324790,msdoor
10,64,9,0.010993719,0.010111809,161462,153172,322924,msdoor
17,64,3,0.011399746,0.010601997,161420,153157,322840,msdoor
17,64,4,0.011109591,0.010316133,161420,153157,322840,msdoor
17,64,5,0.011521101,0.010718346,161420,153157,322840,msdoor
17,64,6,0.011145115,0.010347128,161420,153157,322840,msdoor
57,64,0,0.011237144,0.010423899,160966,152677,321932,msdoor
57,64,1,0.011100769,0.010319471,160966,152677,321932,msdoor
57,64,2,0.011040449,0.010265112,160966,152677,321932,msdoor
57,64,3,0.011482954,0.010707855,160966,152677,321932,msdoor
57,64,4,0.012407780,0.010833979,160966,152677,321932,msdoor
57,64,5,0.011727095,0.010957003,160966,152677,321932,msdoor
57,64,6,0.011817217,0.011048317,160966,152677,321932,msdoor
57,64,7,0.011090279,0.010313034,160966,152677,321932,msdoor
57,64,8,0.011112452,0.010339499,160966,152677,321932,msdoor
6,64,7,0.010995626,0.010039806,160798,152426,321596,msdoor
6,64,8,0.011089087,0.010126114,160798,152426,321596,msdoor
6,64,9,0.010996342,0.010026455,160798,152426,321596,msdoor
61,64,0,0.011593580,0.010565996,161157,152893,322314,msdoor
61,64,1,0.011296511,0.010305643,161157,152893,322314,msdoor
61,64,2,0.011111021,0.010116339,161157,152893,322314,msdoor
61,64,3,0.011156321,0.010138750,161157,152893,322314,msdoor
61,64,4,0.011386156,0.010312319,161157,152893,322314,msdoor
61,64,5,0.011191368,0.010105848,161157,152893,322314,msdoor
52,64,0,0.011612177,0.010673523,159447,151265,318894,msdoor
52,64,1,0.011219740,0.010320902,159447,151265,318894,msdoor
52,64,2,0.011169910,0.010284424,159447,151265,318894,msdoor
17,64,7,0.010970354,0.010170460,161420,153157,322840,msdoor
17,64,8,0.011137724,0.010340452,161420,153157,322840,msdoor
17,64,9,0.011139154,0.010345936,161420,153157,322840,msdoor
57,64,9,0.011130095,0.010354280,160966,152677,321932,msdoor
0,64,0,0.011611700,0.010561466,159890,151608,319780,msdoor
0,64,1,0.011334419,0.010334969,159890,151608,319780,msdoor
1,64,0,0.011673450,0.010592461,161210,152826,322420,msdoor
1,64,1,0.011611700,0.010561705,161210,152826,322420,msdoor
1,64,2,0.011168003,0.010141611,161210,152826,322420,msdoor
1,64,3,0.011625051,0.010565281,161210,152826,322420,msdoor
1,64,4,0.011814356,0.010697365,161210,152826,322420,msdoor
1,64,5,0.011795044,0.010668993,161210,152826,322420,msdoor
1,64,6,0.011833429,0.010756969,161210,152826,322420,msdoor
1,64,7,0.011112690,0.010097980,161210,152826,322420,msdoor
1,64,8,0.011112213,0.010106564,161210,152826,322420,msdoor
52,64,3,0.011400700,0.010529995,159447,151265,318894,msdoor
52,64,4,0.011387587,0.010513067,159447,151265,318894,msdoor
52,64,5,0.011406660,0.010536671,159447,151265,318894,msdoor
52,64,6,0.011482477,0.010613918,159447,151265,318894,msdoor
52,64,7,0.011038780,0.010166407,159447,151265,318894,msdoor
52,64,8,0.011107922,0.010243893,159447,151265,318894,msdoor
52,64,9,0.011074781,0.010211945,159447,151265,318894,msdoor
0,64,2,0.213984251,0.212994814,159890,151608,319780,msdoor
0,64,3,0.011198521,0.010219812,159890,151608,319780,msdoor
0,64,4,0.011098862,0.010028124,159890,151608,319780,msdoor
25,64,3,0.011282682,0.010199785,162395,154287,324790,msdoor
25,64,4,0.012618065,0.010622025,162395,154287,324790,msdoor
25,64,5,0.011383772,0.010213375,162395,154287,324790,msdoor
25,64,6,0.011873007,0.010740757,162395,154287,324790,msdoor
25,64,7,0.011245966,0.010192871,162395,154287,324790,msdoor
25,64,8,0.011100054,0.010084867,162395,154287,324790,msdoor
25,64,9,0.011067867,0.010063171,162395,154287,324790,msdoor
35,64,0,0.011107206,0.010277987,162906,154826,325812,msdoor
35,64,1,0.011073828,0.010256767,162906,154826,325812,msdoor
35,64,2,0.010839462,0.010032415,162906,154826,325812,msdoor
35,64,3,0.010899305,0.010103941,162906,154826,325812,msdoor
0,64,5,0.020599842,0.019234657,159890,151608,319780,msdoor
0,64,6,0.012053967,0.010832071,159890,151608,319780,msdoor
0,64,7,0.011039019,0.010050297,159890,151608,319780,msdoor
61,64,6,0.011953592,0.010910273,161157,152893,322314,msdoor
61,64,7,0.011148930,0.010138512,161157,152893,322314,msdoor
61,64,8,0.011105299,0.010120869,161157,152893,322314,msdoor
61,64,9,0.011101961,0.010121346,161157,152893,322314,msdoor
35,64,4,0.011371851,0.010575294,162906,154826,325812,msdoor
35,64,5,0.010855198,0.010070801,162906,154826,325812,msdoor
35,64,6,0.010846615,0.010053873,162906,154826,325812,msdoor
35,64,7,0.010939121,0.010138035,162906,154826,325812,msdoor
35,64,8,0.010973215,0.010181427,162906,154826,325812,msdoor
0,64,8,0.010830402,0.009912968,159890,151608,319780,msdoor
0,64,9,0.011043072,0.010010958,159890,151608,319780,msdoor
1,64,9,0.011117935,0.010103703,161210,152826,322420,msdoor
35,64,9,0.011199713,0.010398626,162906,154826,325812,msdoor
7,64,0,0.011504889,0.010353088,161977,153689,323954,msdoor
7,64,1,0.011012316,0.009926558,161977,153689,323954,msdoor
7,64,2,0.011142254,0.010046244,161977,153689,323954,msdoor
7,64,3,0.010970831,0.009966135,161977,153689,323954,msdoor
7,64,4,0.011143208,0.010139227,161977,153689,323954,msdoor
7,64,5,0.011550188,0.010517359,161977,153689,323954,msdoor
7,64,6,0.011873484,0.010784388,161977,153689,323954,msdoor
9,64,0,0.011358500,0.010264158,161097,152699,322194,msdoor
9,64,1,0.011545181,0.010223389,161097,152699,322194,msdoor
9,64,2,0.010918856,0.009825945,161097,152699,322194,msdoor
9,64,3,0.011829615,0.010568142,161097,152699,322194,msdoor
9,64,4,0.217660427,0.216157675,161097,152699,322194,msdoor
9,64,5,0.012364864,0.011172533,161097,152699,322194,msdoor
9,64,6,0.012159824,0.010991096,161097,152699,322194,msdoor
9,64,7,0.011274099,0.010205269,161097,152699,322194,msdoor
9,64,8,0.011149168,0.010154486,161097,152699,322194,msdoor
13,64,0,0.012062788,0.010329008,160883,152622,321766,msdoor
13,64,1,0.011949778,0.010149002,160883,152622,321766,msdoor
13,64,2,0.011312723,0.009998083,160883,152622,321766,msdoor
13,64,3,0.011179686,0.009941339,160883,152622,321766,msdoor
13,64,4,0.011989594,0.009914398,160883,152622,321766,msdoor
13,64,5,0.011287928,0.010122061,160883,152622,321766,msdoor
13,64,6,0.011148930,0.010124683,160883,152622,321766,msdoor
13,64,7,0.010973454,0.009967089,160883,152622,321766,msdoor
13,64,8,0.011138201,0.010129929,160883,152622,321766,msdoor
13,64,9,0.011101961,0.010107994,160883,152622,321766,msdoor
7,64,7,0.011129618,0.010069609,161977,153689,323954,msdoor
7,64,8,0.011058331,0.010010958,161977,153689,323954,msdoor
7,64,9,0.011140108,0.010091543,161977,153689,323954,msdoor
37,64,0,0.011441231,0.010324001,160569,152420,321138,msdoor
37,64,1,0.011301041,0.010183334,160569,152420,321138,msdoor
37,64,2,0.011108160,0.010024548,160569,152420,321138,msdoor
37,64,3,0.011593819,0.010523796,160569,152420,321138,msdoor
37,64,4,0.012184143,0.010422230,160569,152420,321138,msdoor
37,64,5,0.011737585,0.010705471,160569,152420,321138,msdoor
37,64,6,0.012109280,0.011006832,160569,152420,321138,msdoor
37,64,7,0.011131763,0.010086775,160569,152420,321138,msdoor
37,64,8,0.011246920,0.010192394,160569,152420,321138,msdoor
37,64,9,0.011123419,0.010062695,160569,152420,321138,msdoor
31,64,0,0.011708498,0.010545254,162864,154780,325728,msdoor
31,64,1,0.011402369,0.010267019,162864,154780,325728,msdoor
31,64,2,0.011177778,0.010061979,162864,154780,325728,msdoor
31,64,3,0.011452675,0.010391474,162864,154780,325728,msdoor
31,64,4,0.012479782,0.010691881,162864,154780,325728,msdoor
21,64,0,0.011433363,0.010304689,160648,152434,321296,msdoor
21,64,1,0.011711597,0.010395288,160648,152434,321296,msdoor
21,64,2,0.010911703,0.009822607,160648,152434,321296,msdoor
21,64,3,0.012155533,0.010886669,160648,152434,321296,msdoor
21,64,4,0.012204170,0.010946989,160648,152434,321296,msdoor
21,64,5,0.214801073,0.213376045,160648,152434,321296,msdoor
21,64,6,0.012175083,0.011009932,160648,152434,321296,msdoor
21,64,7,0.011247396,0.010209084,160648,152434,321296,msdoor
21,64,8,0.011312485,0.010308981,160648,152434,321296,msdoor
21,64,9,0.011280060,0.010325193,160648,152434,321296,msdoor
31,64,5,0.011220932,0.010241270,162864,154780,325728,msdoor
31,64,6,0.012075663,0.010975838,162864,154780,325728,msdoor
31,64,7,0.011186361,0.010117769,162864,154780,325728,msdoor
31,64,8,0.011388063,0.010315895,162864,154780,325728,msdoor
9,64,9,0.011278629,0.010318995,161097,152699,322194,msdoor
31,64,9,0.011167288,0.010094166,162864,154780,325728,msdoor
15,64,0,0.011536598,0.010421038,162830,154577,325660,msdoor
15,64,1,0.011279821,0.010031939,162830,154577,325660,msdoor
15,64,2,0.011347294,0.010241270,162830,154577,325660,msdoor
15,64,3,0.012060642,0.010805607,162830,154577,325660,msdoor
15,64,4,0.013591290,0.012321234,162830,154577,325660,msdoor
15,64,5,0.214416265,0.213046312,162830,154577,325660,msdoor
15,64,6,0.012049675,0.010907650,162830,154577,325660,msdoor
15,64,7,0.011287451,0.010253429,162830,154577,325660,msdoor
15,64,8,0.011344671,0.010336876,162830,154577,325660,msdoor
15,64,9,0.011297941,0.010325432,162830,154577,325660,msdoor
27,64,0,0.011731148,0.010539770,163950,155886,327900,msdoor
27,64,1,0.011579990,0.010268211,163950,155886,327900,msdoor
27,64,2,0.011293173,0.010143042,163950,155886,327900,msdoor
27,64,3,0.216004848,0.214436531,163950,155886,327900,msdoor
27,64,4,0.013707161,0.012426615,163950,155886,327900,msdoor
27,64,5,0.215692043,0.214241028,163950,155886,327900,msdoor
27,64,6,0.012135267,0.010962248,163950,155886,327900,msdoor
27,64,7,0.011230469,0.010197878,163950,155886,327900,msdoor
27,64,8,0.011314154,0.010303974,163950,155886,327900,msdoor
27,64,9,0.011307240,0.010338068,163950,155886,327900,msdoor
50,64,0,0.011691570,0.010305405,161100,152838,322200,msdoor
50,64,1,0.011594534,0.010176182,161100,152838,322200,msdoor
50,64,2,0.011271954,0.010089397,161100,152838,322200,msdoor
50,64,3,0.012038469,0.010565042,161100,152838,322200,msdoor
50,64,4,0.012832403,0.010759115,161100,152838,322200,msdoor
50,64,5,0.012187958,0.010657310,161100,152838,322200,msdoor
50,64,6,0.012168884,0.010812521,161100,152838,322200,msdoor
50,64,7,0.011256456,0.009986877,161100,152838,322200,msdoor
50,64,8,0.011302233,0.009913921,161100,152838,322200,msdoor
50,64,9,0.011164188,0.009778738,161100,152838,322200,msdoor
39,64,0,0.011384010,0.010362387,162374,154189,324748,msdoor
39,64,1,0.010841131,0.009834528,162374,154189,324748,msdoor
39,64,2,0.011323690,0.010328770,162374,154189,324748,msdoor
39,64,3,0.011814356,0.010841846,162374,154189,324748,msdoor
39,64,4,0.012964249,0.011208057,162374,154189,324748,msdoor
39,64,5,0.012000322,0.010997534,162374,154189,324748,msdoor
39,64,6,0.011743069,0.010638714,162374,154189,324748,msdoor
39,64,7,0.011282444,0.010213137,162374,154189,324748,msdoor
39,64,8,0.011402369,0.010377884,162374,154189,324748,msdoor
39,64,9,0.011302233,0.010330915,162374,154189,324748,msdoor
45,64,0,0.011436462,0.010375738,160761,152642,321522,msdoor
45,64,1,0.011558056,0.010296345,160761,152642,321522,msdoor
45,64,2,0.011195898,0.010133266,160761,152642,321522,msdoor
45,64,3,0.011938334,0.010710239,160761,152642,321522,msdoor
45,64,4,0.012118101,0.010942459,160761,152642,321522,msdoor
45,64,5,0.012059927,0.010912418,160761,152642,321522,msdoor
45,64,6,0.011953592,0.010831833,160761,152642,321522,msdoor
45,64,7,0.011249304,0.010218143,160761,152642,321522,msdoor
45,64,8,0.011306763,0.010303259,160761,152642,321522,msdoor
45,64,9,0.011325359,0.010373116,160761,152642,321522,msdoor
63,64,0,0.011486053,0.010451555,162531,154118,325062,msdoor
63,64,1,0.011338472,0.010379791,162531,154118,325062,msdoor
63,64,2,0.011257172,0.010346174,162531,154118,325062,msdoor
63,64,3,0.011675119,0.010742664,162531,154118,325062,msdoor
63,64,4,0.011842489,0.010895491,162531,154118,325062,msdoor
63,64,5,0.011584282,0.010683537,162531,154118,325062,msdoor
63,64,6,0.012264967,0.011331797,162531,154118,325062,msdoor
63,64,7,0.011099100,0.010216713,162531,154118,325062,msdoor
63,64,8,0.011292696,0.010432482,162531,154118,325062,msdoor
63,64,9,0.011350870,0.010504484,162531,154118,325062,msdoor
38,64,0,0.012020826,0.010579824,161257,153103,322514,msdoor
38,64,1,0.011688471,0.010210276,161257,153103,322514,msdoor
38,64,2,0.011539698,0.010284424,161257,153103,322514,msdoor
38,64,3,0.012141943,0.010627985,161257,153103,322514,msdoor
38,64,4,0.011909485,0.010655403,161257,153103,322514,msdoor
38,64,5,0.011981249,0.010473490,161257,153103,322514,msdoor
38,64,6,0.012081385,0.010694265,161257,153103,322514,msdoor
38,64,7,0.011260748,0.009982347,161257,153103,322514,msdoor
38,64,8,0.011541367,0.010078192,161257,153103,322514,msdoor
38,64,9,0.011350870,0.009925604,161257,153103,322514,msdoor
20,64,0,0.011844397,0.010429859,159971,151686,319942,msdoor
20,64,1,0.011711836,0.010263920,159971,151686,319942,msdoor
20,64,2,0.011266947,0.010060787,159971,151686,319942,msdoor
20,64,3,0.012088299,0.010584593,159971,151686,319942,msdoor
20,64,4,0.012837887,0.010734797,159971,151686,319942,msdoor
20,64,5,0.012167692,0.010654211,159971,151686,319942,msdoor
20,64,6,0.012234688,0.010850191,159971,151686,319942,msdoor
20,64,7,0.011260748,0.009976387,159971,151686,319942,msdoor
20,64,8,0.011452675,0.010034561,159971,151686,319942,msdoor
20,64,9,0.011372089,0.009982824,159971,151686,319942,msdoor
44,64,0,0.012130022,0.010724545,159868,151687,319736,msdoor
44,64,1,0.012685299,0.010396957,159868,151687,319736,msdoor
44,64,2,0.011386156,0.010207891,159868,151687,319736,msdoor
19,64,0,0.012042761,0.010333061,163460,155356,326920,msdoor
19,64,1,0.012923717,0.010358095,163460,155356,326920,msdoor
19,64,2,0.011461258,0.010174751,163460,155356,326920,msdoor
44,64,3,0.012151241,0.010704041,159868,151687,319736,msdoor
44,64,4,0.012030363,0.010824203,159868,151687,319736,msdoor
44,64,5,0.012290239,0.010813236,159868,151687,319736,msdoor
44,64,6,0.012035608,0.010733843,159868,151687,319736,msdoor
44,64,7,0.011333942,0.010091066,159868,151687,319736,msdoor
44,64,8,0.011463642,0.010069609,159868,151687,319736,msdoor
44,64,9,0.011448145,0.010073900,159868,151687,319736,msdoor
19,64,3,0.011557579,0.010486841,163460,155356,326920,msdoor
19,64,4,0.011468410,0.010474443,163460,155356,326920,msdoor
19,64,5,0.011661530,0.010650158,163460,155356,326920,msdoor
19,64,6,0.011716366,0.010689020,163460,155356,326920,msdoor
19,64,7,0.011465549,0.010390759,163460,155356,326920,msdoor
56,64,0,0.011975765,0.010561943,159974,151726,319948,msdoor
56,64,1,0.011865616,0.010388374,159974,151726,319948,msdoor
56,64,2,0.011450529,0.010222912,159974,151726,319948,msdoor
56,64,3,0.012012005,0.010523796,159974,151726,319948,msdoor
56,64,4,0.012942791,0.010777950,159974,151726,319948,msdoor
56,64,5,0.012208223,0.010689259,159974,151726,319948,msdoor
56,64,6,0.012238026,0.010869503,159974,151726,319948,msdoor
56,64,7,0.011419058,0.010133982,159974,151726,319948,msdoor
19,64,8,0.011157274,0.010109186,163460,155356,326920,msdoor
19,64,9,0.011380672,0.010301113,163460,155356,326920,msdoor
14,64,0,0.011901617,0.010560513,161712,153457,323424,msdoor
14,64,1,0.011970520,0.010409117,161712,153457,323424,msdoor
14,64,2,0.011273384,0.010187864,161712,153457,323424,msdoor
14,64,3,0.012139320,0.010571957,161712,153457,323424,msdoor
14,64,4,0.011993170,0.010744333,161712,153457,323424,msdoor
14,64,5,0.012209415,0.010620117,161712,153457,323424,msdoor
14,64,6,0.012326002,0.010972738,161712,153457,323424,msdoor
14,64,7,0.011675835,0.010285139,161712,153457,323424,msdoor
14,64,8,0.011776209,0.010281801,161712,153457,323424,msdoor
14,64,9,0.011535645,0.010055780,161712,153457,323424,msdoor
26,64,0,0.011892796,0.010509253,162802,154734,325604,msdoor
26,64,1,0.011877775,0.010343313,162802,154734,325604,msdoor
26,64,2,0.011497736,0.010137320,162802,154734,325604,msdoor
26,64,3,0.011878252,0.010593176,162802,154734,325604,msdoor
26,64,4,0.013116360,0.010743141,162802,154734,325604,msdoor
26,64,5,0.012158155,0.010644197,162802,154734,325604,msdoor
26,64,6,0.012352943,0.010884285,162802,154734,325604,msdoor
26,64,7,0.011390209,0.010041952,162802,154734,325604,msdoor
26,64,8,0.011318684,0.009977818,162802,154734,325604,msdoor
26,64,9,0.011506796,0.010055065,162802,154734,325604,msdoor
32,64,0,0.011715412,0.010396481,160245,152163,320490,msdoor
32,64,1,0.011948586,0.010429621,160245,152163,320490,msdoor
32,64,2,0.011587381,0.010244370,160245,152163,320490,msdoor
32,64,3,0.011818409,0.010521889,160245,152163,320490,msdoor
32,64,4,0.012286425,0.010870695,160245,152163,320490,msdoor
32,64,5,0.012129307,0.010637760,160245,152163,320490,msdoor
32,64,6,0.012246370,0.010831594,160245,152163,320490,msdoor
32,64,7,0.011399031,0.010083914,160245,152163,320490,msdoor
32,64,8,0.011428833,0.010101557,160245,152163,320490,msdoor
32,64,9,0.011504889,0.010101557,160245,152163,320490,msdoor
56,64,8,0.011475325,0.010065794,159974,151726,319948,msdoor
56,64,9,0.011508703,0.010128736,159974,151726,319948,msdoor
8,64,0,0.011720657,0.010329485,159751,151367,319502,msdoor
8,64,1,0.011726856,0.010295391,159751,151367,319502,msdoor
8,64,2,0.011525393,0.010292053,159751,151367,319502,msdoor
8,64,3,0.011937141,0.010471582,159751,151367,319502,msdoor
8,64,4,0.012833834,0.010696888,159751,151367,319502,msdoor
8,64,5,0.012067080,0.010532379,159751,151367,319502,msdoor
8,64,6,0.012272596,0.010856152,159751,151367,319502,msdoor
8,64,7,0.011490345,0.010165930,159751,151367,319502,msdoor
8,64,8,0.011516571,0.010081768,159751,151367,319502,msdoor
8,64,9,0.011549950,0.010124207,159751,151367,319502,msdoor
2,64,0,0.012637138,0.010551691,161704,153262,323408,msdoor
2,64,1,0.012433767,0.010300159,161704,153262,323408,msdoor
2,64,2,0.012094498,0.010215044,161704,153262,323408,msdoor
2,64,3,0.012987375,0.010841846,161704,153262,323408,msdoor
62,64,0,0.011866331,0.010520935,161078,152706,322156,msdoor
62,64,1,0.011788130,0.010200500,161078,152706,322156,msdoor
62,64,2,0.011358023,0.010250568,161078,152706,322156,msdoor
62,64,3,0.012190342,0.010582209,161078,152706,322156,msdoor
62,64,4,0.011956215,0.010761976,161078,152706,322156,msdoor
62,64,5,0.012257099,0.010636806,161078,152706,322156,msdoor
62,64,6,0.012352228,0.011012077,161078,152706,322156,msdoor
62,64,7,0.011527538,0.010184765,161078,152706,322156,msdoor
62,64,8,0.011654139,0.010168791,161078,152706,322156,msdoor
62,64,9,0.011745930,0.010252714,161078,152706,322156,msdoor
2,64,4,0.013835192,0.010973215,161704,153262,323408,msdoor
2,64,5,0.012388468,0.010888100,161704,153262,323408,msdoor
2,64,6,0.012363672,0.010940790,161704,153262,323408,msdoor
2,64,7,0.011541128,0.010208607,161704,153262,323408,msdoor
2,64,8,0.011595011,0.010254860,161704,153262,323408,msdoor
2,64,9,0.011754274,0.010316849,161704,153262,323408,msdoor
43,64,0,0.011255503,0.010129690,163647,155411,327294,msdoor
43,64,1,0.011532307,0.010366917,163647,155411,327294,msdoor
43,64,2,0.011465073,0.010305166,163647,155411,327294,msdoor
43,64,3,0.012235403,0.010325909,163647,155411,327294,msdoor
43,64,4,0.015451193,0.010621786,163647,155411,327294,msdoor
43,64,5,0.011239290,0.010136366,163647,155411,327294,msdoor
43,64,6,0.012230873,0.010390520,163647,155411,327294,msdoor
43,64,7,0.012417078,0.010394096,163647,155411,327294,msdoor
43,64,8,0.012249947,0.010311127,163647,155411,327294,msdoor
43,64,9,0.012266874,0.010309935,163647,155411,327294,msdoor
59,128,0,0.010476589,0.009967327,82120,78353,164240,msdoor
59,128,1,0.010617495,0.010119438,82120,78353,164240,msdoor
59,128,2,0.009957075,0.009473801,82120,78353,164240,msdoor
59,128,3,0.010030985,0.009562731,82120,78353,164240,msdoor
59,128,4,0.010522366,0.010035992,82120,78353,164240,msdoor
59,128,5,0.010991573,0.010496378,82120,78353,164240,msdoor
59,128,6,0.010360003,0.009872913,82120,78353,164240,msdoor
59,128,7,0.010787010,0.010281563,82120,78353,164240,msdoor
59,128,8,0.010701895,0.010199785,82120,78353,164240,msdoor
59,128,9,0.009786129,0.009321451,82120,78353,164240,msdoor
30,128,0,0.010773182,0.010333061,80364,76744,160728,msdoor
30,128,1,0.010671139,0.010254860,80364,76744,160728,msdoor
30,128,2,0.010467529,0.010047674,80364,76744,160728,msdoor
30,128,3,0.010538101,0.010128975,80364,76744,160728,msdoor
30,128,4,0.010395527,0.009977579,80364,76744,160728,msdoor
30,128,5,0.010601997,0.010186672,80364,76744,160728,msdoor
30,128,6,0.010610580,0.010201693,80364,76744,160728,msdoor
30,128,7,0.010716438,0.010303259,80364,76744,160728,msdoor
30,128,8,0.010584831,0.010167360,80364,76744,160728,msdoor
30,128,9,0.010131359,0.009730101,80364,76744,160728,msdoor
11,128,0,0.011020184,0.010490417,81366,77725,162732,msdoor
11,128,1,0.010738134,0.010231018,81366,77725,162732,msdoor
11,128,2,0.010109425,0.009636879,81366,77725,162732,msdoor
11,128,3,0.010444164,0.009959459,81366,77725,162732,msdoor
11,128,4,0.010001659,0.009537458,81366,77725,162732,msdoor
11,128,5,0.010610104,0.010124445,81366,77725,162732,msdoor
11,128,6,0.010040045,0.009576797,81366,77725,162732,msdoor
11,128,7,0.010584116,0.010095119,81366,77725,162732,msdoor
11,128,8,0.010205269,0.009731293,81366,77725,162732,msdoor
11,128,9,0.010092735,0.009625912,81366,77725,162732,msdoor
57,128,0,0.010484219,0.009989262,80667,76934,161334,msdoor
57,128,1,0.010944605,0.010446548,80667,76934,161334,msdoor
57,128,2,0.010504961,0.010024309,80667,76934,161334,msdoor
57,128,3,0.010155201,0.009671450,80667,76934,161334,msdoor
57,128,4,0.010438919,0.009992838,80667,76934,161334,msdoor
57,128,5,0.010567665,0.010141850,80667,76934,161334,msdoor
57,128,6,0.010383844,0.009937525,80667,76934,161334,msdoor
57,128,7,0.010854959,0.010399818,80667,76934,161334,msdoor
57,128,8,0.010705233,0.010256767,80667,76934,161334,msdoor
57,128,9,0.009852648,0.009434938,80667,76934,161334,msdoor
24,128,0,0.010358572,0.009885073,80408,76774,160816,msdoor
24,128,1,0.010396719,0.009925604,80408,76774,160816,msdoor
87,128,0,0.010681391,0.010012865,81541,77910,163082,msdoor
87,128,1,0.010014057,0.009422541,81541,77910,163082,msdoor
87,128,2,0.010540724,0.009948969,81541,77910,163082,msdoor
87,128,3,0.009260893,0.008685350,81541,77910,163082,msdoor
87,128,4,0.009936571,0.009428978,81541,77910,163082,msdoor
87,128,5,0.009401321,0.008937120,81541,77910,163082,msdoor
87,128,6,0.009240627,0.008740664,81541,77910,163082,msdoor
87,128,7,0.010629892,0.010101080,81541,77910,163082,msdoor
87,128,8,0.010234356,0.009718418,81541,77910,163082,msdoor
24,128,2,0.010872841,0.010416746,80408,76774,160816,msdoor
24,128,3,0.010852337,0.010401726,80408,76774,160816,msdoor
24,128,4,0.010797501,0.010348558,80408,76774,160816,msdoor
24,128,5,0.009598494,0.009160995,80408,76774,160816,msdoor
24,128,6,0.010828257,0.010371447,80408,76774,160816,msdoor
24,128,7,0.010916233,0.010463238,80408,76774,160816,msdoor
87,128,9,0.010147095,0.009649754,81541,77910,163082,msdoor
24,128,8,0.011003971,0.010552883,80408,76774,160816,msdoor
24,128,9,0.010215759,0.009779930,80408,76774,160816,msdoor
77,128,0,0.010064840,0.009592295,80505,76799,161010,msdoor
77,128,1,0.010895014,0.010396719,80505,76799,161010,msdoor
77,128,2,0.009773016,0.009321928,80505,76799,161010,msdoor
77,128,3,0.010596037,0.010112524,80505,76799,161010,msdoor
77,128,4,0.010710001,0.010226011,80505,76799,161010,msdoor
77,128,5,0.010643005,0.010176659,80505,76799,161010,msdoor
60,128,0,0.010687351,0.010130167,80236,76555,160472,msdoor
60,128,1,0.010722876,0.010180950,80236,76555,160472,msdoor
60,128,2,0.010479212,0.009958506,80236,76555,160472,msdoor
77,128,6,0.010497570,0.010014772,80505,76799,161010,msdoor
77,128,7,0.010506868,0.010042906,80505,76799,161010,msdoor
77,128,8,0.010565519,0.010093451,80505,76799,161010,msdoor
77,128,9,0.010271072,0.009810925,80505,76799,161010,msdoor
54,128,0,0.010777235,0.010294914,80510,76797,161020,msdoor
60,128,3,0.010842085,0.010301113,80236,76555,160472,msdoor
60,128,4,0.010661364,0.010155439,80236,76555,160472,msdoor
60,128,5,0.010270834,0.009769917,80236,76555,160472,msdoor
60,128,6,0.010689735,0.010156631,80236,76555,160472,msdoor
60,128,7,0.009971619,0.009480238,80236,76555,160472,msdoor
60,128,8,0.010834694,0.010277033,80236,76555,160472,msdoor
60,128,9,0.010347605,0.009840965,80236,76555,160472,msdoor
58,128,0,0.010710478,0.010119200,81406,77683,162812,msdoor
58,128,1,0.010611296,0.010031223,81406,77683,162812,msdoor
58,128,2,0.010378838,0.009820461,81406,77683,162812,msdoor
58,128,3,0.010922432,0.010340452,81406,77683,162812,msdoor
58,128,4,0.010730028,0.010146618,81406,77683,162812,msdoor
58,128,5,0.010569334,0.009998083,81406,77683,162812,msdoor
58,128,6,0.009808779,0.009285688,81406,77683,162812,msdoor
58,128,7,0.010326147,0.009786606,81406,77683,162812,msdoor
58,128,8,0.010859013,0.010264635,81406,77683,162812,msdoor
58,128,9,0.010340691,0.009786606,81406,77683,162812,msdoor
54,128,1,0.010645151,0.010185719,80510,76797,161020,msdoor
54,128,2,0.011003256,0.010546923,80510,76797,161020,msdoor
54,128,3,0.010730505,0.010274649,80510,76797,161020,msdoor
54,128,4,0.010670900,0.010220051,80510,76797,161020,msdoor
54,128,5,0.010537386,0.010087252,80510,76797,161020,msdoor
54,128,6,0.010843515,0.010380507,80510,76797,161020,msdoor
54,128,7,0.010622025,0.010161400,80510,76797,161020,msdoor
54,128,8,0.010797024,0.010345459,80510,76797,161020,msdoor
54,128,9,0.010372162,0.009932518,80510,76797,161020,msdoor
64,128,0,0.010884285,0.010290384,80513,76782,161026,msdoor
64,128,1,0.010847807,0.010256767,80513,76782,161026,msdoor
64,128,2,0.010837078,0.010246277,80513,76782,161026,msdoor
64,128,3,0.010904789,0.010338545,80513,76782,161026,msdoor
64,128,4,0.010737896,0.010169029,80513,76782,161026,msdoor
64,128,5,0.010437965,0.009896278,80513,76782,161026,msdoor
64,128,6,0.010749578,0.010181427,80513,76782,161026,msdoor
64,128,7,0.010583878,0.010035992,80513,76782,161026,msdoor
64,128,8,0.010217667,0.009694815,80513,76782,161026,msdoor
64,128,9,0.010369778,0.009826899,80513,76782,161026,msdoor
63,128,0,0.011164665,0.010641575,81639,77880,163278,msdoor
63,128,1,0.010770559,0.010274649,81639,77880,163278,msdoor
63,128,2,0.010382175,0.009903431,81639,77880,163278,msdoor
63,128,3,0.010361195,0.009875536,81639,77880,163278,msdoor
63,128,4,0.010567188,0.010118008,81639,77880,163278,msdoor
63,128,5,0.010753632,0.010323286,81639,77880,163278,msdoor
63,128,6,0.010373116,0.009927750,81639,77880,163278,msdoor
63,128,7,0.010518074,0.010078907,81639,77880,163278,msdoor
108,128,0,0.010945797,0.010516644,80240,76557,160480,msdoor
108,128,1,0.010763645,0.010352612,80240,76557,160480,msdoor
108,128,2,0.009889603,0.009490490,80240,76557,160480,msdoor
108,128,3,0.010765314,0.010351181,80240,76557,160480,msdoor
108,128,4,0.010319471,0.009908199,80240,76557,160480,msdoor
108,128,5,0.010555267,0.010146618,80240,76557,160480,msdoor
108,128,6,0.010807753,0.010395765,80240,76557,160480,msdoor
108,128,7,0.010394096,0.009984732,80240,76557,160480,msdoor
108,128,8,0.009915113,0.009516716,80240,76557,160480,msdoor
108,128,9,0.010392427,0.009990692,80240,76557,160480,msdoor
10,128,0,0.011233330,0.010738850,80725,77052,161450,msdoor
17,128,0,0.010624886,0.010128021,80337,76700,160674,msdoor
17,128,1,0.010657549,0.010159492,80337,76700,160674,msdoor
17,128,2,0.010584116,0.010091305,80337,76700,160674,msdoor
63,128,8,0.010645866,0.010197401,81639,77880,163278,msdoor
63,128,9,0.010377407,0.009934664,81639,77880,163278,msdoor
48,128,0,0.010466099,0.010003090,80174,76544,160348,msdoor
48,128,1,0.009951115,0.009531975,80174,76544,160348,msdoor
48,128,2,0.010778189,0.010341406,80174,76544,160348,msdoor
48,128,3,0.010137558,0.009709597,80174,76544,160348,msdoor
48,128,4,0.010610819,0.010161877,80174,76544,160348,msdoor
48,128,5,0.010485172,0.010049343,80174,76544,160348,msdoor
48,128,6,0.010627508,0.010186911,80174,76544,160348,msdoor
48,128,7,0.010467529,0.010024548,80174,76544,160348,msdoor
106,128,0,0.010799170,0.010316372,81427,77759,162854,msdoor
106,128,1,0.010482073,0.010035753,81427,77759,162854,msdoor
17,128,3,0.010606527,0.010120869,80337,76700,160674,msdoor
17,128,4,0.010630846,0.010138988,80337,76700,160674,msdoor
17,128,5,0.010212898,0.009737730,80337,76700,160674,msdoor
17,128,6,0.010697603,0.010212183,80337,76700,160674,msdoor
17,128,7,0.010710239,0.010221004,80337,76700,160674,msdoor
17,128,8,0.010636330,0.010153770,80337,76700,160674,msdoor
48,128,8,0.010095358,0.009675980,80174,76544,160348,msdoor
48,128,9,0.010414600,0.009983540,80174,76544,160348,msdoor
10,128,1,0.010511637,0.010060072,80725,77052,161450,msdoor
10,128,2,0.010810137,0.010348082,80725,77052,161450,msdoor
10,128,3,0.010223627,0.009779215,80725,77052,161450,msdoor
10,128,4,0.010272026,0.009831667,80725,77052,161450,msdoor
10,128,5,0.010678291,0.010215282,80725,77052,161450,msdoor
10,128,6,0.009727716,0.009289503,80725,77052,161450,msdoor
10,128,7,0.009904623,0.009459496,80725,77052,161450,msdoor
10,128,8,0.010218859,0.009764433,80725,77052,161450,msdoor
17,128,9,0.010428429,0.009944201,80337,76700,160674,msdoor
36,128,0,0.010840893,0.010352135,79130,75498,158260,msdoor
36,128,1,0.010569334,0.010125875,79130,75498,158260,msdoor
36,128,2,0.010765314,0.010322332,79130,75498,158260,msdoor
106,128,2,0.010395527,0.009959698,81427,77759,162854,msdoor
106,128,3,0.010570526,0.010128736,81427,77759,162854,msdoor
106,128,4,0.010451794,0.010008812,81427,77759,162854,msdoor
106,128,5,0.010533333,0.010091782,81427,77759,162854,msdoor
106,128,6,0.010641336,0.010194063,81427,77759,162854,msdoor
106,128,7,0.010506392,0.010066271,81427,77759,162854,msdoor
106,128,8,0.010302305,0.009861231,81427,77759,162854,msdoor
106,128,9,0.010408878,0.009956837,81427,77759,162854,msdoor
113,128,0,0.010632515,0.010138988,80103,76471,160206,msdoor
113,128,1,0.010773420,0.010274172,80103,76471,160206,msdoor
113,128,2,0.009714842,0.009253502,80103,76471,160206,msdoor
66,128,0,0.010719299,0.010153294,81217,77396,162434,msdoor
66,128,1,0.010832071,0.010272264,81217,77396,162434,msdoor
66,128,2,0.009885550,0.009368420,81217,77396,162434,msdoor
66,128,3,0.010458946,0.009894371,81217,77396,162434,msdoor
66,128,4,0.010605097,0.010036230,81217,77396,162434,msdoor
66,128,5,0.010885000,0.010331869,81217,77396,162434,msdoor
66,128,6,0.010519028,0.009985209,81217,77396,162434,msdoor
66,128,7,0.010931492,0.010398388,81217,77396,162434,msdoor
10,128,9,0.010414600,0.009951830,80725,77052,161450,msdoor
113,128,3,0.010493755,0.010013342,80103,76471,160206,msdoor
113,128,4,0.010617256,0.010124207,80103,76471,160206,msdoor
113,128,5,0.010263681,0.009776831,80103,76471,160206,msdoor
113,128,6,0.010624170,0.010137796,80103,76471,160206,msdoor
113,128,7,0.010079145,0.009604931,80103,76471,160206,msdoor
36,128,3,0.010001421,0.009570122,79130,75498,158260,msdoor
36,128,4,0.010510445,0.010078430,79130,75498,158260,msdoor
36,128,5,0.010536432,0.010090113,79130,75498,158260,msdoor
36,128,6,0.010421515,0.009988308,79130,75498,158260,msdoor
36,128,7,0.010184526,0.009748697,79130,75498,158260,msdoor
36,128,8,0.010421991,0.009984732,79130,75498,158260,msdoor
36,128,9,0.010462999,0.010032415,79130,75498,158260,msdoor
46,128,0,0.010929346,0.010344744,81099,77438,162198,msdoor
46,128,1,0.010451555,0.009925127,81099,77438,162198,msdoor
46,128,2,0.010591269,0.010040522,81099,77438,162198,msdoor
41,128,0,0.011107922,0.010564804,80440,76767,160880,msdoor
41,128,1,0.010400534,0.009924412,80440,76767,160880,msdoor
66,128,8,0.010750771,0.010214806,81217,77396,162434,msdoor
66,128,9,0.010438919,0.009914160,81217,77396,162434,msdoor
118,128,0,0.010821104,0.010337353,80444,76774,160888,msdoor
118,128,1,0.010717630,0.010255098,80444,76774,160888,msdoor
118,128,2,0.011024475,0.010560274,80444,76774,160888,msdoor
118,128,3,0.010391235,0.009950399,80444,76774,160888,msdoor
118,128,4,0.010403633,0.009958506,80444,76774,160888,msdoor
118,128,5,0.010440588,0.009999752,80444,76774,160888,msdoor
118,128,6,0.009844780,0.009415388,80444,76774,160888,msdoor
65,128,0,0.011108160,0.010565996,81115,77329,162230,msdoor
65,128,1,0.010869980,0.010354042,81115,77329,162230,msdoor
65,128,2,0.010185003,0.009697676,81115,77329,162230,msdoor
65,128,3,0.010603189,0.010118723,81115,77329,162230,msdoor
65,128,4,0.010421515,0.009944916,81115,77329,162230,msdoor
65,128,5,0.010546923,0.010048151,81115,77329,162230,msdoor
65,128,6,0.010829926,0.010334015,81115,77329,162230,msdoor
65,128,7,0.010615110,0.010123730,81115,77329,162230,msdoor
65,128,8,0.010505915,0.010017395,81115,77329,162230,msdoor
65,128,9,0.010483027,0.009991169,81115,77329,162230,msdoor
99,128,0,0.010686159,0.009796143,81874,78234,163748,msdoor
99,128,1,0.010096312,0.009342432,81874,78234,163748,msdoor
99,128,2,0.010328054,0.009583950,81874,78234,163748,msdoor
99,128,3,0.010950089,0.010161638,81874,78234,163748,msdoor
99,128,4,0.010034323,0.009434700,81874,78234,163748,msdoor
99,128,5,0.010508537,0.010078192,81874,78234,163748,msdoor
90,128,0,0.010878801,0.010392427,81170,77544,162340,msdoor
90,128,1,0.009809494,0.009377718,81170,77544,162340,msdoor
90,128,2,0.010146856,0.009720325,81170,77544,162340,msdoor
90,128,3,0.010245562,0.009816885,81170,77544,162340,msdoor
90,128,4,0.009443760,0.009016275,81170,77544,162340,msdoor
90,128,5,0.009792805,0.009352922,81170,77544,162340,msdoor
90,128,6,0.010601521,0.010154724,81170,77544,162340,msdoor
90,128,7,0.010719538,0.010280609,81170,77544,162340,msdoor
90,128,8,0.010528803,0.010080338,81170,77544,162340,msdoor
90,128,9,0.010456800,0.010018587,81170,77544,162340,msdoor
46,128,3,0.010275364,0.009771109,81099,77438,162198,msdoor
46,128,4,0.010164022,0.009667397,81099,77438,162198,msdoor
46,128,5,0.010695457,0.010137081,81099,77438,162198,msdoor
46,128,6,0.010446072,0.009902239,81099,77438,162198,msdoor
46,128,7,0.010593414,0.010052443,81099,77438,162198,msdoor
46,128,8,0.010307312,0.009782791,81099,77438,162198,msdoor
46,128,9,0.010493279,0.009955883,81099,77438,162198,msdoor
113,128,8,0.010402441,0.009917498,80103,76471,160206,msdoor
113,128,9,0.010460377,0.009970188,80103,76471,160206,msdoor
99,128,6,0.008812666,0.008358955,81874,78234,163748,msdoor
99,128,7,0.010592222,0.010091782,81874,78234,163748,msdoor
99,128,8,0.010438204,0.009929419,81874,78234,163748,msdoor
99,128,9,0.010529041,0.010040045,81874,78234,163748,msdoor
12,128,0,0.010572433,0.010174751,79598,75945,159196,msdoor
12,128,1,0.010772467,0.010383368,79598,75945,159196,msdoor
12,128,2,0.010244608,0.009854555,79598,75945,159196,msdoor
12,128,3,0.010527372,0.010143757,79598,75945,159196,msdoor
12,128,4,0.010432720,0.010044098,79598,75945,159196,msdoor
12,128,5,0.010751486,0.010356903,79598,75945,159196,msdoor
12,128,6,0.010175705,0.009794474,79598,75945,159196,msdoor
12,128,7,0.010572672,0.010188103,79598,75945,159196,msdoor
118,128,7,0.010836363,0.010373592,80444,76774,160888,msdoor
118,128,8,0.010814190,0.010351181,80444,76774,160888,msdoor
118,128,9,0.010473490,0.010027885,80444,76774,160888,msdoor
5,128,0,0.010835648,0.010321617,80413,76768,160826,msdoor
5,128,1,0.010850906,0.010343790,80413,76768,160826,msdoor
5,128,2,0.010607719,0.010124683,80413,76768,160826,msdoor
5,128,3,0.010600328,0.010117531,80413,76768,160826,msdoor
5,128,4,0.010391235,0.009929657,80413,76768,160826,msdoor
5,128,5,0.010707378,0.010234118,80413,76768,160826,msdoor
5,128,6,0.010687590,0.010203838,80413,76768,160826,msdoor
117,128,0,0.010664940,0.010148525,80190,76531,160380,msdoor
117,128,1,0.010293722,0.009820461,80190,76531,160380,msdoor
117,128,2,0.010925531,0.010426521,80190,76531,160380,msdoor
117,128,3,0.010932922,0.010439396,80190,76531,160380,msdoor
117,128,4,0.010659933,0.010198832,80190,76531,160380,msdoor
12,128,8,0.010120153,0.009737968,79598,75945,159196,msdoor
12,128,9,0.010487556,0.010100126,79598,75945,159196,msdoor
70,128,0,0.010506630,0.009934664,80120,76325,160240,msdoor
70,128,1,0.010758877,0.010166645,80120,76325,160240,msdoor
70,128,2,0.010157347,0.009614468,80120,76325,160240,msdoor
70,128,3,0.010785580,0.010210514,80120,76325,160240,msdoor
41,128,2,0.010631323,0.010133266,80440,76767,160880,msdoor
41,128,3,0.010758877,0.010256290,80440,76767,160880,msdoor
41,128,4,0.010597229,0.010096788,80440,76767,160880,msdoor
41,128,5,0.010621071,0.010139704,80440,76767,160880,msdoor
41,128,6,0.010783195,0.010282755,80440,76767,160880,msdoor
41,128,7,0.010992050,0.010493279,80440,76767,160880,msdoor
41,128,8,0.010785341,0.010291576,80440,76767,160880,msdoor
41,128,9,0.010488987,0.010001421,80440,76767,160880,msdoor
117,128,5,0.010625839,0.010196209,80190,76531,160380,msdoor
117,128,6,0.010143518,0.009698391,80190,76531,160380,msdoor
117,128,7,0.010723352,0.010262489,80190,76531,160380,msdoor
117,128,8,0.010697365,0.010240078,80190,76531,160380,msdoor
117,128,9,0.010596275,0.010160923,80190,76531,160380,msdoor
72,128,0,0.010496140,0.010021925,79643,75849,159286,msdoor
72,128,1,0.010810852,0.010352612,79643,75849,159286,msdoor
72,128,2,0.010429144,0.009988308,79643,75849,159286,msdoor
72,128,3,0.010337114,0.009897470,79643,75849,159286,msdoor
72,128,4,0.010627508,0.010183096,79643,75849,159286,msdoor
72,128,5,0.010995150,0.010542393,79643,75849,159286,msdoor
28,128,0,0.010840178,0.010376930,79668,76028,159336,msdoor
28,128,1,0.010689735,0.010241985,79668,76028,159336,msdoor
28,128,2,0.010691881,0.010254860,79668,76028,159336,msdoor
28,128,3,0.011003494,0.010568380,79668,76028,159336,msdoor
28,128,4,0.010993004,0.010562181,79668,76028,159336,msdoor
28,128,5,0.010407209,0.009986162,79668,76028,159336,msdoor
28,128,6,0.010546684,0.010113239,79668,76028,159336,msdoor
53,128,0,0.010750294,0.010235071,80258,76548,160516,msdoor
53,128,1,0.010582924,0.010094404,80258,76548,160516,msdoor
53,128,2,0.010395527,0.009916782,80258,76548,160516,msdoor
53,128,3,0.011343956,0.010833502,80258,76548,160516,msdoor
53,128,4,0.010474682,0.009995222,80258,76548,160516,msdoor
53,128,5,0.010527372,0.010031700,80258,76548,160516,msdoor
53,128,6,0.010766506,0.010270596,80258,76548,160516,msdoor
53,128,7,0.010556698,0.010073900,80258,76548,160516,msdoor
53,128,8,0.010535240,0.010050535,80258,76548,160516,msdoor
53,128,9,0.010507345,0.010019064,80258,76548,160516,msdoor
105,128,0,0.010961533,0.010289431,81244,77560,162488,msdoor
105,128,1,0.011003971,0.010328531,81244,77560,162488,msdoor
105,128,2,0.010494709,0.009790897,81244,77560,162488,msdoor
105,128,3,0.010730028,0.009993315,81244,77560,162488,msdoor
72,128,6,0.010281324,0.009852886,79643,75849,159286,msdoor
72,128,7,0.010420561,0.009965658,79643,75849,159286,msdoor
72,128,8,0.010788918,0.010338068,79643,75849,159286,msdoor
72,128,9,0.010543108,0.010099173,79643,75849,159286,msdoor
37,128,0,0.011473179,0.010739326,79772,76126,159544,msdoor
37,128,1,0.010880947,0.010155201,79772,76126,159544,msdoor
37,128,2,0.011123896,0.010449171,79772,76126,159544,msdoor
37,128,3,0.011214018,0.010506153,79772,76126,159544,msdoor
37,128,4,0.011006832,0.010302305,79772,76126,159544,msdoor
37,128,5,0.011189938,0.010499477,79772,76126,159544,msdoor
37,128,6,0.011085510,0.010398865,79772,76126,159544,msdoor
37,128,7,0.011115074,0.010412216,79772,76126,159544,msdoor
37,128,8,0.010811806,0.010112524,79772,76126,159544,msdoor
37,128,9,0.010677099,0.010001183,79772,76126,159544,msdoor
70,128,4,0.010763168,0.010175943,80120,76325,160240,msdoor
70,128,5,0.010651827,0.010075092,80120,76325,160240,msdoor
70,128,6,0.010409117,0.009838820,80120,76325,160240,msdoor
70,128,7,0.010539293,0.009983540,80120,76325,160240,msdoor
70,128,8,0.010804653,0.010223150,80120,76325,160240,msdoor
70,128,9,0.010560751,0.009991884,80120,76325,160240,msdoor
101,128,0,0.011089325,0.010551214,80797,77172,161594,msdoor
101,128,1,0.010522604,0.010027647,80797,77172,161594,msdoor
101,128,2,0.009809732,0.009338140,80797,77172,161594,msdoor
101,128,3,0.010285378,0.009811163,80797,77172,161594,msdoor
101,128,4,0.010563850,0.010066032,80797,77172,161594,msdoor
101,128,5,0.010412216,0.009913683,80797,77172,161594,msdoor
101,128,6,0.009961605,0.009493113,80797,77172,161594,msdoor
101,128,7,0.010365248,0.009881973,80797,77172,161594,msdoor
101,128,8,0.009933710,0.009466887,80797,77172,161594,msdoor
101,128,9,0.010492563,0.009993553,80797,77172,161594,msdoor
93,128,0,0.010663509,0.010163307,81009,77357,162018,msdoor
93,128,1,0.010353327,0.009883404,81009,77357,162018,msdoor
93,128,2,0.009569168,0.009112597,81009,77357,162018,msdoor
93,128,3,0.010314226,0.009834051,81009,77357,162018,msdoor
93,128,4,0.010739326,0.010297537,81009,77357,162018,msdoor
93,128,5,0.010069370,0.009654760,81009,77357,162018,msdoor
93,128,6,0.009790421,0.009363174,81009,77357,162018,msdoor
93,128,7,0.010639906,0.010190725,81009,77357,162018,msdoor
93,128,8,0.010296106,0.009866714,81009,77357,162018,msdoor
0,128,0,0.010834455,0.010371447,79377,75744,158754,msdoor
0,128,1,0.010364294,0.009917974,79377,75744,158754,msdoor
0,128,2,0.010822773,0.010390043,79377,75744,158754,msdoor
0,128,3,0.010627985,0.010207176,79377,75744,158754,msdoor
1,128,0,0.011115551,0.010395288,80095,76471,160190,msdoor
1,128,1,0.011053562,0.010346651,80095,76471,160190,msdoor
1,128,2,0.010533333,0.009869814,80095,76471,160190,msdoor
1,128,3,0.010797262,0.010118008,80095,76471,160190,msdoor
1,128,4,0.010553360,0.009899616,80095,76471,160190,msdoor
1,128,5,0.010223389,0.009630680,80095,76471,160190,msdoor
1,128,6,0.011182547,0.010518789,80095,76471,160190,msdoor
1,128,7,0.010574341,0.009929419,80095,76471,160190,msdoor
1,128,8,0.010677576,0.010009766,80095,76471,160190,msdoor
1,128,9,0.010734558,0.010074139,80095,76471,160190,msdoor
28,128,7,0.010996342,0.010554790,79668,76028,159336,msdoor
28,128,8,0.010776520,0.010344982,79668,76028,159336,msdoor
28,128,9,0.010581493,0.010149479,79668,76028,159336,msdoor
5,128,7,0.009879827,0.009420633,80413,76768,160826,msdoor
5,128,8,0.010575771,0.010097742,80413,76768,160826,msdoor
5,128,9,0.010511398,0.010030508,80413,76768,160826,msdoor
105,128,4,0.010815382,0.010162830,81244,77560,162488,msdoor
105,128,5,0.010647297,0.010067225,81244,77560,162488,msdoor
105,128,6,0.010616064,0.009960651,81244,77560,162488,msdoor
105,128,7,0.010541677,0.009871244,81244,77560,162488,msdoor
105,128,8,0.010735273,0.010047197,81244,77560,162488,msdoor
105,128,9,0.010629177,0.009988308,81244,77560,162488,msdoor
0,128,4,0.010569096,0.010150433,79377,75744,158754,msdoor
0,128,5,0.010795355,0.010357380,79377,75744,158754,msdoor
0,128,6,0.010381699,0.009962320,79377,75744,158754,msdoor
0,128,7,0.010995150,0.010555983,79377,75744,158754,msdoor
0,128,8,0.010082006,0.009663343,79377,75744,158754,msdoor
31,128,0,0.011224985,0.010535002,81073,77437,162146,msdoor
31,128,1,0.010555029,0.009921551,81073,77437,162146,msdoor
31,128,2,0.010774136,0.010126829,81073,77437,162146,msdoor
31,128,3,0.010039806,0.009493828,81073,77437,162146,msdoor
31,128,4,0.010640144,0.009998798,81073,77437,162146,msdoor
31,128,5,0.010485411,0.009879589,81073,77437,162146,msdoor
31,128,6,0.010913372,0.010262728,81073,77437,162146,msdoor
31,128,7,0.010910273,0.010250092,81073,77437,162146,msdoor
31,128,8,0.010593891,0.009964943,81073,77437,162146,msdoor
31,128,9,0.010732174,0.010096073,81073,77437,162146,msdoor
40,128,0,0.010903120,0.010431051,79517,75844,159034,msdoor
40,128,1,0.010705948,0.010240555,79517,75844,159034,msdoor
40,128,2,0.010798931,0.010351181,79517,75844,159034,msdoor
40,128,3,0.010620356,0.010183334,79517,75844,159034,msdoor
40,128,4,0.010485649,0.010047674,79517,75844,159034,msdoor
40,128,5,0.010422707,0.009994745,79517,75844,159034,msdoor
40,128,6,0.010619879,0.010184050,79517,75844,159034,msdoor
40,128,7,0.010644436,0.010207415,79517,75844,159034,msdoor
40,128,8,0.010993481,0.010541677,79517,75844,159034,msdoor
40,128,9,0.010581255,0.010136604,79517,75844,159034,msdoor
95,128,0,0.010707617,0.010161877,81791,78144,163582,msdoor
95,128,1,0.009499311,0.009042978,81791,78144,163582,msdoor
95,128,2,0.009743690,0.009272575,81791,78144,163582,msdoor
95,128,3,0.010977268,0.010477304,81791,78144,163582,msdoor
39,128,0,0.011252165,0.010571718,80629,76963,161258,msdoor
39,128,1,0.010853052,0.010185719,80629,76963,161258,msdoor
39,128,2,0.011113405,0.010395288,80629,76963,161258,msdoor
39,128,3,0.010885954,0.010164022,80629,76963,161258,msdoor
39,128,4,0.010555744,0.009952307,80629,76963,161258,msdoor
39,128,5,0.010621786,0.010073662,80629,76963,161258,msdoor
39,128,6,0.010992289,0.010355949,80629,76963,161258,msdoor
39,128,7,0.011036873,0.010366917,80629,76963,161258,msdoor
39,128,8,0.011069059,0.010372877,80629,76963,161258,msdoor
39,128,9,0.010668516,0.010060787,80629,76963,161258,msdoor
102,128,0,0.010793924,0.010313511,81056,77415,162112,msdoor
102,128,1,0.010998487,0.010534286,81056,77415,162112,msdoor
102,128,2,0.010652542,0.010191679,81056,77415,162112,msdoor
102,128,3,0.011021376,0.010558844,81056,77415,162112,msdoor
25,128,0,0.011332989,0.010552406,81299,77670,162598,msdoor
25,128,1,0.011242628,0.010505199,81299,77670,162598,msdoor
25,128,2,0.010867119,0.010160685,81299,77670,162598,msdoor
25,128,3,0.011113882,0.010385990,81299,77670,162598,msdoor
94,128,0,0.010443926,0.009991407,81190,77536,162380,msdoor
94,128,1,0.010542154,0.010094166,81190,77536,162380,msdoor
94,128,2,0.010185480,0.009765148,81190,77536,162380,msdoor
94,128,3,0.010560513,0.010125399,81190,77536,162380,msdoor
125,128,0,0.010694504,0.010178328,80222,76582,160444,msdoor
125,128,1,0.010310173,0.009835482,80222,76582,160444,msdoor
125,128,2,0.010418892,0.009929180,80222,76582,160444,msdoor
125,128,3,0.010603666,0.010121107,80222,76582,160444,msdoor
125,128,4,0.010366201,0.009894609,80222,76582,160444,msdoor
125,128,5,0.010421515,0.009923458,80222,76582,160444,msdoor
125,128,6,0.010408878,0.009945154,80222,76582,160444,msdoor
93,128,9,0.010650158,0.010219336,81009,77357,162018,msdoor
0,128,9,0.010629416,0.010188103,79377,75744,158754,msdoor
85,128,0,0.011015892,0.010300875,80636,76929,161272,msdoor
85,128,1,0.010887623,0.010174274,80636,76929,161272,msdoor
85,128,2,0.010891676,0.010205746,80636,76929,161272,msdoor
85,128,3,0.010808945,0.010124922,80636,76929,161272,msdoor
85,128,4,0.009886742,0.009301186,80636,76929,161272,msdoor
85,128,5,0.011010408,0.010328293,80636,76929,161272,msdoor
85,128,6,0.010712147,0.010031462,80636,76929,161272,msdoor
85,128,7,0.010731220,0.010059357,80636,76929,161272,msdoor
85,128,8,0.010851860,0.010149240,80636,76929,161272,msdoor
85,128,9,0.010766745,0.010097980,80636,76929,161272,msdoor
100,128,0,0.010838747,0.010359526,79993,76365,159986,msdoor
100,128,1,0.010656357,0.010213852,79993,76365,159986,msdoor
100,128,2,0.010692596,0.010247946,79993,76365,159986,msdoor
100,128,3,0.010682821,0.010251522,79993,76365,159986,msdoor
100,128,4,0.010585308,0.010138988,79993,76365,159986,msdoor
100,128,5,0.010559797,0.010126114,79993,76365,159986,msdoor
100,128,6,0.010121107,0.009698391,79993,76365,159986,msdoor
100,128,7,0.010736704,0.010288954,79993,76365,159986,msdoor
95,128,4,0.010745525,0.010249615,81791,78144,163582,msdoor
95,128,5,0.010660410,0.010180473,81791,78144,163582,msdoor
95,128,6,0.009863138,0.009406328,81791,78144,163582,msdoor
95,128,7,0.010903358,0.010398149,81791,78144,163582,msdoor
95,128,8,0.010529757,0.010040760,81791,78144,163582,msdoor
95,128,9,0.010539293,0.010045767,81791,78144,163582,msdoor
9,128,0,0.011483669,0.010563374,80685,77009,161370,msdoor
9,128,1,0.011239529,0.010451794,80685,77009,161370,msdoor
9,128,2,0.011143923,0.010334015,80685,77009,161370,msdoor
9,128,3,0.011270523,0.010446548,80685,77009,161370,msdoor
9,128,4,0.010681868,0.010032177,80685,77009,161370,msdoor
9,128,5,0.010675430,0.010246038,80685,77009,161370,msdoor
9,128,6,0.010708332,0.010242701,80685,77009,161370,msdoor
9,128,7,0.010636806,0.010110617,80685,77009,161370,msdoor
9,128,8,0.010930300,0.010380507,80685,77009,161370,msdoor
9,128,9,0.010706425,0.010194540,80685,77009,161370,msdoor
18,128,0,0.010087729,0.009636402,80667,77042,161334,msdoor
18,128,1,0.010345697,0.009894848,80667,77042,161334,msdoor
18,128,2,0.010855436,0.010411978,80667,77042,161334,msdoor
18,128,3,0.011027336,0.010581017,80667,77042,161334,msdoor
18,128,4,0.010992765,0.010558128,80667,77042,161334,msdoor
18,128,5,0.010305882,0.009877205,80667,77042,161334,msdoor
18,128,6,0.010807753,0.010365009,80667,77042,161334,msdoor
18,128,7,0.010990858,0.010550261,80667,77042,161334,msdoor
7,128,0,0.011034012,0.010298491,81100,77436,162200,msdoor
7,128,1,0.010562181,0.009918213,81100,77436,162200,msdoor
7,128,2,0.011206865,0.010497093,81100,77436,162200,msdoor
7,128,3,0.010684013,0.010013580,81100,77436,162200,msdoor
7,128,4,0.010755301,0.010088682,81100,77436,162200,msdoor
94,128,4,0.010620594,0.010173082,81190,77536,162380,msdoor
94,128,5,0.010795116,0.010349751,81190,77536,162380,msdoor
94,128,6,0.010643005,0.010201931,81190,77536,162380,msdoor
94,128,7,0.011018753,0.010575294,81190,77536,162380,msdoor
94,128,8,0.009905815,0.009475946,81190,77536,162380,msdoor
94,128,9,0.010631800,0.010187626,81190,77536,162380,msdoor
125,128,7,0.010166883,0.009698629,80222,76582,160444,msdoor
125,128,8,0.010382414,0.009904146,80222,76582,160444,msdoor
125,128,9,0.010551691,0.010058403,80222,76582,160444,msdoor
33,128,0,0.010998249,0.010288477,80185,76545,160370,msdoor
33,128,1,0.010796070,0.010085583,80185,76545,160370,msdoor
33,128,2,0.011135340,0.010393620,80185,76545,160370,msdoor
33,128,3,0.011157036,0.010407448,80185,76545,160370,msdoor
33,128,4,0.010893583,0.010197401,80185,76545,160370,msdoor
33,128,5,0.011069298,0.010383844,80185,76545,160370,msdoor
33,128,6,0.010928392,0.010255814,80185,76545,160370,msdoor
33,128,7,0.010985851,0.010277987,80185,76545,160370,msdoor
33,128,8,0.011018276,0.010286331,80185,76545,160370,msdoor
33,128,9,0.010696650,0.010007858,80185,76545,160370,msdoor
102,128,4,0.010989189,0.010538578,81056,77415,162112,msdoor
102,128,5,0.010623455,0.010169744,81056,77415,162112,msdoor
102,128,6,0.011041641,0.010574102,81056,77415,162112,msdoor
102,128,7,0.010906219,0.010455132,81056,77415,162112,msdoor
102,128,8,0.010607004,0.010153294,81056,77415,162112,msdoor
102,128,9,0.010612726,0.010157824,81056,77415,162112,msdoor
25,128,4,0.011223316,0.010528564,81299,77670,162598,msdoor
25,128,5,0.011193514,0.010492563,81299,77670,162598,msdoor
25,128,6,0.011234999,0.010528088,81299,77670,162598,msdoor
25,128,7,0.010932922,0.010223866,81299,77670,162598,msdoor
25,128,8,0.011035204,0.010339975,81299,77670,162598,msdoor
25,128,9,0.010783672,0.010095835,81299,77670,162598,msdoor
100,128,8,0.010661364,0.010224104,79993,76365,159986,msdoor
100,128,9,0.010631561,0.010200500,79993,76365,159986,msdoor
83,128,0,0.011316538,0.010773897,82082,78423,164164,msdoor
83,128,1,0.010416508,0.009939432,82082,78423,164164,msdoor
83,128,2,0.010631084,0.010139704,82082,78423,164164,msdoor
83,128,3,0.010629177,0.010127068,82082,78423,164164,msdoor
83,128,4,0.010178804,0.009709597,82082,78423,164164,msdoor
83,128,5,0.010989666,0.010491610,82082,78423,164164,msdoor
123,128,0,0.011053324,0.010361195,81371,77740,162742,msdoor
123,128,1,0.010633945,0.009977341,81371,77740,162742,msdoor
123,128,2,0.010769129,0.010043383,81371,77740,162742,msdoor
123,128,3,0.010787010,0.010058880,81371,77740,162742,msdoor
123,128,4,0.010827541,0.010185003,81371,77740,162742,msdoor
123,128,5,0.010313511,0.009768009,81371,77740,162742,msdoor
123,128,6,0.010564804,0.009916067,81371,77740,162742,msdoor
18,128,8,0.010991812,0.010554790,80667,77042,161334,msdoor
18,128,9,0.010621071,0.010181427,80667,77042,161334,msdoor
103,128,0,0.010497570,0.009832382,81745,78096,163490,msdoor
103,128,1,0.010736227,0.010011911,81745,78096,163490,msdoor
103,128,2,0.010360956,0.009682417,81745,78096,163490,msdoor
103,128,3,0.010775089,0.010065556,81745,78096,163490,msdoor
103,128,4,0.010624409,0.009936571,81745,78096,163490,msdoor
103,128,5,0.010590076,0.009924889,81745,78096,163490,msdoor
103,128,6,0.010710001,0.010010958,81745,78096,163490,msdoor
103,128,7,0.010797501,0.010099173,81745,78096,163490,msdoor
103,128,8,0.010580540,0.009907484,81745,78096,163490,msdoor
103,128,9,0.010819435,0.010124922,81745,78096,163490,msdoor
4,128,0,0.010842800,0.010356665,79723,76076,159446,msdoor
4,128,1,0.010749340,0.010278463,79723,76076,159446,msdoor
4,128,2,0.010764360,0.010307789,79723,76076,159446,msdoor
4,128,3,0.010693073,0.010250330,79723,76076,159446,msdoor
83,128,6,0.010291100,0.009815931,82082,78423,164164,msdoor
83,128,7,0.010453224,0.009973049,82082,78423,164164,msdoor
83,128,8,0.010495663,0.010018587,82082,78423,164164,msdoor
83,128,9,0.010596037,0.010102510,82082,78423,164164,msdoor
45,128,0,0.011029243,0.010391474,80251,76585,160502,msdoor
45,128,1,0.010725975,0.010107517,80251,76585,160502,msdoor
45,128,2,0.010935783,0.010252953,80251,76585,160502,msdoor
45,128,3,0.010795116,0.010118961,80251,76585,160502,msdoor
45,128,4,0.010594606,0.010007381,80251,76585,160502,msdoor
45,128,5,0.010447502,0.009921551,80251,76585,160502,msdoor
45,128,6,0.010924339,0.010315180,80251,76585,160502,msdoor
45,128,7,0.010907412,0.010257959,80251,76585,160502,msdoor
45,128,8,0.010744810,0.010096550,80251,76585,160502,msdoor
45,128,9,0.010814905,0.010211706,80251,76585,160502,msdoor
96,128,0,0.010932446,0.010446072,80438,76802,160876,msdoor
96,128,1,0.009907722,0.009472847,80438,76802,160876,msdoor
96,128,2,0.010434866,0.009992123,80438,76802,160876,msdoor
96,128,3,0.010517836,0.010083437,80438,76802,160876,msdoor
127,128,0,0.011150360,0.010426044,80892,77252,161784,msdoor
127,128,1,0.010707617,0.010018826,80892,77252,161784,msdoor
127,128,2,0.010353804,0.009711027,80892,77252,161784,msdoor
127,128,3,0.010934353,0.010252714,80892,77252,161784,msdoor
127,128,4,0.010642052,0.009974718,80892,77252,161784,msdoor
127,128,5,0.010591984,0.009950161,80892,77252,161784,msdoor
127,128,6,0.010783195,0.010098934,80892,77252,161784,msdoor
127,128,7,0.010802746,0.010123253,80892,77252,161784,msdoor
127,128,8,0.010089636,0.009507656,80892,77252,161784,msdoor
127,128,9,0.010805607,0.010132790,80892,77252,161784,msdoor
76,128,0,0.010848761,0.010382891,79820,76047,159640,msdoor
76,128,1,0.010754347,0.010308027,79820,76047,159640,msdoor
76,128,2,0.010667086,0.010230303,79820,76047,159640,msdoor
76,128,3,0.010968447,0.010529757,79820,76047,159640,msdoor
89,128,0,0.010887861,0.010342360,81096,77451,162192,msdoor
89,128,1,0.010005474,0.009527445,81096,77451,162192,msdoor
89,128,2,0.010640621,0.010138512,81096,77451,162192,msdoor
89,128,3,0.010318041,0.009843588,81096,77451,162192,msdoor
89,128,4,0.009572983,0.009119272,81096,77451,162192,msdoor
51,128,0,0.011291027,0.010539770,81599,77861,163198,msdoor
51,128,1,0.011048794,0.010307789,81599,77861,163198,msdoor
51,128,2,0.010864735,0.010123253,81599,77861,163198,msdoor
51,128,3,0.010905266,0.010164976,81599,77861,163198,msdoor
51,128,4,0.010900259,0.010193825,81599,77861,163198,msdoor
51,128,5,0.010776281,0.010094404,81599,77861,163198,msdoor
51,128,6,0.011057138,0.010361433,81599,77861,163198,msdoor
51,128,7,0.010484457,0.009808540,81599,77861,163198,msdoor
51,128,8,0.010832787,0.010094643,81599,77861,163198,msdoor
51,128,9,0.010812521,0.010097027,81599,77861,163198,msdoor
96,128,4,0.010445595,0.010008574,80438,76802,160876,msdoor
96,128,5,0.010709286,0.010256529,80438,76802,160876,msdoor
96,128,6,0.010653496,0.010212660,80438,76802,160876,msdoor
96,128,7,0.010641575,0.010208845,80438,76802,160876,msdoor
96,128,8,0.010411739,0.009967327,80438,76802,160876,msdoor
96,128,9,0.010701418,0.010244370,80438,76802,160876,msdoor
7,128,5,0.010309458,0.009689808,81100,77436,162200,msdoor
7,128,6,0.010835409,0.010165691,81100,77436,162200,msdoor
7,128,7,0.010915279,0.010217905,81100,77436,162200,msdoor
7,128,8,0.010404348,0.009788036,81100,77436,162200,msdoor
7,128,9,0.010819435,0.010131598,81100,77436,162200,msdoor
4,128,4,0.010581493,0.010132551,79723,76076,159446,msdoor
4,128,5,0.010617256,0.010178804,79723,76076,159446,msdoor
4,128,6,0.010564327,0.010111809,79723,76076,159446,msdoor
4,128,7,0.010711908,0.010265112,79723,76076,159446,msdoor
4,128,8,0.010679960,0.010234833,79723,76076,159446,msdoor
4,128,9,0.010706186,0.010249853,79723,76076,159446,msdoor
89,128,5,0.010599613,0.010121822,81096,77451,162192,msdoor
89,128,6,0.010194540,0.009722948,81096,77451,162192,msdoor
89,128,7,0.010656118,0.010168314,81096,77451,162192,msdoor
89,128,8,0.010294199,0.009813786,81096,77451,162192,msdoor
89,128,9,0.010650396,0.010141611,81096,77451,162192,msdoor
75,128,0,0.011055231,0.010158300,81604,77880,163208,msdoor
75,128,1,0.010907888,0.010020256,81604,77880,163208,msdoor
75,128,2,0.010302305,0.009160757,81604,77880,163208,msdoor
75,128,3,0.010554314,0.009462118,81604,77880,163208,msdoor
75,128,4,0.010352612,0.009352684,81604,77880,163208,msdoor
75,128,5,0.010771751,0.009948015,81604,77880,163208,msdoor
75,128,6,0.010599375,0.009649992,81604,77880,163208,msdoor
75,128,7,0.010123491,0.009080172,81604,77880,163208,msdoor
75,128,8,0.010919094,0.010034084,81604,77880,163208,msdoor
75,128,9,0.010802984,0.009882927,81604,77880,163208,msdoor
6,128,0,0.010201693,0.009803295,80678,77034,161356,msdoor
6,128,1,0.009897470,0.009516478,80678,77034,161356,msdoor
6,128,2,0.010036945,0.009656191,80678,77034,161356,msdoor
6,128,3,0.010606527,0.010226011,80678,77034,161356,msdoor
13,128,0,0.011253119,0.010518789,80378,76733,160756,msdoor
13,128,1,0.010797739,0.010129929,80378,76733,160756,msdoor
13,128,2,0.010706425,0.010060549,80378,76733,160756,msdoor
13,128,3,0.010844231,0.010181904,80378,76733,160756,msdoor
13,128,4,0.011162758,0.010500431,80378,76733,160756,msdoor
13,128,5,0.010181904,0.009607553,80378,76733,160756,msdoor
13,128,6,0.011192799,0.010531425,80378,76733,160756,msdoor
13,128,7,0.010713339,0.010068893,80378,76733,160756,msdoor
13,128,8,0.010700464,0.010060787,80378,76733,160756,msdoor
13,128,9,0.010846853,0.010182858,80378,76733,160756,msdoor
76,128,4,0.010324478,0.009902716,79820,76047,159640,msdoor
76,128,5,0.010616541,0.010185957,79820,76047,159640,msdoor
76,128,6,0.010553360,0.010119677,79820,76047,159640,msdoor
76,128,7,0.010695696,0.010257959,79820,76047,159640,msdoor
76,128,8,0.010689735,0.010259628,79820,76047,159640,msdoor
76,128,9,0.010705709,0.010274410,79820,76047,159640,msdoor
107,128,0,0.010999203,0.010450840,81908,78217,163816,msdoor
107,128,1,0.011034012,0.010511875,81908,78217,163816,msdoor
107,128,2,0.010308027,0.009809494,81908,78217,163816,msdoor
107,128,3,0.010595560,0.010100126,81908,78217,163816,msdoor
107,128,4,0.010520220,0.010036707,81908,78217,163816,msdoor
107,128,5,0.009774923,0.009319544,81908,78217,163816,msdoor
107,128,6,0.010447025,0.009943247,81908,78217,163816,msdoor
107,128,7,0.009996176,0.009522915,81908,78217,163816,msdoor
107,128,8,0.009888649,0.009421349,81908,78217,163816,msdoor
107,128,9,0.010667562,0.010151386,81908,78217,163816,msdoor
123,128,7,0.010478973,0.009820700,81371,77740,162742,msdoor
123,128,8,0.010867834,0.010168552,81371,77740,162742,msdoor
123,128,9,0.010769367,0.010143518,81371,77740,162742,msdoor
6,128,4,0.010069370,0.009681940,80678,77034,161356,msdoor
6,128,5,0.009951353,0.009572268,80678,77034,161356,msdoor
6,128,6,0.010117054,0.009731293,80678,77034,161356,msdoor
6,128,7,0.010252237,0.009864569,80678,77034,161356,msdoor
6,128,8,0.010216951,0.009835958,80678,77034,161356,msdoor
115,128,0,0.011308670,0.010556936,80812,77174,161624,msdoor
115,128,1,0.011114597,0.010389566,80812,77174,161624,msdoor
115,128,2,0.011373758,0.010690451,80812,77174,161624,msdoor
115,128,3,0.011200190,0.010481834,80812,77174,161624,msdoor
115,128,4,0.011187553,0.010502100,80812,77174,161624,msdoor
52,128,0,0.010895729,0.010412931,79937,76282,159874,msdoor
52,128,1,0.011024952,0.010553837,79937,76282,159874,msdoor
52,128,2,0.010551691,0.010119200,79937,76282,159874,msdoor
52,128,3,0.010749102,0.010306597,79937,76282,159874,msdoor
23,128,0,0.010482311,0.009996414,81366,77718,162732,msdoor
23,128,1,0.010700226,0.010201931,81366,77718,162732,msdoor
23,128,2,0.010626793,0.010140181,81366,77718,162732,msdoor
23,128,3,0.010611534,0.010122776,81366,77718,162732,msdoor
23,128,4,0.010622740,0.010140896,81366,77718,162732,msdoor
23,128,5,0.009845018,0.009400129,81366,77718,162732,msdoor
81,128,0,0.010828495,0.010194302,81083,77348,162166,msdoor
81,128,1,0.010920525,0.010264874,81083,77348,162166,msdoor
81,128,2,0.010109901,0.009451866,81083,77348,162166,msdoor
81,128,3,0.011042595,0.010318041,81083,77348,162166,msdoor
81,128,4,0.010077953,0.009510040,81083,77348,162166,msdoor
81,128,5,0.010973930,0.010381460,81083,77348,162166,msdoor
81,128,6,0.009834051,0.009246826,81083,77348,162166,msdoor
120,128,0,0.010617971,0.010150671,79756,76112,159512,msdoor
120,128,1,0.010587215,0.010140419,79756,76112,159512,msdoor
120,128,2,0.010482788,0.010045052,79756,76112,159512,msdoor
120,128,3,0.010616779,0.010180235,79756,76112,159512,msdoor
115,128,5,0.011198997,0.010509014,80812,77174,161624,msdoor
115,128,6,0.011198997,0.010502100,80812,77174,161624,msdoor
115,128,7,0.011350393,0.010688305,80812,77174,161624,msdoor
115,128,8,0.011177063,0.010492802,80812,77174,161624,msdoor
115,128,9,0.010896921,0.010191679,80812,77174,161624,msdoor
22,128,0,0.010767460,0.010173321,80533,76911,161066,msdoor
22,128,1,0.010793447,0.010204792,80533,76911,161066,msdoor
22,128,2,0.010740519,0.010154247,80533,76911,161066,msdoor
119,128,0,0.011017561,0.010469198,80828,77166,161656,msdoor
119,128,1,0.010095119,0.009625196,80828,77166,161656,msdoor
119,128,2,0.011017561,0.010500669,80828,77166,161656,msdoor
119,128,3,0.010761499,0.010256767,80828,77166,161656,msdoor
119,128,4,0.010613441,0.010111094,80828,77166,161656,msdoor
119,128,5,0.010156631,0.009673357,80828,77166,161656,msdoor
119,128,6,0.010809660,0.010300875,80828,77166,161656,msdoor
119,128,7,0.010579586,0.010072708,80828,77166,161656,msdoor
119,128,8,0.010672092,0.010167599,80828,77166,161656,msdoor
119,128,9,0.010669947,0.010157108,80828,77166,161656,msdoor
6,128,9,0.010746241,0.010353565,80678,77034,161356,msdoor
97,128,0,0.011197805,0.010474443,81203,77603,162406,msdoor
97,128,1,0.010860443,0.010140657,81203,77603,162406,msdoor
97,128,2,0.010514259,0.009845018,81203,77603,162406,msdoor
97,128,3,0.010748863,0.010066032,81203,77603,162406,msdoor
52,128,4,0.010620594,0.010173321,79937,76282,159874,msdoor
52,128,5,0.011011124,0.010556459,79937,76282,159874,msdoor
52,128,6,0.010604382,0.010159016,79937,76282,159874,msdoor
52,128,7,0.010749578,0.010302782,79937,76282,159874,msdoor
52,128,8,0.010712862,0.010273695,79937,76282,159874,msdoor
52,128,9,0.010732889,0.010291338,79937,76282,159874,msdoor
23,128,6,0.010799170,0.010299921,81366,77718,162732,msdoor
23,128,7,0.010707617,0.010224819,81366,77718,162732,msdoor
23,128,8,0.010630369,0.010152340,81366,77718,162732,msdoor
23,128,9,0.010684490,0.010193348,81366,77718,162732,msdoor
27,128,0,0.011226654,0.010471821,81780,78163,163560,msdoor
27,128,1,0.010845661,0.010102987,81780,78163,163560,msdoor
27,128,2,0.010796070,0.010037661,81780,78163,163560,msdoor
27,128,3,0.011083364,0.010303736,81780,78163,163560,msdoor
27,128,4,0.010805845,0.010094404,81780,78163,163560,msdoor
27,128,5,0.010720491,0.010039806,81780,78163,163560,msdoor
27,128,6,0.010612726,0.009940624,81780,78163,163560,msdoor
2,128,0,0.010914326,0.010478973,80487,76855,160974,msdoor
2,128,1,0.010750771,0.010291815,80487,76855,160974,msdoor
2,128,2,0.010762691,0.010286570,80487,76855,160974,msdoor
2,128,3,0.010859966,0.010428667,80487,76855,160974,msdoor
2,128,4,0.010823488,0.010390759,80487,76855,160974,msdoor
2,128,5,0.010637760,0.010206699,80487,76855,160974,msdoor
2,128,6,0.010735035,0.010303259,80487,76855,160974,msdoor
2,128,7,0.010486126,0.010055065,80487,76855,160974,msdoor
2,128,8,0.010921001,0.010477543,80487,76855,160974,msdoor
2,128,9,0.010768890,0.010338068,80487,76855,160974,msdoor
120,128,4,0.010389328,0.009957314,79756,76112,159512,msdoor
120,128,5,0.010654449,0.010204077,79756,76112,159512,msdoor
120,128,6,0.010595322,0.010154963,79756,76112,159512,msdoor
120,128,7,0.009645939,0.009228706,79756,76112,159512,msdoor
120,128,8,0.009665966,0.009242296,79756,76112,159512,msdoor
120,128,9,0.010734081,0.010275126,79756,76112,159512,msdoor
121,128,0,0.011081219,0.010328770,80299,76655,160598,msdoor
121,128,1,0.011065483,0.010343313,80299,76655,160598,msdoor
121,128,2,0.011067629,0.010346413,80299,76655,160598,msdoor
121,128,3,0.010961533,0.010245323,80299,76655,160598,msdoor
121,128,4,0.011051655,0.010340691,80299,76655,160598,msdoor
121,128,5,0.010352850,0.009721756,80299,76655,160598,msdoor
121,128,6,0.011236191,0.010524988,80299,76655,160598,msdoor
112,128,0,0.010910749,0.010436296,79716,76080,159432,msdoor
112,128,1,0.010832071,0.010368586,79716,76080,159432,msdoor
112,128,2,0.009986639,0.009561300,79716,76080,159432,msdoor
112,128,3,0.010753632,0.010313511,79716,76080,159432,msdoor
112,128,4,0.010648489,0.010192394,79716,76080,159432,msdoor
112,128,5,0.010619879,0.010176897,79716,76080,159432,msdoor
112,128,6,0.010583401,0.010134459,79716,76080,159432,msdoor
112,128,7,0.010759115,0.010310173,79716,76080,159432,msdoor
112,128,8,0.010699987,0.010263920,79716,76080,159432,msdoor
35,128,0,0.010788679,0.010274410,81032,77391,162064,msdoor
35,128,1,0.010723829,0.010227203,81032,77391,162064,msdoor
81,128,7,0.009342670,0.008744955,81083,77348,162166,msdoor
81,128,8,0.010883331,0.010192156,81083,77348,162166,msdoor
81,128,9,0.010965347,0.010352373,81083,77348,162166,msdoor
8,128,0,0.011002302,0.010205269,80108,76453,160216,msdoor
8,128,1,0.011004925,0.010227442,80108,76453,160216,msdoor
8,128,2,0.010640383,0.009895802,80108,76453,160216,msdoor
8,128,3,0.010754585,0.010049582,80108,76453,160216,msdoor
8,128,4,0.010319233,0.009649277,80108,76453,160216,msdoor
8,128,5,0.010578394,0.009866238,80108,76453,160216,msdoor
8,128,6,0.010888338,0.010157824,80108,76453,160216,msdoor
8,128,7,0.010783195,0.010026455,80108,76453,160216,msdoor
8,128,8,0.010915518,0.010145426,80108,76453,160216,msdoor
8,128,9,0.010632992,0.009910107,80108,76453,160216,msdoor
126,128,0,0.011103868,0.010503769,80300,76676,160600,msdoor
126,128,1,0.010829210,0.010291576,80300,76676,160600,msdoor
126,128,2,0.010817528,0.010167360,80300,76676,160600,msdoor
97,128,4,0.010654688,0.009986162,81203,77603,162406,msdoor
97,128,5,0.010914803,0.010247231,81203,77603,162406,msdoor
97,128,6,0.010882616,0.010194063,81203,77603,162406,msdoor
97,128,7,0.011348248,0.010696411,81203,77603,162406,msdoor
97,128,8,0.010872126,0.010175467,81203,77603,162406,msdoor
97,128,9,0.010938644,0.010260820,81203,77603,162406,msdoor
22,128,3,0.010935783,0.010367393,80533,76911,161066,msdoor
22,128,4,0.011116505,0.010542393,80533,76911,161066,msdoor
22,128,5,0.010187626,0.009656191,80533,76911,161066,msdoor
22,128,6,0.010600328,0.010028839,80533,76911,161066,msdoor
22,128,7,0.010843277,0.010262489,80533,76911,161066,msdoor
22,128,8,0.010947943,0.010363817,80533,76911,161066,msdoor
22,128,9,0.010740757,0.010176420,80533,76911,161066,msdoor
35,128,2,0.010703802,0.010221958,81032,77391,162064,msdoor
35,128,3,0.010586023,0.010103464,81032,77391,162064,msdoor
35,128,4,0.010600090,0.010122776,81032,77391,162064,msdoor
35,128,5,0.010605812,0.010135651,81032,77391,162064,msdoor
35,128,6,0.010451078,0.009975672,81032,77391,162064,msdoor
3,128,0,0.011123896,0.010387897,81318,77682,162636,msdoor
3,128,1,0.011146307,0.010416269,81318,77682,162636,msdoor
3,128,2,0.011154413,0.010401964,81318,77682,162636,msdoor
3,128,3,0.010874033,0.010132313,81318,77682,162636,msdoor
3,128,4,0.010919809,0.010211945,81318,77682,162636,msdoor
3,128,5,0.010798931,0.010125875,81318,77682,162636,msdoor
3,128,6,0.011034966,0.010344267,81318,77682,162636,msdoor
3,128,7,0.010952234,0.010233879,81318,77682,162636,msdoor
3,128,8,0.011125326,0.010382652,81318,77682,162636,msdoor
3,128,9,0.010983467,0.010271311,81318,77682,162636,msdoor
14,128,0,0.010734558,0.009979725,80888,77239,161776,msdoor
14,128,1,0.010827780,0.010091305,80888,77239,161776,msdoor
14,128,2,0.010992050,0.010249615,80888,77239,161776,msdoor
14,128,3,0.011064291,0.010344982,80888,77239,161776,msdoor
14,128,4,0.010663509,0.009968042,80888,77239,161776,msdoor
14,128,5,0.010733604,0.010025978,80888,77239,161776,msdoor
14,128,6,0.010517120,0.009808302,80888,77239,161776,msdoor
14,128,7,0.010633469,0.009901285,80888,77239,161776,msdoor
14,128,8,0.010793924,0.010057449,80888,77239,161776,msdoor
14,128,9,0.010819912,0.010099888,80888,77239,161776,msdoor
126,128,3,0.010916948,0.010390043,80300,76676,160600,msdoor
126,128,4,0.011079550,0.010546684,80300,76676,160600,msdoor
126,128,5,0.010765076,0.010228157,80300,76676,160600,msdoor
126,128,6,0.010766745,0.010056257,80300,76676,160600,msdoor
126,128,7,0.010734797,0.010010481,80300,76676,160600,msdoor
126,128,8,0.011083126,0.010549307,80300,76676,160600,msdoor
121,128,7,0.010653019,0.009984493,80299,76655,160598,msdoor
121,128,8,0.009544849,0.008960962,80299,76655,160598,msdoor
121,128,9,0.010933161,0.010219097,80299,76655,160598,msdoor
112,128,9,0.010748148,0.010298252,79716,76080,159432,msdoor
35,128,7,0.010715723,0.010242462,81032,77391,162064,msdoor
35,128,8,0.010735512,0.010253191,81032,77391,162064,msdoor
35,128,9,0.010728121,0.010236263,81032,77391,162064,msdoor
15,128,0,0.010669470,0.009691954,80982,77314,161964,msdoor
15,128,1,0.010761499,0.009863377,80982,77314,161964,msdoor
15,128,2,0.010890245,0.010051966,80982,77314,161964,msdoor
15,128,3,0.011082172,0.010307312,80982,77314,161964,msdoor
15,128,4,0.010938883,0.010217190,80982,77314,161964,msdoor
15,128,5,0.010787010,0.010060072,80982,77314,161964,msdoor
15,128,6,0.010890245,0.010175943,80982,77314,161964,msdoor
15,128,7,0.010998249,0.010268927,80982,77314,161964,msdoor
15,128,8,0.011099100,0.010354757,80982,77314,161964,msdoor
15,128,9,0.010992527,0.010280132,80982,77314,161964,msdoor
20,128,0,0.010457516,0.009671211,79885,76239,159770,msdoor
20,128,1,0.012869358,0.009871244,79885,76239,159770,msdoor
20,128,2,0.010376453,0.009790182,79885,76239,159770,msdoor
20,128,3,0.010465145,0.009873867,79885,76239,159770,msdoor
20,128,4,0.010968685,0.010375023,79885,76239,159770,msdoor
20,128,5,0.010369539,0.009600639,79885,76239,159770,msdoor
20,128,6,0.010776520,0.010087252,79885,76239,159770,msdoor
20,128,7,0.010786772,0.010159492,79885,76239,159770,msdoor
20,128,8,0.010824680,0.010208130,79885,76239,159770,msdoor
20,128,9,0.010552406,0.009976149,79885,76239,159770,msdoor
126,128,9,0.010905266,0.010129929,80300,76676,160600,msdoor
49,128,0,0.011313438,0.010588646,80478,76825,160956,msdoor
49,128,1,0.011067390,0.010375500,80478,76825,160956,msdoor
49,128,2,0.010940552,0.010262728,80478,76825,160956,msdoor
49,128,3,0.010854721,0.010187149,80478,76825,160956,msdoor
49,128,4,0.011002541,0.010327101,80478,76825,160956,msdoor
49,128,5,0.011019707,0.010355711,80478,76825,160956,msdoor
34,128,0,0.010732412,0.010258913,80725,77097,161450,msdoor
34,128,1,0.010682583,0.010231733,80725,77097,161450,msdoor
34,128,2,0.010741472,0.010293484,80725,77097,161450,msdoor
34,128,3,0.010694742,0.010257483,80725,77097,161450,msdoor
34,128,4,0.010434389,0.009994745,80725,77097,161450,msdoor
34,128,5,0.010692120,0.010253191,80725,77097,161450,msdoor
34,128,6,0.010784864,0.010338306,80725,77097,161450,msdoor
47,128,0,0.010491133,0.010000706,81887,78190,163774,msdoor
47,128,1,0.010541439,0.010067463,81887,78190,163774,msdoor
47,128,2,0.010662794,0.010186672,81887,78190,163774,msdoor
27,128,7,0.010964394,0.010238647,81780,78163,163560,msdoor
27,128,8,0.010674715,0.009948254,81780,78163,163560,msdoor
27,128,9,0.010967255,0.010246038,81780,78163,163560,msdoor
26,128,0,0.011254549,0.010411739,81632,77999,163264,msdoor
26,128,1,0.010668755,0.009970427,81632,77999,163264,msdoor
26,128,2,0.010702133,0.010075092,81632,77999,163264,msdoor
26,128,3,0.010925055,0.010305882,81632,77999,163264,msdoor
26,128,4,0.010877848,0.010266304,81632,77999,163264,msdoor
26,128,5,0.010671854,0.009885550,81632,77999,163264,msdoor
26,128,6,0.010864973,0.010160446,81632,77999,163264,msdoor
26,128,7,0.010754824,0.010129929,81632,77999,163264,msdoor
26,128,8,0.010785341,0.010167837,81632,77999,163264,msdoor
26,128,9,0.010897160,0.010283709,81632,77999,163264,msdoor
84,128,0,0.010880232,0.010329247,80086,76364,160172,msdoor
84,128,1,0.010216236,0.009696722,80086,76364,160172,msdoor
84,128,2,0.010730982,0.010150433,80086,76364,160172,msdoor
49,128,6,0.011181116,0.010516405,80478,76825,160956,msdoor
49,128,7,0.011034727,0.010358095,80478,76825,160956,msdoor
49,128,8,0.011063576,0.010397434,80478,76825,160956,msdoor
49,128,9,0.011009932,0.010325193,80478,76825,160956,msdoor
34,128,7,0.010596752,0.010161400,80725,77097,161450,msdoor
34,128,8,0.010649443,0.010214090,80725,77097,161450,msdoor
34,128,9,0.010773659,0.010327816,80725,77097,161450,msdoor
71,128,0,0.010390997,0.009904861,80877,77144,161754,msdoor
71,128,1,0.010594606,0.010107994,80877,77144,161754,msdoor
71,128,2,0.009981871,0.009514093,80877,77144,161754,msdoor
71,128,3,0.010396242,0.009918928,80877,77144,161754,msdoor
71,128,4,0.010685682,0.010185719,80877,77144,161754,msdoor
71,128,5,0.010785341,0.010303259,80877,77144,161754,msdoor
71,128,6,0.010437012,0.009958982,80877,77144,161754,msdoor
71,128,7,0.010182381,0.009711504,80877,77144,161754,msdoor
71,128,8,0.010658026,0.010169029,80877,77144,161754,msdoor
21,128,0,0.011139154,0.010303974,80012,76375,160024,msdoor
21,128,1,0.010882139,0.009920120,80012,76375,160024,msdoor
21,128,2,0.011061192,0.010289669,80012,76375,160024,msdoor
21,128,3,0.011210680,0.010423899,80012,76375,160024,msdoor
21,128,4,0.010932684,0.010196686,80012,76375,160024,msdoor
21,128,5,0.010491371,0.009468079,80012,76375,160024,msdoor
21,128,6,0.011050463,0.010334730,80012,76375,160024,msdoor
21,128,7,0.010846376,0.009846926,80012,76375,160024,msdoor
21,128,8,0.010866404,0.009898186,80012,76375,160024,msdoor
21,128,9,0.011020184,0.010049820,80012,76375,160024,msdoor
32,128,0,0.011212111,0.010411978,79807,76167,159614,msdoor
32,128,1,0.010858774,0.010179281,79807,76167,159614,msdoor
32,128,2,0.011044264,0.010409832,79807,76167,159614,msdoor
32,128,3,0.011061192,0.010443211,79807,76167,159614,msdoor
32,128,4,0.010914326,0.010318041,79807,76167,159614,msdoor
32,128,5,0.010894299,0.010114908,79807,76167,159614,msdoor
32,128,6,0.011047602,0.010373354,79807,76167,159614,msdoor
32,128,7,0.011010885,0.010367155,79807,76167,159614,msdoor
32,128,8,0.010985374,0.010368347,79807,76167,159614,msdoor
32,128,9,0.010995150,0.010377645,79807,76167,159614,msdoor
84,128,3,0.010658026,0.010121346,80086,76364,160172,msdoor
84,128,4,0.009758711,0.009251595,80086,76364,160172,msdoor
84,128,5,0.010314703,0.009758949,80086,76364,160172,msdoor
84,128,6,0.010058165,0.009519339,80086,76364,160172,msdoor
84,128,7,0.010337591,0.009770632,80086,76364,160172,msdoor
109,128,0,0.010835886,0.010160685,80510,76849,161020,msdoor
109,128,1,0.010829926,0.010153770,80510,76849,161020,msdoor
109,128,2,0.010764837,0.010110140,80510,76849,161020,msdoor
109,128,3,0.010764599,0.010109425,80510,76849,161020,msdoor
109,128,4,0.010997772,0.010327101,80510,76849,161020,msdoor
124,128,0,0.010983944,0.010393143,80038,76393,160076,msdoor
124,128,1,0.010874271,0.010285378,80038,76393,160076,msdoor
124,128,2,0.010548353,0.009992599,80038,76393,160076,msdoor
124,128,3,0.010936260,0.010371923,80038,76393,160076,msdoor
29,128,0,0.011028528,0.010495901,80265,76639,160530,msdoor
29,128,1,0.010990620,0.010492802,80265,76639,160530,msdoor
29,128,2,0.010707855,0.010215282,80265,76639,160530,msdoor
29,128,3,0.010713816,0.010223389,80265,76639,160530,msdoor
29,128,4,0.010997057,0.010506868,80265,76639,160530,msdoor
29,128,5,0.011022329,0.010534525,80265,76639,160530,msdoor
29,128,6,0.010792971,0.010295153,80265,76639,160530,msdoor
29,128,7,0.010574341,0.010097027,80265,76639,160530,msdoor
29,128,8,0.010528564,0.010045767,80265,76639,160530,msdoor
29,128,9,0.010792971,0.010298491,80265,76639,160530,msdoor
69,128,0,0.010728121,0.010099173,80088,76288,160176,msdoor
69,128,1,0.010965347,0.010299206,80088,76288,160176,msdoor
69,128,2,0.010651827,0.009944201,80088,76288,160176,msdoor
69,128,3,0.010812998,0.010095358,80088,76288,160176,msdoor
69,128,4,0.010956764,0.010326862,80088,76288,160176,msdoor
69,128,5,0.010802746,0.010230541,80088,76288,160176,msdoor
38,128,0,0.011450529,0.010619402,80201,76536,160402,msdoor
38,128,1,0.010756016,0.010063887,80201,76536,160402,msdoor
38,128,2,0.010871887,0.010244131,80201,76536,160402,msdoor
38,128,3,0.010777712,0.010176659,80201,76536,160402,msdoor
38,128,4,0.010488987,0.009921551,80201,76536,160402,msdoor
38,128,5,0.011018038,0.010232925,80201,76536,160402,msdoor
38,128,6,0.010940790,0.010255575,80201,76536,160402,msdoor
38,128,7,0.010874271,0.010233879,80201,76536,160402,msdoor
38,128,8,0.010881901,0.010255814,80201,76536,160402,msdoor
38,128,9,0.010674238,0.010077238,80201,76536,160402,msdoor
84,128,8,0.010710478,0.010157585,80086,76364,160172,msdoor
84,128,9,0.010929823,0.010377645,80086,76364,160172,msdoor
43,128,0,0.011130571,0.010365486,81739,78026,163478,msdoor
43,128,1,0.010855675,0.010143518,81739,78026,163478,msdoor
88,128,0,0.011031151,0.010408640,80384,76667,160768,msdoor
88,128,1,0.010920763,0.010303259,80384,76667,160768,msdoor
88,128,2,0.010320663,0.009768963,80384,76667,160768,msdoor
47,128,3,0.010684013,0.010195971,81887,78190,163774,msdoor
47,128,4,0.010237455,0.009787321,81887,78190,163774,msdoor
47,128,5,0.010615826,0.010151386,81887,78190,163774,msdoor
47,128,6,0.010670662,0.010182381,81887,78190,163774,msdoor
47,128,7,0.010374784,0.009912491,81887,78190,163774,msdoor
47,128,8,0.010157347,0.009691000,81887,78190,163774,msdoor
47,128,9,0.010782957,0.010289669,81887,78190,163774,msdoor
69,128,6,0.010719061,0.010087252,80088,76288,160176,msdoor
69,128,7,0.010410547,0.009775400,80088,76288,160176,msdoor
69,128,8,0.010841131,0.010152102,80088,76288,160176,msdoor
69,128,9,0.011088848,0.010457993,80088,76288,160176,msdoor
50,128,0,0.010961533,0.010203600,80763,77056,161526,msdoor
50,128,1,0.011055946,0.010310650,80763,77056,161526,msdoor
50,128,2,0.010885477,0.010163784,80763,77056,161526,msdoor
50,128,3,0.010841608,0.010144711,80763,77056,161526,msdoor
50,128,4,0.010941267,0.010224104,80763,77056,161526,msdoor
50,128,5,0.010846138,0.010120630,80763,77056,161526,msdoor
50,128,6,0.010961294,0.010241985,80763,77056,161526,msdoor
50,128,7,0.011043072,0.010288715,80763,77056,161526,msdoor
50,128,8,0.010788441,0.010042906,80763,77056,161526,msdoor
50,128,9,0.010842800,0.010129452,80763,77056,161526,msdoor
42,128,0,0.010737896,0.010300398,81082,77406,162164,msdoor
42,128,1,0.010337353,0.009917974,81082,77406,162164,msdoor
42,128,2,0.010703802,0.010289192,81082,77406,162164,msdoor
42,128,3,0.010711670,0.010289192,81082,77406,162164,msdoor
42,128,4,0.010515690,0.010099888,81082,77406,162164,msdoor
73,128,0,0.010184050,0.009564400,80412,76622,160824,msdoor
73,128,1,0.010357141,0.009734869,80412,76622,160824,msdoor
73,128,2,0.010565519,0.009919643,80412,76622,160824,msdoor
73,128,3,0.011085033,0.010356903,80412,76622,160824,msdoor
73,128,4,0.010345936,0.009739876,80412,76622,160824,msdoor
73,128,5,0.010767937,0.010090113,80412,76622,160824,msdoor
124,128,4,0.010730982,0.010170460,80038,76393,160076,msdoor
124,128,5,0.010717869,0.010148525,80038,76393,160076,msdoor
124,128,6,0.010642052,0.010077953,80038,76393,160076,msdoor
124,128,7,0.010842085,0.010262728,80038,76393,160076,msdoor
124,128,8,0.010836363,0.010267258,80038,76393,160076,msdoor
124,128,9,0.010838032,0.010272980,80038,76393,160076,msdoor
71,128,9,0.010772467,0.010281563,80877,77144,161754,msdoor
111,128,0,0.010886192,0.010191679,81004,77351,162008,msdoor
111,128,1,0.010757923,0.010059118,81004,77351,162008,msdoor
111,128,2,0.009979486,0.009303331,81004,77351,162008,msdoor
111,128,3,0.010922194,0.010188341,81004,77351,162008,msdoor
111,128,4,0.010867357,0.010162354,81004,77351,162008,msdoor
111,128,5,0.010380983,0.009744406,81004,77351,162008,msdoor
111,128,6,0.010906458,0.010225296,81004,77351,162008,msdoor
56,128,0,0.011308670,0.010487556,80218,76504,160436,msdoor
56,128,1,0.011049032,0.010352135,80218,76504,160436,msdoor
56,128,2,0.010942221,0.010297537,80218,76504,160436,msdoor
56,128,3,0.010586739,0.009995937,80218,76504,160436,msdoor
56,128,4,0.010803461,0.010212898,80218,76504,160436,msdoor
56,128,5,0.010765314,0.010007143,80218,76504,160436,msdoor
56,128,6,0.010704279,0.010029316,80218,76504,160436,msdoor
56,128,7,0.010933638,0.010295630,80218,76504,160436,msdoor
56,128,8,0.010609865,0.010016441,80218,76504,160436,msdoor
56,128,9,0.010605574,0.010023117,80218,76504,160436,msdoor
42,128,5,0.010479927,0.010063887,81082,77406,162164,msdoor
42,128,6,0.010964394,0.010545254,81082,77406,162164,msdoor
42,128,7,0.010955095,0.010541439,81082,77406,162164,msdoor
42,128,8,0.010603905,0.010183573,81082,77406,162164,msdoor
42,128,9,0.010994434,0.010561943,81082,77406,162164,msdoor
109,128,5,0.011019468,0.010355473,80510,76849,161020,msdoor
109,128,6,0.010851383,0.010204554,80510,76849,161020,msdoor
109,128,7,0.010772228,0.010116339,80510,76849,161020,msdoor
109,128,8,0.010580778,0.009959936,80510,76849,161020,msdoor
109,128,9,0.011050463,0.010369062,80510,76849,161020,msdoor
88,128,3,0.010789394,0.010221481,80384,76667,160768,msdoor
88,128,4,0.010762215,0.010178089,80384,76667,160768,msdoor
88,128,5,0.010780573,0.010187864,80384,76667,160768,msdoor
88,128,6,0.010707855,0.010118008,80384,76667,160768,msdoor
88,128,7,0.010889769,0.010308981,80384,76667,160768,msdoor
88,128,8,0.010807991,0.010216475,80384,76667,160768,msdoor
88,128,9,0.010861635,0.010285378,80384,76667,160768,msdoor
111,128,7,0.011178732,0.010472775,81004,77351,162008,msdoor
111,128,8,0.010567665,0.009873152,81004,77351,162008,msdoor
111,128,9,0.011150837,0.010441303,81004,77351,162008,msdoor
74,128,0,0.010961294,0.010185957,80737,77005,161474,msdoor
74,128,1,0.011148214,0.010394335,80737,77005,161474,msdoor
74,128,2,0.010220289,0.009518147,80737,77005,161474,msdoor
74,128,3,0.010753393,0.010046005,80737,77005,161474,msdoor
74,128,4,0.010876417,0.010144472,80737,77005,161474,msdoor
74,128,5,0.010647297,0.009938717,80737,77005,161474,msdoor
74,128,6,0.010838985,0.010099173,80737,77005,161474,msdoor
74,128,7,0.010952950,0.010184765,80737,77005,161474,msdoor
74,128,8,0.010804653,0.010038853,80737,77005,161474,msdoor
74,128,9,0.010481358,0.009773254,80737,77005,161474,msdoor
78,128,0,0.010143042,0.009684563,80824,77128,161648,msdoor
78,128,1,0.010665417,0.010209799,80824,77128,161648,msdoor
78,128,2,0.009576797,0.009148598,80824,77128,161648,msdoor
78,128,3,0.009764910,0.009328365,80824,77128,161648,msdoor
78,128,4,0.010528564,0.010084391,80824,77128,161648,msdoor
78,128,5,0.010524750,0.010080099,80824,77128,161648,msdoor
43,128,2,0.011031151,0.010317802,81739,78026,163478,msdoor
43,128,3,0.011107683,0.010380745,81739,78026,163478,msdoor
43,128,4,0.010935068,0.010237217,81739,78026,163478,msdoor
43,128,5,0.010861874,0.010187149,81739,78026,163478,msdoor
43,128,6,0.010815859,0.010134220,81739,78026,163478,msdoor
43,128,7,0.010871887,0.010175467,81739,78026,163478,msdoor
43,128,8,0.010879040,0.010186434,81739,78026,163478,msdoor
43,128,9,0.011086226,0.010367870,81739,78026,163478,msdoor
82,128,0,0.011339903,0.010724783,81243,77526,162486,msdoor
82,128,1,0.010971546,0.010363102,81243,77526,162486,msdoor
82,128,2,0.010959387,0.010355949,81243,77526,162486,msdoor
82,128,3,0.010923862,0.010339975,81243,77526,162486,msdoor
82,128,4,0.010429382,0.009880066,81243,77526,162486,msdoor
80,128,0,0.011238098,0.010424376,80464,76740,160928,msdoor
80,128,1,0.011004448,0.010304928,80464,76740,160928,msdoor
80,128,2,0.010933876,0.010291100,80464,76740,160928,msdoor
80,128,3,0.009965897,0.009391069,80464,76740,160928,msdoor
80,128,4,0.010716677,0.010138512,80464,76740,160928,msdoor
80,128,5,0.010782480,0.010009527,80464,76740,160928,msdoor
80,128,6,0.010978937,0.010291576,80464,76740,160928,msdoor
80,128,7,0.010849237,0.010216475,80464,76740,160928,msdoor
80,128,8,0.010370493,0.009798050,80464,76740,160928,msdoor
80,128,9,0.010785341,0.010188580,80464,76740,160928,msdoor
78,128,6,0.010372877,0.009933710,80824,77128,161648,msdoor
78,128,7,0.010347605,0.009893656,80824,77128,161648,msdoor
78,128,8,0.010812044,0.010358810,80824,77128,161648,msdoor
78,128,9,0.011022806,0.010559320,80824,77128,161648,msdoor
55,128,0,0.011353731,0.010586262,81386,77666,162772,msdoor
55,128,1,0.011224508,0.010495424,81386,77666,162772,msdoor
55,128,2,0.011129141,0.010404825,81386,77666,162772,msdoor
55,128,3,0.011212587,0.010485649,81386,77666,162772,msdoor
55,128,4,0.010706186,0.010032654,81386,77666,162772,msdoor
55,128,5,0.011062145,0.010364771,81386,77666,162772,msdoor
82,128,5,0.010669231,0.010089636,81243,77526,162486,msdoor
82,128,6,0.010440111,0.009880066,81243,77526,162486,msdoor
82,128,7,0.010592461,0.010032177,81243,77526,162486,msdoor
82,128,8,0.010542393,0.009990692,81243,77526,162486,msdoor
82,128,9,0.010926962,0.010344028,81243,77526,162486,msdoor
86,128,0,0.011223078,0.010437489,80832,77189,161664,msdoor
86,128,1,0.010562181,0.009823322,80832,77189,161664,msdoor
86,128,2,0.010882139,0.010125637,80832,77189,161664,msdoor
86,128,3,0.010860205,0.010137081,80832,77189,161664,msdoor
86,128,4,0.010801077,0.010073423,80832,77189,161664,msdoor
86,128,5,0.011089325,0.010327339,80832,77189,161664,msdoor
86,128,6,0.010982037,0.010233879,80832,77189,161664,msdoor
86,128,7,0.010689974,0.009943008,80832,77189,161664,msdoor
86,128,8,0.010748386,0.009989977,80832,77189,161664,msdoor
86,128,9,0.010712385,0.009996176,80832,77189,161664,msdoor
114,128,0,0.011084080,0.010457754,80337,76703,160674,msdoor
114,128,1,0.010880709,0.010319471,80337,76703,160674,msdoor
114,128,2,0.010855436,0.010156631,80337,76703,160674,msdoor
114,128,3,0.010683775,0.009880066,80337,76703,160674,msdoor
114,128,4,0.010822535,0.010283709,80337,76703,160674,msdoor
73,128,6,0.010321856,0.009706259,80412,76622,160824,msdoor
73,128,7,0.009503365,0.008916140,80412,76622,160824,msdoor
73,128,8,0.010872602,0.010168791,80412,76622,160824,msdoor
73,128,9,0.011074305,0.010344744,80412,76622,160824,msdoor
16,128,0,0.011380434,0.010757208,79948,76300,159896,msdoor
16,128,1,0.010960817,0.010348320,79948,76300,159896,msdoor
16,128,2,0.010592222,0.010031939,79948,76300,159896,msdoor
16,128,3,0.011117458,0.010544300,79948,76300,159896,msdoor
92,128,0,0.010553598,0.009827375,80361,76708,160722,msdoor
92,128,1,0.011070251,0.010324717,80361,76708,160722,msdoor
92,128,2,0.010957003,0.010227203,80361,76708,160722,msdoor
92,128,3,0.010823965,0.010132551,80361,76708,160722,msdoor
92,128,4,0.011100769,0.010397434,80361,76708,160722,msdoor
92,128,5,0.010169506,0.009514332,80361,76708,160722,msdoor
92,128,6,0.010776520,0.010067701,80361,76708,160722,msdoor
92,128,7,0.010996819,0.010254860,80361,76708,160722,msdoor
92,128,8,0.010923624,0.010186195,80361,76708,160722,msdoor
92,128,9,0.010979176,0.010255337,80361,76708,160722,msdoor
114,128,5,0.010851383,0.010293245,80337,76703,160674,msdoor
114,128,6,0.010627747,0.009824038,80337,76703,160674,msdoor
114,128,7,0.011089802,0.010548830,80337,76703,160674,msdoor
114,128,8,0.010631084,0.009873152,80337,76703,160674,msdoor
114,128,9,0.011141777,0.010573626,80337,76703,160674,msdoor
55,128,6,0.010781765,0.010107517,81386,77666,162772,msdoor
55,128,7,0.011017561,0.010311842,81386,77666,162772,msdoor
55,128,8,0.010878801,0.010176420,81386,77666,162772,msdoor
55,128,9,0.011100292,0.010370970,81386,77666,162772,msdoor
16,128,4,0.010838509,0.010264158,79948,76300,159896,msdoor
16,128,5,0.010798216,0.010231733,79948,76300,159896,msdoor
16,128,6,0.011114597,0.010549307,79948,76300,159896,msdoor
16,128,7,0.011125565,0.010556459,79948,76300,159896,msdoor
16,128,8,0.010862112,0.010285854,79948,76300,159896,msdoor
16,128,9,0.011114597,0.010533571,79948,76300,159896,msdoor
104,128,0,0.011191845,0.010292053,80780,77103,161560,msdoor
104,128,1,0.011034012,0.010329247,80780,77103,161560,msdoor
104,128,2,0.010870457,0.010254622,80780,77103,161560,msdoor
104,128,3,0.010612965,0.009999275,80780,77103,161560,msdoor
104,128,4,0.010676622,0.010059118,80780,77103,161560,msdoor
104,128,5,0.010748625,0.009924412,80780,77103,161560,msdoor
104,128,6,0.010845423,0.010190010,80780,77103,161560,msdoor
104,128,7,0.010413885,0.009802818,80780,77103,161560,msdoor
104,128,8,0.010726690,0.010120392,80780,77103,161560,msdoor
104,128,9,0.010844469,0.010226250,80780,77103,161560,msdoor
91,128,0,0.009945154,0.009315968,82170,78540,164340,msdoor
91,128,1,0.010166883,0.009549379,82170,78540,164340,msdoor
91,128,2,0.010207891,0.009567738,82170,78540,164340,msdoor
91,128,3,0.010591269,0.009913206,82170,78540,164340,msdoor
91,128,4,0.011061668,0.010350704,82170,78540,164340,msdoor
91,128,5,0.011178732,0.010487080,82170,78540,164340,msdoor
91,128,6,0.009603262,0.009019136,82170,78540,164340,msdoor
91,128,7,0.011186600,0.010486603,82170,78540,164340,msdoor
62,128,0,0.011781693,0.010441065,80778,77019,161556,msdoor
62,128,1,0.011655092,0.010340452,80778,77019,161556,msdoor
62,128,2,0.011031628,0.009767056,80778,77019,161556,msdoor
62,128,3,0.011277676,0.010044813,80778,77019,161556,msdoor
62,128,4,0.011169195,0.009934664,80778,77019,161556,msdoor
62,128,5,0.011626959,0.010369062,80778,77019,161556,msdoor
62,128,6,0.011523008,0.010256529,80778,77019,161556,msdoor
62,128,7,0.011587143,0.010283947,80778,77019,161556,msdoor
62,128,8,0.011239767,0.009965658,80778,77019,161556,msdoor
62,128,9,0.011031151,0.009787560,80778,77019,161556,msdoor
91,128,8,0.010888338,0.010176659,82170,78540,164340,msdoor
91,128,9,0.011109591,0.010404825,82170,78540,164340,msdoor
98,128,0,0.010996819,0.010201931,81435,77816,162870,msdoor
98,128,1,0.010366917,0.009660006,81435,77816,162870,msdoor
98,128,2,0.010105610,0.009410858,81435,77816,162870,msdoor
98,128,3,0.010791063,0.010077000,81435,77816,162870,msdoor
98,128,4,0.010884285,0.010152578,81435,77816,162870,msdoor
98,128,5,0.010691166,0.009974241,81435,77816,162870,msdoor
98,128,6,0.010746479,0.009999990,81435,77816,162870,msdoor
98,128,7,0.010743380,0.009993076,81435,77816,162870,msdoor
98,128,8,0.010759354,0.010006666,81435,77816,162870,msdoor
98,128,9,0.011027813,0.010276318,81435,77816,162870,msdoor
61,128,0,0.011139154,0.010420561,80935,77243,161870,msdoor
61,128,1,0.011023998,0.010339975,80935,77243,161870,msdoor
61,128,2,0.011034489,0.010355234,80935,77243,161870,msdoor
61,128,3,0.011061430,0.010367632,80935,77243,161870,msdoor
61,128,4,0.010909557,0.010242224,80935,77243,161870,msdoor
61,128,5,0.010808945,0.010173798,80935,77243,161870,msdoor
68,128,0,0.011234999,0.010448456,79640,75820,159280,msdoor
68,128,1,0.010929585,0.010168552,79640,75820,159280,msdoor
68,128,2,0.010863543,0.010102749,79640,75820,159280,msdoor
79,128,0,0.009992838,0.009391308,81848,78158,163696,msdoor
79,128,1,0.010819197,0.010124683,81848,78158,163696,msdoor
79,128,2,0.009685755,0.009114504,81848,78158,163696,msdoor
79,128,3,0.011183262,0.010509253,81848,78158,163696,msdoor
79,128,4,0.011026382,0.010344982,81848,78158,163696,msdoor
79,128,5,0.011167049,0.010502338,81848,78158,163696,msdoor
79,128,6,0.010854006,0.010163307,81848,78158,163696,msdoor
79,128,7,0.010838747,0.010160208,81848,78158,163696,msdoor
68,128,3,0.009842396,0.009191513,79640,75820,159280,msdoor
68,128,4,0.010798693,0.010072708,79640,75820,159280,msdoor
68,128,5,0.011202335,0.010445595,79640,75820,159280,msdoor
68,128,6,0.010657072,0.009925842,79640,75820,159280,msdoor
68,128,7,0.010361671,0.009648800,79640,75820,159280,msdoor
68,128,8,0.010199070,0.009488821,79640,75820,159280,msdoor
68,128,9,0.011168957,0.010411501,79640,75820,159280,msdoor
19,128,0,0.011331081,0.010597467,81378,77742,162756,msdoor
19,128,1,0.011213064,0.010507822,81378,77742,162756,msdoor
19,128,2,0.010926723,0.010238647,81378,77742,162756,msdoor
19,128,3,0.010912895,0.010216475,81378,77742,162756,msdoor
19,128,4,0.010893583,0.010207415,81378,77742,162756,msdoor
19,128,5,0.010642529,0.009993553,81378,77742,162756,msdoor
19,128,6,0.010359049,0.009735584,81378,77742,162756,msdoor
19,128,7,0.010962248,0.010272741,81378,77742,162756,msdoor
19,128,8,0.010951042,0.010258198,81378,77742,162756,msdoor
19,128,9,0.011183977,0.010486126,81378,77742,162756,msdoor
61,128,6,0.010588646,0.009986877,80935,77243,161870,msdoor
61,128,7,0.010972261,0.010311604,80935,77243,161870,msdoor
61,128,8,0.010916471,0.010263681,80935,77243,161870,msdoor
61,128,9,0.011178493,0.010503292,80935,77243,161870,msdoor
67,128,0,0.011021852,0.010299683,81753,77938,163506,msdoor
67,128,1,0.011123419,0.010405302,81753,77938,163506,msdoor
67,128,2,0.010792255,0.010093451,81753,77938,163506,msdoor
67,128,3,0.010659456,0.009972334,81753,77938,163506,msdoor
67,128,4,0.011064768,0.010367632,81753,77938,163506,msdoor
79,128,8,0.011176348,0.010513067,81848,78158,163696,msdoor
79,128,9,0.011176348,0.010490179,81848,78158,163696,msdoor
67,128,5,0.010969400,0.010281324,81753,77938,163506,msdoor
67,128,6,0.010827303,0.010129690,81753,77938,163506,msdoor
67,128,7,0.010562897,0.009913445,81753,77938,163506,msdoor
67,128,8,0.010802984,0.010117054,81753,77938,163506,msdoor
67,128,9,0.011194944,0.010489702,81753,77938,163506,msdoor
44,128,0,0.011735201,0.010379314,79628,75951,159256,msdoor
44,128,1,0.011328936,0.010118723,79628,75951,159256,msdoor
44,128,2,0.011459589,0.010371923,79628,75951,159256,msdoor
44,128,3,0.010966063,0.010005474,79628,75951,159256,msdoor
44,128,4,0.010980129,0.010077000,79628,75951,159256,msdoor
44,128,5,0.011553526,0.010246515,79628,75951,159256,msdoor
44,128,6,0.011376619,0.010219812,79628,75951,159256,msdoor
44,128,7,0.011133194,0.010136127,79628,75951,159256,msdoor
44,128,8,0.010995626,0.010048151,79628,75951,159256,msdoor
44,128,9,0.011226892,0.010286093,79628,75951,159256,msdoor
110,128,0,0.011750698,0.010330200,80555,76888,161110,msdoor
110,128,1,0.011412621,0.010045767,80555,76888,161110,msdoor
110,128,2,0.011228561,0.009880304,80555,76888,161110,msdoor
110,128,3,0.011480808,0.010193825,80555,76888,161110,msdoor
110,128,4,0.011460066,0.010176897,80555,76888,161110,msdoor
110,128,5,0.011349201,0.010061741,80555,76888,161110,msdoor
110,128,6,0.011363506,0.010049820,80555,76888,161110,msdoor
110,128,7,0.011582136,0.010276318,80555,76888,161110,msdoor
110,128,8,0.011303425,0.009996414,80555,76888,161110,msdoor
110,128,9,0.011509180,0.010223389,80555,76888,161110,msdoor
116,128,0,0.011456728,0.010013819,79510,75856,159020,msdoor
116,128,1,0.011410713,0.010025978,79510,75856,159020,msdoor
116,128,2,0.011472464,0.010101557,79510,75856,159020,msdoor
116,128,3,0.011468887,0.010144234,79510,75856,159020,msdoor
116,128,4,0.011250257,0.009941816,79510,75856,159020,msdoor
116,128,5,0.011115313,0.009786844,79510,75856,159020,msdoor
116,128,6,0.011298895,0.009948254,79510,75856,159020,msdoor
116,128,7,0.011663437,0.010298729,79510,75856,159020,msdoor
116,128,8,0.011664867,0.010288477,79510,75856,159020,msdoor
116,128,9,0.011444569,0.010111332,79510,75856,159020,msdoor
122,128,0,0.011402369,0.009901524,80754,77125,161508,msdoor
122,128,1,0.010611057,0.009336710,80754,77125,161508,msdoor
122,128,2,0.011291742,0.010140181,80754,77125,161508,msdoor
122,128,3,0.011382580,0.010296345,80754,77125,161508,msdoor
122,128,4,0.011382103,0.010346174,80754,77125,161508,msdoor
122,128,5,0.011313438,0.009930849,80754,77125,161508,msdoor
122,128,6,0.011290789,0.010035515,80754,77125,161508,msdoor
122,128,7,0.011273146,0.010195017,80754,77125,161508,msdoor
122,128,8,0.011084795,0.010067701,80754,77125,161508,msdoor
122,128,9,0.011241198,0.010225058,80754,77125,161508,msdoor
0,1,0,0.011202335,0.000000954,2903837,0,5807674,tmt_sym
0,1,1,0.011179447,0.000001431,2903837,0,5807674,tmt_sym
0,1,2,0.011212826,0.000001431,2903837,0,5807674,tmt_sym
0,1,3,0.011247158,0.000001192,2903837,0,5807674,tmt_sym
0,1,4,0.011214733,0.000001431,2903837,0,5807674,tmt_sym
0,1,5,0.011247635,0.000000954,2903837,0,5807674,tmt_sym
0,1,6,0.011215687,0.000001431,2903837,0,5807674,tmt_sym
0,1,7,0.011213541,0.000001431,2903837,0,5807674,tmt_sym
0,1,8,0.011223793,0.000001192,2903837,0,5807674,tmt_sym
0,1,9,0.011231422,0.000001192,2903837,0,5807674,tmt_sym
0,2,0,0.018991232,0.008068562,1452176,725992,2904352,tmt_sym
0,2,1,0.017857552,0.006915808,1452176,725992,2904352,tmt_sym
0,2,2,0.017097712,0.006210804,1452176,725992,2904352,tmt_sym
0,2,3,0.016876698,0.005985260,1452176,725992,2904352,tmt_sym
0,2,4,0.016874552,0.005963564,1452176,725992,2904352,tmt_sym
0,2,5,0.016974688,0.006067991,1452176,725992,2904352,tmt_sym
0,2,6,0.016801119,0.005940437,1452176,725992,2904352,tmt_sym
0,2,7,0.016842127,0.005963087,1452176,725992,2904352,tmt_sym
0,2,8,0.016917706,0.006047249,1452176,725992,2904352,tmt_sym
0,2,9,0.016854525,0.005967617,1452176,725992,2904352,tmt_sym
1,2,0,0.017978191,0.006993294,1451661,725736,2903322,tmt_sym
1,2,1,0.016878366,0.005793095,1451661,725736,2903322,tmt_sym
1,2,2,0.016865730,0.005766869,1451661,725736,2903322,tmt_sym
1,2,3,0.016812325,0.005812883,1451661,725736,2903322,tmt_sym
1,2,4,0.016996622,0.005985737,1451661,725736,2903322,tmt_sym
1,2,5,0.016929388,0.005947351,1451661,725736,2903322,tmt_sym
1,2,6,0.016956806,0.005967855,1451661,725736,2903322,tmt_sym
1,2,7,0.016959429,0.005949736,1451661,725736,2903322,tmt_sym
1,2,8,0.016970158,0.005974054,1451661,725736,2903322,tmt_sym
1,2,9,0.016898632,0.005946636,1451661,725736,2903322,tmt_sym
1,4,0,0.012534142,0.007226467,725844,453588,1451688,tmt_sym
1,4,1,0.010168552,0.004949331,725844,453588,1451688,tmt_sym
1,4,2,0.009410143,0.004059553,725844,453588,1451688,tmt_sym
1,4,3,0.009110689,0.003859997,725844,453588,1451688,tmt_sym
1,4,4,0.009253979,0.003997326,725844,453588,1451688,tmt_sym
1,4,5,0.009120464,0.003867626,725844,453588,1451688,tmt_sym
1,4,6,0.009207487,0.003864527,725844,453588,1451688,tmt_sym
1,4,7,0.009108305,0.003867626,725844,453588,1451688,tmt_sym
1,4,8,0.009145737,0.003906965,725844,453588,1451688,tmt_sym
1,4,9,0.009059668,0.003859997,725844,453588,1451688,tmt_sym
0,4,0,0.010807753,0.005533695,726120,453905,1452240,tmt_sym
0,4,1,0.009891510,0.004620552,726120,453905,1452240,tmt_sym
0,4,2,0.009321690,0.004088640,726120,453905,1452240,tmt_sym
0,4,3,0.009522438,0.004323959,726120,453905,1452240,tmt_sym
0,4,4,0.009487629,0.004273891,726120,453905,1452240,tmt_sym
0,4,5,0.009307146,0.004103661,726120,453905,1452240,tmt_sym
0,4,6,0.009305954,0.004075289,726120,453905,1452240,tmt_sym
0,4,7,0.009206772,0.004007578,726120,453905,1452240,tmt_sym
0,4,8,0.009378910,0.004166603,726120,453905,1452240,tmt_sym
0,4,9,0.009199619,0.003961563,726120,453905,1452240,tmt_sym
3,4,0,0.011517763,0.006255388,725817,453313,1451634,tmt_sym
3,4,1,0.009675503,0.004376411,725817,453313,1451634,tmt_sym
3,4,2,0.009506464,0.004287004,725817,453313,1451634,tmt_sym
3,4,3,0.010048389,0.004761934,725817,453313,1451634,tmt_sym
3,4,4,0.009426355,0.004179001,725817,453313,1451634,tmt_sym
3,4,5,0.009421349,0.004209757,725817,453313,1451634,tmt_sym
3,4,6,0.009347916,0.004106522,725817,453313,1451634,tmt_sym
3,4,7,0.009335279,0.004125834,725817,453313,1451634,tmt_sym
3,4,8,0.009740353,0.004514456,725817,453313,1451634,tmt_sym
3,4,9,0.009180784,0.003963709,725817,453313,1451634,tmt_sym
2,4,0,0.013285875,0.007733822,726056,453802,1452112,tmt_sym
2,4,1,0.011032820,0.005521774,726056,453802,1452112,tmt_sym
2,4,2,0.010494232,0.004936695,726056,453802,1452112,tmt_sym
2,4,3,0.010534286,0.005088091,726056,453802,1452112,tmt_sym
2,4,4,0.010407686,0.004895687,726056,453802,1452112,tmt_sym
2,4,5,0.010431290,0.004856110,726056,453802,1452112,tmt_sym
2,4,6,0.010222673,0.004559040,726056,453802,1452112,tmt_sym
2,4,7,0.009961605,0.004448414,726056,453802,1452112,tmt_sym
2,4,8,0.009954929,0.004493713,726056,453802,1452112,tmt_sym
2,4,9,0.009734392,0.004246712,726056,453802,1452112,tmt_sym
4,8,0,0.006510496,0.004349470,363190,251766,726380,tmt_sym
4,8,1,0.005880833,0.003734589,363190,251766,726380,tmt_sym
4,8,2,0.005720854,0.003582239,363190,251766,726380,tmt_sym
4,8,3,0.005846262,0.003698349,363190,251766,726380,tmt_sym
4,8,4,0.005323887,0.003118277,363190,251766,726380,tmt_sym
4,8,5,0.005249023,0.003097296,363190,251766,726380,tmt_sym
4,8,6,0.005044699,0.002916813,363190,251766,726380,tmt_sym
3,8,0,0.006747007,0.004363060,362540,249164,725080,tmt_sym
3,8,1,0.005796671,0.003407478,362540,249164,725080,tmt_sym
3,8,2,0.005719185,0.003351688,362540,249164,725080,tmt_sym
3,8,3,0.005566835,0.003196716,362540,249164,725080,tmt_sym
3,8,4,0.005589247,0.003207684,362540,249164,725080,tmt_sym
3,8,5,0.005421400,0.003054142,362540,249164,725080,tmt_sym
3,8,6,0.005210161,0.002823591,362540,249164,725080,tmt_sym
3,8,7,0.005349398,0.002918243,362540,249164,725080,tmt_sym
3,8,8,0.005268335,0.002901554,362540,249164,725080,tmt_sym
3,8,9,0.005187511,0.002821684,362540,249164,725080,tmt_sym
4,8,7,0.005164146,0.003023863,363190,251766,726380,tmt_sym
4,8,8,0.004969597,0.002848625,363190,251766,726380,tmt_sym
4,8,9,0.005329609,0.003193378,363190,251766,726380,tmt_sym
5,8,0,0.006688118,0.004501581,362813,249458,725626,tmt_sym
5,8,1,0.006114244,0.003935575,362813,249458,725626,tmt_sym
5,8,2,0.006013155,0.003843546,362813,249458,725626,tmt_sym
5,8,3,0.005746365,0.003580570,362813,249458,725626,tmt_sym
5,8,4,0.006098747,0.003915071,362813,249458,725626,tmt_sym
5,8,5,0.005703926,0.003532171,362813,249458,725626,tmt_sym
5,8,6,0.005552769,0.003371477,362813,249458,725626,tmt_sym
5,8,7,0.005475283,0.003288269,362813,249458,725626,tmt_sym
5,8,8,0.005580187,0.003412485,362813,249458,725626,tmt_sym
5,8,9,0.005585909,0.003416777,362813,249458,725626,tmt_sym
2,8,0,0.006537914,0.003993273,363275,247632,726550,tmt_sym
2,8,1,0.005979776,0.003391981,363275,247632,726550,tmt_sym
2,8,2,0.006151676,0.003640175,363275,247632,726550,tmt_sym
2,8,3,0.005846977,0.003277779,363275,247632,726550,tmt_sym
2,8,4,0.006120682,0.003593206,363275,247632,726550,tmt_sym
2,8,5,0.006166697,0.003625870,363275,247632,726550,tmt_sym
2,8,6,0.005834341,0.003274918,363275,247632,726550,tmt_sym
2,8,7,0.005839825,0.003359079,363275,247632,726550,tmt_sym
2,8,8,0.005817175,0.003333569,363275,247632,726550,tmt_sym
2,8,9,0.005641460,0.003086805,363275,247632,726550,tmt_sym
1,8,0,0.006844521,0.004330397,363031,249543,726062,tmt_sym
1,8,1,0.006225109,0.003801107,363031,249543,726062,tmt_sym
1,8,2,0.005994081,0.003576279,363031,249543,726062,tmt_sym
1,8,3,0.006075144,0.003655434,363031,249543,726062,tmt_sym
1,8,4,0.006183386,0.003790140,363031,249543,726062,tmt_sym
1,8,5,0.005977154,0.003572226,363031,249543,726062,tmt_sym
1,8,6,0.005828142,0.003421545,363031,249543,726062,tmt_sym
1,8,7,0.006192207,0.003779173,363031,249543,726062,tmt_sym
1,8,8,0.005913496,0.003507137,363031,249543,726062,tmt_sym
1,8,9,0.005973339,0.003566742,363031,249543,726062,tmt_sym
7,8,0,0.006951809,0.004548788,363277,249681,726554,tmt_sym
7,8,1,0.006206751,0.003803253,363277,249681,726554,tmt_sym
7,8,2,0.006070375,0.003691673,363277,249681,726554,tmt_sym
7,8,3,0.006087780,0.003687382,363277,249681,726554,tmt_sym
7,8,4,0.006274939,0.003860950,363277,249681,726554,tmt_sym
6,8,0,0.006622314,0.004215479,362781,247182,725562,tmt_sym
6,8,1,0.005764961,0.003350973,362781,247182,725562,tmt_sym
6,8,2,0.005959511,0.003537178,362781,247182,725562,tmt_sym
6,8,3,0.005782366,0.003372431,362781,247182,725562,tmt_sym
6,8,4,0.005836010,0.003427744,362781,247182,725562,tmt_sym
6,8,5,0.005930185,0.003502607,362781,247182,725562,tmt_sym
6,8,6,0.006173372,0.003765583,362781,247182,725562,tmt_sym
6,8,7,0.006486654,0.004067421,362781,247182,725562,tmt_sym
6,8,8,0.006368876,0.003965855,362781,247182,725562,tmt_sym
6,8,9,0.006297112,0.003894091,362781,247182,725562,tmt_sym
7,8,5,0.006045580,0.003669739,363277,249681,726554,tmt_sym
7,8,6,0.006022692,0.003639936,363277,249681,726554,tmt_sym
7,8,7,0.005919218,0.003529310,363277,249681,726554,tmt_sym
7,8,8,0.005902290,0.003517866,363277,249681,726554,tmt_sym
7,8,9,0.006213665,0.003824949,363277,249681,726554,tmt_sym
0,8,0,0.006863356,0.004283190,362930,251661,725860,tmt_sym
0,8,1,0.006216526,0.003691673,362930,251661,725860,tmt_sym
0,8,2,0.006149292,0.003682137,362930,251661,725860,tmt_sym
0,8,3,0.006104946,0.003643751,362930,251661,725860,tmt_sym
0,8,4,0.006076813,0.003635645,362930,251661,725860,tmt_sym
0,8,5,0.006102324,0.003633976,362930,251661,725860,tmt_sym
0,8,6,0.006348848,0.003900766,362930,251661,725860,tmt_sym
0,8,7,0.006549835,0.004092216,362930,251661,725860,tmt_sym
0,8,8,0.006319523,0.003887415,362930,251661,725860,tmt_sym
0,8,9,0.006533623,0.004100800,362930,251661,725860,tmt_sym
11,16,0,0.003482580,0.002438545,181409,129769,362818,tmt_sym
11,16,1,0.003239155,0.002196789,181409,129769,362818,tmt_sym
11,16,2,0.003220320,0.002177477,181409,129769,362818,tmt_sym
11,16,3,0.003244162,0.002206326,181409,129769,362818,tmt_sym
11,16,4,0.003208876,0.002177954,181409,129769,362818,tmt_sym
11,16,5,0.003273726,0.002231359,181409,129769,362818,tmt_sym
11,16,6,0.003225803,0.002183437,181409,129769,362818,tmt_sym
11,16,7,0.003268957,0.002227783,181409,129769,362818,tmt_sym
11,16,8,0.003257513,0.002216101,181409,129769,362818,tmt_sym
11,16,9,0.003278017,0.002242327,181409,129769,362818,tmt_sym
5,16,0,0.003637791,0.002583027,181466,129753,362932,tmt_sym
5,16,1,0.003411055,0.002368689,181466,129753,362932,tmt_sym
5,16,2,0.003415585,0.002375841,181466,129753,362932,tmt_sym
5,16,3,0.003474474,0.002444267,181466,129753,362932,tmt_sym
5,16,4,0.003497601,0.002466440,181466,129753,362932,tmt_sym
5,16,5,0.003309011,0.002261162,181466,129753,362932,tmt_sym
5,16,6,0.003263712,0.002222538,181466,129753,362932,tmt_sym
5,16,7,0.003337860,0.002292871,181466,129753,362932,tmt_sym
5,16,8,0.003414869,0.002374887,181466,129753,362932,tmt_sym
5,16,9,0.003358603,0.002315044,181466,129753,362932,tmt_sym
1,16,0,0.004322290,0.003220558,181630,131157,363260,tmt_sym
1,16,1,0.003763676,0.002742767,181630,131157,363260,tmt_sym
1,16,2,0.003952265,0.002939939,181630,131157,363260,tmt_sym
1,16,3,0.003756762,0.002736330,181630,131157,363260,tmt_sym
1,16,4,0.003960133,0.002938509,181630,131157,363260,tmt_sym
1,16,5,0.003720999,0.002667427,181630,131157,363260,tmt_sym
1,16,6,0.003726244,0.002710581,181630,131157,363260,tmt_sym
1,16,7,0.003760576,0.002738714,181630,131157,363260,tmt_sym
1,16,8,0.003765345,0.002749205,181630,131157,363260,tmt_sym
4,16,0,0.003686666,0.002645969,181624,130619,363248,tmt_sym
4,16,1,0.003573179,0.002479076,181624,130619,363248,tmt_sym
4,16,2,0.003494740,0.002460003,181624,130619,363248,tmt_sym
4,16,3,0.003423214,0.002386808,181624,130619,363248,tmt_sym
4,16,4,0.003368378,0.002334356,181624,130619,363248,tmt_sym
4,16,5,0.003407717,0.002373695,181624,130619,363248,tmt_sym
1,16,9,0.003458023,0.002437592,181630,131157,363260,tmt_sym
8,16,0,0.003879786,0.002710104,181660,131605,363320,tmt_sym
8,16,1,0.003335476,0.002161026,181660,131605,363320,tmt_sym
8,16,2,0.003229141,0.002074242,181660,131605,363320,tmt_sym
8,16,3,0.003369093,0.002123117,181660,131605,363320,tmt_sym
8,16,4,0.003221750,0.002058744,181660,131605,363320,tmt_sym
8,16,5,0.003244162,0.002079248,181660,131605,363320,tmt_sym
8,16,6,0.003635645,0.002477169,181660,131605,363320,tmt_sym
8,16,7,0.003309727,0.002156258,181660,131605,363320,tmt_sym
8,16,8,0.003410578,0.002263308,181660,131605,363320,tmt_sym
8,16,9,0.003340006,0.002204418,181660,131605,363320,tmt_sym
4,16,6,0.003488302,0.002452374,181624,130619,363248,tmt_sym
4,16,7,0.003266335,0.002233982,181624,130619,363248,tmt_sym
4,16,8,0.003355026,0.002324104,181624,130619,363248,tmt_sym
4,16,9,0.003458500,0.002421379,181624,130619,363248,tmt_sym
10,16,0,0.004042864,0.002998352,181553,129899,363106,tmt_sym
10,16,1,0.003730536,0.002646685,181553,129899,363106,tmt_sym
6,16,0,0.003816128,0.002776861,181348,129810,362696,tmt_sym
6,16,1,0.003660917,0.002622604,181348,129810,362696,tmt_sym
6,16,2,0.003569841,0.002538919,181348,129810,362696,tmt_sym
6,16,3,0.003559351,0.002524137,181348,129810,362696,tmt_sym
6,16,4,0.003513098,0.002479553,181348,129810,362696,tmt_sym
6,16,5,0.003629684,0.002569914,181348,129810,362696,tmt_sym
6,16,6,0.003543377,0.002508163,181348,129810,362696,tmt_sym
6,16,7,0.003577948,0.002539873,181348,129810,362696,tmt_sym
6,16,8,0.003551483,0.002516270,181348,129810,362696,tmt_sym
6,16,9,0.003573895,0.002541065,181348,129810,362696,tmt_sym
10,16,2,0.003673315,0.002634764,181553,129899,363106,tmt_sym
10,16,3,0.003597975,0.002563238,181553,129899,363106,tmt_sym
10,16,4,0.003674269,0.002640724,181553,129899,363106,tmt_sym
7,16,0,0.003704071,0.002585173,181639,131128,363278,tmt_sym
7,16,1,0.003575325,0.002554178,181639,131128,363278,tmt_sym
10,16,5,0.003639221,0.002601862,181553,129899,363106,tmt_sym
10,16,6,0.003647089,0.002605915,181553,129899,363106,tmt_sym
7,16,2,0.003536463,0.002516985,181639,131128,363278,tmt_sym
7,16,3,0.003539324,0.002513885,181639,131128,363278,tmt_sym
7,16,4,0.003560066,0.002538919,181639,131128,363278,tmt_sym
7,16,5,0.003569126,0.002543926,181639,131128,363278,tmt_sym
12,16,0,0.004109621,0.002883196,181566,130493,363132,tmt_sym
12,16,1,0.003887653,0.002756834,181566,130493,363132,tmt_sym
12,16,2,0.003687620,0.002518654,181566,130493,363132,tmt_sym
10,16,7,0.003602982,0.002565861,181553,129899,363106,tmt_sym
10,16,8,0.003585100,0.002548933,181553,129899,363106,tmt_sym
7,16,6,0.003476381,0.002454996,181639,131128,363278,tmt_sym
7,16,7,0.003549576,0.002527714,181639,131128,363278,tmt_sym
12,16,3,0.003737926,0.002594709,181566,130493,363132,tmt_sym
12,16,4,0.003740788,0.002585888,181566,130493,363132,tmt_sym
12,16,5,0.003699064,0.002560139,181566,130493,363132,tmt_sym
10,16,9,0.003586531,0.002547264,181553,129899,363106,tmt_sym
7,16,8,0.003523111,0.002510071,181639,131128,363278,tmt_sym
7,16,9,0.003642797,0.002625227,181639,131128,363278,tmt_sym
12,16,6,0.003644705,0.002435684,181566,130493,363132,tmt_sym
12,16,7,0.003676176,0.002509117,181566,130493,363132,tmt_sym
13,16,0,0.004107952,0.003070831,181347,129728,362694,tmt_sym
13,16,1,0.003709316,0.002665281,181347,129728,362694,tmt_sym
12,16,8,0.003602505,0.002417803,181566,130493,363132,tmt_sym
12,16,9,0.003693819,0.002498865,181566,130493,363132,tmt_sym
13,16,2,0.003673315,0.002634287,181347,129728,362694,tmt_sym
13,16,3,0.003698826,0.002659082,181347,129728,362694,tmt_sym
13,16,4,0.003689528,0.002650976,181347,129728,362694,tmt_sym
13,16,5,0.003346682,0.002299786,181347,129728,362694,tmt_sym
13,16,6,0.003206968,0.002166033,181347,129728,362694,tmt_sym
2,16,0,0.004512548,0.003288746,181722,130102,363444,tmt_sym
2,16,1,0.003565550,0.002369642,181722,130102,363444,tmt_sym
2,16,2,0.003580570,0.002378941,181722,130102,363444,tmt_sym
2,16,3,0.003657579,0.002491951,181722,130102,363444,tmt_sym
2,16,4,0.003715277,0.002552986,181722,130102,363444,tmt_sym
2,16,5,0.003479004,0.002312422,181722,130102,363444,tmt_sym
0,16,0,0.004088163,0.003026485,181270,131233,362540,tmt_sym
13,16,7,0.003783703,0.002671003,181347,129728,362694,tmt_sym
13,16,8,0.003706694,0.002663136,181347,129728,362694,tmt_sym
13,16,9,0.003701687,0.002660275,181347,129728,362694,tmt_sym
2,16,6,0.003881693,0.002720833,181722,130102,363444,tmt_sym
2,16,7,0.003502846,0.002330542,181722,130102,363444,tmt_sym
2,16,8,0.003674746,0.002511740,181722,130102,363444,tmt_sym
2,16,9,0.003705263,0.002507925,181722,130102,363444,tmt_sym
0,16,1,0.003685236,0.002666950,181270,131233,362540,tmt_sym
0,16,2,0.003690004,0.002673626,181270,131233,362540,tmt_sym
0,16,3,0.003671885,0.002656698,181270,131233,362540,tmt_sym
0,16,4,0.003686190,0.002680302,181270,131233,362540,tmt_sym
0,16,5,0.003670454,0.002639771,181270,131233,362540,tmt_sym
0,16,6,0.003721952,0.002658606,181270,131233,362540,tmt_sym
0,16,7,0.003659487,0.002653360,181270,131233,362540,tmt_sym
0,16,8,0.003674984,0.002660513,181270,131233,362540,tmt_sym
0,16,9,0.003790379,0.002733707,181270,131233,362540,tmt_sym
3,16,0,0.004146814,0.002907515,181131,129518,362262,tmt_sym
3,16,1,0.003870010,0.002705812,181131,129518,362262,tmt_sym
3,16,2,0.003791809,0.002638578,181131,129518,362262,tmt_sym
3,16,3,0.003861666,0.002711535,181131,129518,362262,tmt_sym
3,16,4,0.003771544,0.002619267,181131,129518,362262,tmt_sym
3,16,5,0.003870726,0.002722502,181131,129518,362262,tmt_sym
3,16,6,0.003767729,0.002626419,181131,129518,362262,tmt_sym
3,16,7,0.003795385,0.002604008,181131,129518,362262,tmt_sym
3,16,8,0.003817558,0.002676249,181131,129518,362262,tmt_sym
3,16,9,0.003806353,0.002662659,181131,129518,362262,tmt_sym
14,16,0,0.004150152,0.002956152,181433,129838,362866,tmt_sym
14,16,1,0.003944159,0.002739668,181433,129838,362866,tmt_sym
14,16,2,0.003895998,0.002732038,181433,129838,362866,tmt_sym
14,16,3,0.003887892,0.002730131,181433,129838,362866,tmt_sym
14,16,4,0.003874063,0.002709627,181433,129838,362866,tmt_sym
14,16,5,0.003859043,0.002693653,181433,129838,362866,tmt_sym
14,16,6,0.003910303,0.002701521,181433,129838,362866,tmt_sym
14,16,7,0.003844261,0.002682924,181433,129838,362866,tmt_sym
14,16,8,0.003843546,0.002682209,181433,129838,362866,tmt_sym
14,16,9,0.003916740,0.002695322,181433,129838,362866,tmt_sym
9,16,0,0.004341125,0.003185749,181401,131012,362802,tmt_sym
9,16,1,0.003841877,0.002696276,181401,131012,362802,tmt_sym
9,16,2,0.003842831,0.002702713,181401,131012,362802,tmt_sym
9,16,3,0.003852367,0.002713680,181401,131012,362802,tmt_sym
9,16,4,0.003812313,0.002685070,181401,131012,362802,tmt_sym
9,16,5,0.003867149,0.002729654,181401,131012,362802,tmt_sym
9,16,6,0.003831387,0.002697706,181401,131012,362802,tmt_sym
9,16,7,0.003853559,0.002716064,181401,131012,362802,tmt_sym
9,16,8,0.003837109,0.002706289,181401,131012,362802,tmt_sym
9,16,9,0.003845930,0.002714634,181401,131012,362802,tmt_sym
15,16,0,0.003992558,0.002832651,181638,131171,363276,tmt_sym
15,16,1,0.003771305,0.002630234,181638,131171,363276,tmt_sym
15,16,2,0.003736496,0.002593517,181638,131171,363276,tmt_sym
15,16,3,0.003780842,0.002646446,181638,131171,363276,tmt_sym
15,16,4,0.003709793,0.002576113,181638,131171,363276,tmt_sym
15,16,5,0.003797531,0.002656460,181638,131171,363276,tmt_sym
15,16,6,0.003743649,0.002607584,181638,131171,363276,tmt_sym
15,16,7,0.003729820,0.002600908,181638,131171,363276,tmt_sym
15,16,8,0.003775835,0.002655745,181638,131171,363276,tmt_sym
15,16,9,0.003772497,0.002648115,181638,131171,363276,tmt_sym
12,32,0,0.002654791,0.002145290,90754,66616,181508,tmt_sym
12,32,1,0.002321482,0.001811743,90754,66616,181508,tmt_sym
12,32,2,0.002349377,0.001850128,90754,66616,181508,tmt_sym
12,32,3,0.002400160,0.001900673,90754,66616,181508,tmt_sym
12,32,4,0.002427816,0.001922131,90754,66616,181508,tmt_sym
12,32,5,0.002298355,0.001797199,90754,66616,181508,tmt_sym
12,32,6,0.002325773,0.001820564,90754,66616,181508,tmt_sym
12,32,7,0.002347708,0.001846313,90754,66616,181508,tmt_sym
12,32,8,0.002345562,0.001840115,90754,66616,181508,tmt_sym
12,32,9,0.002331495,0.001829863,90754,66616,181508,tmt_sym
23,32,0,0.002559423,0.002010584,90692,66634,181384,tmt_sym
23,32,1,0.002255678,0.001727343,90692,66634,181384,tmt_sym
23,32,2,0.002278805,0.001723766,90692,66634,181384,tmt_sym
23,32,3,0.002263546,0.001732826,90692,66634,181384,tmt_sym
23,32,4,0.002327442,0.001787901,90692,66634,181384,tmt_sym
23,32,5,0.002259970,0.001729250,90692,66634,181384,tmt_sym
23,32,6,0.002297878,0.001763582,90692,66634,181384,tmt_sym
23,32,7,0.002227306,0.001693010,90692,66634,181384,tmt_sym
23,32,8,0.002303362,0.001771212,90692,66634,181384,tmt_sym
23,32,9,0.002254963,0.001730204,90692,66634,181384,tmt_sym
22,32,0,0.002519131,0.002016544,90783,66576,181566,tmt_sym
22,32,1,0.002398968,0.001888514,90783,66576,181566,tmt_sym
22,32,2,0.002356768,0.001854420,90783,66576,181566,tmt_sym
22,32,3,0.002338171,0.001833200,90783,66576,181566,tmt_sym
22,32,4,0.002321243,0.001824141,90783,66576,181566,tmt_sym
22,32,5,0.002371311,0.001861572,90783,66576,181566,tmt_sym
22,32,6,0.002394676,0.001894236,90783,66576,181566,tmt_sym
22,32,7,0.002375841,0.001868010,90783,66576,181566,tmt_sym
22,32,8,0.002372026,0.001871347,90783,66576,181566,tmt_sym
22,32,9,0.002360821,0.001849651,90783,66576,181566,tmt_sym
27,32,0,0.003131151,0.002485752,90618,66448,181236,tmt_sym
27,32,1,0.002382278,0.001777172,90618,66448,181236,tmt_sym
27,32,2,0.002408743,0.001816988,90618,66448,181236,tmt_sym
27,32,3,0.002459526,0.001858711,90618,66448,181236,tmt_sym
27,32,4,0.002452850,0.001862764,90618,66448,181236,tmt_sym
27,32,5,0.002375603,0.001779795,90618,66448,181236,tmt_sym
27,32,6,0.002362490,0.001774788,90618,66448,181236,tmt_sym
27,32,7,0.002357721,0.001759291,90618,66448,181236,tmt_sym
27,32,8,0.002379656,0.001784563,90618,66448,181236,tmt_sym
27,32,9,0.002442122,0.001842499,90618,66448,181236,tmt_sym
16,32,0,0.002651930,0.002153397,90685,66809,181370,tmt_sym
16,32,1,0.002482176,0.001978874,90685,66809,181370,tmt_sym
16,32,2,0.002520084,0.002024174,90685,66809,181370,tmt_sym
16,32,3,0.002468109,0.001964331,90685,66809,181370,tmt_sym
16,32,4,0.002516508,0.002021790,90685,66809,181370,tmt_sym
16,32,5,0.002484083,0.001982450,90685,66809,181370,tmt_sym
16,32,6,0.002483606,0.001988173,90685,66809,181370,tmt_sym
16,32,7,0.002514124,0.002011299,90685,66809,181370,tmt_sym
16,32,8,0.002472162,0.001976967,90685,66809,181370,tmt_sym
16,32,9,0.002532005,0.002027988,90685,66809,181370,tmt_sym
14,32,0,0.002802372,0.002186537,90586,66337,181172,tmt_sym
14,32,1,0.002535343,0.001929998,90586,66337,181172,tmt_sym
14,32,2,0.002690315,0.002121210,90586,66337,181172,tmt_sym
14,32,3,0.002482176,0.001911402,90586,66337,181172,tmt_sym
14,32,4,0.002569199,0.002004385,90586,66337,181172,tmt_sym
14,32,5,0.002627134,0.002058029,90586,66337,181172,tmt_sym
14,32,6,0.002746344,0.002178192,90586,66337,181172,tmt_sym
14,32,7,0.002586603,0.002019644,90586,66337,181172,tmt_sym
14,32,8,0.002511740,0.001952648,90586,66337,181172,tmt_sym
14,32,9,0.002512932,0.001939058,90586,66337,181172,tmt_sym
4,32,0,0.002661943,0.002155066,90855,66736,181710,tmt_sym
4,32,1,0.002524614,0.001984835,90855,66736,181710,tmt_sym
4,32,2,0.002521515,0.002022505,90855,66736,181710,tmt_sym
4,32,3,0.002490044,0.001981020,90855,66736,181710,tmt_sym
4,32,4,0.002511740,0.002010822,90855,66736,181710,tmt_sym
4,32,5,0.002461910,0.001956940,90855,66736,181710,tmt_sym
11,32,0,0.003027916,0.002480268,90791,66647,181582,tmt_sym
11,32,1,0.003021002,0.002483130,90791,66647,181582,tmt_sym
11,32,2,0.002996922,0.002466202,90791,66647,181582,tmt_sym
4,32,6,0.002484560,0.001983643,90855,66736,181710,tmt_sym
4,32,7,0.002491713,0.001984119,90855,66736,181710,tmt_sym
4,32,8,0.002515078,0.002014875,90855,66736,181710,tmt_sym
4,32,9,0.002563000,0.002054930,90855,66736,181710,tmt_sym
15,32,0,0.003174543,0.002535105,90882,67014,181764,tmt_sym
15,32,1,0.002887249,0.002278805,90882,67014,181764,tmt_sym
15,32,2,0.002933502,0.002320528,90882,67014,181764,tmt_sym
15,32,3,0.002868414,0.002264738,90882,67014,181764,tmt_sym
15,32,4,0.002824545,0.002222300,90882,67014,181764,tmt_sym
15,32,5,0.002843618,0.002246618,90882,67014,181764,tmt_sym
15,32,6,0.002729654,0.002130270,90882,67014,181764,tmt_sym
28,32,0,0.002861738,0.002356052,90812,66697,181624,tmt_sym
28,32,1,0.002761841,0.002259731,90812,66697,181624,tmt_sym
28,32,2,0.002739668,0.002238274,90812,66697,181624,tmt_sym
31,32,0,0.002995491,0.002444983,90756,66838,181512,tmt_sym
31,32,1,0.002779722,0.002238750,90756,66838,181512,tmt_sym
31,32,2,0.002813578,0.002287626,90756,66838,181512,tmt_sym
31,32,3,0.002787352,0.002251625,90756,66838,181512,tmt_sym
31,32,4,0.003114223,0.002578974,90756,66838,181512,tmt_sym
31,32,5,0.002837658,0.002309084,90756,66838,181512,tmt_sym
31,32,6,0.003087044,0.002553940,90756,66838,181512,tmt_sym
31,32,7,0.003037930,0.002509356,90756,66838,181512,tmt_sym
31,32,8,0.003085852,0.002530575,90756,66838,181512,tmt_sym
31,32,9,0.002704144,0.002172709,90756,66838,181512,tmt_sym
11,32,3,0.003041744,0.002508879,90791,66647,181582,tmt_sym
11,32,4,0.003033161,0.002497435,90791,66647,181582,tmt_sym
11,32,5,0.003024101,0.002490997,90791,66647,181582,tmt_sym
11,32,6,0.002877235,0.002345324,90791,66647,181582,tmt_sym
15,32,7,0.002744436,0.002141953,90882,67014,181764,tmt_sym
15,32,8,0.002719164,0.002116442,90882,67014,181764,tmt_sym
15,32,9,0.002728939,0.002133369,90882,67014,181764,tmt_sym
28,32,3,0.002751112,0.002250433,90812,66697,181624,tmt_sym
28,32,4,0.002786875,0.002279520,90812,66697,181624,tmt_sym
28,32,5,0.002742052,0.002247572,90812,66697,181624,tmt_sym
28,32,6,0.002767324,0.002258539,90812,66697,181624,tmt_sym
28,32,7,0.002801895,0.002302408,90812,66697,181624,tmt_sym
11,32,7,0.002811909,0.002274752,90791,66647,181582,tmt_sym
11,32,8,0.002840757,0.002312183,90791,66647,181582,tmt_sym
11,32,9,0.002695084,0.002161741,90791,66647,181582,tmt_sym
20,32,0,0.003174543,0.002528191,90769,66710,181538,tmt_sym
20,32,1,0.002791166,0.002206326,90769,66710,181538,tmt_sym
20,32,2,0.002884626,0.002311230,90769,66710,181538,tmt_sym
20,32,3,0.002658129,0.002085686,90769,66710,181538,tmt_sym
9,32,0,0.002796412,0.002177954,90753,66859,181506,tmt_sym
9,32,1,0.002669811,0.002045631,90753,66859,181506,tmt_sym
9,32,2,0.002541780,0.001949549,90753,66859,181506,tmt_sym
9,32,3,0.002649546,0.002047539,90753,66859,181506,tmt_sym
9,32,4,0.002653360,0.002059698,90753,66859,181506,tmt_sym
9,32,5,0.002596855,0.001996756,90753,66859,181506,tmt_sym
9,32,6,0.002499819,0.001906872,90753,66859,181506,tmt_sym
9,32,7,0.002598047,0.001998901,90753,66859,181506,tmt_sym
9,32,8,0.002493382,0.001903772,90753,66859,181506,tmt_sym
9,32,9,0.002769470,0.002174139,90753,66859,181506,tmt_sym
28,32,8,0.002767801,0.002259016,90812,66697,181624,tmt_sym
28,32,9,0.002759457,0.002259731,90812,66697,181624,tmt_sym
29,32,0,0.003000975,0.002496958,90665,66497,181330,tmt_sym
29,32,1,0.002787828,0.002273083,90665,66497,181330,tmt_sym
20,32,4,0.002912283,0.002287865,90769,66710,181538,tmt_sym
20,32,5,0.002712250,0.002105474,90769,66710,181538,tmt_sym
20,32,6,0.002919912,0.002321243,90769,66710,181538,tmt_sym
20,32,7,0.002936363,0.002326965,90769,66710,181538,tmt_sym
20,32,8,0.003066540,0.002468824,90769,66710,181538,tmt_sym
20,32,9,0.002753973,0.002148867,90769,66710,181538,tmt_sym
17,32,0,0.003237247,0.002730370,90812,66784,181624,tmt_sym
3,32,0,0.003077269,0.002435446,90504,66172,181008,tmt_sym
3,32,1,0.002958059,0.002324581,90504,66172,181008,tmt_sym
3,32,2,0.002822399,0.002216101,90504,66172,181008,tmt_sym
3,32,3,0.002887726,0.002283335,90504,66172,181008,tmt_sym
29,32,2,0.002810955,0.002309561,90665,66497,181330,tmt_sym
29,32,3,0.002844810,0.002335787,90665,66497,181330,tmt_sym
29,32,4,0.002774000,0.002271652,90665,66497,181330,tmt_sym
29,32,5,0.002782583,0.002277613,90665,66497,181330,tmt_sym
3,32,4,0.002900362,0.002295494,90504,66172,181008,tmt_sym
3,32,5,0.002870083,0.002279520,90504,66172,181008,tmt_sym
3,32,6,0.002818346,0.002222300,90504,66172,181008,tmt_sym
3,32,7,0.002831221,0.002243757,90504,66172,181008,tmt_sym
3,32,8,0.002830982,0.002223015,90504,66172,181008,tmt_sym
3,32,9,0.002830029,0.002251387,90504,66172,181008,tmt_sym
10,32,0,0.002931595,0.002415180,90819,66572,181638,tmt_sym
10,32,1,0.002835751,0.002305269,90819,66572,181638,tmt_sym
10,32,2,0.002803802,0.002296925,90819,66572,181638,tmt_sym
17,32,1,0.002789259,0.002275705,90812,66784,181624,tmt_sym
17,32,2,0.002727032,0.002227783,90812,66784,181624,tmt_sym
17,32,3,0.002847910,0.002342224,90812,66784,181624,tmt_sym
10,32,3,0.002801418,0.002301693,90819,66572,181638,tmt_sym
10,32,4,0.002738953,0.002234697,90819,66572,181638,tmt_sym
29,32,6,0.002729654,0.002227306,90665,66497,181330,tmt_sym
29,32,7,0.002827644,0.002320528,90665,66497,181330,tmt_sym
29,32,8,0.002622128,0.002120733,90665,66497,181330,tmt_sym
29,32,9,0.002778292,0.002271175,90665,66497,181330,tmt_sym
10,32,5,0.002795458,0.002299786,90819,66572,181638,tmt_sym
10,32,6,0.002814054,0.002306700,90819,66572,181638,tmt_sym
10,32,7,0.002749920,0.002251387,90819,66572,181638,tmt_sym
17,32,4,0.002821445,0.002326012,90812,66784,181624,tmt_sym
17,32,5,0.002851725,0.002346992,90812,66784,181624,tmt_sym
17,32,6,0.002966642,0.002464056,90812,66784,181624,tmt_sym
17,32,7,0.002956152,0.002459764,90812,66784,181624,tmt_sym
17,32,8,0.002965927,0.002464533,90812,66784,181624,tmt_sym
21,32,0,0.003065348,0.002429485,90768,66361,181536,tmt_sym
21,32,1,0.002906084,0.002297878,90768,66361,181536,tmt_sym
21,32,2,0.002945662,0.002327204,90768,66361,181536,tmt_sym
21,32,3,0.002936602,0.002334118,90768,66361,181536,tmt_sym
21,32,4,0.002920628,0.002302647,90768,66361,181536,tmt_sym
21,32,5,0.002898693,0.002294540,90768,66361,181536,tmt_sym
10,32,8,0.002820492,0.002315521,90819,66572,181638,tmt_sym
10,32,9,0.002808571,0.002310753,90819,66572,181638,tmt_sym
17,32,9,0.002790213,0.002286196,90812,66784,181624,tmt_sym
21,32,6,0.002890110,0.002283812,90768,66361,181536,tmt_sym
21,32,7,0.002880096,0.002277851,90768,66361,181536,tmt_sym
21,32,8,0.002882242,0.002268791,90768,66361,181536,tmt_sym
21,32,9,0.002900124,0.002303123,90768,66361,181536,tmt_sym
18,32,0,0.003175974,0.002667427,90763,66488,181526,tmt_sym
18,32,1,0.003003120,0.002491951,90763,66488,181526,tmt_sym
25,32,0,0.003390789,0.002838612,90648,66787,181296,tmt_sym
25,32,1,0.002958059,0.002422333,90648,66787,181296,tmt_sym
18,32,2,0.002981424,0.002482891,90763,66488,181526,tmt_sym
18,32,3,0.003003359,0.002496243,90763,66488,181526,tmt_sym
18,32,4,0.003047466,0.002544641,90763,66488,181526,tmt_sym
18,32,5,0.002966642,0.002460003,90763,66488,181526,tmt_sym
18,32,6,0.003066063,0.002528667,90763,66488,181526,tmt_sym
18,32,7,0.002939939,0.002430916,90763,66488,181526,tmt_sym
18,32,8,0.002960443,0.002456903,90763,66488,181526,tmt_sym
18,32,9,0.003026247,0.002490044,90763,66488,181526,tmt_sym
24,32,0,0.003094673,0.002555609,90959,67087,181918,tmt_sym
24,32,1,0.003242970,0.002707720,90959,67087,181918,tmt_sym
30,32,0,0.003215313,0.002708435,90847,66638,181694,tmt_sym
30,32,1,0.003084183,0.002550840,90847,66638,181694,tmt_sym
30,32,2,0.003051043,0.002548933,90847,66638,181694,tmt_sym
30,32,3,0.003068209,0.002562523,90847,66638,181694,tmt_sym
24,32,2,0.003202915,0.002706051,90959,67087,181918,tmt_sym
24,32,3,0.002774954,0.002277374,90959,67087,181918,tmt_sym
24,32,4,0.003234863,0.002737522,90959,67087,181918,tmt_sym
24,32,5,0.003187656,0.002685547,90959,67087,181918,tmt_sym
24,32,6,0.003005266,0.002508879,90959,67087,181918,tmt_sym
24,32,7,0.003018379,0.002516985,90959,67087,181918,tmt_sym
24,32,8,0.002800941,0.002299547,90959,67087,181918,tmt_sym
24,32,9,0.003055334,0.002522469,90959,67087,181918,tmt_sym
25,32,2,0.002978325,0.002446651,90648,66787,181296,tmt_sym
25,32,3,0.002955437,0.002427101,90648,66787,181296,tmt_sym
25,32,4,0.003154278,0.002617121,90648,66787,181296,tmt_sym
25,32,5,0.002961636,0.002434969,90648,66787,181296,tmt_sym
25,32,6,0.003188133,0.002654552,90648,66787,181296,tmt_sym
30,32,4,0.002947569,0.002445459,90847,66638,181694,tmt_sym
30,32,5,0.003040075,0.002535105,90847,66638,181694,tmt_sym
30,32,6,0.003093958,0.002592564,90847,66638,181694,tmt_sym
30,32,7,0.003056288,0.002549410,90847,66638,181694,tmt_sym
30,32,8,0.003070831,0.002571344,90847,66638,181694,tmt_sym
30,32,9,0.003065348,0.002557516,90847,66638,181694,tmt_sym
25,32,7,0.002815723,0.002286911,90648,66787,181296,tmt_sym
25,32,8,0.003103733,0.002570152,90648,66787,181296,tmt_sym
25,32,9,0.002963305,0.002439022,90648,66787,181296,tmt_sym
7,32,0,0.003385067,0.002830982,90947,66907,181894,tmt_sym
7,32,1,0.002902985,0.002365828,90947,66907,181894,tmt_sym
7,32,2,0.003120184,0.002580166,90947,66907,181894,tmt_sym
7,32,3,0.002987146,0.002460003,90947,66907,181894,tmt_sym
7,32,4,0.003187895,0.002651453,90947,66907,181894,tmt_sym
7,32,5,0.002844810,0.002315044,90947,66907,181894,tmt_sym
7,32,6,0.003202438,0.002666950,90947,66907,181894,tmt_sym
7,32,7,0.002959251,0.002432585,90947,66907,181894,tmt_sym
7,32,8,0.003112316,0.002582312,90947,66907,181894,tmt_sym
7,32,9,0.003063440,0.002538919,90947,66907,181894,tmt_sym
13,32,0,0.003240347,0.002683163,90682,66527,181364,tmt_sym
13,32,1,0.003040314,0.002504826,90682,66527,181364,tmt_sym
13,32,2,0.003153563,0.002612829,90682,66527,181364,tmt_sym
13,32,3,0.003115177,0.002542496,90682,66527,181364,tmt_sym
13,32,4,0.003271580,0.002736092,90682,66527,181364,tmt_sym
13,32,5,0.003047466,0.002514839,90682,66527,181364,tmt_sym
13,32,6,0.003176451,0.002637386,90682,66527,181364,tmt_sym
13,32,7,0.003108263,0.002581358,90682,66527,181364,tmt_sym
6,32,0,0.003004551,0.002326250,90565,66295,181130,tmt_sym
6,32,1,0.003032684,0.002413034,90565,66295,181130,tmt_sym
6,32,2,0.002973318,0.002354622,90565,66295,181130,tmt_sym
6,32,3,0.003013134,0.002401829,90565,66295,181130,tmt_sym
6,32,4,0.003010988,0.002387285,90565,66295,181130,tmt_sym
6,32,5,0.002970457,0.002358675,90565,66295,181130,tmt_sym
6,32,6,0.002969503,0.002337456,90565,66295,181130,tmt_sym
13,32,8,0.003167391,0.002631187,90682,66527,181364,tmt_sym
13,32,9,0.003103256,0.002574682,90682,66527,181364,tmt_sym
6,32,7,0.003020763,0.002383471,90565,66295,181130,tmt_sym
6,32,8,0.002981901,0.002340555,90565,66295,181130,tmt_sym
6,32,9,0.003205538,0.002393961,90565,66295,181130,tmt_sym
5,32,0,0.002623081,0.002073526,90698,66358,181396,tmt_sym
5,32,1,0.003207445,0.002671003,90698,66358,181396,tmt_sym
2,32,0,0.003510237,0.002855301,90959,66699,181918,tmt_sym
2,32,1,0.003003597,0.002421856,90959,66699,181918,tmt_sym
2,32,2,0.003111601,0.002521992,90959,66699,181918,tmt_sym
1,32,0,0.002668381,0.002123833,90818,66786,181636,tmt_sym
1,32,1,0.003128052,0.002597809,90818,66786,181636,tmt_sym
1,32,2,0.003474951,0.002944231,90818,66786,181636,tmt_sym
26,32,0,0.003462553,0.002813578,90734,66482,181468,tmt_sym
26,32,1,0.003124714,0.002542734,90734,66482,181468,tmt_sym
26,32,2,0.003130436,0.002546549,90734,66482,181468,tmt_sym
26,32,3,0.003105164,0.002529621,90734,66482,181468,tmt_sym
26,32,4,0.003340006,0.002717495,90734,66482,181468,tmt_sym
26,32,5,0.003150463,0.002551079,90734,66482,181468,tmt_sym
26,32,6,0.003106833,0.002514124,90734,66482,181468,tmt_sym
26,32,7,0.003196716,0.002574444,90734,66482,181468,tmt_sym
26,32,8,0.003111124,0.002511501,90734,66482,181468,tmt_sym
26,32,9,0.003170013,0.002554655,90734,66482,181468,tmt_sym
1,32,3,0.003427267,0.002893925,90818,66786,181636,tmt_sym
1,32,4,0.003394127,0.002870321,90818,66786,181636,tmt_sym
1,32,5,0.003134966,0.002596855,90818,66786,181636,tmt_sym
5,32,2,0.002784252,0.002253294,90698,66358,181396,tmt_sym
5,32,3,0.002741098,0.002202511,90698,66358,181396,tmt_sym
5,32,4,0.002716303,0.002183199,90698,66358,181396,tmt_sym
5,32,5,0.002710104,0.002170801,90698,66358,181396,tmt_sym
5,32,6,0.003203392,0.002667189,90698,66358,181396,tmt_sym
2,32,3,0.003122330,0.002546787,90959,66699,181918,tmt_sym
2,32,4,0.003198862,0.002559423,90959,66699,181918,tmt_sym
2,32,5,0.003132105,0.002532959,90959,66699,181918,tmt_sym
2,32,6,0.003122807,0.002519608,90959,66699,181918,tmt_sym
2,32,7,0.003182173,0.002557755,90959,66699,181918,tmt_sym
2,32,8,0.003025055,0.002412319,90959,66699,181918,tmt_sym
2,32,9,0.003172636,0.002548218,90959,66699,181918,tmt_sym
1,32,6,0.003418446,0.002893448,90818,66786,181636,tmt_sym
1,32,7,0.003182173,0.002654314,90818,66786,181636,tmt_sym
5,32,7,0.002789974,0.002252102,90698,66358,181396,tmt_sym
5,32,8,0.002753735,0.002221107,90698,66358,181396,tmt_sym
5,32,9,0.003223419,0.002689362,90698,66358,181396,tmt_sym
0,32,0,0.003364086,0.002793550,90585,66721,181170,tmt_sym
0,32,1,0.003183842,0.002615213,90585,66721,181170,tmt_sym
1,32,8,0.003417969,0.002892971,90818,66786,181636,tmt_sym
1,32,9,0.003178358,0.002650976,90818,66786,181636,tmt_sym
0,32,2,0.003162384,0.002606869,90585,66721,181170,tmt_sym
0,32,3,0.003210068,0.002603054,90585,66721,181170,tmt_sym
0,32,4,0.003287077,0.002692699,90585,66721,181170,tmt_sym
19,32,0,0.003364801,0.002816916,90627,66278,181254,tmt_sym
19,32,1,0.003199339,0.002659321,90627,66278,181254,tmt_sym
19,32,2,0.003298759,0.002753735,90627,66278,181254,tmt_sym
0,32,5,0.003182650,0.002621651,90585,66721,181170,tmt_sym
0,32,6,0.003318310,0.002766848,90585,66721,181170,tmt_sym
19,32,3,0.003233910,0.002701283,90627,66278,181254,tmt_sym
19,32,4,0.003307819,0.002772093,90627,66278,181254,tmt_sym
19,32,5,0.003184795,0.002650976,90627,66278,181254,tmt_sym
0,32,7,0.003278255,0.002709389,90585,66721,181170,tmt_sym
0,32,8,0.003305197,0.002751350,90585,66721,181170,tmt_sym
0,32,9,0.003312588,0.002717495,90585,66721,181170,tmt_sym
19,32,7,0.003247261,0.002708197,90627,66278,181254,tmt_sym
19,32,8,0.003259897,0.002724648,90627,66278,181254,tmt_sym
19,32,9,0.003238678,0.002700567,90627,66278,181254,tmt_sym
8,32,0,0.003598213,0.002892733,90701,66857,181402,tmt_sym
8,32,1,0.003387928,0.002727032,90701,66857,181402,tmt_sym
8,32,2,0.003136635,0.002486706,90701,66857,181402,tmt_sym
8,32,3,0.003093004,0.002447128,90701,66857,181402,tmt_sym
8,32,4,0.003407478,0.002681255,90701,66857,181402,tmt_sym
8,32,5,0.003431082,0.002719402,90701,66857,181402,tmt_sym
8,32,6,0.003443003,0.002753735,90701,66857,181402,tmt_sym
8,32,7,0.003444910,0.002734900,90701,66857,181402,tmt_sym
8,32,8,0.003393888,0.002721786,90701,66857,181402,tmt_sym
8,32,9,0.003458261,0.002728224,90701,66857,181402,tmt_sym
12,64,0,0.003194332,0.002915144,45352,33688,90704,tmt_sym
12,64,1,0.003118753,0.002850771,45352,33688,90704,tmt_sym
12,64,2,0.002830505,0.002564192,45352,33688,90704,tmt_sym
12,64,3,0.002964497,0.002691269,45352,33688,90704,tmt_sym
12,64,4,0.002960205,0.002695084,45352,33688,90704,tmt_sym
12,64,5,0.003134489,0.002869368,45352,33688,90704,tmt_sym
12,64,6,0.002836227,0.002571106,45352,33688,90704,tmt_sym
12,64,7,0.002565861,0.002299547,45352,33688,90704,tmt_sym
12,64,8,0.003129005,0.002863884,45352,33688,90704,tmt_sym
12,64,9,0.002423763,0.002153397,45352,33688,90704,tmt_sym
22,64,0,0.002604008,0.002322197,45328,33650,90656,tmt_sym
22,64,1,0.002601862,0.002326965,45328,33650,90656,tmt_sym
22,64,2,0.002539873,0.002260447,45328,33650,90656,tmt_sym
22,64,3,0.002574444,0.002301455,45328,33650,90656,tmt_sym
22,64,4,0.002544880,0.002271175,45328,33650,90656,tmt_sym
22,64,5,0.002736807,0.002455711,45328,33650,90656,tmt_sym
22,64,6,0.002593994,0.002315283,45328,33650,90656,tmt_sym
22,64,7,0.002553463,0.002279520,45328,33650,90656,tmt_sym
22,64,8,0.002518654,0.002243996,45328,33650,90656,tmt_sym
22,64,9,0.002463579,0.002188683,45328,33650,90656,tmt_sym
6,64,0,0.002835512,0.002556562,45305,33514,90610,tmt_sym
6,64,1,0.002743959,0.002468348,45305,33514,90610,tmt_sym
6,64,2,0.002669096,0.002394915,45305,33514,90610,tmt_sym
6,64,3,0.002572775,0.002300024,45305,33514,90610,tmt_sym
6,64,4,0.002670527,0.002389431,45305,33514,90610,tmt_sym
6,64,5,0.002659082,0.002384663,45305,33514,90610,tmt_sym
6,64,6,0.002728701,0.002453804,45305,33514,90610,tmt_sym
46,64,0,0.002610445,0.002315283,45325,33564,90650,tmt_sym
46,64,1,0.002793789,0.002511024,45325,33564,90650,tmt_sym
46,64,2,0.002919912,0.002645493,45325,33564,90650,tmt_sym
6,64,7,0.002579689,0.002305031,45305,33514,90610,tmt_sym
6,64,8,0.002605200,0.002325773,45305,33514,90610,tmt_sym
6,64,9,0.002615690,0.002340555,45305,33514,90610,tmt_sym
46,64,3,0.002780914,0.002507448,45325,33564,90650,tmt_sym
46,64,4,0.002774000,0.002501011,45325,33564,90650,tmt_sym
46,64,5,0.002750874,0.002469540,45325,33564,90650,tmt_sym
46,64,6,0.002766132,0.002489805,45325,33564,90650,tmt_sym
47,64,0,0.002943993,0.002654314,45387,33737,90774,tmt_sym
47,64,1,0.002941370,0.002668619,45387,33737,90774,tmt_sym
47,64,2,0.002753258,0.002472639,45387,33737,90774,tmt_sym
47,64,3,0.002441168,0.002166748,45387,33737,90774,tmt_sym
47,64,4,0.002913237,0.002639055,45387,33737,90774,tmt_sym
47,64,5,0.002969027,0.002691031,45387,33737,90774,tmt_sym
47,64,6,0.002960920,0.002687216,45387,33737,90774,tmt_sym
47,64,7,0.002962589,0.002691031,45387,33737,90774,tmt_sym
47,64,8,0.002762079,0.002491713,45387,33737,90774,tmt_sym
47,64,9,0.002563238,0.002292156,45387,33737,90774,tmt_sym
46,64,7,0.002562046,0.002287388,45325,33564,90650,tmt_sym
46,64,8,0.002794981,0.002519369,45325,33564,90650,tmt_sym
46,64,9,0.002557755,0.002284765,45325,33564,90650,tmt_sym
55,64,0,0.003000975,0.002693415,45302,33565,90604,tmt_sym
55,64,1,0.002793789,0.002503872,45302,33565,90604,tmt_sym
55,64,2,0.002639532,0.002347946,45302,33565,90604,tmt_sym
55,64,3,0.002588034,0.002305031,45302,33565,90604,tmt_sym
55,64,4,0.002780199,0.002493858,45302,33565,90604,tmt_sym
55,64,5,0.002420425,0.002138615,45302,33565,90604,tmt_sym
55,64,6,0.002367735,0.002084970,45302,33565,90604,tmt_sym
55,64,7,0.002768040,0.002478838,45302,33565,90604,tmt_sym
55,64,8,0.002743721,0.002460718,45302,33565,90604,tmt_sym
55,64,9,0.002589703,0.002305984,45302,33565,90604,tmt_sym
40,64,0,0.002758503,0.002472639,45299,33642,90598,tmt_sym
40,64,1,0.002979994,0.002692461,45299,33642,90598,tmt_sym
40,64,2,0.002926826,0.002648830,45299,33642,90598,tmt_sym
13,64,0,0.002901077,0.002568722,45371,33638,90742,tmt_sym
23,64,0,0.002937555,0.002655268,45390,33680,90780,tmt_sym
23,64,1,0.002748251,0.002477169,45390,33680,90780,tmt_sym
23,64,2,0.002615452,0.002335548,45390,33680,90780,tmt_sym
23,64,3,0.002721071,0.002452374,45390,33680,90780,tmt_sym
23,64,4,0.002739191,0.002468586,45390,33680,90780,tmt_sym
23,64,5,0.002763271,0.002493382,45390,33680,90780,tmt_sym
23,64,6,0.002769232,0.002494574,45390,33680,90780,tmt_sym
56,64,0,0.003183126,0.002663136,45394,33768,90788,tmt_sym
56,64,1,0.002979517,0.002569914,45394,33768,90788,tmt_sym
56,64,2,0.002736807,0.002407551,45394,33768,90788,tmt_sym
56,64,3,0.002567530,0.002232552,45394,33768,90788,tmt_sym
56,64,4,0.002640963,0.002310038,45394,33768,90788,tmt_sym
56,64,5,0.002434731,0.002112389,45394,33768,90788,tmt_sym
56,64,6,0.002505541,0.002175331,45394,33768,90788,tmt_sym
56,64,7,0.002891541,0.002536297,45394,33768,90788,tmt_sym
56,64,8,0.002933979,0.002582312,45394,33768,90788,tmt_sym
56,64,9,0.002547503,0.002220631,45394,33768,90788,tmt_sym
24,64,0,0.002803087,0.002527475,45565,33935,91130,tmt_sym
24,64,1,0.003095627,0.002824545,45565,33935,91130,tmt_sym
49,64,0,0.002368689,0.002080679,45324,33673,90648,tmt_sym
49,64,1,0.002672434,0.002396107,45324,33673,90648,tmt_sym
49,64,2,0.002690077,0.002390385,45324,33673,90648,tmt_sym
49,64,3,0.002579212,0.002297640,45324,33673,90648,tmt_sym
49,64,4,0.002657890,0.002376080,45324,33673,90648,tmt_sym
49,64,5,0.002666950,0.002379179,45324,33673,90648,tmt_sym
49,64,6,0.002753973,0.002473354,45324,33673,90648,tmt_sym
49,64,7,0.002724886,0.002449274,45324,33673,90648,tmt_sym
49,64,8,0.002511501,0.002236605,45324,33673,90648,tmt_sym
49,64,9,0.002631664,0.002351761,45324,33673,90648,tmt_sym
40,64,3,0.002966404,0.002689600,45299,33642,90598,tmt_sym
40,64,4,0.003171682,0.002894640,45299,33642,90598,tmt_sym
40,64,5,0.002923250,0.002646685,45299,33642,90598,tmt_sym
40,64,6,0.002936363,0.002658129,45299,33642,90598,tmt_sym
23,64,7,0.002584219,0.002304077,45390,33680,90780,tmt_sym
23,64,8,0.002377748,0.002109289,45390,33680,90780,tmt_sym
23,64,9,0.002612591,0.002342939,45390,33680,90780,tmt_sym
63,64,0,0.003209591,0.002244711,45414,33777,90828,tmt_sym
63,64,1,0.003089666,0.002174616,45414,33777,90828,tmt_sym
63,64,2,0.002663851,0.002231359,45414,33777,90828,tmt_sym
63,64,3,0.002605677,0.002178907,45414,33777,90828,tmt_sym
63,64,4,0.002880812,0.002450705,45414,33777,90828,tmt_sym
63,64,5,0.002437592,0.002110243,45414,33777,90828,tmt_sym
63,64,6,0.002428532,0.002093077,45414,33777,90828,tmt_sym
63,64,7,0.002497435,0.002158403,45414,33777,90828,tmt_sym
63,64,8,0.002440214,0.002112150,45414,33777,90828,tmt_sym
63,64,9,0.002547741,0.002192259,45414,33777,90828,tmt_sym
36,64,0,0.002907515,0.002578974,45454,33751,90908,tmt_sym
36,64,1,0.002788305,0.002445698,45454,33751,90908,tmt_sym
36,64,2,0.003199816,0.002862453,45454,33751,90908,tmt_sym
36,64,3,0.002828121,0.002510309,45454,33751,90908,tmt_sym
36,64,4,0.002771139,0.002444744,45454,33751,90908,tmt_sym
13,64,1,0.003201723,0.002875566,45371,33638,90742,tmt_sym
13,64,2,0.003212452,0.002882004,45371,33638,90742,tmt_sym
13,64,3,0.002887964,0.002557755,45371,33638,90742,tmt_sym
13,64,4,0.003211498,0.002873898,45371,33638,90742,tmt_sym
13,64,5,0.002919436,0.002579927,45371,33638,90742,tmt_sym
40,64,7,0.003138781,0.002850294,45299,33642,90598,tmt_sym
40,64,8,0.002790213,0.002513170,45299,33642,90598,tmt_sym
40,64,9,0.002637148,0.002352715,45299,33642,90598,tmt_sym
35,64,0,0.002898932,0.002613783,45215,33377,90430,tmt_sym
35,64,1,0.002843618,0.002568960,45215,33377,90430,tmt_sym
35,64,2,0.002797604,0.002517462,45215,33377,90430,tmt_sym
32,64,0,0.003304958,0.002813578,45332,33699,90664,tmt_sym
32,64,1,0.002710819,0.002283335,45332,33699,90664,tmt_sym
32,64,2,0.002979755,0.002643585,45332,33699,90664,tmt_sym
32,64,3,0.002594948,0.002243042,45332,33699,90664,tmt_sym
32,64,4,0.002955675,0.002590895,45332,33699,90664,tmt_sym
32,64,5,0.002876997,0.002546787,45332,33699,90664,tmt_sym
32,64,6,0.002826452,0.002501726,45332,33699,90664,tmt_sym
32,64,7,0.002913475,0.002535343,45332,33699,90664,tmt_sym
32,64,8,0.003030777,0.002673864,45332,33699,90664,tmt_sym
32,64,9,0.002655506,0.002331734,45332,33699,90664,tmt_sym
24,64,2,0.002862453,0.002592325,45565,33935,91130,tmt_sym
24,64,3,0.002962589,0.002685547,45565,33935,91130,tmt_sym
24,64,4,0.002455711,0.002184391,45565,33935,91130,tmt_sym
24,64,5,0.002656698,0.002388239,45565,33935,91130,tmt_sym
24,64,6,0.002942801,0.002667427,45565,33935,91130,tmt_sym
24,64,7,0.002783775,0.002506733,45565,33935,91130,tmt_sym
24,64,8,0.002959013,0.002690077,45565,33935,91130,tmt_sym
13,64,6,0.002928019,0.002593756,45371,33638,90742,tmt_sym
13,64,7,0.002954960,0.002616167,45371,33638,90742,tmt_sym
13,64,8,0.002811193,0.002479553,45371,33638,90742,tmt_sym
13,64,9,0.002646923,0.002301693,45371,33638,90742,tmt_sym
34,64,0,0.002887964,0.002598286,45602,33915,91204,tmt_sym
34,64,1,0.002695322,0.002419233,45602,33915,91204,tmt_sym
34,64,2,0.002754211,0.002477407,45602,33915,91204,tmt_sym
35,64,3,0.002720833,0.002443552,45215,33377,90430,tmt_sym
35,64,4,0.002782106,0.002522230,45215,33377,90430,tmt_sym
35,64,5,0.002955914,0.002690792,45215,33377,90430,tmt_sym
36,64,5,0.002729416,0.002378225,45454,33751,90908,tmt_sym
36,64,6,0.002846956,0.002516031,45454,33751,90908,tmt_sym
36,64,7,0.002858877,0.002522469,45454,33751,90908,tmt_sym
36,64,8,0.003007889,0.002666712,45454,33751,90908,tmt_sym
36,64,9,0.002756834,0.002435923,45454,33751,90908,tmt_sym
34,64,3,0.002794266,0.002518654,45602,33915,91204,tmt_sym
34,64,4,0.002763033,0.002486467,45602,33915,91204,tmt_sym
34,64,5,0.002746344,0.002463818,45602,33915,91204,tmt_sym
35,64,6,0.002798796,0.002508879,45215,33377,90430,tmt_sym
35,64,7,0.002751112,0.002490282,45215,33377,90430,tmt_sym
35,64,8,0.002669811,0.002410650,45215,33377,90430,tmt_sym
8,64,0,0.003232718,0.002626896,45402,33750,90804,tmt_sym
8,64,1,0.002969265,0.002473354,45402,33750,90804,tmt_sym
8,64,2,0.002895117,0.002486467,45402,33750,90804,tmt_sym
8,64,3,0.002931833,0.002455473,45402,33750,90804,tmt_sym
8,64,4,0.002890587,0.002415180,45402,33750,90804,tmt_sym
24,64,9,0.002752304,0.002482891,45565,33935,91130,tmt_sym
37,64,0,0.002750635,0.002403975,45363,33689,90726,tmt_sym
37,64,1,0.002893925,0.002543211,45363,33689,90726,tmt_sym
34,64,6,0.002783060,0.002506971,45602,33915,91204,tmt_sym
34,64,7,0.002762079,0.002485514,45602,33915,91204,tmt_sym
34,64,8,0.002708435,0.002433062,45602,33915,91204,tmt_sym
35,64,9,0.002628326,0.002368450,45215,33377,90430,tmt_sym
38,64,0,0.003399372,0.002752066,45260,33458,90520,tmt_sym
38,64,1,0.003052950,0.002583504,45260,33458,90520,tmt_sym
38,64,2,0.003145456,0.002790213,45260,33458,90520,tmt_sym
38,64,3,0.002989054,0.002611160,45260,33458,90520,tmt_sym
38,64,4,0.002986193,0.002610445,45260,33458,90520,tmt_sym
38,64,5,0.002931118,0.002603054,45260,33458,90520,tmt_sym
38,64,6,0.003016472,0.002685785,45260,33458,90520,tmt_sym
38,64,7,0.003049374,0.002686977,45260,33458,90520,tmt_sym
38,64,8,0.003191233,0.002849817,45260,33458,90520,tmt_sym
38,64,9,0.002757549,0.002441883,45260,33458,90520,tmt_sym
48,64,0,0.002968788,0.002696037,45429,33775,90858,tmt_sym
48,64,1,0.002802610,0.002533674,45429,33775,90858,tmt_sym
37,64,2,0.002843380,0.002485275,45363,33689,90726,tmt_sym
37,64,3,0.002792835,0.002430439,45363,33689,90726,tmt_sym
37,64,4,0.002847433,0.002488852,45363,33689,90726,tmt_sym
37,64,5,0.002858400,0.002496004,45363,33689,90726,tmt_sym
34,64,9,0.002677202,0.002397299,45602,33915,91204,tmt_sym
53,64,0,0.002827644,0.002529860,45375,33506,90750,tmt_sym
53,64,1,0.002784014,0.002505064,45375,33506,90750,tmt_sym
53,64,2,0.002575874,0.002299547,45375,33506,90750,tmt_sym
45,64,0,0.003042459,0.002575874,45311,33584,90622,tmt_sym
45,64,1,0.002946138,0.002527475,45311,33584,90622,tmt_sym
45,64,2,0.002954721,0.002608538,45311,33584,90622,tmt_sym
45,64,3,0.002800226,0.002463818,45311,33584,90622,tmt_sym
45,64,4,0.003111601,0.002759933,45311,33584,90622,tmt_sym
45,64,5,0.002924442,0.002585649,45311,33584,90622,tmt_sym
8,64,5,0.002764225,0.002364874,45402,33750,90804,tmt_sym
8,64,6,0.002913475,0.002484560,45402,33750,90804,tmt_sym
8,64,7,0.003009558,0.002532005,45402,33750,90804,tmt_sym
8,64,8,0.003006935,0.002556801,45402,33750,90804,tmt_sym
8,64,9,0.002724648,0.002336979,45402,33750,90804,tmt_sym
48,64,2,0.002842188,0.002572060,45429,33775,90858,tmt_sym
48,64,3,0.002395630,0.002126932,45429,33775,90858,tmt_sym
48,64,4,0.002887011,0.002617598,45429,33775,90858,tmt_sym
48,64,5,0.002881050,0.002613068,45429,33775,90858,tmt_sym
61,64,0,0.002806664,0.002495050,45411,33719,90822,tmt_sym
61,64,1,0.002971888,0.002676010,45411,33719,90822,tmt_sym
61,64,2,0.002783537,0.002482891,45411,33719,90822,tmt_sym
52,64,0,0.002893686,0.002619505,45409,33727,90818,tmt_sym
52,64,1,0.002971888,0.002694368,45409,33727,90818,tmt_sym
59,64,0,0.002941370,0.002656698,45268,33573,90536,tmt_sym
59,64,1,0.002966404,0.002693653,45268,33573,90536,tmt_sym
59,64,2,0.002783298,0.002502918,45268,33573,90536,tmt_sym
59,64,3,0.002918959,0.002647161,45268,33573,90536,tmt_sym
59,64,4,0.002560377,0.002286196,45268,33573,90536,tmt_sym
45,64,6,0.002897501,0.002573252,45311,33584,90622,tmt_sym
45,64,7,0.002821922,0.002501488,45311,33584,90622,tmt_sym
45,64,8,0.002820015,0.002502680,45311,33584,90622,tmt_sym
45,64,9,0.002748013,0.002408981,45311,33584,90622,tmt_sym
54,64,0,0.003265142,0.002923489,45455,33784,90910,tmt_sym
54,64,1,0.002957344,0.002638102,45455,33784,90910,tmt_sym
54,64,2,0.003181458,0.002857685,45455,33784,90910,tmt_sym
54,64,3,0.002890110,0.002568722,45455,33784,90910,tmt_sym
37,64,6,0.002839565,0.002483368,45363,33689,90726,tmt_sym
37,64,7,0.002815962,0.002458811,45363,33689,90726,tmt_sym
37,64,8,0.002787590,0.002430916,45363,33689,90726,tmt_sym
37,64,9,0.002744675,0.002377033,45363,33689,90726,tmt_sym
52,64,2,0.002737761,0.002468348,45409,33727,90818,tmt_sym
52,64,3,0.002709389,0.002440691,45409,33727,90818,tmt_sym
52,64,4,0.002737522,0.002469778,45409,33727,90818,tmt_sym
52,64,5,0.002662420,0.002387524,45409,33727,90818,tmt_sym
53,64,3,0.002734661,0.002455711,45375,33506,90750,tmt_sym
53,64,4,0.002777815,0.002502203,45375,33506,90750,tmt_sym
53,64,5,0.002807617,0.002533913,45375,33506,90750,tmt_sym
53,64,6,0.002810240,0.002528667,45375,33506,90750,tmt_sym
53,64,7,0.002713680,0.002438068,45375,33506,90750,tmt_sym
53,64,8,0.002750635,0.002475500,45375,33506,90750,tmt_sym
3,64,0,0.003174543,0.002681971,45289,33444,90578,tmt_sym
3,64,1,0.003056049,0.002623796,45289,33444,90578,tmt_sym
3,64,2,0.002947569,0.002581358,45289,33444,90578,tmt_sym
3,64,3,0.002905846,0.002548933,45289,33444,90578,tmt_sym
3,64,4,0.002939224,0.002589464,45289,33444,90578,tmt_sym
48,64,6,0.002859831,0.002591133,45429,33775,90858,tmt_sym
48,64,7,0.002858400,0.002585649,45429,33775,90858,tmt_sym
48,64,8,0.002747297,0.002480268,45429,33775,90858,tmt_sym
48,64,9,0.002813339,0.002545357,45429,33775,90858,tmt_sym
61,64,3,0.002506971,0.002226114,45411,33719,90822,tmt_sym
61,64,4,0.002961636,0.002674103,45411,33719,90822,tmt_sym
61,64,5,0.002327204,0.002047777,45411,33719,90822,tmt_sym
61,64,6,0.002945423,0.002659321,45411,33719,90822,tmt_sym
61,64,7,0.002637625,0.002362967,45411,33719,90822,tmt_sym
52,64,6,0.002712965,0.002445936,45409,33727,90818,tmt_sym
52,64,7,0.002921104,0.002654314,45409,33727,90818,tmt_sym
52,64,8,0.002799034,0.002532482,45409,33727,90818,tmt_sym
52,64,9,0.002720118,0.002447605,45409,33727,90818,tmt_sym
59,64,5,0.002597570,0.002323627,45268,33573,90536,tmt_sym
59,64,6,0.002787828,0.002506256,45268,33573,90536,tmt_sym
59,64,7,0.002966166,0.002692461,45268,33573,90536,tmt_sym
59,64,8,0.002573490,0.002301216,45268,33573,90536,tmt_sym
59,64,9,0.002686977,0.002412081,45268,33573,90536,tmt_sym
3,64,5,0.002915859,0.002567053,45289,33444,90578,tmt_sym
3,64,6,0.002899170,0.002563238,45289,33444,90578,tmt_sym
3,64,7,0.002835751,0.002504349,45289,33444,90578,tmt_sym
3,64,8,0.002931118,0.002585888,45289,33444,90578,tmt_sym
3,64,9,0.002825737,0.002465010,45289,33444,90578,tmt_sym
54,64,4,0.003200531,0.002883196,45455,33784,90910,tmt_sym
54,64,5,0.002871275,0.002560139,45455,33784,90910,tmt_sym
54,64,6,0.002801895,0.002487898,45455,33784,90910,tmt_sym
54,64,7,0.003227711,0.002897263,45455,33784,90910,tmt_sym
54,64,8,0.002874851,0.002555847,45455,33784,90910,tmt_sym
54,64,9,0.002822399,0.002501011,45455,33784,90910,tmt_sym
31,64,0,0.002972126,0.002663851,45342,33702,90684,tmt_sym
31,64,1,0.002968550,0.002676010,45342,33702,90684,tmt_sym
31,64,2,0.002970695,0.002683401,45342,33702,90684,tmt_sym
31,64,3,0.002950191,0.002666473,45342,33702,90684,tmt_sym
58,64,0,0.002822638,0.002534866,45373,33667,90746,tmt_sym
58,64,1,0.002815962,0.002526999,45373,33667,90746,tmt_sym
58,64,2,0.002784729,0.002506495,45373,33667,90746,tmt_sym
53,64,9,0.002692938,0.002417326,45375,33506,90750,tmt_sym
21,64,0,0.003175497,0.002680302,45393,33539,90786,tmt_sym
21,64,1,0.002910852,0.002470255,45393,33539,90786,tmt_sym
21,64,2,0.002963305,0.002561569,45393,33539,90786,tmt_sym
21,64,3,0.002835035,0.002397776,45393,33539,90786,tmt_sym
21,64,4,0.002878904,0.002503395,45393,33539,90786,tmt_sym
21,64,5,0.002854586,0.002497673,45393,33539,90786,tmt_sym
21,64,6,0.002787590,0.002393007,45393,33539,90786,tmt_sym
0,64,0,0.002991915,0.002718449,45253,33631,90506,tmt_sym
0,64,1,0.002844572,0.002573729,45253,33631,90506,tmt_sym
61,64,8,0.002628565,0.002353668,45411,33719,90822,tmt_sym
61,64,9,0.002757788,0.002475739,45411,33719,90822,tmt_sym
58,64,3,0.002795935,0.002518654,45373,33667,90746,tmt_sym
58,64,4,0.002817631,0.002540827,45373,33667,90746,tmt_sym
58,64,5,0.002748489,0.002464771,45373,33667,90746,tmt_sym
58,64,6,0.002787590,0.002509356,45373,33667,90746,tmt_sym
58,64,7,0.002771139,0.002495289,45373,33667,90746,tmt_sym
17,64,0,0.002878904,0.002594233,45488,33850,90976,tmt_sym
17,64,1,0.002815962,0.002542734,45488,33850,90976,tmt_sym
57,64,0,0.003137589,0.002661228,45406,33785,90812,tmt_sym
57,64,1,0.002979994,0.002585888,45406,33785,90812,tmt_sym
57,64,2,0.003005981,0.002629519,45406,33785,90812,tmt_sym
57,64,3,0.002933264,0.002564669,45406,33785,90812,tmt_sym
57,64,4,0.002950668,0.002612352,45406,33785,90812,tmt_sym
57,64,5,0.002778292,0.002421856,45406,33785,90812,tmt_sym
57,64,6,0.002808094,0.002446413,45406,33785,90812,tmt_sym
57,64,7,0.002820253,0.002475500,45406,33785,90812,tmt_sym
57,64,8,0.002942801,0.002596855,45406,33785,90812,tmt_sym
57,64,9,0.002837896,0.002451658,45406,33785,90812,tmt_sym
2,64,0,0.003172159,0.002612114,45357,33666,90714,tmt_sym
2,64,1,0.002998590,0.002510071,45357,33666,90714,tmt_sym
2,64,2,0.003085375,0.002714396,45357,33666,90714,tmt_sym
2,64,3,0.002777338,0.002364874,45357,33666,90714,tmt_sym
2,64,4,0.002764463,0.002385378,45357,33666,90714,tmt_sym
0,64,2,0.002941847,0.002671957,45253,33631,90506,tmt_sym
0,64,3,0.002880096,0.002600431,45253,33631,90506,tmt_sym
0,64,4,0.002908707,0.002639771,45253,33631,90506,tmt_sym
31,64,4,0.002781153,0.002495766,45342,33702,90684,tmt_sym
31,64,5,0.002951860,0.002654552,45342,33702,90684,tmt_sym
31,64,6,0.002945662,0.002658844,45342,33702,90684,tmt_sym
31,64,7,0.002927065,0.002648592,45342,33702,90684,tmt_sym
31,64,8,0.002909899,0.002623796,45342,33702,90684,tmt_sym
31,64,9,0.002779245,0.002491951,45342,33702,90684,tmt_sym
4,64,0,0.002927542,0.002654076,45401,33704,90802,tmt_sym
41,64,0,0.002362251,0.002085209,45419,33751,90838,tmt_sym
41,64,1,0.002782822,0.002508640,45419,33751,90838,tmt_sym
41,64,2,0.002716064,0.002436399,45419,33751,90838,tmt_sym
41,64,3,0.002745390,0.002472639,45419,33751,90838,tmt_sym
41,64,4,0.002594233,0.002320766,45419,33751,90838,tmt_sym
41,64,5,0.002794981,0.002525330,45419,33751,90838,tmt_sym
41,64,6,0.002776146,0.002498865,45419,33751,90838,tmt_sym
41,64,7,0.002719879,0.002449036,45419,33751,90838,tmt_sym
21,64,7,0.002841711,0.002488375,45393,33539,90786,tmt_sym
21,64,8,0.002792835,0.002447128,45393,33539,90786,tmt_sym
21,64,9,0.002833366,0.002343655,45393,33539,90786,tmt_sym
2,64,5,0.002464056,0.002119303,45357,33666,90714,tmt_sym
2,64,6,0.002956867,0.002607107,45357,33666,90714,tmt_sym
2,64,7,0.003060102,0.002629042,45357,33666,90714,tmt_sym
2,64,8,0.003122568,0.002710342,45357,33666,90714,tmt_sym
2,64,9,0.002921820,0.002581835,45357,33666,90714,tmt_sym
0,64,5,0.002846003,0.002576590,45253,33631,90506,tmt_sym
0,64,6,0.002853632,0.002583742,45253,33631,90506,tmt_sym
0,64,7,0.002887726,0.002612829,45253,33631,90506,tmt_sym
0,64,8,0.002871752,0.002602339,45253,33631,90506,tmt_sym
43,64,0,0.002979279,0.002657890,45365,33634,90730,tmt_sym
43,64,1,0.002591848,0.002298594,45365,33634,90730,tmt_sym
10,64,0,0.002877474,0.002599955,45432,33669,90864,tmt_sym
10,64,1,0.002729177,0.002455473,45432,33669,90864,tmt_sym
10,64,2,0.002822876,0.002552032,45432,33669,90864,tmt_sym
10,64,3,0.002964020,0.002693653,45432,33669,90864,tmt_sym
10,64,4,0.002798319,0.002528906,45432,33669,90864,tmt_sym
17,64,2,0.002969503,0.002687693,45488,33850,90976,tmt_sym
17,64,3,0.002775192,0.002494812,45488,33850,90976,tmt_sym
17,64,4,0.002761364,0.002503872,45488,33850,90976,tmt_sym
17,64,5,0.002803802,0.002527237,45488,33850,90976,tmt_sym
17,64,6,0.002788544,0.002499580,45488,33850,90976,tmt_sym
17,64,7,0.002389193,0.002123594,45488,33850,90976,tmt_sym
17,64,8,0.002722025,0.002462149,45488,33850,90976,tmt_sym
17,64,9,0.002739906,0.002480507,45488,33850,90976,tmt_sym
27,64,0,0.003093004,0.002606153,45350,33668,90700,tmt_sym
27,64,1,0.002970219,0.002563000,45350,33668,90700,tmt_sym
27,64,2,0.002928019,0.002511978,45350,33668,90700,tmt_sym
27,64,3,0.002865314,0.002480507,45350,33668,90700,tmt_sym
27,64,4,0.003054380,0.002700090,45350,33668,90700,tmt_sym
27,64,5,0.002973080,0.002642870,45350,33668,90700,tmt_sym
27,64,6,0.002878904,0.002561569,45350,33668,90700,tmt_sym
27,64,7,0.002831697,0.002496958,45350,33668,90700,tmt_sym
50,64,0,0.003365755,0.002834320,45350,33556,90700,tmt_sym
50,64,1,0.003252268,0.002784014,45350,33556,90700,tmt_sym
50,64,2,0.003282785,0.002900600,45350,33556,90700,tmt_sym
50,64,3,0.003166914,0.002744675,45350,33556,90700,tmt_sym
50,64,4,0.003030062,0.002642393,45350,33556,90700,tmt_sym
50,64,5,0.002906799,0.002568483,45350,33556,90700,tmt_sym
50,64,6,0.002892971,0.002553463,45350,33556,90700,tmt_sym
50,64,7,0.003027916,0.002615929,45350,33556,90700,tmt_sym
0,64,9,0.002862692,0.002593994,45253,33631,90506,tmt_sym
43,64,2,0.002599239,0.002301693,45365,33634,90730,tmt_sym
43,64,3,0.002966642,0.002667904,45365,33634,90730,tmt_sym
43,64,4,0.002680063,0.002388954,45365,33634,90730,tmt_sym
58,64,8,0.002799273,0.002524376,45373,33667,90746,tmt_sym
58,64,9,0.002778292,0.002497911,45373,33667,90746,tmt_sym
41,64,8,0.002726078,0.002456427,45419,33751,90838,tmt_sym
41,64,9,0.002730370,0.002457380,45419,33751,90838,tmt_sym
39,64,0,0.003150463,0.002651453,45560,33921,91120,tmt_sym
39,64,1,0.003264427,0.002811670,45560,33921,91120,tmt_sym
39,64,2,0.003096581,0.002723694,45560,33921,91120,tmt_sym
39,64,3,0.003072262,0.002704859,45560,33921,91120,tmt_sym
39,64,4,0.002949238,0.002600670,45560,33921,91120,tmt_sym
39,64,5,0.002885818,0.002543211,45560,33921,91120,tmt_sym
39,64,6,0.003066063,0.002722502,45560,33921,91120,tmt_sym
39,64,7,0.002924681,0.002582312,45560,33921,91120,tmt_sym
39,64,8,0.003041744,0.002682686,45560,33921,91120,tmt_sym
39,64,9,0.002883911,0.002518892,45560,33921,91120,tmt_sym
50,64,8,0.003088951,0.002696514,45350,33556,90700,tmt_sym
50,64,9,0.002968073,0.002625465,45350,33556,90700,tmt_sym
43,64,5,0.002786160,0.002488136,45365,33634,90730,tmt_sym
43,64,6,0.002555609,0.002260208,45365,33634,90730,tmt_sym
43,64,7,0.002590418,0.002300024,45365,33634,90730,tmt_sym
43,64,8,0.002923965,0.002621651,45365,33634,90730,tmt_sym
4,64,1,0.002977848,0.002696753,45401,33704,90802,tmt_sym
4,64,2,0.002836227,0.002565384,45401,33704,90802,tmt_sym
4,64,3,0.002831221,0.002560616,45401,33704,90802,tmt_sym
4,64,4,0.002848625,0.002579451,45401,33704,90802,tmt_sym
4,64,5,0.002797365,0.002520084,45401,33704,90802,tmt_sym
11,64,0,0.002815962,0.002522469,45426,33697,90852,tmt_sym
11,64,1,0.002944469,0.002668858,45426,33697,90852,tmt_sym
11,64,2,0.002740383,0.002459288,45426,33697,90852,tmt_sym
15,64,0,0.003151655,0.002657652,45495,33844,90990,tmt_sym
15,64,1,0.003083706,0.002689362,45495,33844,90990,tmt_sym
15,64,2,0.002978802,0.002569437,45495,33844,90990,tmt_sym
15,64,3,0.002968788,0.002596855,45495,33844,90990,tmt_sym
15,64,4,0.002929688,0.002581596,45495,33844,90990,tmt_sym
15,64,5,0.002937794,0.002610683,45495,33844,90990,tmt_sym
15,64,6,0.002911806,0.002588749,45495,33844,90990,tmt_sym
14,64,0,0.003289938,0.002737999,45261,33491,90522,tmt_sym
14,64,1,0.002900362,0.002425194,45261,33491,90522,tmt_sym
14,64,2,0.003086329,0.002712965,45261,33491,90522,tmt_sym
14,64,3,0.003148556,0.002708912,45261,33491,90522,tmt_sym
14,64,4,0.003168344,0.002763987,45261,33491,90522,tmt_sym
14,64,5,0.002995729,0.002649069,45261,33491,90522,tmt_sym
60,64,0,0.003051281,0.002730608,45363,33624,90726,tmt_sym
60,64,1,0.002770185,0.002460957,45363,33624,90726,tmt_sym
43,64,9,0.002788305,0.002488852,45365,33634,90730,tmt_sym
10,64,5,0.002921820,0.002652645,45432,33669,90864,tmt_sym
10,64,6,0.002805233,0.002536297,45432,33669,90864,tmt_sym
10,64,7,0.002732992,0.002463579,45432,33669,90864,tmt_sym
10,64,8,0.002747297,0.002477646,45432,33669,90864,tmt_sym
10,64,9,0.002797842,0.002523184,45432,33669,90864,tmt_sym
11,64,3,0.002743244,0.002471685,45426,33697,90852,tmt_sym
11,64,4,0.002737999,0.002466679,45426,33697,90852,tmt_sym
11,64,5,0.002675772,0.002405882,45426,33697,90852,tmt_sym
11,64,6,0.002479315,0.002208710,45426,33697,90852,tmt_sym
11,64,7,0.002783060,0.002510548,45426,33697,90852,tmt_sym
27,64,8,0.002999067,0.002659798,45350,33668,90700,tmt_sym
27,64,9,0.002885818,0.002505779,45350,33668,90700,tmt_sym
20,64,0,0.003280640,0.002730846,45360,33658,90720,tmt_sym
20,64,1,0.003147364,0.002653360,45360,33658,90720,tmt_sym
20,64,2,0.003064394,0.002709389,45360,33658,90720,tmt_sym
20,64,3,0.002856255,0.002459288,45360,33658,90720,tmt_sym
20,64,4,0.002350569,0.001986504,45360,33658,90720,tmt_sym
20,64,5,0.002881527,0.002539873,45360,33658,90720,tmt_sym
20,64,6,0.002993584,0.002647638,45360,33658,90720,tmt_sym
20,64,7,0.002940416,0.002553225,45360,33658,90720,tmt_sym
20,64,8,0.002987385,0.002613783,45360,33658,90720,tmt_sym
20,64,9,0.003024817,0.002686024,45360,33658,90720,tmt_sym
60,64,2,0.003003359,0.002689600,45363,33624,90726,tmt_sym
60,64,3,0.002804756,0.002465010,45363,33624,90726,tmt_sym
60,64,4,0.003011227,0.002686262,45363,33624,90726,tmt_sym
60,64,5,0.002606392,0.002292395,45363,33624,90726,tmt_sym
1,64,0,0.003195286,0.002871513,45482,33769,90964,tmt_sym
1,64,1,0.002986431,0.002685308,45482,33769,90964,tmt_sym
1,64,2,0.002898693,0.002607107,45482,33769,90964,tmt_sym
4,64,6,0.002824306,0.002554893,45401,33704,90802,tmt_sym
4,64,7,0.002833843,0.002564669,45401,33704,90802,tmt_sym
4,64,8,0.002838135,0.002569437,45401,33704,90802,tmt_sym
4,64,9,0.002810240,0.002537251,45401,33704,90802,tmt_sym
11,64,8,0.002692223,0.002419710,45426,33697,90852,tmt_sym
11,64,9,0.002766371,0.002493858,45426,33697,90852,tmt_sym
51,64,0,0.003187418,0.002724171,45372,33704,90744,tmt_sym
51,64,1,0.003065109,0.002659798,45372,33704,90744,tmt_sym
51,64,2,0.002799511,0.002462864,45372,33704,90744,tmt_sym
51,64,3,0.002975464,0.002633333,45372,33704,90744,tmt_sym
51,64,4,0.002853155,0.002526045,45372,33704,90744,tmt_sym
51,64,5,0.002844095,0.002511740,45372,33704,90744,tmt_sym
51,64,6,0.002823830,0.002502918,45372,33704,90744,tmt_sym
51,64,7,0.002932549,0.002597332,45372,33704,90744,tmt_sym
51,64,8,0.003024101,0.002680302,45372,33704,90744,tmt_sym
51,64,9,0.002903938,0.002558470,45372,33704,90744,tmt_sym
14,64,6,0.002778053,0.002448082,45261,33491,90522,tmt_sym
14,64,7,0.002959013,0.002543926,45261,33491,90522,tmt_sym
14,64,8,0.003228426,0.002839804,45261,33491,90522,tmt_sym
14,64,9,0.003016233,0.002676487,45261,33491,90522,tmt_sym
60,64,6,0.003002405,0.002666235,45363,33624,90726,tmt_sym
60,64,7,0.002988338,0.002669811,45363,33624,90726,tmt_sym
60,64,8,0.002594471,0.002281904,45363,33624,90726,tmt_sym
60,64,9,0.002899647,0.002559662,45363,33624,90726,tmt_sym
19,64,0,0.002995968,0.002685070,45255,33591,90510,tmt_sym
19,64,1,0.002974510,0.002674818,45255,33591,90510,tmt_sym
19,64,2,0.002647877,0.002356052,45255,33591,90510,tmt_sym
19,64,3,0.002816200,0.002531528,45255,33591,90510,tmt_sym
19,64,4,0.002413273,0.002130985,45255,33591,90510,tmt_sym
19,64,5,0.002811432,0.002516270,45255,33591,90510,tmt_sym
19,64,6,0.002839088,0.002552271,45255,33591,90510,tmt_sym
19,64,7,0.002874136,0.002589703,45255,33591,90510,tmt_sym
16,64,0,0.002930164,0.002637863,45256,33575,90512,tmt_sym
16,64,1,0.002886295,0.002603531,45256,33575,90512,tmt_sym
16,64,2,0.002834320,0.002559900,45256,33575,90512,tmt_sym
29,64,0,0.002718449,0.002427101,45254,33564,90508,tmt_sym
29,64,1,0.002650976,0.002374887,45254,33564,90508,tmt_sym
29,64,2,0.002422094,0.002146959,45254,33564,90508,tmt_sym
9,64,0,0.003208399,0.002731323,45334,33674,90668,tmt_sym
9,64,1,0.003132105,0.002705336,45334,33674,90668,tmt_sym
9,64,2,0.003018618,0.002653599,45334,33674,90668,tmt_sym
9,64,3,0.002996922,0.002640724,45334,33674,90668,tmt_sym
9,64,4,0.002979517,0.002636433,45334,33674,90668,tmt_sym
9,64,5,0.002843380,0.002504110,45334,33674,90668,tmt_sym
26,64,0,0.003416777,0.002903461,45361,33637,90722,tmt_sym
26,64,1,0.002606153,0.002224445,45361,33637,90722,tmt_sym
26,64,2,0.003135681,0.002817631,45361,33637,90722,tmt_sym
26,64,3,0.002961874,0.002628326,45361,33637,90722,tmt_sym
26,64,4,0.003094673,0.002765894,45361,33637,90722,tmt_sym
26,64,5,0.002876282,0.002564907,45361,33637,90722,tmt_sym
26,64,6,0.002957582,0.002649546,45361,33637,90722,tmt_sym
26,64,7,0.003040314,0.002709627,45361,33637,90722,tmt_sym
26,64,8,0.003103495,0.002781391,45361,33637,90722,tmt_sym
26,64,9,0.003052950,0.002733707,45361,33637,90722,tmt_sym
18,64,0,0.003194094,0.002912283,45413,33624,90826,tmt_sym
18,64,1,0.003095865,0.002823591,45413,33624,90826,tmt_sym
1,64,3,0.002882957,0.002593279,45482,33769,90964,tmt_sym
1,64,4,0.003190994,0.002904654,45482,33769,90964,tmt_sym
1,64,5,0.002838135,0.002546549,45482,33769,90964,tmt_sym
1,64,6,0.002869606,0.002581835,45482,33769,90964,tmt_sym
1,64,7,0.003143072,0.002853155,45482,33769,90964,tmt_sym
1,64,8,0.002853632,0.002562046,45482,33769,90964,tmt_sym
1,64,9,0.002889395,0.002597809,45482,33769,90964,tmt_sym
16,64,3,0.002874613,0.002599478,45256,33575,90512,tmt_sym
16,64,4,0.002914190,0.002628565,45256,33575,90512,tmt_sym
16,64,5,0.002823591,0.002542973,45256,33575,90512,tmt_sym
16,64,6,0.002885342,0.002611876,45256,33575,90512,tmt_sym
29,64,3,0.002653122,0.002379417,45254,33564,90508,tmt_sym
29,64,4,0.002621174,0.002343655,45254,33564,90508,tmt_sym
29,64,5,0.002982378,0.002698660,45254,33564,90508,tmt_sym
29,64,6,0.002971649,0.002693415,45254,33564,90508,tmt_sym
29,64,7,0.002978086,0.002701283,45254,33564,90508,tmt_sym
29,64,8,0.002954483,0.002677441,45254,33564,90508,tmt_sym
29,64,9,0.002937794,0.002656460,45254,33564,90508,tmt_sym
15,64,7,0.002921581,0.002615452,45495,33844,90990,tmt_sym
15,64,8,0.002863407,0.002530813,45495,33844,90990,tmt_sym
15,64,9,0.002906799,0.002509117,45495,33844,90990,tmt_sym
30,64,0,0.002816439,0.002543926,45458,33758,90916,tmt_sym
30,64,1,0.002918005,0.002648830,45458,33758,90916,tmt_sym
30,64,2,0.003135443,0.002859116,45458,33758,90916,tmt_sym
30,64,3,0.002788305,0.002511978,45458,33758,90916,tmt_sym
30,64,4,0.002766609,0.002496481,45458,33758,90916,tmt_sym
19,64,8,0.002835989,0.002551317,45255,33591,90510,tmt_sym
19,64,9,0.002882957,0.002593040,45255,33591,90510,tmt_sym
16,64,7,0.002812862,0.002540827,45256,33575,90512,tmt_sym
16,64,8,0.002832413,0.002559900,45256,33575,90512,tmt_sym
16,64,9,0.002840042,0.002563000,45256,33575,90512,tmt_sym
5,64,0,0.003625870,0.002589464,45335,33665,90670,tmt_sym
5,64,1,0.002970695,0.002305984,45335,33665,90670,tmt_sym
33,64,0,0.003109932,0.002616167,45336,33622,90672,tmt_sym
33,64,1,0.003084421,0.002658367,45336,33622,90672,tmt_sym
33,64,2,0.002955675,0.002599478,45336,33622,90672,tmt_sym
33,64,3,0.002884865,0.002534151,45336,33622,90672,tmt_sym
33,64,4,0.003021479,0.002672434,45336,33622,90672,tmt_sym
33,64,5,0.002918482,0.002573252,45336,33622,90672,tmt_sym
33,64,6,0.002939224,0.002606869,45336,33622,90672,tmt_sym
33,64,7,0.002893448,0.002561808,45336,33622,90672,tmt_sym
33,64,8,0.002814770,0.002493620,45336,33622,90672,tmt_sym
33,64,9,0.002926826,0.002553463,45336,33622,90672,tmt_sym
18,64,2,0.003140688,0.002861977,45413,33624,90826,tmt_sym
18,64,3,0.003162861,0.002892256,45413,33624,90826,tmt_sym
18,64,4,0.002776861,0.002506733,45413,33624,90826,tmt_sym
18,64,5,0.002872705,0.002602577,45413,33624,90826,tmt_sym
18,64,6,0.002701283,0.002430916,45413,33624,90826,tmt_sym
25,64,0,0.002833843,0.002535343,45242,33617,90484,tmt_sym
25,64,1,0.002728224,0.002455235,45242,33617,90484,tmt_sym
25,64,2,0.002985239,0.002707005,45242,33617,90484,tmt_sym
28,64,0,0.002954006,0.002680779,45449,33700,90898,tmt_sym
28,64,1,0.002886534,0.002611399,45449,33700,90898,tmt_sym
28,64,2,0.002864122,0.002596617,45449,33700,90898,tmt_sym
28,64,3,0.002886057,0.002619028,45449,33700,90898,tmt_sym
28,64,4,0.002871037,0.002599478,45449,33700,90898,tmt_sym
5,64,2,0.003041506,0.002469778,45335,33665,90670,tmt_sym
5,64,3,0.003017902,0.002425194,45335,33665,90670,tmt_sym
9,64,6,0.002876520,0.002548456,45334,33674,90668,tmt_sym
9,64,7,0.002969503,0.002631187,45334,33674,90668,tmt_sym
9,64,8,0.002933502,0.002592087,45334,33674,90668,tmt_sym
9,64,9,0.002944231,0.002584934,45334,33674,90668,tmt_sym
44,64,0,0.003324747,0.002782583,45402,33723,90804,tmt_sym
44,64,1,0.003084421,0.002594233,45402,33723,90804,tmt_sym
44,64,2,0.003144026,0.002776384,45402,33723,90804,tmt_sym
30,64,5,0.002935886,0.002667189,45458,33758,90916,tmt_sym
30,64,6,0.002740383,0.002469301,45458,33758,90916,tmt_sym
30,64,7,0.002710104,0.002440214,45458,33758,90916,tmt_sym
30,64,8,0.002801657,0.002532005,45458,33758,90916,tmt_sym
30,64,9,0.002951622,0.002682924,45458,33758,90916,tmt_sym
25,64,3,0.002645016,0.002367735,45242,33617,90484,tmt_sym
25,64,4,0.002956867,0.002672434,45242,33617,90484,tmt_sym
25,64,5,0.002567768,0.002289772,45242,33617,90484,tmt_sym
25,64,6,0.002751112,0.002473354,45242,33617,90484,tmt_sym
25,64,7,0.003119469,0.002848148,45242,33617,90484,tmt_sym
28,64,5,0.002839565,0.002575159,45449,33700,90898,tmt_sym
28,64,6,0.002850533,0.002584219,45449,33700,90898,tmt_sym
28,64,7,0.002862215,0.002596617,45449,33700,90898,tmt_sym
28,64,8,0.002864361,0.002594948,45449,33700,90898,tmt_sym
28,64,9,0.002863646,0.002598047,45449,33700,90898,tmt_sym
5,64,4,0.002923727,0.002339602,45335,33665,90670,tmt_sym
5,64,5,0.002890825,0.002246380,45335,33665,90670,tmt_sym
5,64,6,0.002960443,0.002353430,45335,33665,90670,tmt_sym
62,64,0,0.003481388,0.002876997,45389,33679,90778,tmt_sym
62,64,1,0.003001690,0.002524853,45389,33679,90778,tmt_sym
62,64,2,0.003038406,0.002707481,45389,33679,90778,tmt_sym
62,64,3,0.002798080,0.002431154,45389,33679,90778,tmt_sym
62,64,4,0.003089190,0.002726078,45389,33679,90778,tmt_sym
62,64,5,0.002938986,0.002605915,45389,33679,90778,tmt_sym
62,64,6,0.003084898,0.002751827,45389,33679,90778,tmt_sym
62,64,7,0.003162861,0.002767324,45389,33679,90778,tmt_sym
62,64,8,0.002567530,0.002213955,45389,33679,90778,tmt_sym
62,64,9,0.003111839,0.002791405,45389,33679,90778,tmt_sym
18,64,7,0.003165245,0.002894878,45413,33624,90826,tmt_sym
18,64,8,0.002738953,0.002469778,45413,33624,90826,tmt_sym
18,64,9,0.002955914,0.002685070,45413,33624,90826,tmt_sym
25,64,8,0.002520800,0.002250195,45242,33617,90484,tmt_sym
25,64,9,0.002945423,0.002673864,45242,33617,90484,tmt_sym
5,64,7,0.002986193,0.002359629,45335,33665,90670,tmt_sym
5,64,8,0.002916098,0.002255201,45335,33665,90670,tmt_sym
5,64,9,0.002975225,0.002361298,45335,33665,90670,tmt_sym
44,64,3,0.002960205,0.002548218,45402,33723,90804,tmt_sym
44,64,4,0.002998352,0.002607822,45402,33723,90804,tmt_sym
44,64,5,0.002892494,0.002544641,45402,33723,90804,tmt_sym
44,64,6,0.002957106,0.002606869,45402,33723,90804,tmt_sym
44,64,7,0.003146648,0.002707958,45402,33723,90804,tmt_sym
44,64,8,0.003048420,0.002650023,45402,33723,90804,tmt_sym
44,64,9,0.003132105,0.002777815,45402,33723,90804,tmt_sym
42,64,0,0.002645493,0.002365351,45387,33633,90774,tmt_sym
42,64,1,0.002721786,0.002444267,45387,33633,90774,tmt_sym
42,64,2,0.002797127,0.002521515,45387,33633,90774,tmt_sym
42,64,3,0.002964497,0.002681255,45387,33633,90774,tmt_sym
42,64,4,0.002736807,0.002454996,45387,33633,90774,tmt_sym
42,64,5,0.002942801,0.002665520,45387,33633,90774,tmt_sym
7,64,0,0.003037930,0.002713680,45387,33742,90774,tmt_sym
7,64,1,0.002943993,0.002637625,45387,33742,90774,tmt_sym
7,64,2,0.002876759,0.002578974,45387,33742,90774,tmt_sym
42,64,6,0.002630949,0.002355337,45387,33633,90774,tmt_sym
42,64,7,0.002762794,0.002480745,45387,33633,90774,tmt_sym
42,64,8,0.002938032,0.002661705,45387,33633,90774,tmt_sym
42,64,9,0.002978325,0.002701283,45387,33633,90774,tmt_sym
7,64,3,0.002907991,0.002610445,45387,33742,90774,tmt_sym
7,64,4,0.002895355,0.002597809,45387,33742,90774,tmt_sym
7,64,5,0.003149033,0.002855778,45387,33742,90774,tmt_sym
7,64,6,0.003141880,0.002850533,45387,33742,90774,tmt_sym
7,64,7,0.003139973,0.002845526,45387,33742,90774,tmt_sym
7,64,8,0.003117561,0.002820730,45387,33742,90774,tmt_sym
7,64,9,0.003168106,0.002871513,45387,33742,90774,tmt_sym
19,128,0,0.002406597,0.002194405,22650,16898,45300,tmt_sym
19,128,1,0.003037214,0.002846956,22650,16898,45300,tmt_sym
19,128,2,0.002582312,0.002403259,22650,16898,45300,tmt_sym
19,128,3,0.002287865,0.002120495,22650,16898,45300,tmt_sym
19,128,4,0.002332211,0.002165318,22650,16898,45300,tmt_sym
19,128,5,0.002863407,0.002688169,22650,16898,45300,tmt_sym
19,128,6,0.002291918,0.002124071,22650,16898,45300,tmt_sym
19,128,7,0.002313137,0.002148151,22650,16898,45300,tmt_sym
19,128,8,0.002357483,0.002189636,22650,16898,45300,tmt_sym
19,128,9,0.002218485,0.002052784,22650,16898,45300,tmt_sym
18,128,0,0.002407551,0.002255678,22672,16865,45344,tmt_sym
18,128,1,0.002997398,0.002837658,22672,16865,45344,tmt_sym
18,128,2,0.002600670,0.002455235,22672,16865,45344,tmt_sym
18,128,3,0.002340078,0.002195835,22672,16865,45344,tmt_sym
18,128,4,0.002395391,0.002251148,22672,16865,45344,tmt_sym
18,128,5,0.002950430,0.002805710,22672,16865,45344,tmt_sym
18,128,6,0.002436161,0.002292156,22672,16865,45344,tmt_sym
18,128,7,0.002613544,0.002469301,22672,16865,45344,tmt_sym
18,128,8,0.002664328,0.002519846,22672,16865,45344,tmt_sym
18,128,9,0.002433777,0.002289057,22672,16865,45344,tmt_sym
24,128,0,0.002421379,0.002215862,22721,16983,45442,tmt_sym
24,128,1,0.003037453,0.002819061,22721,16983,45442,tmt_sym
24,128,2,0.002472401,0.002289295,22721,16983,45442,tmt_sym
24,128,3,0.002497673,0.002294064,22721,16983,45442,tmt_sym
24,128,4,0.002230406,0.002038956,22721,16983,45442,tmt_sym
24,128,5,0.002373934,0.002179146,22721,16983,45442,tmt_sym
24,128,6,0.002429962,0.002232790,22721,16983,45442,tmt_sym
24,128,7,0.002305031,0.002108574,22721,16983,45442,tmt_sym
24,128,8,0.002120733,0.001926661,22721,16983,45442,tmt_sym
24,128,9,0.002564430,0.002354145,22721,16983,45442,tmt_sym
84,128,0,0.002635717,0.002484798,22663,16911,45326,tmt_sym
84,128,1,0.003036261,0.002876997,22663,16911,45326,tmt_sym
84,128,2,0.002567768,0.002424479,22663,16911,45326,tmt_sym
84,128,3,0.002606869,0.002463102,22663,16911,45326,tmt_sym
84,128,4,0.002139330,0.001996279,22663,16911,45326,tmt_sym
84,128,5,0.002614975,0.002462864,22663,16911,45326,tmt_sym
12,128,0,0.002875328,0.002717972,22651,16894,45302,tmt_sym
12,128,1,0.003047943,0.002887487,22651,16894,45302,tmt_sym
12,128,2,0.002789021,0.002643108,22651,16894,45302,tmt_sym
12,128,3,0.002818108,0.002671480,22651,16894,45302,tmt_sym
84,128,6,0.002676964,0.002532244,22663,16911,45326,tmt_sym
84,128,7,0.002734184,0.002589464,22663,16911,45326,tmt_sym
84,128,8,0.002840757,0.002689362,22663,16911,45326,tmt_sym
84,128,9,0.002605915,0.002461195,22663,16911,45326,tmt_sym
12,128,4,0.002633333,0.002488375,22651,16894,45302,tmt_sym
12,128,5,0.002938271,0.002792358,22651,16894,45302,tmt_sym
12,128,6,0.002706528,0.002560377,22651,16894,45302,tmt_sym
12,128,7,0.002813816,0.002667427,22651,16894,45302,tmt_sym
12,128,8,0.002755642,0.002601624,22651,16894,45302,tmt_sym
12,128,9,0.002619743,0.002473831,22651,16894,45302,tmt_sym
6,128,0,0.002887011,0.002732277,22669,16906,45338,tmt_sym
6,128,1,0.003062487,0.002920151,22669,16906,45338,tmt_sym
6,128,2,0.002886057,0.002743721,22669,16906,45338,tmt_sym
6,128,3,0.002784729,0.002643824,22669,16906,45338,tmt_sym
6,128,4,0.002846003,0.002704859,22669,16906,45338,tmt_sym
6,128,5,0.002947569,0.002806902,22669,16906,45338,tmt_sym
6,128,6,0.002768278,0.002627373,22669,16906,45338,tmt_sym
6,128,7,0.002925873,0.002785206,22669,16906,45338,tmt_sym
6,128,8,0.002891302,0.002750397,22669,16906,45338,tmt_sym
21,128,0,0.002360344,0.002122164,22637,16842,45274,tmt_sym
21,128,1,0.002965689,0.002755642,22637,16842,45274,tmt_sym
21,128,2,0.002454996,0.002280235,22637,16842,45274,tmt_sym
21,128,3,0.002314806,0.002149582,22637,16842,45274,tmt_sym
21,128,4,0.002261639,0.002096415,22637,16842,45274,tmt_sym
21,128,5,0.002740383,0.002574444,22637,16842,45274,tmt_sym
21,128,6,0.002253056,0.002089739,22637,16842,45274,tmt_sym
21,128,7,0.002087593,0.001926661,22637,16842,45274,tmt_sym
21,128,8,0.001979828,0.001816034,22637,16842,45274,tmt_sym
21,128,9,0.002398491,0.002231836,22637,16842,45274,tmt_sym
6,128,9,0.002657175,0.002516508,22669,16906,45338,tmt_sym
15,128,0,0.002937555,0.002555847,22707,16961,45414,tmt_sym
15,128,1,0.003105402,0.002833366,22707,16961,45414,tmt_sym
15,128,2,0.002792358,0.002466679,22707,16961,45414,tmt_sym
15,128,3,0.002710581,0.002383709,22707,16961,45414,tmt_sym
15,128,4,0.002711535,0.002392530,22707,16961,45414,tmt_sym
15,128,5,0.002905607,0.002614260,22707,16961,45414,tmt_sym
15,128,6,0.002699614,0.002422810,22707,16961,45414,tmt_sym
15,128,7,0.002753735,0.002476931,22707,16961,45414,tmt_sym
15,128,8,0.002635002,0.002309084,22707,16961,45414,tmt_sym
15,128,9,0.002437353,0.002122164,22707,16961,45414,tmt_sym
22,128,0,0.002275944,0.002116203,22722,16974,45444,tmt_sym
22,128,1,0.002908230,0.002761841,22722,16974,45444,tmt_sym
22,128,2,0.002116203,0.001971006,22722,16974,45444,tmt_sym
22,128,3,0.002459526,0.002315044,22722,16974,45444,tmt_sym
22,128,4,0.002275944,0.002131462,22722,16974,45444,tmt_sym
22,128,5,0.002225399,0.002080917,22722,16974,45444,tmt_sym
22,128,6,0.002376556,0.002232313,22722,16974,45444,tmt_sym
22,128,7,0.002266169,0.002121687,22722,16974,45444,tmt_sym
22,128,8,0.002290249,0.002145767,22722,16974,45444,tmt_sym
22,128,9,0.002346516,0.002202988,22722,16974,45444,tmt_sym
17,128,0,0.002349377,0.002193928,22774,17013,45548,tmt_sym
17,128,1,0.003003597,0.002855539,22774,17013,45548,tmt_sym
17,128,2,0.002577782,0.002434015,22774,17013,45548,tmt_sym
17,128,3,0.002375364,0.002231598,22774,17013,45548,tmt_sym
17,128,4,0.002389431,0.002245188,22774,17013,45548,tmt_sym
17,128,5,0.002840996,0.002694130,22774,17013,45548,tmt_sym
17,128,6,0.002298832,0.002155066,22774,17013,45548,tmt_sym
17,128,7,0.002441883,0.002299070,22774,17013,45548,tmt_sym
17,128,8,0.002531052,0.002387285,22774,17013,45548,tmt_sym
17,128,9,0.002406836,0.002262831,22774,17013,45548,tmt_sym
20,128,0,0.003371477,0.002589226,22697,16936,45394,tmt_sym
9,128,0,0.002986431,0.002681971,22664,16901,45328,tmt_sym
9,128,1,0.003139734,0.002879143,22664,16901,45328,tmt_sym
9,128,2,0.002979755,0.002736330,22664,16901,45328,tmt_sym
9,128,3,0.003014088,0.002785206,22664,16901,45328,tmt_sym
9,128,4,0.002853632,0.002638817,22664,16901,45328,tmt_sym
9,128,5,0.002850294,0.002629042,22664,16901,45328,tmt_sym
9,128,6,0.002875805,0.002650261,22664,16901,45328,tmt_sym
66,128,0,0.002873421,0.002696753,22659,16890,45318,tmt_sym
66,128,1,0.002611160,0.002461433,22659,16890,45318,tmt_sym
66,128,2,0.002837420,0.002689600,22659,16890,45318,tmt_sym
66,128,3,0.002880573,0.002733469,22659,16890,45318,tmt_sym
66,128,4,0.002738953,0.002593040,22659,16890,45318,tmt_sym
13,128,0,0.002805948,0.002581835,22674,16897,45348,tmt_sym
13,128,1,0.003078461,0.002861738,22674,16897,45348,tmt_sym
13,128,2,0.002721071,0.002526522,22674,16897,45348,tmt_sym
13,128,3,0.002605677,0.002423763,22674,16897,45348,tmt_sym
10,128,0,0.002876520,0.002691269,22720,16940,45440,tmt_sym
10,128,1,0.003049135,0.002886772,22720,16940,45440,tmt_sym
10,128,2,0.002888203,0.002729177,22720,16940,45440,tmt_sym
23,128,0,0.002387285,0.002208710,22719,16950,45438,tmt_sym
23,128,1,0.002979040,0.002810240,22719,16950,45438,tmt_sym
23,128,2,0.002263308,0.002102613,22719,16950,45438,tmt_sym
23,128,3,0.002379894,0.002221107,22719,16950,45438,tmt_sym
23,128,4,0.002307653,0.002148628,22719,16950,45438,tmt_sym
23,128,5,0.002292633,0.002134085,22719,16950,45438,tmt_sym
23,128,6,0.002318382,0.002158880,22719,16950,45438,tmt_sym
23,128,7,0.002292395,0.002133846,22719,16950,45438,tmt_sym
23,128,8,0.002346277,0.002177238,22719,16950,45438,tmt_sym
23,128,9,0.002442360,0.002282858,22719,16950,45438,tmt_sym
20,128,1,0.003511906,0.002790213,22697,16936,45394,tmt_sym
69,128,0,0.002920151,0.002695799,22638,16883,45276,tmt_sym
69,128,1,0.002354383,0.002151489,22638,16883,45276,tmt_sym
69,128,2,0.002692938,0.002505541,22638,16883,45276,tmt_sym
69,128,3,0.002790689,0.002615452,22638,16883,45276,tmt_sym
69,128,4,0.002632856,0.002464771,22638,16883,45276,tmt_sym
69,128,5,0.002848387,0.002673149,22638,16883,45276,tmt_sym
69,128,6,0.002814054,0.002642393,22638,16883,45276,tmt_sym
69,128,7,0.002768517,0.002601624,22638,16883,45276,tmt_sym
69,128,8,0.002644539,0.002476692,22638,16883,45276,tmt_sym
78,128,0,0.002798557,0.002636194,22565,16788,45130,tmt_sym
78,128,1,0.002449512,0.002303839,22565,16788,45130,tmt_sym
78,128,2,0.002707243,0.002561569,22565,16788,45130,tmt_sym
78,128,3,0.002605438,0.002461195,22565,16788,45130,tmt_sym
78,128,4,0.002392054,0.002248287,22565,16788,45130,tmt_sym
78,128,5,0.002700567,0.002556086,22565,16788,45130,tmt_sym
78,128,6,0.002770662,0.002625704,22565,16788,45130,tmt_sym
13,128,4,0.002698660,0.002507925,22674,16897,45348,tmt_sym
13,128,5,0.002914190,0.002719164,22674,16897,45348,tmt_sym
13,128,6,0.002660990,0.002478123,22674,16897,45348,tmt_sym
13,128,7,0.002780676,0.002597094,22674,16897,45348,tmt_sym
13,128,8,0.002753019,0.002570152,22674,16897,45348,tmt_sym
13,128,9,0.002602816,0.002424240,22674,16897,45348,tmt_sym
16,128,0,0.002796650,0.002614021,22619,16879,45238,tmt_sym
16,128,1,0.003007412,0.002848625,22619,16879,45238,tmt_sym
16,128,2,0.002608776,0.002451420,22619,16879,45238,tmt_sym
16,128,3,0.002650261,0.002498150,22619,16879,45238,tmt_sym
16,128,4,0.002606630,0.002454519,22619,16879,45238,tmt_sym
16,128,5,0.002908945,0.002754450,22619,16879,45238,tmt_sym
11,128,0,0.002896070,0.002706528,22683,16922,45366,tmt_sym
11,128,1,0.003042459,0.002874851,22683,16922,45366,tmt_sym
11,128,2,0.002925634,0.002763271,22683,16922,45366,tmt_sym
11,128,3,0.002972126,0.002812624,22683,16922,45366,tmt_sym
11,128,4,0.002723217,0.002568722,22683,16922,45366,tmt_sym
11,128,5,0.002868176,0.002710581,22683,16922,45366,tmt_sym
11,128,6,0.002830267,0.002670050,22683,16922,45366,tmt_sym
11,128,7,0.002806902,0.002644777,22683,16922,45366,tmt_sym
8,128,0,0.002906799,0.002738476,22717,16951,45434,tmt_sym
8,128,1,0.003062248,0.002900839,22717,16951,45434,tmt_sym
8,128,2,0.002751589,0.002592087,22717,16951,45434,tmt_sym
8,128,3,0.002743483,0.002583981,22717,16951,45434,tmt_sym
9,128,7,0.002820253,0.002612829,22664,16901,45328,tmt_sym
9,128,8,0.002862692,0.002638817,22664,16901,45328,tmt_sym
9,128,9,0.002601624,0.002392769,22664,16901,45328,tmt_sym
66,128,5,0.002918959,0.002772808,22659,16890,45318,tmt_sym
66,128,6,0.002876282,0.002729416,22659,16890,45318,tmt_sym
66,128,7,0.002869129,0.002722263,22659,16890,45318,tmt_sym
66,128,8,0.002900124,0.002753019,22659,16890,45318,tmt_sym
66,128,9,0.002764702,0.002619028,22659,16890,45318,tmt_sym
79,128,0,0.002708673,0.002486706,22788,17048,45576,tmt_sym
79,128,1,0.002426386,0.002224207,22788,17048,45576,tmt_sym
79,128,2,0.002681017,0.002490044,22788,17048,45576,tmt_sym
79,128,3,0.002737284,0.002556562,22788,17048,45576,tmt_sym
79,128,4,0.002746582,0.002559185,22788,17048,45576,tmt_sym
79,128,5,0.002744436,0.002566338,22788,17048,45576,tmt_sym
79,128,6,0.002698660,0.002516508,22788,17048,45576,tmt_sym
79,128,7,0.002721548,0.002540827,22788,17048,45576,tmt_sym
10,128,3,0.002910852,0.002746820,22720,16940,45440,tmt_sym
10,128,4,0.002646446,0.002492428,22720,16940,45440,tmt_sym
10,128,5,0.002903461,0.002747536,22720,16940,45440,tmt_sym
10,128,6,0.002893448,0.002737999,22720,16940,45440,tmt_sym
10,128,7,0.002813339,0.002659321,22720,16940,45440,tmt_sym
10,128,8,0.002884150,0.002730370,22720,16940,45440,tmt_sym
10,128,9,0.002605915,0.002453566,22720,16940,45440,tmt_sym
11,128,8,0.002855778,0.002695322,22683,16922,45366,tmt_sym
11,128,9,0.002607107,0.002452135,22683,16922,45366,tmt_sym
14,128,0,0.002868414,0.002616644,22696,16924,45392,tmt_sym
14,128,1,0.003103256,0.002913237,22696,16924,45392,tmt_sym
14,128,2,0.002660275,0.002493858,22696,16924,45392,tmt_sym
14,128,3,0.002653599,0.002493143,22696,16924,45392,tmt_sym
14,128,4,0.002725124,0.002566338,22696,16924,45392,tmt_sym
14,128,5,0.002884388,0.002713203,22696,16924,45392,tmt_sym
14,128,6,0.002606153,0.002448082,22696,16924,45392,tmt_sym
69,128,9,0.002615690,0.002452374,22638,16883,45276,tmt_sym
78,128,7,0.002875090,0.002729654,22565,16788,45130,tmt_sym
78,128,8,0.002887249,0.002741814,22565,16788,45130,tmt_sym
78,128,9,0.002753019,0.002608299,22565,16788,45130,tmt_sym
79,128,8,0.002862692,0.002674580,22788,17048,45576,tmt_sym
79,128,9,0.002616405,0.002444267,22788,17048,45576,tmt_sym
16,128,6,0.002646685,0.002495289,22619,16879,45238,tmt_sym
16,128,7,0.002713680,0.002561808,22619,16879,45238,tmt_sym
16,128,8,0.002741337,0.002589941,22619,16879,45238,tmt_sym
16,128,9,0.002581596,0.002429962,22619,16879,45238,tmt_sym
5,128,0,0.002785921,0.002630472,22697,16949,45394,tmt_sym
8,128,4,0.002807856,0.002643347,22717,16951,45434,tmt_sym
8,128,5,0.002917528,0.002731800,22717,16951,45434,tmt_sym
8,128,6,0.002743244,0.002578974,22717,16951,45434,tmt_sym
8,128,7,0.002725363,0.002561331,22717,16951,45434,tmt_sym
8,128,8,0.002705336,0.002541304,22717,16951,45434,tmt_sym
8,128,9,0.002644300,0.002480030,22717,16951,45434,tmt_sym
63,128,0,0.003042221,0.002806425,22780,17038,45560,tmt_sym
63,128,1,0.002443552,0.002247572,22780,17038,45560,tmt_sym
63,128,2,0.002845764,0.002666473,22780,17038,45560,tmt_sym
63,128,3,0.002804995,0.002634525,22780,17038,45560,tmt_sym
72,128,0,0.002983093,0.002672195,22685,16922,45370,tmt_sym
72,128,1,0.002512217,0.002214193,22685,16922,45370,tmt_sym
97,128,0,0.003005505,0.002758265,22711,16933,45422,tmt_sym
97,128,1,0.003000021,0.002794266,22711,16933,45422,tmt_sym
97,128,2,0.002964020,0.002764702,22711,16933,45422,tmt_sym
97,128,3,0.002962351,0.002765656,22711,16933,45422,tmt_sym
82,128,0,0.002621174,0.002470493,22741,16926,45482,tmt_sym
82,128,1,0.003030062,0.002881050,22741,16926,45482,tmt_sym
82,128,2,0.002636671,0.002490044,22741,16926,45482,tmt_sym
82,128,3,0.002690792,0.002544403,22741,16926,45482,tmt_sym
82,128,4,0.002676487,0.002529860,22741,16926,45482,tmt_sym
82,128,5,0.002658606,0.002513647,22741,16926,45482,tmt_sym
82,128,6,0.002707720,0.002561808,22741,16926,45482,tmt_sym
82,128,7,0.002671480,0.002526522,22741,16926,45482,tmt_sym
82,128,8,0.002810240,0.002664566,22741,16926,45482,tmt_sym
82,128,9,0.002622604,0.002477169,22741,16926,45482,tmt_sym
5,128,1,0.003072023,0.002923250,22697,16949,45394,tmt_sym
5,128,2,0.002814054,0.002660990,22697,16949,45394,tmt_sym
5,128,3,0.002799273,0.002655506,22697,16949,45394,tmt_sym
5,128,4,0.002833128,0.002687693,22697,16949,45394,tmt_sym
5,128,5,0.002872467,0.002728462,22697,16949,45394,tmt_sym
5,128,6,0.002706289,0.002563715,22697,16949,45394,tmt_sym
5,128,7,0.002843618,0.002698660,22697,16949,45394,tmt_sym
5,128,8,0.002802372,0.002658129,22697,16949,45394,tmt_sym
5,128,9,0.002665520,0.002522707,22697,16949,45394,tmt_sym
14,128,7,0.002710104,0.002549887,22696,16924,45392,tmt_sym
14,128,8,0.002397299,0.002237797,22696,16924,45392,tmt_sym
14,128,9,0.002656460,0.002491236,22696,16924,45392,tmt_sym
63,128,4,0.002835274,0.002666473,22780,17038,45560,tmt_sym
63,128,5,0.002853632,0.002683878,22780,17038,45560,tmt_sym
63,128,6,0.002825260,0.002655268,22780,17038,45560,tmt_sym
63,128,7,0.002770901,0.002607822,22780,17038,45560,tmt_sym
63,128,8,0.002760410,0.002596855,22780,17038,45560,tmt_sym
63,128,9,0.002738714,0.002573967,22780,17038,45560,tmt_sym
72,128,2,0.002814293,0.002530336,22685,16922,45370,tmt_sym
72,128,3,0.002924681,0.002657890,22685,16922,45370,tmt_sym
72,128,4,0.002508640,0.002280951,22685,16922,45370,tmt_sym
72,128,5,0.002950430,0.002688408,22685,16922,45370,tmt_sym
72,128,6,0.002888203,0.002650976,22685,16922,45370,tmt_sym
72,128,7,0.002947569,0.002730608,22685,16922,45370,tmt_sym
97,128,4,0.003033638,0.002846956,22711,16933,45422,tmt_sym
97,128,5,0.003010511,0.002813101,22711,16933,45422,tmt_sym
97,128,6,0.002821445,0.002637148,22711,16933,45422,tmt_sym
97,128,7,0.003049374,0.002862692,22711,16933,45422,tmt_sym
97,128,8,0.003000975,0.002816200,22711,16933,45422,tmt_sym
97,128,9,0.002768278,0.002591610,22711,16933,45422,tmt_sym
70,128,0,0.002999306,0.002789259,22636,16876,45272,tmt_sym
70,128,1,0.002383709,0.002206802,22636,16876,45272,tmt_sym
71,128,0,0.002845287,0.002681255,22697,16957,45394,tmt_sym
71,128,1,0.002432346,0.002281666,22697,16957,45394,tmt_sym
71,128,2,0.002804518,0.002649307,22697,16957,45394,tmt_sym
71,128,3,0.002870560,0.002722502,22697,16957,45394,tmt_sym
71,128,4,0.002821445,0.002675056,22697,16957,45394,tmt_sym
71,128,5,0.002789259,0.002643108,22697,16957,45394,tmt_sym
71,128,6,0.002842665,0.002695560,22697,16957,45394,tmt_sym
71,128,7,0.002788544,0.002638102,22697,16957,45394,tmt_sym
71,128,8,0.002807140,0.002660990,22697,16957,45394,tmt_sym
71,128,9,0.002709866,0.002565145,22697,16957,45394,tmt_sym
20,128,2,0.003007174,0.002427101,22697,16936,45394,tmt_sym
72,128,8,0.002949238,0.002723932,22685,16922,45370,tmt_sym
72,128,9,0.002813101,0.002521276,22685,16922,45370,tmt_sym
7,128,0,0.002889156,0.002668858,22690,16950,45380,tmt_sym
7,128,1,0.003109932,0.002898216,22690,16950,45380,tmt_sym
7,128,2,0.002745628,0.002551079,22690,16950,45380,tmt_sym
7,128,3,0.002857208,0.002673149,22690,16950,45380,tmt_sym
7,128,4,0.002741098,0.002558947,22690,16950,45380,tmt_sym
4,128,0,0.002949238,0.002767563,22674,16905,45348,tmt_sym
4,128,1,0.003146410,0.002985477,22674,16905,45348,tmt_sym
4,128,2,0.002887487,0.002732515,22674,16905,45348,tmt_sym
4,128,3,0.002918005,0.002758265,22674,16905,45348,tmt_sym
4,128,4,0.002769709,0.002619028,22674,16905,45348,tmt_sym
4,128,5,0.002930403,0.002771854,22674,16905,45348,tmt_sym
4,128,6,0.002877712,0.002727032,22674,16905,45348,tmt_sym
4,128,7,0.002942324,0.002790451,22674,16905,45348,tmt_sym
4,128,8,0.002920389,0.002770185,22674,16905,45348,tmt_sym
59,128,0,0.002863169,0.002705336,22683,16933,45366,tmt_sym
59,128,1,0.002533436,0.002376080,22683,16933,45366,tmt_sym
59,128,2,0.002872229,0.002717257,22683,16933,45366,tmt_sym
59,128,3,0.002851248,0.002702951,22683,16933,45366,tmt_sym
59,128,4,0.002672672,0.002516031,22683,16933,45366,tmt_sym
20,128,3,0.002931356,0.002465248,22697,16936,45394,tmt_sym
87,128,0,0.002932072,0.002538681,22671,16899,45342,tmt_sym
87,128,1,0.003068686,0.002794266,22671,16899,45342,tmt_sym
87,128,2,0.002830505,0.002523184,22671,16899,45342,tmt_sym
87,128,3,0.002895117,0.002605677,22671,16899,45342,tmt_sym
30,128,0,0.002868652,0.002699137,22782,17012,45564,tmt_sym
30,128,1,0.002852917,0.002707243,22782,17012,45564,tmt_sym
30,128,2,0.002702475,0.002557278,22782,17012,45564,tmt_sym
30,128,3,0.002948284,0.002804518,22782,17012,45564,tmt_sym
30,128,4,0.002595186,0.002451420,22782,17012,45564,tmt_sym
67,128,0,0.002778292,0.002557516,22683,16876,45366,tmt_sym
67,128,1,0.002353430,0.002153397,22683,16876,45366,tmt_sym
67,128,2,0.002721548,0.002521038,22683,16876,45366,tmt_sym
67,128,3,0.002630711,0.002442837,22683,16876,45366,tmt_sym
67,128,4,0.002586126,0.002399445,22683,16876,45366,tmt_sym
67,128,5,0.002833605,0.002635479,22683,16876,45366,tmt_sym
67,128,6,0.002859831,0.002657175,22683,16876,45366,tmt_sym
67,128,7,0.002720356,0.002530575,22683,16876,45366,tmt_sym
70,128,2,0.002690792,0.002529383,22636,16876,45272,tmt_sym
70,128,3,0.002727747,0.002567291,22636,16876,45272,tmt_sym
70,128,4,0.002616644,0.002453089,22636,16876,45272,tmt_sym
70,128,5,0.002939939,0.002766609,22636,16876,45272,tmt_sym
70,128,6,0.002773762,0.002612352,22636,16876,45272,tmt_sym
70,128,7,0.002956390,0.002788544,22636,16876,45272,tmt_sym
70,128,8,0.002926350,0.002759933,22636,16876,45272,tmt_sym
70,128,9,0.002788544,0.002626657,22636,16876,45272,tmt_sym
59,128,5,0.002788067,0.002639532,22683,16933,45366,tmt_sym
59,128,6,0.002825499,0.002678156,22683,16933,45366,tmt_sym
59,128,7,0.002807379,0.002655268,22683,16933,45366,tmt_sym
59,128,8,0.002789497,0.002643108,22683,16933,45366,tmt_sym
59,128,9,0.002797604,0.002651453,22683,16933,45366,tmt_sym
20,128,4,0.002641201,0.002181053,22697,16936,45394,tmt_sym
117,128,0,0.003042221,0.002742529,22718,16904,45436,tmt_sym
117,128,1,0.003148794,0.002951384,22718,16904,45436,tmt_sym
117,128,2,0.002906322,0.002727032,22718,16904,45436,tmt_sym
117,128,3,0.002934217,0.002752781,22718,16904,45436,tmt_sym
117,128,4,0.002903461,0.002734900,22718,16904,45436,tmt_sym
117,128,5,0.002912045,0.002730846,22718,16904,45436,tmt_sym
30,128,5,0.002689123,0.002544880,22782,17012,45564,tmt_sym
30,128,6,0.002417088,0.002274036,22782,17012,45564,tmt_sym
30,128,7,0.002329350,0.002186775,22782,17012,45564,tmt_sym
30,128,8,0.002478838,0.002335548,22782,17012,45564,tmt_sym
30,128,9,0.002885342,0.002741098,22782,17012,45564,tmt_sym
7,128,5,0.002943754,0.002740622,22690,16950,45380,tmt_sym
7,128,6,0.002758503,0.002575636,22690,16950,45380,tmt_sym
7,128,7,0.002834797,0.002652407,22690,16950,45380,tmt_sym
7,128,8,0.002855778,0.002667427,22690,16950,45380,tmt_sym
7,128,9,0.002807617,0.002626419,22690,16950,45380,tmt_sym
4,128,9,0.002813816,0.002664089,22674,16905,45348,tmt_sym
89,128,0,0.003013134,0.002834320,22549,16804,45098,tmt_sym
89,128,1,0.003107786,0.002950668,22549,16804,45098,tmt_sym
89,128,2,0.003032446,0.002880573,22549,16804,45098,tmt_sym
89,128,3,0.002951860,0.002799988,22549,16804,45098,tmt_sym
89,128,4,0.003104687,0.002954960,22549,16804,45098,tmt_sym
20,128,5,0.003074169,0.002674341,22697,16936,45394,tmt_sym
87,128,4,0.002992392,0.002761841,22671,16899,45342,tmt_sym
87,128,5,0.002799988,0.002515078,22671,16899,45342,tmt_sym
87,128,6,0.002702475,0.002415657,22671,16899,45342,tmt_sym
87,128,7,0.002974272,0.002750158,22671,16899,45342,tmt_sym
87,128,8,0.002959251,0.002726793,22671,16899,45342,tmt_sym
87,128,9,0.002783537,0.002508402,22671,16899,45342,tmt_sym
36,128,0,0.002875805,0.002716303,22730,16971,45460,tmt_sym
36,128,1,0.002792835,0.002649546,22730,16971,45460,tmt_sym
36,128,2,0.002673388,0.002532244,22730,16971,45460,tmt_sym
36,128,3,0.002845526,0.002703667,22730,16971,45460,tmt_sym
67,128,8,0.002663136,0.002476215,22683,16876,45366,tmt_sym
67,128,9,0.002803564,0.002611876,22683,16876,45366,tmt_sym
106,128,0,0.002995253,0.002810240,22660,16886,45320,tmt_sym
106,128,1,0.002940416,0.002773285,22660,16886,45320,tmt_sym
119,128,0,0.002962112,0.002776384,22620,16859,45240,tmt_sym
119,128,1,0.003129721,0.002965450,22620,16859,45240,tmt_sym
119,128,2,0.002920866,0.002761841,22620,16859,45240,tmt_sym
119,128,3,0.002958059,0.002800703,22620,16859,45240,tmt_sym
119,128,4,0.002912283,0.002753973,22620,16859,45240,tmt_sym
80,128,0,0.003418684,0.002605200,22637,16898,45274,tmt_sym
80,128,1,0.003616810,0.002859354,22637,16898,45274,tmt_sym
80,128,2,0.003321648,0.002686977,22637,16898,45274,tmt_sym
80,128,3,0.003153563,0.002612829,22637,16898,45274,tmt_sym
80,128,4,0.003100395,0.002594948,22637,16898,45274,tmt_sym
80,128,5,0.003076077,0.002655029,22637,16898,45274,tmt_sym
80,128,6,0.003117800,0.002680063,22637,16898,45274,tmt_sym
117,128,6,0.002687931,0.002526045,22718,16904,45436,tmt_sym
117,128,7,0.002905369,0.002733231,22718,16904,45436,tmt_sym
117,128,8,0.002845287,0.002673864,22718,16904,45436,tmt_sym
117,128,9,0.002814054,0.002649546,22718,16904,45436,tmt_sym
36,128,4,0.002357721,0.002217293,22730,16971,45460,tmt_sym
36,128,5,0.002746344,0.002605438,22730,16971,45460,tmt_sym
36,128,6,0.002778769,0.002638102,22730,16971,45460,tmt_sym
36,128,7,0.002527475,0.002386332,22730,16971,45460,tmt_sym
36,128,8,0.002677202,0.002537012,22730,16971,45460,tmt_sym
25,128,0,0.002949953,0.002710819,22693,16942,45386,tmt_sym
25,128,1,0.002965450,0.002766609,22693,16942,45386,tmt_sym
25,128,2,0.002892971,0.002696514,22693,16942,45386,tmt_sym
25,128,3,0.002941132,0.002742767,22693,16942,45386,tmt_sym
25,128,4,0.002603054,0.002425909,22693,16942,45386,tmt_sym
25,128,5,0.002543926,0.002367735,22693,16942,45386,tmt_sym
106,128,2,0.002875328,0.002712965,22660,16886,45320,tmt_sym
106,128,3,0.002979279,0.002814293,22660,16886,45320,tmt_sym
106,128,4,0.002896070,0.002734900,22660,16886,45320,tmt_sym
106,128,5,0.003034353,0.002860069,22660,16886,45320,tmt_sym
106,128,6,0.002900600,0.002727985,22660,16886,45320,tmt_sym
106,128,7,0.002974510,0.002815485,22660,16886,45320,tmt_sym
89,128,5,0.002995491,0.002846718,22549,16804,45098,tmt_sym
89,128,6,0.002848864,0.002699614,22549,16804,45098,tmt_sym
89,128,7,0.003111124,0.002963305,22549,16804,45098,tmt_sym
89,128,8,0.003050804,0.002901793,22549,16804,45098,tmt_sym
89,128,9,0.002847910,0.002698421,22549,16804,45098,tmt_sym
80,128,7,0.003024340,0.002616644,22637,16898,45274,tmt_sym
80,128,8,0.002952576,0.002657413,22637,16898,45274,tmt_sym
80,128,9,0.002735853,0.002414703,22637,16898,45274,tmt_sym
111,128,0,0.003005505,0.002721786,22713,16962,45426,tmt_sym
60,128,0,0.003048420,0.002847910,22657,16849,45314,tmt_sym
60,128,1,0.002579212,0.002401829,22657,16849,45314,tmt_sym
60,128,2,0.002900839,0.002710819,22657,16849,45314,tmt_sym
60,128,3,0.002935410,0.002748966,22657,16849,45314,tmt_sym
60,128,4,0.002649307,0.002475262,22657,16849,45314,tmt_sym
60,128,5,0.002996445,0.002806664,22657,16849,45314,tmt_sym
60,128,6,0.002948046,0.002767324,22657,16849,45314,tmt_sym
43,128,0,0.003046036,0.002782822,22705,16936,45410,tmt_sym
43,128,1,0.002772331,0.002588511,22705,16936,45410,tmt_sym
43,128,2,0.002892971,0.002704859,22705,16936,45410,tmt_sym
43,128,3,0.002854824,0.002674341,22705,16936,45410,tmt_sym
43,128,4,0.002420425,0.002242565,22705,16936,45410,tmt_sym
43,128,5,0.002874851,0.002690792,22705,16936,45410,tmt_sym
43,128,6,0.002994299,0.002794981,22705,16936,45410,tmt_sym
43,128,7,0.002495527,0.002315998,22705,16936,45410,tmt_sym
43,128,8,0.002571344,0.002401590,22705,16936,45410,tmt_sym
43,128,9,0.002827406,0.002641678,22705,16936,45410,tmt_sym
106,128,8,0.002946615,0.002786875,22660,16886,45320,tmt_sym
106,128,9,0.002846956,0.002682686,22660,16886,45320,tmt_sym
119,128,5,0.002948761,0.002791882,22620,16859,45240,tmt_sym
119,128,6,0.002719641,0.002564669,22620,16859,45240,tmt_sym
119,128,7,0.002939224,0.002779484,22620,16859,45240,tmt_sym
119,128,8,0.002862215,0.002705812,22620,16859,45240,tmt_sym
119,128,9,0.002823830,0.002669096,22620,16859,45240,tmt_sym
20,128,6,0.002763271,0.002379656,22697,16936,45394,tmt_sym
3,128,0,0.003050089,0.002701521,22606,16796,45212,tmt_sym
3,128,1,0.003184795,0.002874374,22606,16796,45212,tmt_sym
3,128,2,0.003042459,0.002793074,22606,16796,45212,tmt_sym
3,128,3,0.003034830,0.002801895,22606,16796,45212,tmt_sym
3,128,4,0.002906799,0.002680540,22606,16796,45212,tmt_sym
0,128,0,0.002929926,0.002732754,22609,16858,45218,tmt_sym
0,128,1,0.003177881,0.002992630,22609,16858,45218,tmt_sym
0,128,2,0.002948046,0.002767086,22609,16858,45218,tmt_sym
25,128,6,0.002586603,0.002406597,22693,16942,45386,tmt_sym
25,128,7,0.002514362,0.002325535,22693,16942,45386,tmt_sym
25,128,8,0.002684832,0.002502680,22693,16942,45386,tmt_sym
25,128,9,0.002833843,0.002642155,22693,16942,45386,tmt_sym
124,128,0,0.002993107,0.002818108,22706,16890,45412,tmt_sym
124,128,1,0.003107786,0.002950430,22706,16890,45412,tmt_sym
124,128,2,0.002876043,0.002725363,22706,16890,45412,tmt_sym
124,128,3,0.002913952,0.002761126,22706,16890,45412,tmt_sym
124,128,4,0.002805471,0.002658367,22706,16890,45412,tmt_sym
124,128,5,0.002983093,0.002824783,22706,16890,45412,tmt_sym
124,128,6,0.002863646,0.002717972,22706,16890,45412,tmt_sym
124,128,7,0.002930880,0.002784967,22706,16890,45412,tmt_sym
41,128,0,0.002909184,0.002752781,22714,16973,45428,tmt_sym
41,128,1,0.002752066,0.002602577,22714,16973,45428,tmt_sym
41,128,2,0.002830029,0.002675295,22714,16973,45428,tmt_sym
41,128,3,0.002852201,0.002705097,22714,16973,45428,tmt_sym
2,128,0,0.002992392,0.002657413,22698,16936,45396,tmt_sym
2,128,1,0.003385544,0.003060102,22698,16936,45396,tmt_sym
2,128,2,0.002993107,0.002711535,22698,16936,45396,tmt_sym
111,128,1,0.002818346,0.002661943,22713,16962,45426,tmt_sym
111,128,2,0.002873421,0.002722979,22713,16962,45426,tmt_sym
111,128,3,0.002830505,0.002681494,22713,16962,45426,tmt_sym
111,128,4,0.002914190,0.002765656,22713,16962,45426,tmt_sym
111,128,5,0.002899885,0.002741814,22713,16962,45426,tmt_sym
111,128,6,0.002703428,0.002555132,22713,16962,45426,tmt_sym
111,128,7,0.002894402,0.002746105,22713,16962,45426,tmt_sym
36,128,9,0.002911329,0.002771139,22730,16971,45460,tmt_sym
127,128,0,0.003055096,0.002798319,22634,16888,45268,tmt_sym
127,128,1,0.003169775,0.002957106,22634,16888,45268,tmt_sym
127,128,2,0.002890110,0.002697945,22634,16888,45268,tmt_sym
127,128,3,0.002953768,0.002758265,22634,16888,45268,tmt_sym
28,128,0,0.002874613,0.002688169,22685,16956,45370,tmt_sym
28,128,1,0.002889395,0.002720594,22685,16956,45370,tmt_sym
28,128,2,0.002773762,0.002613783,22685,16956,45370,tmt_sym
28,128,3,0.002792358,0.002626896,22685,16956,45370,tmt_sym
28,128,4,0.002563953,0.002406836,22685,16956,45370,tmt_sym
28,128,5,0.002393484,0.002239227,22685,16956,45370,tmt_sym
28,128,6,0.002332926,0.002176523,22685,16956,45370,tmt_sym
29,128,0,0.002943754,0.002785921,22647,16882,45294,tmt_sym
29,128,1,0.002870560,0.002722979,22647,16882,45294,tmt_sym
29,128,2,0.002749920,0.002602577,22647,16882,45294,tmt_sym
2,128,3,0.002903938,0.002643108,22698,16936,45396,tmt_sym
2,128,4,0.002876997,0.002625227,22698,16936,45396,tmt_sym
2,128,5,0.003002882,0.002763987,22698,16936,45396,tmt_sym
2,128,6,0.002759457,0.002530813,22698,16936,45396,tmt_sym
2,128,7,0.002935410,0.002709866,22698,16936,45396,tmt_sym
2,128,8,0.002848148,0.002654552,22698,16936,45396,tmt_sym
2,128,9,0.002832651,0.002600670,22698,16936,45396,tmt_sym
3,128,5,0.002980232,0.002737284,22606,16796,45212,tmt_sym
3,128,6,0.002902269,0.002676487,22606,16796,45212,tmt_sym
3,128,7,0.002879620,0.002652645,22606,16796,45212,tmt_sym
3,128,8,0.002882957,0.002640486,22606,16796,45212,tmt_sym
3,128,9,0.002850294,0.002592802,22606,16796,45212,tmt_sym
60,128,7,0.002781868,0.002609015,22657,16849,45314,tmt_sym
60,128,8,0.002963066,0.002776146,22657,16849,45314,tmt_sym
60,128,9,0.002919912,0.002736807,22657,16849,45314,tmt_sym
1,128,0,0.003058672,0.002799749,22766,17012,45532,tmt_sym
1,128,1,0.003149986,0.002934933,22766,17012,45532,tmt_sym
1,128,2,0.002823830,0.002636433,22766,17012,45532,tmt_sym
1,128,3,0.002852201,0.002668619,22766,17012,45532,tmt_sym
124,128,8,0.002896547,0.002750397,22706,16890,45412,tmt_sym
124,128,9,0.002874851,0.002720833,22706,16890,45412,tmt_sym
41,128,4,0.002507925,0.002361536,22714,16973,45428,tmt_sym
41,128,5,0.002822161,0.002675772,22714,16973,45428,tmt_sym
41,128,6,0.002857685,0.002710342,22714,16973,45428,tmt_sym
41,128,7,0.002561331,0.002414942,22714,16973,45428,tmt_sym
41,128,8,0.002584457,0.002438307,22714,16973,45428,tmt_sym
41,128,9,0.002869129,0.002722502,22714,16973,45428,tmt_sym
122,128,0,0.003462791,0.002743006,22749,16984,45498,tmt_sym
122,128,1,0.003540754,0.003150702,22749,16984,45498,tmt_sym
122,128,2,0.002957582,0.002708673,22749,16984,45498,tmt_sym
122,128,3,0.003045082,0.002832174,22749,16984,45498,tmt_sym
122,128,4,0.002892494,0.002702475,22749,16984,45498,tmt_sym
111,128,8,0.002832174,0.002683640,22713,16962,45426,tmt_sym
111,128,9,0.002846241,0.002690554,22713,16962,45426,tmt_sym
120,128,0,0.003036499,0.002894163,22690,16940,45380,tmt_sym
120,128,1,0.003179550,0.003041029,22690,16940,45380,tmt_sym
120,128,2,0.002938271,0.002798319,22690,16940,45380,tmt_sym
120,128,3,0.002962351,0.002823114,22690,16940,45380,tmt_sym
120,128,4,0.002895355,0.002756357,22690,16940,45380,tmt_sym
120,128,5,0.002966642,0.002826929,22690,16940,45380,tmt_sym
120,128,6,0.002908230,0.002769709,22690,16940,45380,tmt_sym
91,128,0,0.003108263,0.002845287,22642,16883,45284,tmt_sym
91,128,1,0.003016949,0.002815008,22642,16883,45284,tmt_sym
91,128,2,0.002987146,0.002793550,22642,16883,45284,tmt_sym
91,128,3,0.003022194,0.002830505,22642,16883,45284,tmt_sym
91,128,4,0.003040075,0.002856970,22642,16883,45284,tmt_sym
91,128,5,0.002995968,0.002802849,22642,16883,45284,tmt_sym
91,128,6,0.002818346,0.002640486,22642,16883,45284,tmt_sym
91,128,7,0.003060341,0.002876759,22642,16883,45284,tmt_sym
28,128,7,0.002507210,0.002344131,22685,16956,45370,tmt_sym
28,128,8,0.002446890,0.002288103,22685,16956,45370,tmt_sym
28,128,9,0.002856016,0.002684593,22685,16956,45370,tmt_sym
65,128,0,0.002990961,0.002835512,22716,16961,45432,tmt_sym
65,128,1,0.002542734,0.002391338,22716,16961,45432,tmt_sym
65,128,2,0.002830505,0.002676249,22716,16961,45432,tmt_sym
65,128,3,0.002962112,0.002816677,22716,16961,45432,tmt_sym
65,128,4,0.002723694,0.002580166,22716,16961,45432,tmt_sym
65,128,5,0.002782583,0.002638817,22716,16961,45432,tmt_sym
65,128,6,0.002854824,0.002709866,22716,16961,45432,tmt_sym
65,128,7,0.002793789,0.002640009,22716,16961,45432,tmt_sym
65,128,8,0.002817154,0.002673388,22716,16961,45432,tmt_sym
122,128,5,0.002996206,0.002785444,22749,16984,45498,tmt_sym
122,128,6,0.002737999,0.002552271,22749,16984,45498,tmt_sym
122,128,7,0.002920866,0.002723455,22749,16984,45498,tmt_sym
122,128,8,0.002849817,0.002663136,22749,16984,45498,tmt_sym
122,128,9,0.002832413,0.002625465,22749,16984,45498,tmt_sym
45,128,0,0.003092527,0.002771854,22683,16911,45366,tmt_sym
45,128,1,0.002749205,0.002512455,22683,16911,45366,tmt_sym
0,128,3,0.002902031,0.002724648,22609,16858,45218,tmt_sym
0,128,4,0.002928257,0.002742529,22609,16858,45218,tmt_sym
0,128,5,0.002984762,0.002808094,22609,16858,45218,tmt_sym
0,128,6,0.002836466,0.002658606,22609,16858,45218,tmt_sym
0,128,7,0.002963543,0.002782106,22609,16858,45218,tmt_sym
0,128,8,0.002947092,0.002772331,22609,16858,45218,tmt_sym
0,128,9,0.002946854,0.002765417,22609,16858,45218,tmt_sym
115,128,0,0.003035307,0.002799749,22736,16975,45472,tmt_sym
115,128,1,0.003240108,0.003046989,22736,16975,45472,tmt_sym
115,128,2,0.002913713,0.002733231,22736,16975,45472,tmt_sym
115,128,3,0.002914906,0.002735138,22736,16975,45472,tmt_sym
115,128,4,0.002973318,0.002795219,22736,16975,45472,tmt_sym
115,128,5,0.002982378,0.002795219,22736,16975,45472,tmt_sym
115,128,6,0.002802610,0.002633095,22736,16975,45472,tmt_sym
115,128,7,0.002979994,0.002805471,22736,16975,45472,tmt_sym
115,128,8,0.002938986,0.002765894,22736,16975,45472,tmt_sym
115,128,9,0.002921581,0.002742529,22736,16975,45472,tmt_sym
34,128,0,0.002933741,0.002783298,22832,17080,45664,tmt_sym
34,128,1,0.002815962,0.002672672,22832,17080,45664,tmt_sym
34,128,2,0.002867222,0.002723932,22832,17080,45664,tmt_sym
34,128,3,0.002915382,0.002764463,22832,17080,45664,tmt_sym
34,128,4,0.002331734,0.002179384,22832,17080,45664,tmt_sym
34,128,5,0.002358913,0.002216816,22832,17080,45664,tmt_sym
77,128,0,0.002929688,0.002745390,22697,16925,45394,tmt_sym
77,128,1,0.002622604,0.002460003,22697,16925,45394,tmt_sym
77,128,2,0.002914906,0.002746582,22697,16925,45394,tmt_sym
77,128,3,0.002969980,0.002814054,22697,16925,45394,tmt_sym
77,128,4,0.002937555,0.002784252,22697,16925,45394,tmt_sym
77,128,5,0.002810717,0.002660513,22697,16925,45394,tmt_sym
77,128,6,0.002808571,0.002655268,22697,16925,45394,tmt_sym
68,128,0,0.003002167,0.002654552,22727,16960,45454,tmt_sym
68,128,1,0.002619505,0.002309799,22727,16960,45454,tmt_sym
68,128,2,0.002900600,0.002625465,22727,16960,45454,tmt_sym
51,128,0,0.002954006,0.002697945,22636,16883,45272,tmt_sym
51,128,1,0.002453089,0.002240181,22636,16883,45272,tmt_sym
51,128,2,0.002893925,0.002707481,22636,16883,45272,tmt_sym
51,128,3,0.002814293,0.002643108,22636,16883,45272,tmt_sym
51,128,4,0.002616644,0.002452850,22636,16883,45272,tmt_sym
51,128,5,0.002786160,0.002619743,22636,16883,45272,tmt_sym
42,128,0,0.003015041,0.002855301,22727,16943,45454,tmt_sym
42,128,1,0.002748251,0.002601147,22727,16943,45454,tmt_sym
42,128,2,0.002934933,0.002787590,22727,16943,45454,tmt_sym
42,128,3,0.002931833,0.002785683,22727,16943,45454,tmt_sym
127,128,4,0.002868414,0.002684832,22634,16888,45268,tmt_sym
127,128,5,0.002981186,0.002781391,22634,16888,45268,tmt_sym
127,128,6,0.002767563,0.002585888,22634,16888,45268,tmt_sym
127,128,7,0.002955914,0.002769470,22634,16888,45268,tmt_sym
127,128,8,0.002877235,0.002691269,22634,16888,45268,tmt_sym
127,128,9,0.002907991,0.002715111,22634,16888,45268,tmt_sym
34,128,6,0.002382278,0.002240419,22832,17080,45664,tmt_sym
34,128,7,0.002350569,0.002209187,22832,17080,45664,tmt_sym
34,128,8,0.002393484,0.002251148,22832,17080,45664,tmt_sym
34,128,9,0.002898216,0.002747297,22832,17080,45664,tmt_sym
125,128,0,0.002887249,0.002699852,22746,16994,45492,tmt_sym
125,128,1,0.003115416,0.002943754,22746,16994,45492,tmt_sym
125,128,2,0.002745152,0.002588272,22746,16994,45492,tmt_sym
125,128,3,0.002846241,0.002691507,22746,16994,45492,tmt_sym
125,128,4,0.002748251,0.002594471,22746,16994,45492,tmt_sym
125,128,5,0.002934694,0.002773285,22746,16994,45492,tmt_sym
125,128,6,0.002697706,0.002541542,22746,16994,45492,tmt_sym
125,128,7,0.002835751,0.002674341,22746,16994,45492,tmt_sym
125,128,8,0.002791405,0.002636671,22746,16994,45492,tmt_sym
125,128,9,0.002892733,0.002733707,22746,16994,45492,tmt_sym
68,128,3,0.002689600,0.002434969,22727,16960,45454,tmt_sym
68,128,4,0.002852201,0.002592564,22727,16960,45454,tmt_sym
68,128,5,0.002894640,0.002649069,22727,16960,45454,tmt_sym
68,128,6,0.002951622,0.002699852,22727,16960,45454,tmt_sym
68,128,7,0.002820730,0.002593279,22727,16960,45454,tmt_sym
68,128,8,0.002789497,0.002594233,22727,16960,45454,tmt_sym
68,128,9,0.002872467,0.002637148,22727,16960,45454,tmt_sym
93,128,0,0.002989531,0.002755404,22607,16845,45214,tmt_sym
93,128,1,0.002934933,0.002737284,22607,16845,45214,tmt_sym
93,128,2,0.002919674,0.002733231,22607,16845,45214,tmt_sym
93,128,3,0.002942085,0.002757311,22607,16845,45214,tmt_sym
93,128,4,0.002995491,0.002820015,22607,16845,45214,tmt_sym
93,128,5,0.002903700,0.002720118,22607,16845,45214,tmt_sym
93,128,6,0.002768278,0.002596617,22607,16845,45214,tmt_sym
93,128,7,0.002978802,0.002799273,22607,16845,45214,tmt_sym
93,128,8,0.002915859,0.002736330,22607,16845,45214,tmt_sym
54,128,0,0.003043652,0.002830505,22724,16968,45448,tmt_sym
54,128,1,0.002701283,0.002464533,22724,16968,45448,tmt_sym
54,128,2,0.002969265,0.002779245,22724,16968,45448,tmt_sym
54,128,3,0.002927542,0.002733707,22724,16968,45448,tmt_sym
54,128,4,0.002881050,0.002676249,22724,16968,45448,tmt_sym
54,128,5,0.002970219,0.002775669,22724,16968,45448,tmt_sym
54,128,6,0.002965450,0.002783537,22724,16968,45448,tmt_sym
54,128,7,0.002951622,0.002765656,22724,16968,45448,tmt_sym
54,128,8,0.002894402,0.002625942,22724,16968,45448,tmt_sym
54,128,9,0.002949953,0.002742767,22724,16968,45448,tmt_sym
1,128,4,0.002786398,0.002602100,22766,17012,45532,tmt_sym
1,128,5,0.002969265,0.002769709,22766,17012,45532,tmt_sym
1,128,6,0.002763987,0.002581358,22766,17012,45532,tmt_sym
1,128,7,0.002954245,0.002765894,22766,17012,45532,tmt_sym
1,128,8,0.002884150,0.002694607,22766,17012,45532,tmt_sym
1,128,9,0.002937078,0.002734661,22766,17012,45532,tmt_sym
118,128,0,0.002942801,0.002787590,22731,16967,45462,tmt_sym
118,128,1,0.003148079,0.002999544,22731,16967,45462,tmt_sym
118,128,2,0.002877712,0.002729893,22731,16967,45462,tmt_sym
118,128,3,0.002931356,0.002783775,22731,16967,45462,tmt_sym
118,128,4,0.002846956,0.002700090,22731,16967,45462,tmt_sym
29,128,3,0.002794266,0.002647400,22647,16882,45294,tmt_sym
29,128,4,0.002598524,0.002442598,22647,16882,45294,tmt_sym
29,128,5,0.002528667,0.002382994,22647,16882,45294,tmt_sym
29,128,6,0.002444506,0.002297640,22647,16882,45294,tmt_sym
29,128,7,0.002611876,0.002465010,22647,16882,45294,tmt_sym
29,128,8,0.002685785,0.002539873,22647,16882,45294,tmt_sym
29,128,9,0.002892971,0.002743483,22647,16882,45294,tmt_sym
104,128,0,0.002911329,0.002746344,22598,16861,45196,tmt_sym
104,128,1,0.002836704,0.002676487,22598,16861,45196,tmt_sym
104,128,2,0.002865791,0.002705574,22598,16861,45196,tmt_sym
104,128,3,0.002894402,0.002720594,22598,16861,45196,tmt_sym
104,128,4,0.002967834,0.002802134,22598,16861,45196,tmt_sym
104,128,5,0.003000736,0.002819777,22598,16861,45196,tmt_sym
104,128,6,0.002787113,0.002621174,22598,16861,45196,tmt_sym
104,128,7,0.002980471,0.002807140,22598,16861,45196,tmt_sym
104,128,8,0.002920389,0.002753258,22598,16861,45196,tmt_sym
45,128,2,0.002948761,0.002700567,22683,16911,45366,tmt_sym
45,128,3,0.002853870,0.002621651,22683,16911,45366,tmt_sym
45,128,4,0.002733946,0.002516031,22683,16911,45366,tmt_sym
45,128,5,0.002867937,0.002626419,22683,16911,45366,tmt_sym
45,128,6,0.002886772,0.002654552,22683,16911,45366,tmt_sym
45,128,7,0.002685785,0.002475023,22683,16911,45366,tmt_sym
45,128,8,0.002772331,0.002548218,22683,16911,45366,tmt_sym
45,128,9,0.002890110,0.002654791,22683,16911,45366,tmt_sym
120,128,7,0.002958059,0.002819061,22690,16940,45380,tmt_sym
120,128,8,0.002933025,0.002793789,22690,16940,45380,tmt_sym
120,128,9,0.002956867,0.002818108,22690,16940,45380,tmt_sym
85,128,0,0.002421379,0.002188206,22756,16964,45512,tmt_sym
85,128,1,0.003162146,0.002945423,22756,16964,45512,tmt_sym
85,128,2,0.002315044,0.002134085,22756,16964,45512,tmt_sym
85,128,3,0.002646923,0.002464533,22756,16964,45512,tmt_sym
85,128,4,0.002848387,0.002654314,22756,16964,45512,tmt_sym
85,128,5,0.002526760,0.002349377,22756,16964,45512,tmt_sym
85,128,6,0.002877474,0.002679586,22756,16964,45512,tmt_sym
85,128,7,0.002833605,0.002645254,22756,16964,45512,tmt_sym
52,128,0,0.003021955,0.002826929,22734,16961,45468,tmt_sym
52,128,1,0.002559423,0.002395391,22734,16961,45468,tmt_sym
65,128,9,0.002892256,0.002748013,22716,16961,45432,tmt_sym
74,128,0,0.003668308,0.002788782,22712,16932,45424,tmt_sym
74,128,1,0.003166199,0.002361298,22712,16932,45424,tmt_sym
74,128,2,0.003306389,0.002698898,22712,16932,45424,tmt_sym
74,128,3,0.003280163,0.002676010,22712,16932,45424,tmt_sym
51,128,6,0.002813101,0.002643108,22636,16883,45272,tmt_sym
51,128,7,0.002795935,0.002630472,22636,16883,45272,tmt_sym
51,128,8,0.002782345,0.002615213,22636,16883,45272,tmt_sym
51,128,9,0.002882481,0.002705097,22636,16883,45272,tmt_sym
42,128,4,0.002823591,0.002677917,22727,16943,45454,tmt_sym
42,128,5,0.002926111,0.002781153,22727,16943,45454,tmt_sym
42,128,6,0.002921581,0.002775908,22727,16943,45454,tmt_sym
42,128,7,0.002859354,0.002715588,22727,16943,45454,tmt_sym
42,128,8,0.002918005,0.002773046,22727,16943,45454,tmt_sym
42,128,9,0.002956390,0.002810955,22727,16943,45454,tmt_sym
91,128,8,0.003035069,0.002850533,22642,16883,45284,tmt_sym
91,128,9,0.002923965,0.002729654,22642,16883,45284,tmt_sym
64,128,0,0.002976179,0.002823591,22644,16898,45288,tmt_sym
64,128,1,0.002553940,0.002410173,22644,16898,45288,tmt_sym
64,128,2,0.002870321,0.002724648,22644,16898,45288,tmt_sym
64,128,3,0.002894402,0.002742529,22644,16898,45288,tmt_sym
64,128,4,0.002818108,0.002674580,22644,16898,45288,tmt_sym
64,128,5,0.002944231,0.002791166,22644,16898,45288,tmt_sym
64,128,6,0.002874613,0.002730608,22644,16898,45288,tmt_sym
77,128,7,0.002921820,0.002768040,22697,16925,45394,tmt_sym
77,128,8,0.002902031,0.002749681,22697,16925,45394,tmt_sym
77,128,9,0.002896547,0.002745390,22697,16925,45394,tmt_sym
104,128,9,0.002894640,0.002713919,22598,16861,45196,tmt_sym
75,128,0,0.002825975,0.002586365,22743,16978,45486,tmt_sym
75,128,1,0.002422571,0.002202988,22743,16978,45486,tmt_sym
75,128,2,0.002662659,0.002469778,22743,16978,45486,tmt_sym
75,128,3,0.002783775,0.002604723,22743,16978,45486,tmt_sym
75,128,4,0.002765417,0.002589226,22743,16978,45486,tmt_sym
75,128,5,0.002739906,0.002569199,22743,16978,45486,tmt_sym
75,128,6,0.002794504,0.002614975,22743,16978,45486,tmt_sym
75,128,7,0.002787828,0.002614021,22743,16978,45486,tmt_sym
75,128,8,0.002848387,0.002667904,22743,16978,45486,tmt_sym
75,128,9,0.002886772,0.002701759,22743,16978,45486,tmt_sym
48,128,0,0.003352404,0.002736568,22740,16973,45480,tmt_sym
48,128,1,0.002787352,0.002577782,22740,16973,45480,tmt_sym
48,128,2,0.002727747,0.002562523,22740,16973,45480,tmt_sym
48,128,3,0.002857208,0.002703667,22740,16973,45480,tmt_sym
48,128,4,0.002393007,0.002242804,22740,16973,45480,tmt_sym
48,128,5,0.002833605,0.002683878,22740,16973,45480,tmt_sym
48,128,6,0.002782583,0.002633810,22740,16973,45480,tmt_sym
48,128,7,0.002523661,0.002376795,22740,16973,45480,tmt_sym
48,128,8,0.002543688,0.002397060,22740,16973,45480,tmt_sym
48,128,9,0.002959728,0.002809286,22740,16973,45480,tmt_sym
55,128,0,0.003141880,0.002886057,22682,16918,45364,tmt_sym
55,128,1,0.002665758,0.002485991,22682,16918,45364,tmt_sym
55,128,2,0.002982616,0.002790689,22682,16918,45364,tmt_sym
55,128,3,0.003037214,0.002843142,22682,16918,45364,tmt_sym
76,128,0,0.002987862,0.002829075,22701,16949,45402,tmt_sym
76,128,1,0.002557516,0.002411604,22701,16949,45402,tmt_sym
76,128,2,0.002870560,0.002721786,22701,16949,45402,tmt_sym
76,128,3,0.002881527,0.002725363,22701,16949,45402,tmt_sym
76,128,4,0.002797127,0.002652645,22701,16949,45402,tmt_sym
76,128,5,0.002917290,0.002763748,22701,16949,45402,tmt_sym
76,128,6,0.002869129,0.002724648,22701,16949,45402,tmt_sym
76,128,7,0.002936602,0.002792120,22701,16949,45402,tmt_sym
95,128,0,0.002991438,0.002834082,22661,16908,45322,tmt_sym
95,128,1,0.002995729,0.002846956,22661,16908,45322,tmt_sym
95,128,2,0.002919912,0.002773046,22661,16908,45322,tmt_sym
95,128,3,0.002931118,0.002784491,22661,16908,45322,tmt_sym
95,128,4,0.002987623,0.002842426,22661,16908,45322,tmt_sym
95,128,5,0.002914190,0.002769947,22661,16908,45322,tmt_sym
95,128,6,0.002815247,0.002670288,22661,16908,45322,tmt_sym
95,128,7,0.003000498,0.002855062,22661,16908,45322,tmt_sym
95,128,8,0.002979755,0.002834082,22661,16908,45322,tmt_sym
95,128,9,0.002916098,0.002769947,22661,16908,45322,tmt_sym
74,128,4,0.003037691,0.002471924,22712,16932,45424,tmt_sym
74,128,5,0.003221512,0.002745867,22712,16932,45424,tmt_sym
74,128,6,0.003231049,0.002698660,22712,16932,45424,tmt_sym
74,128,7,0.003238916,0.002764702,22712,16932,45424,tmt_sym
74,128,8,0.003107786,0.002762318,22712,16932,45424,tmt_sym
74,128,9,0.002897024,0.002481699,22712,16932,45424,tmt_sym
93,128,9,0.002871037,0.002688885,22607,16845,45214,tmt_sym
90,128,0,0.002974987,0.002806187,22732,16958,45464,tmt_sym
90,128,1,0.003005028,0.002843618,22732,16958,45464,tmt_sym
90,128,2,0.002950907,0.002799988,22732,16958,45464,tmt_sym
90,128,3,0.002920866,0.002771616,22732,16958,45464,tmt_sym
90,128,4,0.003003359,0.002845049,22732,16958,45464,tmt_sym
90,128,5,0.002981424,0.002833128,22732,16958,45464,tmt_sym
90,128,6,0.002842903,0.002694607,22732,16958,45464,tmt_sym
90,128,7,0.003045321,0.002896547,22732,16958,45464,tmt_sym
90,128,8,0.002990961,0.002841234,22732,16958,45464,tmt_sym
90,128,9,0.002955437,0.002808094,22732,16958,45464,tmt_sym
85,128,8,0.002865314,0.002677441,22756,16964,45512,tmt_sym
85,128,9,0.002944708,0.002740145,22756,16964,45512,tmt_sym
94,128,0,0.003055334,0.002843142,22676,16913,45352,tmt_sym
94,128,1,0.002965927,0.002789736,22676,16913,45352,tmt_sym
94,128,2,0.002904892,0.002735138,22676,16913,45352,tmt_sym
94,128,3,0.002902746,0.002728224,22676,16913,45352,tmt_sym
94,128,4,0.002934933,0.002771139,22676,16913,45352,tmt_sym
94,128,5,0.002936125,0.002764225,22676,16913,45352,tmt_sym
94,128,6,0.002853632,0.002690315,22676,16913,45352,tmt_sym
113,128,0,0.003025293,0.002863884,22650,16914,45300,tmt_sym
113,128,1,0.003000498,0.002852678,22650,16914,45300,tmt_sym
113,128,2,0.002918243,0.002771378,22650,16914,45300,tmt_sym
113,128,3,0.002951860,0.002805233,22650,16914,45300,tmt_sym
113,128,4,0.002938032,0.002791405,22650,16914,45300,tmt_sym
113,128,5,0.002966881,0.002819538,22650,16914,45300,tmt_sym
113,128,6,0.002835989,0.002689362,22650,16914,45300,tmt_sym
113,128,7,0.002954960,0.002809048,22650,16914,45300,tmt_sym
113,128,8,0.002886057,0.002739191,22650,16914,45300,tmt_sym
113,128,9,0.002913952,0.002767086,22650,16914,45300,tmt_sym
98,128,0,0.003006697,0.002828836,22770,17025,45540,tmt_sym
98,128,1,0.002874136,0.002709389,22770,17025,45540,tmt_sym
98,128,2,0.002941608,0.002776384,22770,17025,45540,tmt_sym
99,128,0,0.003065586,0.002826929,22627,16834,45254,tmt_sym
99,128,1,0.003021479,0.002820253,22627,16834,45254,tmt_sym
99,128,2,0.002951145,0.002762794,22627,16834,45254,tmt_sym
99,128,3,0.002995729,0.002806902,22627,16834,45254,tmt_sym
99,128,4,0.002980232,0.002806187,22627,16834,45254,tmt_sym
99,128,5,0.002906561,0.002723694,22627,16834,45254,tmt_sym
99,128,6,0.002814531,0.002643347,22627,16834,45254,tmt_sym
99,128,7,0.002960205,0.002785206,22627,16834,45254,tmt_sym
99,128,8,0.002894402,0.002717495,22627,16834,45254,tmt_sym
99,128,9,0.002906084,0.002720356,22627,16834,45254,tmt_sym
114,128,0,0.003002882,0.002824545,22643,16887,45286,tmt_sym
114,128,1,0.003201723,0.003045082,22643,16887,45286,tmt_sym
114,128,2,0.002914667,0.002763033,22643,16887,45286,tmt_sym
114,128,3,0.002913713,0.002763510,22643,16887,45286,tmt_sym
114,128,4,0.002936125,0.002777815,22643,16887,45286,tmt_sym
114,128,5,0.002974510,0.002823830,22643,16887,45286,tmt_sym
114,128,6,0.002889633,0.002741098,22643,16887,45286,tmt_sym
114,128,7,0.002967358,0.002818108,22643,16887,45286,tmt_sym
114,128,8,0.002939701,0.002789736,22643,16887,45286,tmt_sym
114,128,9,0.002973080,0.002822876,22643,16887,45286,tmt_sym
121,128,0,0.003109694,0.002858877,22685,16946,45370,tmt_sym
121,128,1,0.003209591,0.003002405,22685,16946,45370,tmt_sym
121,128,2,0.002947807,0.002753258,22685,16946,45370,tmt_sym
121,128,3,0.002993107,0.002794266,22685,16946,45370,tmt_sym
121,128,4,0.002942324,0.002757072,22685,16946,45370,tmt_sym
121,128,5,0.002985001,0.002790928,22685,16946,45370,tmt_sym
121,128,6,0.002925634,0.002729177,22685,16946,45370,tmt_sym
121,128,7,0.002956629,0.002774715,22685,16946,45370,tmt_sym
121,128,8,0.002936840,0.002751827,22685,16946,45370,tmt_sym
118,128,5,0.003093958,0.002947569,22731,16967,45462,tmt_sym
118,128,6,0.002837896,0.002691746,22731,16967,45462,tmt_sym
118,128,7,0.002918959,0.002772570,22731,16967,45462,tmt_sym
118,128,8,0.002889872,0.002743006,22731,16967,45462,tmt_sym
118,128,9,0.002937317,0.002781391,22731,16967,45462,tmt_sym
47,128,0,0.003015041,0.002851963,22674,16915,45348,tmt_sym
47,128,1,0.002689838,0.002542257,22674,16915,45348,tmt_sym
47,128,2,0.002881527,0.002725840,22674,16915,45348,tmt_sym
47,128,3,0.002960682,0.002813816,22674,16915,45348,tmt_sym
47,128,4,0.002618074,0.002465963,22674,16915,45348,tmt_sym
47,128,5,0.002884388,0.002737999,22674,16915,45348,tmt_sym
47,128,6,0.002845287,0.002698421,22674,16915,45348,tmt_sym
47,128,7,0.002622604,0.002477884,22674,16915,45348,tmt_sym
47,128,8,0.002804279,0.002658606,22674,16915,45348,tmt_sym
47,128,9,0.002911329,0.002761602,22674,16915,45348,tmt_sym
98,128,3,0.003015518,0.002849102,22770,17025,45540,tmt_sym
98,128,4,0.003106594,0.002937078,22770,17025,45540,tmt_sym
98,128,5,0.003102779,0.002933264,22770,17025,45540,tmt_sym
98,128,6,0.003041506,0.002873659,22770,17025,45540,tmt_sym
98,128,7,0.003001928,0.002826691,22770,17025,45540,tmt_sym
123,128,0,0.003045559,0.002814054,22585,16836,45170,tmt_sym
123,128,1,0.003155947,0.002958059,22585,16836,45170,tmt_sym
123,128,2,0.002956390,0.002774715,22585,16836,45170,tmt_sym
123,128,3,0.002981186,0.002797842,22585,16836,45170,tmt_sym
123,128,4,0.002857208,0.002687454,22585,16836,45170,tmt_sym
123,128,5,0.002898932,0.002718925,22585,16836,45170,tmt_sym
123,128,6,0.002829075,0.002655983,22585,16836,45170,tmt_sym
123,128,7,0.002878904,0.002709627,22585,16836,45170,tmt_sym
123,128,8,0.002810717,0.002645016,22585,16836,45170,tmt_sym
123,128,9,0.002911091,0.002728701,22585,16836,45170,tmt_sym
108,128,0,0.003065825,0.002900839,22764,16999,45528,tmt_sym
108,128,1,0.002872705,0.002724171,22764,16999,45528,tmt_sym
108,128,2,0.002911806,0.002763271,22764,16999,45528,tmt_sym
108,128,3,0.002949476,0.002800703,22764,16999,45528,tmt_sym
108,128,4,0.002955675,0.002799511,22764,16999,45528,tmt_sym
108,128,5,0.002988815,0.002840757,22764,16999,45528,tmt_sym
108,128,6,0.002944469,0.002794981,22764,16999,45528,tmt_sym
108,128,7,0.003015280,0.002868414,22764,16999,45528,tmt_sym
108,128,8,0.002961159,0.002813816,22764,16999,45528,tmt_sym
108,128,9,0.002976179,0.002827406,22764,16999,45528,tmt_sym
37,128,0,0.003194332,0.002923727,22652,16892,45304,tmt_sym
37,128,1,0.002824545,0.002632141,22652,16892,45304,tmt_sym
37,128,2,0.003046036,0.002844572,22652,16892,45304,tmt_sym
37,128,3,0.003077507,0.002885103,22652,16892,45304,tmt_sym
40,128,0,0.003032684,0.002830744,22701,16966,45402,tmt_sym
40,128,1,0.002779722,0.002617598,22701,16966,45402,tmt_sym
40,128,2,0.002900600,0.002738476,22701,16966,45402,tmt_sym
40,128,3,0.002933264,0.002774715,22701,16966,45402,tmt_sym
40,128,4,0.002635002,0.002482414,22701,16966,45402,tmt_sym
53,128,0,0.003010511,0.002825737,22657,16849,45314,tmt_sym
53,128,1,0.002614737,0.002456188,22657,16849,45314,tmt_sym
53,128,2,0.002901554,0.002738476,22657,16849,45314,tmt_sym
53,128,3,0.002841949,0.002692461,22657,16849,45314,tmt_sym
53,128,4,0.002854347,0.002706051,22657,16849,45314,tmt_sym
53,128,5,0.002899647,0.002749443,22657,16849,45314,tmt_sym
53,128,6,0.002863884,0.002710581,22657,16849,45314,tmt_sym
53,128,7,0.002923727,0.002773523,22657,16849,45314,tmt_sym
53,128,8,0.002882242,0.002731562,22657,16849,45314,tmt_sym
53,128,9,0.002924919,0.002775431,22657,16849,45314,tmt_sym
44,128,0,0.003004313,0.002839327,22638,16888,45276,tmt_sym
33,128,0,0.002880335,0.002583981,22625,16851,45250,tmt_sym
33,128,1,0.002911091,0.002654314,22625,16851,45250,tmt_sym
33,128,2,0.002874613,0.002630711,22625,16851,45250,tmt_sym
33,128,3,0.002849340,0.002622604,22625,16851,45250,tmt_sym
33,128,4,0.002591133,0.002383471,22625,16851,45250,tmt_sym
33,128,5,0.002520800,0.002293825,22625,16851,45250,tmt_sym
33,128,6,0.002415895,0.002198935,22625,16851,45250,tmt_sym
33,128,7,0.002559423,0.002337694,22625,16851,45250,tmt_sym
33,128,8,0.002459288,0.002229214,22625,16851,45250,tmt_sym
33,128,9,0.002911568,0.002658367,22625,16851,45250,tmt_sym
126,128,0,0.003025055,0.002840042,22700,16942,45400,tmt_sym
126,128,1,0.003130674,0.002972126,22700,16942,45400,tmt_sym
126,128,2,0.002938986,0.002783060,22700,16942,45400,tmt_sym
126,128,3,0.002938271,0.002783775,22700,16942,45400,tmt_sym
126,128,4,0.002898455,0.002746105,22700,16942,45400,tmt_sym
126,128,5,0.002963781,0.002811670,22700,16942,45400,tmt_sym
126,128,6,0.002915859,0.002761841,22700,16942,45400,tmt_sym
126,128,7,0.002950191,0.002798796,22700,16942,45400,tmt_sym
126,128,8,0.002952337,0.002799511,22700,16942,45400,tmt_sym
126,128,9,0.002975464,0.002823114,22700,16942,45400,tmt_sym
49,128,0,0.003143311,0.002879858,22674,16936,45348,tmt_sym
49,128,1,0.002578735,0.002396822,22674,16936,45348,tmt_sym
49,128,2,0.002989531,0.002789974,22674,16936,45348,tmt_sym
49,128,3,0.003046274,0.002840996,22674,16936,45348,tmt_sym
49,128,4,0.002720118,0.002537012,22674,16936,45348,tmt_sym
49,128,5,0.002965689,0.002769470,22674,16936,45348,tmt_sym
49,128,6,0.002892733,0.002706528,22674,16936,45348,tmt_sym
49,128,7,0.002757788,0.002580881,22674,16936,45348,tmt_sym
49,128,8,0.002748251,0.002571106,22674,16936,45348,tmt_sym
49,128,9,0.002979755,0.002775908,22674,16936,45348,tmt_sym
46,128,0,0.002897501,0.002739906,22640,16862,45280,tmt_sym
46,128,1,0.002705812,0.002561092,22640,16862,45280,tmt_sym
46,128,2,0.002782822,0.002637863,22640,16862,45280,tmt_sym
46,128,3,0.002777338,0.002626419,22640,16862,45280,tmt_sym
46,128,4,0.002508879,0.002365351,22640,16862,45280,tmt_sym
46,128,5,0.002862215,0.002716541,22640,16862,45280,tmt_sym
46,128,6,0.002903700,0.002744198,22640,16862,45280,tmt_sym
46,128,7,0.002592802,0.002449512,22640,16862,45280,tmt_sym
46,128,8,0.002682209,0.002539396,22640,16862,45280,tmt_sym
46,128,9,0.002954721,0.002795935,22640,16862,45280,tmt_sym
83,128,0,0.002923012,0.002742529,22605,16857,45210,tmt_sym
83,128,1,0.003098726,0.002938032,22605,16857,45210,tmt_sym
83,128,2,0.002825260,0.002663374,22605,16857,45210,tmt_sym
83,128,3,0.002935410,0.002781630,22605,16857,45210,tmt_sym
83,128,4,0.002905607,0.002752066,22605,16857,45210,tmt_sym
83,128,5,0.002804518,0.002653599,22605,16857,45210,tmt_sym
83,128,6,0.002817631,0.002663851,22605,16857,45210,tmt_sym
83,128,7,0.002900600,0.002748251,22605,16857,45210,tmt_sym
83,128,8,0.002811432,0.002660751,22605,16857,45210,tmt_sym
83,128,9,0.002922058,0.002768755,22605,16857,45210,tmt_sym
98,128,8,0.002959490,0.002790213,22770,17025,45540,tmt_sym
98,128,9,0.002943993,0.002746105,22770,17025,45540,tmt_sym
39,128,0,0.003021240,0.002800226,22761,17001,45522,tmt_sym
39,128,1,0.002767086,0.002586842,22761,17001,45522,tmt_sym
39,128,2,0.002824545,0.002656937,22761,17001,45522,tmt_sym
39,128,3,0.002972841,0.002797604,22761,17001,45522,tmt_sym
39,128,4,0.002827883,0.002664566,22761,17001,45522,tmt_sym
39,128,5,0.002858639,0.002694845,22761,17001,45522,tmt_sym
39,128,6,0.002836704,0.002672911,22761,17001,45522,tmt_sym
39,128,7,0.002562046,0.002399683,22761,17001,45522,tmt_sym
96,128,0,0.003060341,0.002872944,22686,16952,45372,tmt_sym
96,128,1,0.002999783,0.002809048,22686,16952,45372,tmt_sym
55,128,4,0.002838135,0.002659798,22682,16918,45364,tmt_sym
55,128,5,0.002957106,0.002763987,22682,16918,45364,tmt_sym
55,128,6,0.002914190,0.002731323,22682,16918,45364,tmt_sym
55,128,7,0.002893448,0.002718210,22682,16918,45364,tmt_sym
55,128,8,0.002807617,0.002633572,22682,16918,45364,tmt_sym
55,128,9,0.002967358,0.002773762,22682,16918,45364,tmt_sym
52,128,2,0.002900839,0.002737999,22734,16961,45468,tmt_sym
52,128,3,0.002830982,0.002666235,22734,16961,45468,tmt_sym
52,128,4,0.002839804,0.002680302,22734,16961,45468,tmt_sym
52,128,5,0.002939224,0.002770424,22734,16961,45468,tmt_sym
52,128,6,0.002903700,0.002731800,22734,16961,45468,tmt_sym
52,128,7,0.002955675,0.002798080,22734,16961,45468,tmt_sym
52,128,8,0.002910137,0.002753258,22734,16961,45468,tmt_sym
52,128,9,0.002954721,0.002789021,22734,16961,45468,tmt_sym
107,128,0,0.002994537,0.002837420,22660,16891,45320,tmt_sym
107,128,1,0.002882481,0.002735853,22660,16891,45320,tmt_sym
107,128,2,0.002914667,0.002768517,22660,16891,45320,tmt_sym
107,128,3,0.002948999,0.002803564,22660,16891,45320,tmt_sym
107,128,4,0.002957582,0.002813101,22660,16891,45320,tmt_sym
107,128,5,0.002908230,0.002763748,22660,16891,45320,tmt_sym
107,128,6,0.002840757,0.002695322,22660,16891,45320,tmt_sym
107,128,7,0.002978086,0.002833128,22660,16891,45320,tmt_sym
107,128,8,0.002910137,0.002766371,22660,16891,45320,tmt_sym
107,128,9,0.002922773,0.002778530,22660,16891,45320,tmt_sym
44,128,1,0.002740383,0.002582788,22638,16888,45276,tmt_sym
44,128,2,0.002904892,0.002745628,22638,16888,45276,tmt_sym
44,128,3,0.003131628,0.002970457,22638,16888,45276,tmt_sym
44,128,4,0.002674341,0.002509832,22638,16888,45276,tmt_sym
44,128,5,0.002936602,0.002759933,22638,16888,45276,tmt_sym
44,128,6,0.002866745,0.002690554,22638,16888,45276,tmt_sym
44,128,7,0.002933741,0.002762794,22638,16888,45276,tmt_sym
44,128,8,0.002809286,0.002645254,22638,16888,45276,tmt_sym
44,128,9,0.002975941,0.002810717,22638,16888,45276,tmt_sym
81,128,0,0.003004074,0.002708197,22714,16966,45428,tmt_sym
81,128,1,0.003235817,0.002977371,22714,16966,45428,tmt_sym
81,128,2,0.002898216,0.002652884,22714,16966,45428,tmt_sym
81,128,3,0.002993107,0.002769232,22714,16966,45428,tmt_sym
81,128,4,0.002943993,0.002724409,22714,16966,45428,tmt_sym
81,128,5,0.002829552,0.002600670,22714,16966,45428,tmt_sym
81,128,6,0.002853155,0.002636671,22714,16966,45428,tmt_sym
81,128,7,0.002907753,0.002695560,22714,16966,45428,tmt_sym
81,128,8,0.002903461,0.002680540,22714,16966,45428,tmt_sym
81,128,9,0.002892494,0.002663136,22714,16966,45428,tmt_sym
102,128,0,0.003023148,0.002862453,22602,16785,45204,tmt_sym
102,128,1,0.002938509,0.002778292,22602,16785,45204,tmt_sym
102,128,2,0.002932310,0.002781391,22602,16785,45204,tmt_sym
102,128,3,0.002980471,0.002830505,22602,16785,45204,tmt_sym
102,128,4,0.002990484,0.002832890,22602,16785,45204,tmt_sym
102,128,5,0.003101826,0.002953053,22602,16785,45204,tmt_sym
102,128,6,0.002915382,0.002765894,22602,16785,45204,tmt_sym
102,128,7,0.003069878,0.002921581,22602,16785,45204,tmt_sym
102,128,8,0.002957582,0.002808332,22602,16785,45204,tmt_sym
73,128,0,0.003156900,0.002878666,22670,16911,45340,tmt_sym
73,128,1,0.002574921,0.002388954,22670,16911,45340,tmt_sym
73,128,2,0.002976179,0.002772570,22670,16911,45340,tmt_sym
73,128,3,0.003014803,0.002810717,22670,16911,45340,tmt_sym
73,128,4,0.002941608,0.002748728,22670,16911,45340,tmt_sym
73,128,5,0.002944469,0.002744913,22670,16911,45340,tmt_sym
73,128,6,0.002894402,0.002702713,22670,16911,45340,tmt_sym
73,128,7,0.002969742,0.002777815,22670,16911,45340,tmt_sym
73,128,8,0.002964735,0.002772331,22670,16911,45340,tmt_sym
58,128,0,0.003039360,0.002833843,22624,16865,45248,tmt_sym
58,128,1,0.002404928,0.002236843,22624,16865,45248,tmt_sym
58,128,2,0.002907038,0.002738476,22624,16865,45248,tmt_sym
58,128,3,0.002918720,0.002748251,22624,16865,45248,tmt_sym
58,128,4,0.002749920,0.002589226,22624,16865,45248,tmt_sym
58,128,5,0.002959728,0.002788067,22624,16865,45248,tmt_sym
58,128,6,0.002910137,0.002739429,22624,16865,45248,tmt_sym
58,128,7,0.002844810,0.002687931,22624,16865,45248,tmt_sym
58,128,8,0.002813339,0.002656460,22624,16865,45248,tmt_sym
58,128,9,0.002967834,0.002795219,22624,16865,45248,tmt_sym
101,128,0,0.003009558,0.002824545,22711,16956,45422,tmt_sym
101,128,1,0.002928495,0.002770185,22711,16956,45422,tmt_sym
101,128,2,0.002943277,0.002786636,22711,16956,45422,tmt_sym
86,128,0,0.003090143,0.002425909,22606,16853,45212,tmt_sym
86,128,1,0.003108978,0.002762794,22606,16853,45212,tmt_sym
86,128,2,0.002375364,0.002176046,22606,16853,45212,tmt_sym
86,128,3,0.002353907,0.002177954,22606,16853,45212,tmt_sym
86,128,4,0.002446651,0.002257347,22606,16853,45212,tmt_sym
86,128,5,0.002398968,0.002225876,22606,16853,45212,tmt_sym
86,128,6,0.002857685,0.002665281,22606,16853,45212,tmt_sym
86,128,7,0.002765894,0.002582788,22606,16853,45212,tmt_sym
86,128,8,0.002655506,0.002479076,22606,16853,45212,tmt_sym
86,128,9,0.002951384,0.002744436,22606,16853,45212,tmt_sym
39,128,8,0.002802610,0.002638340,22761,17001,45522,tmt_sym
39,128,9,0.002933979,0.002760649,22761,17001,45522,tmt_sym
96,128,2,0.002975464,0.002794743,22686,16952,45372,tmt_sym
96,128,3,0.003023624,0.002845049,22686,16952,45372,tmt_sym
96,128,4,0.003002405,0.002823114,22686,16952,45372,tmt_sym
96,128,5,0.002996206,0.002819777,22686,16952,45372,tmt_sym
96,128,6,0.002949715,0.002775908,22686,16952,45372,tmt_sym
96,128,7,0.003059626,0.002884626,22686,16952,45372,tmt_sym
96,128,8,0.003061056,0.002884865,22686,16952,45372,tmt_sym
96,128,9,0.002990961,0.002812147,22686,16952,45372,tmt_sym
103,128,0,0.003139019,0.002871752,22799,17049,45598,tmt_sym
103,128,1,0.002970934,0.002771854,22799,17049,45598,tmt_sym
103,128,2,0.002969027,0.002775908,22799,17049,45598,tmt_sym
103,128,3,0.003036976,0.002841234,22799,17049,45598,tmt_sym
103,128,4,0.003022671,0.002838850,22799,17049,45598,tmt_sym
103,128,5,0.003023624,0.002826452,22799,17049,45598,tmt_sym
103,128,6,0.002884150,0.002703667,22799,17049,45598,tmt_sym
103,128,7,0.003039598,0.002856731,22799,17049,45598,tmt_sym
103,128,8,0.002983332,0.002804041,22799,17049,45598,tmt_sym
103,128,9,0.002985954,0.002792835,22799,17049,45598,tmt_sym
64,128,7,0.002958536,0.002814770,22644,16898,45288,tmt_sym
64,128,8,0.002932072,0.002788544,22644,16898,45288,tmt_sym
64,128,9,0.002951145,0.002800465,22644,16898,45288,tmt_sym
101,128,3,0.002970695,0.002815962,22711,16956,45422,tmt_sym
101,128,4,0.002982855,0.002827644,22711,16956,45422,tmt_sym
101,128,5,0.002964258,0.002810717,22711,16956,45422,tmt_sym
101,128,6,0.002858162,0.002704859,22711,16956,45422,tmt_sym
101,128,7,0.003007650,0.002853632,22711,16956,45422,tmt_sym
116,128,0,0.003515244,0.002798796,22675,16915,45350,tmt_sym
116,128,1,0.003579617,0.003182411,22675,16915,45350,tmt_sym
116,128,2,0.002977610,0.002729416,22675,16915,45350,tmt_sym
116,128,3,0.002994537,0.002791882,22675,16915,45350,tmt_sym
116,128,4,0.002954006,0.002762556,22675,16915,45350,tmt_sym
116,128,5,0.002993345,0.002782583,22675,16915,45350,tmt_sym
116,128,6,0.002887011,0.002693415,22675,16915,45350,tmt_sym
116,128,7,0.002977848,0.002789736,22675,16915,45350,tmt_sym
116,128,8,0.002894878,0.002709150,22675,16915,45350,tmt_sym
116,128,9,0.002971888,0.002752066,22675,16915,45350,tmt_sym
27,128,0,0.003100872,0.002785921,22708,16947,45416,tmt_sym
27,128,1,0.002927542,0.002688408,22708,16947,45416,tmt_sym
27,128,2,0.002948761,0.002706766,22708,16947,45416,tmt_sym
27,128,3,0.002963305,0.002735376,22708,16947,45416,tmt_sym
27,128,4,0.002758980,0.002548218,22708,16947,45416,tmt_sym
27,128,5,0.002632141,0.002419472,22708,16947,45416,tmt_sym
102,128,9,0.003003836,0.002854109,22602,16785,45204,tmt_sym
109,128,0,0.003093243,0.002832174,22628,16868,45256,tmt_sym
109,128,1,0.003057003,0.002844334,22628,16868,45256,tmt_sym
109,128,2,0.002968073,0.002766848,22628,16868,45256,tmt_sym
109,128,3,0.002998590,0.002790928,22628,16868,45256,tmt_sym
109,128,4,0.002992392,0.002805471,22628,16868,45256,tmt_sym
109,128,5,0.002993345,0.002792835,22628,16868,45256,tmt_sym
109,128,6,0.002893209,0.002704144,22628,16868,45256,tmt_sym
109,128,7,0.003000259,0.002812147,22628,16868,45256,tmt_sym
109,128,8,0.002970934,0.002784729,22628,16868,45256,tmt_sym
109,128,9,0.002979279,0.002774954,22628,16868,45256,tmt_sym
76,128,8,0.002903938,0.002758265,22701,16949,45402,tmt_sym
76,128,9,0.002950907,0.002795935,22701,16949,45402,tmt_sym
101,128,8,0.002946377,0.002793074,22711,16956,45422,tmt_sym
101,128,9,0.002962351,0.002806902,22711,16956,45422,tmt_sym
50,128,0,0.003273964,0.002887011,22707,16946,45414,tmt_sym
50,128,1,0.002806664,0.002439260,22707,16946,45414,tmt_sym
50,128,2,0.003036022,0.002744675,22707,16946,45414,tmt_sym
50,128,3,0.003116369,0.002814770,22707,16946,45414,tmt_sym
50,128,4,0.003011465,0.002725601,22707,16946,45414,tmt_sym
50,128,5,0.003929138,0.002656221,22707,16946,45414,tmt_sym
50,128,6,0.003161430,0.002872705,22707,16946,45414,tmt_sym
50,128,7,0.003226757,0.002950430,22707,16946,45414,tmt_sym
50,128,8,0.002892971,0.002652168,22707,16946,45414,tmt_sym
50,128,9,0.002994776,0.002725840,22707,16946,45414,tmt_sym
105,128,0,0.003618717,0.002918482,22705,16964,45410,tmt_sym
105,128,1,0.003623724,0.002691507,22705,16964,45410,tmt_sym
105,128,2,0.003603935,0.002844572,22705,16964,45410,tmt_sym
105,128,3,0.003397942,0.002887249,22705,16964,45410,tmt_sym
105,128,4,0.002994299,0.002774000,22705,16964,45410,tmt_sym
105,128,5,0.003008604,0.002773762,22705,16964,45410,tmt_sym
121,128,9,0.002970219,0.002769947,22685,16946,45370,tmt_sym
88,128,0,0.002888441,0.002694607,22844,17107,45688,tmt_sym
88,128,1,0.003126860,0.002950191,22844,17107,45688,tmt_sym
88,128,2,0.002943516,0.002773285,22844,17107,45688,tmt_sym
88,128,3,0.002863646,0.002692699,22844,17107,45688,tmt_sym
88,128,4,0.003021002,0.002854586,22844,17107,45688,tmt_sym
88,128,5,0.003010511,0.002834558,22844,17107,45688,tmt_sym
88,128,6,0.002867460,0.002704859,22844,17107,45688,tmt_sym
88,128,7,0.003099203,0.002934694,22844,17107,45688,tmt_sym
88,128,8,0.003077030,0.002912760,22844,17107,45688,tmt_sym
88,128,9,0.002965450,0.002790928,22844,17107,45688,tmt_sym
35,128,0,0.003246784,0.002692461,22588,16801,45176,tmt_sym
35,128,1,0.003006697,0.002653599,22588,16801,45176,tmt_sym
35,128,2,0.002961397,0.002584934,22588,16801,45176,tmt_sym
56,128,0,0.003181219,0.002805471,22704,16954,45408,tmt_sym
56,128,1,0.002710819,0.002358913,22704,16954,45408,tmt_sym
56,128,2,0.003016233,0.002728462,22704,16954,45408,tmt_sym
56,128,3,0.003092527,0.002796888,22704,16954,45408,tmt_sym
56,128,4,0.002958059,0.002672434,22704,16954,45408,tmt_sym
56,128,5,0.003017187,0.002758741,22704,16954,45408,tmt_sym
56,128,6,0.002957344,0.002683163,22704,16954,45408,tmt_sym
56,128,7,0.002985954,0.002723932,22704,16954,45408,tmt_sym
56,128,8,0.002950430,0.002715588,22704,16954,45408,tmt_sym
56,128,9,0.002992630,0.002723455,22704,16954,45408,tmt_sym
27,128,6,0.002321482,0.002114534,22708,16947,45416,tmt_sym
27,128,7,0.002716541,0.002490759,22708,16947,45416,tmt_sym
27,128,8,0.002516985,0.002290964,22708,16947,45416,tmt_sym
27,128,9,0.002959728,0.002710342,22708,16947,45416,tmt_sym
37,128,4,0.002966166,0.002776861,22652,16892,45304,tmt_sym
37,128,5,0.003011465,0.002816677,22652,16892,45304,tmt_sym
37,128,6,0.002989054,0.002794743,22652,16892,45304,tmt_sym
37,128,7,0.002948284,0.002764225,22652,16892,45304,tmt_sym
37,128,8,0.002876282,0.002692461,22652,16892,45304,tmt_sym
37,128,9,0.002990484,0.002793312,22652,16892,45304,tmt_sym
94,128,7,0.003021479,0.002857208,22676,16913,45352,tmt_sym
94,128,8,0.002975702,0.002810001,22676,16913,45352,tmt_sym
94,128,9,0.002946854,0.002772570,22676,16913,45352,tmt_sym
35,128,3,0.003031731,0.002679110,22588,16801,45176,tmt_sym
35,128,4,0.002736330,0.002379894,22588,16801,45176,tmt_sym
35,128,5,0.002696037,0.002345562,22588,16801,45176,tmt_sym
35,128,6,0.002576828,0.002228498,22588,16801,45176,tmt_sym
35,128,7,0.002748728,0.002379179,22588,16801,45176,tmt_sym
35,128,8,0.002847672,0.002491713,22588,16801,45176,tmt_sym
35,128,9,0.003087282,0.002728701,22588,16801,45176,tmt_sym
92,128,0,0.003039598,0.002797604,22764,17032,45528,tmt_sym
92,128,1,0.002901316,0.002724409,22764,17032,45528,tmt_sym
92,128,2,0.002910614,0.002747297,22764,17032,45528,tmt_sym
92,128,3,0.003025532,0.002866030,22764,17032,45528,tmt_sym
92,128,4,0.002983332,0.002826691,22764,17032,45528,tmt_sym
92,128,5,0.002951622,0.002784491,22764,17032,45528,tmt_sym
92,128,6,0.002925396,0.002760887,22764,17032,45528,tmt_sym
92,128,7,0.002997875,0.002840042,22764,17032,45528,tmt_sym
92,128,8,0.002961874,0.002803087,22764,17032,45528,tmt_sym
92,128,9,0.003008127,0.002845287,22764,17032,45528,tmt_sym
105,128,6,0.002895594,0.002686501,22705,16964,45410,tmt_sym
105,128,7,0.002926350,0.002771616,22705,16964,45410,tmt_sym
105,128,8,0.002902746,0.002729177,22705,16964,45410,tmt_sym
105,128,9,0.002929688,0.002758503,22705,16964,45410,tmt_sym
73,128,9,0.002991676,0.002789021,22670,16911,45340,tmt_sym
100,128,0,0.002954960,0.002802134,22724,16977,45448,tmt_sym
100,128,1,0.002961874,0.002815008,22724,16977,45448,tmt_sym
100,128,2,0.002843618,0.002698421,22724,16977,45448,tmt_sym
100,128,3,0.002902031,0.002750635,22724,16977,45448,tmt_sym
100,128,4,0.002904892,0.002761126,22724,16977,45448,tmt_sym
100,128,5,0.002895355,0.002752066,22724,16977,45448,tmt_sym
100,128,6,0.002838850,0.002696276,22724,16977,45448,tmt_sym
100,128,7,0.002982855,0.002839565,22724,16977,45448,tmt_sym
100,128,8,0.002959251,0.002815247,22724,16977,45448,tmt_sym
100,128,9,0.002972603,0.002820730,22724,16977,45448,tmt_sym
20,128,7,0.002665281,0.002288342,22697,16936,45394,tmt_sym
57,128,0,0.003101110,0.002796412,22721,16981,45442,tmt_sym
57,128,1,0.002671957,0.002443790,22721,16981,45442,tmt_sym
57,128,2,0.002972603,0.002727032,22721,16981,45442,tmt_sym
61,128,0,0.003159285,0.002877712,22665,16901,45330,tmt_sym
61,128,1,0.002699375,0.002502680,22665,16901,45330,tmt_sym
112,128,0,0.003044128,0.002838373,22689,16917,45378,tmt_sym
112,128,1,0.002920151,0.002745152,22689,16917,45378,tmt_sym
112,128,2,0.002918243,0.002749443,22689,16917,45378,tmt_sym
112,128,3,0.002942324,0.002776623,22689,16917,45378,tmt_sym
112,128,4,0.002871037,0.002708912,22689,16917,45378,tmt_sym
112,128,5,0.003097534,0.002930880,22689,16917,45378,tmt_sym
112,128,6,0.002922535,0.002749920,22689,16917,45378,tmt_sym
112,128,7,0.002985477,0.002824545,22689,16917,45378,tmt_sym
112,128,8,0.002945662,0.002784252,22689,16917,45378,tmt_sym
112,128,9,0.002976418,0.002802372,22689,16917,45378,tmt_sym
20,128,8,0.002764702,0.002471924,22697,16936,45394,tmt_sym
57,128,3,0.003023624,0.002790689,22721,16981,45442,tmt_sym
57,128,4,0.002952576,0.002723932,22721,16981,45442,tmt_sym
57,128,5,0.002932549,0.002689838,22721,16981,45442,tmt_sym
57,128,6,0.002855301,0.002643585,22721,16981,45442,tmt_sym
57,128,7,0.002946854,0.002729893,22721,16981,45442,tmt_sym
57,128,8,0.002948999,0.002724409,22721,16981,45442,tmt_sym
61,128,2,0.002980232,0.002775192,22665,16901,45330,tmt_sym
61,128,3,0.003043175,0.002834320,22665,16901,45330,tmt_sym
61,128,4,0.002989531,0.002794027,22665,16901,45330,tmt_sym
61,128,5,0.002973080,0.002771378,22665,16901,45330,tmt_sym
61,128,6,0.002944231,0.002743483,22665,16901,45330,tmt_sym
61,128,7,0.003019571,0.002823591,22665,16901,45330,tmt_sym
40,128,5,0.002952337,0.002786875,22701,16966,45402,tmt_sym
40,128,6,0.002917767,0.002748013,22701,16966,45402,tmt_sym
40,128,7,0.002640247,0.002488613,22701,16966,45402,tmt_sym
40,128,8,0.002626181,0.002472162,22701,16966,45402,tmt_sym
40,128,9,0.002972603,0.002799749,22701,16966,45402,tmt_sym
38,128,0,0.003215551,0.003022194,22658,16847,45316,tmt_sym
38,128,1,0.002766132,0.002606153,22658,16847,45316,tmt_sym
38,128,2,0.002902985,0.002742052,22658,16847,45316,tmt_sym
38,128,3,0.003104687,0.002943039,22658,16847,45316,tmt_sym
57,128,9,0.002987623,0.002753019,22721,16981,45442,tmt_sym
61,128,8,0.003008604,0.002813816,22665,16901,45330,tmt_sym
61,128,9,0.003037214,0.002832174,22665,16901,45330,tmt_sym
38,128,4,0.002764702,0.002598763,22658,16847,45316,tmt_sym
38,128,5,0.003024817,0.002849579,22658,16847,45316,tmt_sym
38,128,6,0.002895355,0.002720356,22658,16847,45316,tmt_sym
38,128,7,0.002962589,0.002777100,22658,16847,45316,tmt_sym
38,128,8,0.002977371,0.002811909,22658,16847,45316,tmt_sym
38,128,9,0.003088713,0.002922058,22658,16847,45316,tmt_sym
31,128,0,0.003136396,0.002873421,22681,16936,45362,tmt_sym
31,128,1,0.002887726,0.002693892,22681,16936,45362,tmt_sym
31,128,2,0.002979279,0.002784014,22681,16936,45362,tmt_sym
31,128,3,0.003007174,0.002812386,22681,16936,45362,tmt_sym
32,128,0,0.003125668,0.002754927,22646,16906,45292,tmt_sym
32,128,1,0.003032923,0.002679110,22646,16906,45292,tmt_sym
32,128,2,0.003099918,0.002800941,22646,16906,45292,tmt_sym
32,128,3,0.003174067,0.002862692,22646,16906,45292,tmt_sym
32,128,4,0.003019810,0.002726793,22646,16906,45292,tmt_sym
31,128,4,0.002858162,0.002678871,22681,16936,45362,tmt_sym
31,128,5,0.002778053,0.002607822,22681,16936,45362,tmt_sym
31,128,6,0.002214432,0.002044916,22681,16936,45362,tmt_sym
31,128,7,0.002600670,0.002422810,22681,16936,45362,tmt_sym
31,128,8,0.002325773,0.002151966,22681,16936,45362,tmt_sym
31,128,9,0.003069878,0.002853870,22681,16936,45362,tmt_sym
32,128,5,0.002944469,0.002673388,22646,16906,45292,tmt_sym
32,128,6,0.002746820,0.002473593,22646,16906,45292,tmt_sym
32,128,7,0.002480030,0.002198935,22646,16906,45292,tmt_sym
32,128,8,0.002728224,0.002485037,22646,16906,45292,tmt_sym
32,128,9,0.003115892,0.002824068,22646,16906,45292,tmt_sym
26,128,0,0.003614426,0.002811432,22629,16855,45258,tmt_sym
26,128,1,0.003493309,0.002759457,22629,16855,45258,tmt_sym
26,128,2,0.003342867,0.002749443,22629,16855,45258,tmt_sym
26,128,3,0.003324509,0.002814054,22629,16855,45258,tmt_sym
26,128,4,0.002689600,0.002198935,22629,16855,45258,tmt_sym
26,128,5,0.002624512,0.002251625,22629,16855,45258,tmt_sym
26,128,6,0.002590179,0.002216101,22629,16855,45258,tmt_sym
26,128,7,0.002610445,0.002221346,22629,16855,45258,tmt_sym
26,128,8,0.002646208,0.002346277,22629,16855,45258,tmt_sym
26,128,9,0.003129005,0.002706051,22629,16855,45258,tmt_sym
62,128,0,0.002987146,0.002649784,22689,16925,45378,tmt_sym
62,128,1,0.002708673,0.002403259,22689,16925,45378,tmt_sym
62,128,2,0.002906084,0.002629042,22689,16925,45378,tmt_sym
62,128,3,0.002982616,0.002712011,22689,16925,45378,tmt_sym
62,128,4,0.002861261,0.002605200,22689,16925,45378,tmt_sym
62,128,5,0.002926350,0.002682924,22689,16925,45378,tmt_sym
62,128,6,0.003108263,0.002857447,22689,16925,45378,tmt_sym
62,128,7,0.002872705,0.002636909,22689,16925,45378,tmt_sym
62,128,8,0.002911329,0.002707720,22689,16925,45378,tmt_sym
62,128,9,0.003171444,0.002938032,22689,16925,45378,tmt_sym
20,128,9,0.002539635,0.002225161,22697,16936,45394,tmt_sym
110,128,0,0.003820658,0.003046036,22685,16905,45370,tmt_sym
110,128,1,0.003340483,0.002650023,22685,16905,45370,tmt_sym
110,128,2,0.003329277,0.002821684,22685,16905,45370,tmt_sym
110,128,3,0.003325224,0.002883673,22685,16905,45370,tmt_sym
110,128,4,0.003334045,0.002890110,22685,16905,45370,tmt_sym
110,128,5,0.003193617,0.002830982,22685,16905,45370,tmt_sym
110,128,6,0.003334761,0.002931118,22685,16905,45370,tmt_sym
110,128,7,0.003154278,0.002785683,22685,16905,45370,tmt_sym
110,128,8,0.003177881,0.002890348,22685,16905,45370,tmt_sym
110,128,9,0.003472090,0.003043413,22685,16905,45370,tmt_sym
