rank,num_procs,run,elapsed_time,comm_time,local_nz,ghost_entries,local_flops,matrix
0,1,0,0.000869036,0.000011683,410077,0,820154,Andrews
0,1,1,0.000673294,0.000001431,410077,0,820154,Andrews
0,1,2,0.000663280,0.000000954,410077,0,820154,Andrews
0,1,3,0.000646591,0.000000715,410077,0,820154,Andrews
0,1,4,0.000644445,0.000000477,410077,0,820154,Andrews
0,1,5,0.000647068,0.000000954,410077,0,820154,Andrews
0,1,6,0.000629902,0.000000715,410077,0,820154,Andrews
0,1,7,0.000631809,0.000000715,410077,0,820154,Andrews
0,1,8,0.000630617,0.000000715,410077,0,820154,Andrews
0,1,9,0.000617981,0.000000715,410077,0,820154,Andrews
1,2,0,0.079238415,0.078010321,207414,54185,414828,Andrews
1,2,1,0.079199076,0.078007698,207414,54185,414828,Andrews
1,2,2,0.079144716,0.078010559,207414,54185,414828,Andrews
1,2,3,0.079163551,0.078006983,207414,54185,414828,Andrews
1,2,4,0.082295656,0.081008673,207414,54185,414828,Andrews
1,2,5,0.079136848,0.078004122,207414,54185,414828,Andrews
1,2,6,0.079166889,0.078005314,207414,54185,414828,Andrews
1,2,7,0.079174280,0.078005791,207414,54185,414828,Andrews
1,2,8,0.079144716,0.078004122,207414,54185,414828,Andrews
1,2,9,0.079139233,0.078002930,207414,54185,414828,Andrews
0,2,0,0.105325222,0.104040146,202663,53459,405326,Andrews
0,2,1,0.103836298,0.102707863,202663,53459,405326,Andrews
0,2,2,0.103903770,0.102864027,202663,53459,405326,Andrews
0,2,3,0.104070425,0.102960110,202663,53459,405326,Andrews
0,2,4,0.106932402,0.105886936,202663,53459,405326,Andrews
0,2,5,0.104041100,0.102951050,202663,53459,405326,Andrews
0,2,6,0.103953600,0.102905512,202663,53459,405326,Andrews
0,2,7,0.104050636,0.102949619,202663,53459,405326,Andrews
0,2,8,0.103881598,0.102897406,202663,53459,405326,Andrews
0,2,9,0.104070902,0.103014708,202663,53459,405326,Andrews
3,4,0,0.029269457,0.028217793,103226,57356,206452,Andrews
3,4,1,0.029126883,0.028236628,103226,57356,206452,Andrews
3,4,2,0.029006958,0.028214216,103226,57356,206452,Andrews
3,4,3,0.029025793,0.028236151,103226,57356,206452,Andrews
3,4,4,0.028925657,0.028211117,103226,57356,206452,Andrews
3,4,5,0.029024601,0.028226376,103226,57356,206452,Andrews
3,4,6,0.028967381,0.028209686,103226,57356,206452,Andrews
3,4,7,0.029020786,0.028216600,103226,57356,206452,Andrews
3,4,8,0.029006481,0.028209686,103226,57356,206452,Andrews
3,4,9,0.029012203,0.028237820,103226,57356,206452,Andrews
0,4,0,0.057142258,0.056135893,101144,56607,202288,Andrews
0,4,1,0.057000637,0.056139708,101144,56607,202288,Andrews
0,4,2,0.056896210,0.056129932,101144,56607,202288,Andrews
0,4,3,0.056876659,0.056131601,101144,56607,202288,Andrews
0,4,4,0.056809664,0.056130886,101144,56607,202288,Andrews
0,4,5,0.056867123,0.056134701,101144,56607,202288,Andrews
0,4,6,0.056875944,0.056141853,101144,56607,202288,Andrews
0,4,7,0.056867599,0.056134224,101144,56607,202288,Andrews
0,4,8,0.056870937,0.056128740,101144,56607,202288,Andrews
0,4,9,0.056889296,0.056136847,101144,56607,202288,Andrews
1,4,0,0.057995081,0.056140661,104188,58254,208376,Andrews
1,4,1,0.056892395,0.056123018,104188,58254,208376,Andrews
1,4,2,0.056827784,0.056136608,104188,58254,208376,Andrews
1,4,3,0.056892395,0.056134701,104188,58254,208376,Andrews
1,4,4,0.056781530,0.056116819,104188,58254,208376,Andrews
1,4,5,0.056791306,0.056138754,104188,58254,208376,Andrews
1,4,6,0.056801796,0.056123734,104188,58254,208376,Andrews
1,4,7,0.056776285,0.056124210,104188,58254,208376,Andrews
1,4,8,0.056812525,0.056131363,104188,58254,208376,Andrews
1,4,9,0.056833029,0.056139946,104188,58254,208376,Andrews
2,4,0,0.056844234,0.056050062,101519,56581,203038,Andrews
2,4,1,0.056722879,0.056040764,101519,56581,203038,Andrews
2,4,2,0.056687117,0.056042671,101519,56581,203038,Andrews
2,4,3,0.056688309,0.056046009,101519,56581,203038,Andrews
2,4,4,0.056699991,0.056042910,101519,56581,203038,Andrews
2,4,5,0.056680679,0.056035042,101519,56581,203038,Andrews
2,4,6,0.056667089,0.056041956,101519,56581,203038,Andrews
2,4,7,0.056709290,0.056037188,101519,56581,203038,Andrews
2,4,8,0.056702137,0.056041002,101519,56581,203038,Andrews
2,4,9,0.056680202,0.056053400,101519,56581,203038,Andrews
3,8,0,0.000851154,0.000354528,51507,36280,103014,Andrews
3,8,1,0.000723600,0.000246286,51507,36280,103014,Andrews
3,8,2,0.000677824,0.000240326,51507,36280,103014,Andrews
3,8,3,0.000675678,0.000233412,51507,36280,103014,Andrews
3,8,4,0.000712156,0.000247955,51507,36280,103014,Andrews
3,8,5,0.000869036,0.000391006,51507,36280,103014,Andrews
3,8,6,0.000782013,0.000334501,51507,36280,103014,Andrews
3,8,7,0.000693560,0.000235796,51507,36280,103014,Andrews
3,8,8,0.000677347,0.000242472,51507,36280,103014,Andrews
3,8,9,0.000657558,0.000225544,51507,36280,103014,Andrews
2,8,0,0.034152746,0.032065392,50656,35748,101312,Andrews
2,8,1,0.032507181,0.032087564,50656,35748,101312,Andrews
2,8,2,0.032501936,0.032087326,50656,35748,101312,Andrews
2,8,3,0.032510757,0.032086372,50656,35748,101312,Andrews
2,8,4,0.032493353,0.032087088,50656,35748,101312,Andrews
2,8,5,0.032414913,0.031992197,50656,35748,101312,Andrews
2,8,6,0.032507181,0.032095432,50656,35748,101312,Andrews
2,8,7,0.032533646,0.032086372,50656,35748,101312,Andrews
2,8,8,0.034611225,0.032093048,50656,35748,101312,Andrews
2,8,9,0.032494307,0.032083511,50656,35748,101312,Andrews
6,8,0,0.034996986,0.032014847,50863,35902,101726,Andrews
6,8,1,0.063986540,0.032028437,50863,35902,101726,Andrews
6,8,2,0.034161329,0.032037735,50863,35902,101726,Andrews
6,8,3,0.035737991,0.032043695,50863,35902,101726,Andrews
6,8,4,0.035604239,0.032013655,50863,35902,101726,Andrews
6,8,5,0.064992189,0.064008474,50863,35902,101726,Andrews
6,8,6,0.034992456,0.032037258,50863,35902,101726,Andrews
6,8,7,0.063996077,0.032032490,50863,35902,101726,Andrews
6,8,8,0.063994408,0.032032251,50863,35902,101726,Andrews
6,8,9,0.033618927,0.032014847,50863,35902,101726,Andrews
5,8,0,0.035420418,0.032019854,52386,37119,104772,Andrews
5,8,1,0.063985586,0.032055378,52386,37119,104772,Andrews
5,8,2,0.034879208,0.032064199,52386,37119,104772,Andrews
5,8,3,0.063976765,0.032058954,52386,37119,104772,Andrews
5,8,4,0.064988613,0.032057047,52386,37119,104772,Andrews
5,8,5,0.065705538,0.064020157,52386,37119,104772,Andrews
5,8,6,0.063975096,0.032053709,52386,37119,104772,Andrews
5,8,7,0.035694361,0.032070637,52386,37119,104772,Andrews
5,8,8,0.032428741,0.032045126,52386,37119,104772,Andrews
5,8,9,0.032992363,0.032070875,52386,37119,104772,Andrews
7,8,0,0.035856962,0.031998634,51719,36647,103438,Andrews
7,8,1,0.033759117,0.031998158,51719,36647,103438,Andrews
7,8,2,0.033351660,0.032003403,51719,36647,103438,Andrews
7,8,3,0.032392502,0.032010078,51719,36647,103438,Andrews
7,8,4,0.033096075,0.032001972,51719,36647,103438,Andrews
7,8,5,0.064401388,0.064004183,51719,36647,103438,Andrews
7,8,6,0.032367468,0.031991720,51719,36647,103438,Andrews
7,8,7,0.032382965,0.032014132,51719,36647,103438,Andrews
7,8,8,0.032395601,0.032013893,51719,36647,103438,Andrews
7,8,9,0.032373428,0.031997681,51719,36647,103438,Andrews
4,8,0,0.034580946,0.032042503,50521,35725,101042,Andrews
4,8,1,0.034998178,0.032057047,50521,35725,101042,Andrews
4,8,2,0.033409357,0.032057524,50521,35725,101042,Andrews
4,8,3,0.035013437,0.032061577,50521,35725,101042,Andrews
4,8,4,0.034671307,0.032048464,50521,35725,101042,Andrews
4,8,5,0.064405918,0.064012527,50521,35725,101042,Andrews
4,8,6,0.034385204,0.032069921,50521,35725,101042,Andrews
4,8,7,0.035602331,0.032061577,50521,35725,101042,Andrews
4,8,8,0.035689354,0.032050610,50521,35725,101042,Andrews
4,8,9,0.064000845,0.032069921,50521,35725,101042,Andrews
1,8,0,0.080989838,0.032092571,51802,36707,103604,Andrews
1,8,1,0.063988209,0.032037020,51802,36707,103604,Andrews
1,8,2,0.063980818,0.032023668,51802,36707,103604,Andrews
1,8,3,0.063976049,0.032015085,51802,36707,103604,Andrews
1,8,4,0.064973831,0.032013178,51802,36707,103604,Andrews
1,8,5,0.092982531,0.064015388,51802,36707,103604,Andrews
1,8,6,0.063995600,0.032040358,51802,36707,103604,Andrews
1,8,7,0.063991547,0.032028198,51802,36707,103604,Andrews
1,8,8,0.063996553,0.032028913,51802,36707,103604,Andrews
1,8,9,0.063985109,0.032030582,51802,36707,103604,Andrews
0,8,0,0.064001560,0.032106876,50623,35617,101246,Andrews
0,8,1,0.064001560,0.032083511,50623,35617,101246,Andrews
0,8,2,0.035158634,0.032100916,50623,35617,101246,Andrews
0,8,3,0.035730839,0.032099962,50623,35617,101246,Andrews
0,8,4,0.076986551,0.032085419,50623,35617,101246,Andrews
0,8,5,0.113002062,0.064021587,50623,35617,101246,Andrews
0,8,6,0.096002817,0.064029694,50623,35617,101246,Andrews
0,8,7,0.095999241,0.064026833,50623,35617,101246,Andrews
0,8,8,0.096003771,0.064036131,50623,35617,101246,Andrews
0,8,9,0.096008062,0.064043045,50623,35617,101246,Andrews
15,16,0,0.000547886,0.000241518,25927,20263,51854,Andrews
15,16,1,0.000502110,0.000243187,25927,20263,51854,Andrews
15,16,2,0.000480175,0.000238180,25927,20263,51854,Andrews
15,16,3,0.000489712,0.000240564,25927,20263,51854,Andrews
15,16,4,0.000493526,0.000242710,25927,20263,51854,Andrews
15,16,5,0.000488281,0.000249863,25927,20263,51854,Andrews
15,16,6,0.000499964,0.000248671,25927,20263,51854,Andrews
15,16,7,0.000502110,0.000242710,25927,20263,51854,Andrews
15,16,8,0.000482559,0.000223160,25927,20263,51854,Andrews
15,16,9,0.000401497,0.000177860,25927,20263,51854,Andrews
1,16,0,0.319995880,0.256010294,25973,20247,51946,Andrews
1,16,1,0.193847179,0.192009449,25973,20247,51946,Andrews
1,16,2,0.193000793,0.192010641,25973,20247,51946,Andrews
1,16,3,0.192914963,0.192008018,25973,20247,51946,Andrews
1,16,4,0.192921638,0.192012310,25973,20247,51946,Andrews
1,16,5,0.252997398,0.192013264,25973,20247,51946,Andrews
1,16,6,0.166265965,0.166010141,25973,20247,51946,Andrews
1,16,7,0.192247629,0.192008734,25973,20247,51946,Andrews
1,16,8,0.195238352,0.195013523,25973,20247,51946,Andrews
1,16,9,0.127233505,0.127014160,25973,20247,51946,Andrews
5,16,0,0.192983866,0.192004681,26090,20417,52180,Andrews
5,16,1,0.192982912,0.191999674,26090,20417,52180,Andrews
5,16,2,0.192995548,0.192016125,26090,20417,52180,Andrews
5,16,3,0.192212582,0.192003489,26090,20417,52180,Andrews
5,16,4,0.193999529,0.192015648,26090,20417,52180,Andrews
5,16,5,0.252988100,0.192020416,26090,20417,52180,Andrews
5,16,6,0.098244429,0.098012209,26090,20417,52180,Andrews
5,16,7,0.128258228,0.128018856,26090,20417,52180,Andrews
5,16,8,0.194992065,0.131011963,26090,20417,52180,Andrews
5,16,9,0.065904140,0.064010143,26090,20417,52180,Andrews
8,16,0,0.197467804,0.195996761,25205,19622,50410,Andrews
8,16,1,0.196980476,0.196002483,25205,19622,50410,Andrews
8,16,2,0.192942142,0.191989660,25205,19622,50410,Andrews
8,16,3,0.192215919,0.192001343,25205,19622,50410,Andrews
8,16,4,0.193532467,0.191989183,25205,19622,50410,Andrews
8,16,5,0.248983622,0.192002535,25205,19622,50410,Andrews
8,16,6,0.194983482,0.194004059,25205,19622,50410,Andrews
8,16,7,0.195698977,0.192000628,25205,19622,50410,Andrews
8,16,8,0.192025185,0.190989017,25205,19622,50410,Andrews
8,16,9,0.130411386,0.126994848,25205,19622,50410,Andrews
12,16,0,0.128937721,0.128021002,25225,19644,50450,Andrews
12,16,1,0.128237963,0.128020763,25225,19644,50450,Andrews
12,16,2,0.128957033,0.128009558,25225,19644,50450,Andrews
12,16,3,0.128224850,0.128010035,25225,19644,50450,Andrews
12,16,4,0.128208160,0.128006458,25225,19644,50450,Andrews
12,16,5,0.189024687,0.127999544,25225,19644,50450,Andrews
12,16,6,0.135487556,0.134008884,25225,19644,50450,Andrews
12,16,7,0.191987991,0.128003836,25225,19644,50450,Andrews
12,16,8,0.190988779,0.126995564,25225,19644,50450,Andrews
12,16,9,0.128749132,0.127026558,25225,19644,50450,Andrews
0,16,0,0.259604216,0.256018639,25418,19812,50836,Andrews
0,16,1,0.257517099,0.256009579,25418,19812,50836,Andrews
0,16,2,0.257475853,0.256017208,25418,19812,50836,Andrews
0,16,3,0.257394552,0.256013155,25418,19812,50836,Andrews
0,16,4,0.256231070,0.256024122,25418,19812,50836,Andrews
0,16,5,0.256223917,0.256014347,25418,19812,50836,Andrews
0,16,6,0.254211903,0.254003286,25418,19812,50836,Andrews
0,16,7,0.256217241,0.256011248,25418,19812,50836,Andrews
0,16,8,0.257990360,0.255002022,25418,19812,50836,Andrews
0,16,9,0.193502903,0.191001654,25418,19812,50836,Andrews
13,16,0,0.128000498,0.064033747,26296,20631,52592,Andrews
13,16,1,0.127995253,0.064032316,26296,20631,52592,Andrews
13,16,2,0.127994776,0.064035416,26296,20631,52592,Andrews
13,16,3,0.125027895,0.064028740,26296,20631,52592,Andrews
13,16,4,0.066697359,0.064046144,26296,20631,52592,Andrews
13,16,5,0.066997051,0.064033031,26296,20631,52592,Andrews
13,16,6,0.071567297,0.070042849,26296,20631,52592,Andrews
13,16,7,0.127993822,0.064026594,26296,20631,52592,Andrews
13,16,8,0.110779285,0.107020140,26296,20631,52592,Andrews
13,16,9,0.125007153,0.123014688,26296,20631,52592,Andrews
2,16,0,0.258985758,0.256004572,25361,19701,50722,Andrews
2,16,1,0.256987810,0.256000519,25361,19701,50722,Andrews
2,16,2,0.192990303,0.192003250,25361,19701,50722,Andrews
2,16,3,0.192985535,0.191998243,25361,19701,50722,Andrews
2,16,4,0.192727089,0.192001581,25361,19701,50722,Andrews
2,16,5,0.256200552,0.255999327,25361,19701,50722,Andrews
2,16,6,0.190766811,0.189999342,25361,19701,50722,Andrews
2,16,7,0.192211151,0.191999435,25361,19701,50722,Andrews
2,16,8,0.193987131,0.190987110,25361,19701,50722,Andrews
2,16,9,0.197001219,0.195003033,25361,19701,50722,Andrews
4,16,0,0.192299843,0.192011595,25296,19731,50592,Andrews
4,16,1,0.192256689,0.192014694,25296,19731,50592,Andrews
4,16,2,0.192257404,0.192015409,25296,19731,50592,Andrews
4,16,3,0.192247152,0.192020655,25296,19731,50592,Andrews
4,16,4,0.192255974,0.192014933,25296,19731,50592,Andrews
4,16,5,0.192237377,0.192013025,25296,19731,50592,Andrews
4,16,6,0.134978533,0.133996964,25296,19731,50592,Andrews
4,16,7,0.194984674,0.192003727,25296,19731,50592,Andrews
4,16,8,0.258989573,0.194999933,25296,19731,50592,Andrews
4,16,9,0.186999798,0.127048731,25296,19731,50592,Andrews
14,16,0,0.064272881,0.064003229,25502,19882,51004,Andrews
14,16,1,0.064229488,0.064011812,25502,19882,51004,Andrews
14,16,2,0.064230204,0.064018011,25502,19882,51004,Andrews
14,16,3,0.125001669,0.064022779,25502,19882,51004,Andrews
14,16,4,0.064234018,0.064016342,25502,19882,51004,Andrews
14,16,5,0.066987514,0.064014196,25502,19882,51004,Andrews
14,16,6,0.070986986,0.070022821,25502,19882,51004,Andrews
14,16,7,0.127989531,0.064020157,25502,19882,51004,Andrews
14,16,8,0.127983332,0.063998938,25502,19882,51004,Andrews
14,16,9,0.128001928,0.064023018,25502,19882,51004,Andrews
6,16,0,0.192193031,0.191977262,25361,19736,50722,Andrews
6,16,1,0.192215204,0.192006826,25361,19736,50722,Andrews
6,16,2,0.192246675,0.192013264,25361,19736,50722,Andrews
6,16,3,0.252990484,0.192004442,25361,19736,50722,Andrews
6,16,4,0.192982674,0.191997290,25361,19736,50722,Andrews
6,16,5,0.195641518,0.191997528,25361,19736,50722,Andrews
6,16,6,0.134988546,0.134007692,25361,19736,50722,Andrews
6,16,7,0.194987297,0.192004681,25361,19736,50722,Andrews
6,16,8,0.254987478,0.190998316,25361,19736,50722,Andrews
6,16,9,0.190997839,0.127003431,25361,19736,50722,Andrews
10,16,0,0.191995621,0.128024817,25295,19711,50590,Andrews
10,16,1,0.191988945,0.128013849,25295,19711,50590,Andrews
10,16,2,0.195984364,0.127997875,25295,19711,50590,Andrews
10,16,3,0.188987255,0.128004313,25295,19711,50590,Andrews
10,16,4,0.191994905,0.128004313,25295,19711,50590,Andrews
10,16,5,0.216987848,0.128010035,25295,19711,50590,Andrews
10,16,6,0.129583120,0.125987768,25295,19711,50590,Andrews
10,16,7,0.191987514,0.128001928,25295,19711,50590,Andrews
10,16,8,0.183871508,0.126994848,25295,19711,50590,Andrews
10,16,9,0.191002607,0.127012253,25295,19711,50590,Andrews
7,16,0,0.188982487,0.187993288,25792,20161,51584,Andrews
7,16,1,0.188254595,0.188006401,25792,20161,51584,Andrews
7,16,2,0.192227840,0.192012548,25792,20161,51584,Andrews
7,16,3,0.192231655,0.192014694,25792,20161,51584,Andrews
7,16,4,0.192996979,0.192011118,25792,20161,51584,Andrews
7,16,5,0.256993771,0.192007542,25792,20161,51584,Andrews
7,16,6,0.131001472,0.130015373,25792,20161,51584,Andrews
7,16,7,0.194990635,0.192007780,25792,20161,51584,Andrews
7,16,8,0.250988960,0.190998316,25792,20161,51584,Andrews
7,16,9,0.191003561,0.127009153,25792,20161,51584,Andrews
3,16,0,0.256000996,0.192022085,25702,20023,51404,Andrews
3,16,1,0.255997419,0.192023754,25702,20023,51404,Andrews
3,16,2,0.191992283,0.128010035,25702,20023,51404,Andrews
3,16,3,0.191987276,0.128010511,25702,20023,51404,Andrews
3,16,4,0.130705833,0.128014326,25702,20023,51404,Andrews
3,16,5,0.194439888,0.192017317,25702,20023,51404,Andrews
3,16,6,0.222994328,0.130013227,25702,20023,51404,Andrews
3,16,7,0.191998243,0.128011465,25702,20023,51404,Andrews
3,16,8,0.202985287,0.126998663,25702,20023,51404,Andrews
3,16,9,0.190981388,0.126993656,25702,20023,51404,Andrews
9,16,0,0.191993952,0.128032923,25829,20214,51658,Andrews
9,16,1,0.191986799,0.128011703,25829,20214,51658,Andrews
9,16,2,0.191996574,0.128017426,25829,20214,51658,Andrews
9,16,3,0.228991747,0.128017187,25829,20214,51658,Andrews
9,16,4,0.255984306,0.192000628,25829,20214,51658,Andrews
9,16,5,0.252987862,0.192006111,25829,20214,51658,Andrews
9,16,6,0.254982233,0.190002203,25829,20214,51658,Andrews
9,16,7,0.255985975,0.191998720,25829,20214,51658,Andrews
9,16,8,0.258977890,0.190990686,25829,20214,51658,Andrews
9,16,9,0.190999985,0.127008915,25829,20214,51658,Andrews
11,16,0,0.189993382,0.128030777,25805,20119,51610,Andrews
11,16,1,0.191984892,0.128029585,25805,20119,51610,Andrews
11,16,2,0.191996336,0.128038883,25805,20119,51610,Andrews
11,16,3,0.192983866,0.128027678,25805,20119,51610,Andrews
11,16,4,0.130083323,0.128031254,25805,20119,51610,Andrews
11,16,5,0.192984819,0.128029823,25805,20119,51610,Andrews
11,16,6,0.190981865,0.125999451,25805,20119,51610,Andrews
11,16,7,0.191987038,0.128003359,25805,20119,51610,Andrews
11,16,8,0.194992542,0.131002903,25805,20119,51610,Andrews
11,16,9,0.191988230,0.127999067,25805,20119,51610,Andrews
7,32,0,0.285902500,0.192005634,12849,10485,25698,Andrews
7,32,1,0.096054554,0.095010042,12849,10485,25698,Andrews
7,32,2,0.191996336,0.096018076,12849,10485,25698,Andrews
7,32,3,0.191999197,0.095014095,12849,10485,25698,Andrews
7,32,4,0.283992767,0.192005634,12849,10485,25698,Andrews
7,32,5,0.194991112,0.192030191,12849,10485,25698,Andrews
7,32,6,0.098475933,0.096050978,12849,10485,25698,Andrews
7,32,7,0.287994623,0.192032099,12849,10485,25698,Andrews
7,32,8,0.191999435,0.096050501,12849,10485,25698,Andrews
7,32,9,0.000833988,0.000690222,12849,10485,25698,Andrews
27,32,0,0.265987158,0.263059616,12852,10503,25704,Andrews
27,32,1,0.263991356,0.176049948,12852,10503,25704,Andrews
27,32,2,0.088991404,0.088093996,12852,10503,25704,Andrews
27,32,3,0.179990530,0.176056623,12852,10503,25704,Andrews
27,32,4,0.147891045,0.147768021,12852,10503,25704,Andrews
27,32,5,0.000405073,0.000283480,12852,10503,25704,Andrews
27,32,6,0.090989113,0.088029146,12852,10503,25704,Andrews
27,32,7,0.000377893,0.000267267,12852,10503,25704,Andrews
27,32,8,0.096985579,0.088049173,12852,10503,25704,Andrews
27,32,9,0.000374556,0.000277996,12852,10503,25704,Andrews
6,32,0,0.312978983,0.192011356,12755,10404,25510,Andrews
6,32,1,0.318993807,0.191009283,12755,10404,25510,Andrews
6,32,2,0.099000454,0.096034527,12755,10404,25510,Andrews
6,32,3,0.192007780,0.096033096,12755,10404,25510,Andrews
6,32,4,0.383981466,0.287997484,12755,10404,25510,Andrews
6,32,5,0.287988186,0.192054510,12755,10404,25510,Andrews
6,32,6,0.193990946,0.192044735,12755,10404,25510,Andrews
6,32,7,0.194980145,0.192046881,12755,10404,25510,Andrews
6,32,8,0.193206549,0.192035198,12755,10404,25510,Andrews
6,32,9,0.098597527,0.096070766,12755,10404,25510,Andrews
31,32,0,0.179196835,0.176043987,12985,10662,25970,Andrews
31,32,1,0.185993195,0.176050186,12985,10662,25970,Andrews
31,32,2,0.000390530,0.000277519,12985,10662,25970,Andrews
31,32,3,0.091989994,0.088072777,12985,10662,25970,Andrews
31,32,4,0.190993547,0.184035301,12985,10662,25970,Andrews
31,32,5,0.090988874,0.088055134,12985,10662,25970,Andrews
31,32,6,0.092968225,0.088025570,12985,10662,25970,Andrews
31,32,7,0.089955091,0.088034868,12985,10662,25970,Andrews
31,32,8,0.184955835,0.176001549,12985,10662,25970,Andrews
31,32,9,0.089998007,0.088103533,12985,10662,25970,Andrews
10,32,0,0.192982674,0.191999674,12701,10351,25402,Andrews
10,32,1,0.191984892,0.190992594,12701,10351,25402,Andrews
10,32,2,0.295994759,0.196009636,12701,10351,25402,Andrews
10,32,3,0.190996170,0.096032619,12701,10351,25402,Andrews
10,32,4,0.287985563,0.191999912,12701,10351,25402,Andrews
10,32,5,0.098796368,0.098637581,12701,10351,25402,Andrews
10,32,6,0.097985029,0.096035004,12701,10351,25402,Andrews
10,32,7,0.194982052,0.192017794,12701,10351,25402,Andrews
10,32,8,0.096740723,0.096038103,12701,10351,25402,Andrews
10,32,9,0.099350452,0.096118689,12701,10351,25402,Andrews
29,32,0,0.178981066,0.176038980,13327,11007,26654,Andrews
29,32,1,0.098894119,0.098778009,13327,11007,26654,Andrews
29,32,2,0.090941906,0.088001728,13327,11007,26654,Andrews
29,32,3,0.091988325,0.088070869,13327,11007,26654,Andrews
29,32,4,0.190991163,0.184036255,13327,11007,26654,Andrews
29,32,5,0.089989901,0.088065863,13327,11007,26654,Andrews
29,32,6,0.178988934,0.176013470,13327,11007,26654,Andrews
29,32,7,0.088992596,0.088064671,13327,11007,26654,Andrews
29,32,8,0.096838951,0.096712112,13327,11007,26654,Andrews
29,32,9,0.092274666,0.088085890,13327,11007,26654,Andrews
17,32,0,0.284998655,0.192017317,13019,10627,26038,Andrews
17,32,1,0.275007486,0.191007137,13019,10627,26038,Andrews
17,32,2,0.099004745,0.096037865,13019,10627,26038,Andrews
17,32,3,0.192007780,0.096034527,13019,10627,26038,Andrews
17,32,4,0.287999868,0.192007065,13019,10627,26038,Andrews
17,32,5,0.191989183,0.096055269,13019,10627,26038,Andrews
17,32,6,0.097994804,0.096035719,13019,10627,26038,Andrews
17,32,7,0.098996401,0.096042871,13019,10627,26038,Andrews
17,32,8,0.096158981,0.096043110,13019,10627,26038,Andrews
17,32,9,0.096180439,0.096066236,13019,10627,26038,Andrews
26,32,0,0.263987064,0.263036251,12594,10236,25188,Andrews
26,32,1,0.273989201,0.264041662,12594,10236,25188,Andrews
26,32,2,0.178985596,0.176007032,12594,10236,25188,Andrews
26,32,3,0.179964542,0.176061630,12594,10236,25188,Andrews
26,32,4,0.192986488,0.184017658,12594,10236,25188,Andrews
26,32,5,0.090988398,0.088056087,12594,10236,25188,Andrews
26,32,6,0.091833353,0.091711044,12594,10236,25188,Andrews
26,32,7,0.088984013,0.088054657,12594,10236,25188,Andrews
26,32,8,0.097992182,0.088067293,12594,10236,25188,Andrews
26,32,9,0.089987516,0.088078260,12594,10236,25188,Andrews
18,32,0,0.288976669,0.191998005,12733,10394,25466,Andrews
18,32,1,0.278990746,0.191001177,12733,10394,25466,Andrews
18,32,2,0.191991806,0.096028328,12733,10394,25466,Andrews
18,32,3,0.187998056,0.095052719,12733,10394,25466,Andrews
18,32,4,0.287987232,0.192005634,12733,10394,25466,Andrews
18,32,5,0.097982645,0.096035242,12733,10394,25466,Andrews
18,32,6,0.096152782,0.096035957,12733,10394,25466,Andrews
18,32,7,0.096154928,0.096038103,12733,10394,25466,Andrews
18,32,8,0.096159935,0.096036196,12733,10394,25466,Andrews
18,32,9,0.096184731,0.096059561,12733,10394,25466,Andrews
24,32,0,0.321329594,0.318373203,12576,10213,25152,Andrews
24,32,1,0.273987293,0.264034510,12576,10213,25152,Andrews
24,32,2,0.176975965,0.176053047,12576,10213,25152,Andrews
24,32,3,0.172195196,0.172062397,12576,10213,25152,Andrews
24,32,4,0.267976522,0.261019945,12576,10213,25152,Andrews
24,32,5,0.178960800,0.176015139,12576,10213,25152,Andrews
24,32,6,0.178980350,0.176037788,12576,10213,25152,Andrews
24,32,7,0.176980019,0.176028728,12576,10213,25152,Andrews
24,32,8,0.183983326,0.176058054,12576,10213,25152,Andrews
24,32,9,0.180569887,0.176056862,12576,10213,25152,Andrews
25,32,0,0.188912630,0.188795567,12929,10609,25858,Andrews
25,32,1,0.274012327,0.264064550,12929,10609,25858,Andrews
25,32,2,0.179712057,0.176052570,12929,10609,25858,Andrews
25,32,3,0.181998968,0.176102877,12929,10609,25858,Andrews
25,32,4,0.267993450,0.261039019,12929,10609,25858,Andrews
25,32,5,0.178994179,0.176010609,12929,10609,25858,Andrews
25,32,6,0.178995848,0.176037788,12929,10609,25858,Andrews
25,32,7,0.176996946,0.176013947,12929,10609,25858,Andrews
25,32,8,0.184993982,0.176064253,12929,10609,25858,Andrews
25,32,9,0.179996729,0.176075459,12929,10609,25858,Andrews
14,32,0,0.098523855,0.096005678,12670,10331,25340,Andrews
14,32,1,0.289995193,0.191004038,12670,10331,25340,Andrews
14,32,2,0.096138000,0.096024990,12670,10331,25340,Andrews
14,32,3,0.184009790,0.095025301,12670,10331,25340,Andrews
14,32,4,0.291986942,0.192002773,12670,10331,25340,Andrews
14,32,5,0.096148491,0.096033335,12670,10331,25340,Andrews
14,32,6,0.096121788,0.096002102,12670,10331,25340,Andrews
14,32,7,0.096146345,0.096027136,12670,10331,25340,Andrews
14,32,8,0.096136093,0.096011877,12670,10331,25340,Andrews
14,32,9,0.096184731,0.096062899,12670,10331,25340,Andrews
28,32,0,0.265977859,0.263030529,12705,10371,25410,Andrews
28,32,1,0.176987648,0.176041603,12705,10371,25410,Andrews
28,32,2,0.088979721,0.088061094,12705,10371,25410,Andrews
28,32,3,0.179992914,0.176040888,12705,10371,25410,Andrews
28,32,4,0.267989874,0.261037350,12705,10371,25410,Andrews
28,32,5,0.178996086,0.176007748,12705,10371,25410,Andrews
28,32,6,0.178993940,0.176038265,12705,10371,25410,Andrews
28,32,7,0.176997662,0.176063538,12705,10371,25410,Andrews
28,32,8,0.185043097,0.176068544,12705,10371,25410,Andrews
28,32,9,0.179992199,0.176070213,12705,10371,25410,Andrews
15,32,0,0.196984529,0.095999718,12942,10569,25884,Andrews
15,32,1,0.289999008,0.191009283,12942,10569,25884,Andrews
15,32,2,0.191999197,0.096029043,12942,10569,25884,Andrews
15,32,3,0.188004732,0.095036507,12942,10569,25884,Andrews
15,32,4,0.291996956,0.192018270,12942,10569,25884,Andrews
15,32,5,0.098989487,0.096036673,12942,10569,25884,Andrews
15,32,6,0.097990990,0.096014261,12942,10569,25884,Andrews
15,32,7,0.096156359,0.096034765,12942,10569,25884,Andrews
15,32,8,0.096134901,0.096006870,12942,10569,25884,Andrews
15,32,9,0.096193790,0.096073866,12942,10569,25884,Andrews
5,32,0,0.384993315,0.288013935,12980,10629,25960,Andrews
5,32,1,0.278996229,0.191002846,12980,10629,25960,Andrews
5,32,2,0.188879728,0.096051455,12980,10629,25960,Andrews
5,32,3,0.000249624,0.000123024,12980,10629,25960,Andrews
5,32,4,0.283984661,0.192003012,12980,10629,25960,Andrews
5,32,5,0.194993496,0.192031145,12980,10629,25960,Andrews
5,32,6,0.188909769,0.096046925,12980,10629,25960,Andrews
5,32,7,0.193982601,0.192024231,12980,10629,25960,Andrews
5,32,8,0.193996191,0.192011833,12980,10629,25960,Andrews
5,32,9,0.096176624,0.096063375,12980,10629,25960,Andrews
19,32,0,0.099946260,0.096007347,12879,10516,25758,Andrews
19,32,1,0.098902464,0.095005512,12879,10516,25758,Andrews
19,32,2,0.191995859,0.096019268,12879,10516,25758,Andrews
19,32,3,0.192006111,0.095027447,12879,10516,25758,Andrews
19,32,4,0.187994480,0.096007586,12879,10516,25758,Andrews
19,32,5,0.099697590,0.096029520,12879,10516,25758,Andrews
19,32,6,0.097987175,0.096002579,12879,10516,25758,Andrews
19,32,7,0.096155643,0.096040010,12879,10516,25758,Andrews
19,32,8,0.096126080,0.096008062,12879,10516,25758,Andrews
19,32,9,0.096190214,0.096063137,12879,10516,25758,Andrews
30,32,0,0.187994242,0.186027288,12832,10493,25664,Andrews
30,32,1,0.185946226,0.175997972,12832,10493,25664,Andrews
30,32,2,0.090990067,0.088046551,12832,10493,25664,Andrews
30,32,3,0.091983080,0.088076115,12832,10493,25664,Andrews
30,32,4,0.267992258,0.261036396,12832,10493,25664,Andrews
30,32,5,0.178984642,0.175995588,12832,10493,25664,Andrews
30,32,6,0.178984880,0.176029205,12832,10493,25664,Andrews
30,32,7,0.176994801,0.176009655,12832,10493,25664,Andrews
30,32,8,0.184980154,0.176042080,12832,10493,25664,Andrews
30,32,9,0.182729006,0.175985813,12832,10493,25664,Andrews
0,32,0,0.380953789,0.287976742,12681,10367,25362,Andrews
0,32,1,0.378951311,0.290962219,12681,10367,25362,Andrews
0,32,2,0.283996820,0.192023277,12681,10367,25362,Andrews
0,32,3,0.288885832,0.192015886,12681,10367,25362,Andrews
0,32,4,0.383957386,0.287971020,12681,10367,25362,Andrews
0,32,5,0.290962458,0.287996292,12681,10367,25362,Andrews
0,32,6,0.193497419,0.192001820,12681,10367,25362,Andrews
0,32,7,0.290956259,0.287989378,12681,10367,25362,Andrews
0,32,8,0.192146063,0.192008495,12681,10367,25362,Andrews
0,32,9,0.287954807,0.192051411,12681,10367,25362,Andrews
2,32,0,0.380982399,0.288001776,12628,10275,25256,Andrews
2,32,1,0.196990967,0.194997787,12628,10275,25256,Andrews
2,32,2,0.096172571,0.096041441,12628,10275,25256,Andrews
2,32,3,0.191008091,0.096036673,12628,10275,25256,Andrews
2,32,4,0.383996248,0.288011789,12628,10275,25256,Andrews
2,32,5,0.287990808,0.192052364,12628,10275,25256,Andrews
2,32,6,0.193983793,0.192037821,12628,10275,25256,Andrews
2,32,7,0.191975117,0.096032858,12628,10275,25256,Andrews
2,32,8,0.283986807,0.192032814,12628,10275,25256,Andrews
2,32,9,0.287980318,0.192059994,12628,10275,25256,Andrews
3,32,0,0.284992695,0.192012310,12823,10482,25646,Andrews
3,32,1,0.186996460,0.099011183,12823,10482,25646,Andrews
3,32,2,0.188005447,0.096042633,12823,10482,25646,Andrews
3,32,3,0.192009926,0.096032381,12823,10482,25646,Andrews
3,32,4,0.383994579,0.288017511,12823,10482,25646,Andrews
3,32,5,0.287987232,0.192054510,12823,10482,25646,Andrews
3,32,6,0.193984509,0.192044020,12823,10482,25646,Andrews
3,32,7,0.099538088,0.096046925,12823,10482,25646,Andrews
3,32,8,0.192995071,0.192045689,12823,10482,25646,Andrews
3,32,9,0.287994862,0.192089319,12823,10482,25646,Andrews
12,32,0,0.284987688,0.192002296,12520,10190,25040,Andrews
12,32,1,0.278994799,0.191004515,12520,10190,25040,Andrews
12,32,2,0.291997194,0.192012310,12520,10190,25040,Andrews
12,32,3,0.191003323,0.096033812,12520,10190,25040,Andrews
12,32,4,0.287986994,0.192000628,12520,10190,25040,Andrews
12,32,5,0.191972256,0.096025944,12520,10190,25040,Andrews
12,32,6,0.187998772,0.096038818,12520,10190,25040,Andrews
12,32,7,0.097829580,0.097690582,12520,10190,25040,Andrews
12,32,8,0.207994461,0.096037388,12520,10190,25040,Andrews
12,32,9,0.191997051,0.096065283,12520,10190,25040,Andrews
11,32,0,0.312990427,0.192009687,12953,10594,25906,Andrews
11,32,1,0.325987101,0.195001602,12953,10594,25906,Andrews
11,32,2,0.191990376,0.096016884,12953,10594,25906,Andrews
11,32,3,0.184890270,0.095032215,12953,10594,25906,Andrews
11,32,4,0.287992477,0.192010641,12953,10594,25906,Andrews
11,32,5,0.192004204,0.096057415,12953,10594,25906,Andrews
11,32,6,0.191999435,0.096049786,12953,10594,25906,Andrews
11,32,7,0.191986561,0.096046448,12953,10594,25906,Andrews
11,32,8,0.187995434,0.096037626,12953,10594,25906,Andrews
11,32,9,0.191998482,0.096073389,12953,10594,25906,Andrews
8,32,0,0.384994745,0.288010836,12629,10321,25258,Andrews
8,32,1,0.374997616,0.286998749,12629,10321,25258,Andrews
8,32,2,0.283999205,0.192035437,12629,10321,25258,Andrews
8,32,3,0.284004688,0.191079855,12629,10321,25258,Andrews
8,32,4,0.383985043,0.288006067,12629,10321,25258,Andrews
8,32,5,0.287993670,0.192036390,12629,10321,25258,Andrews
8,32,6,0.287986517,0.192028522,12629,10321,25258,Andrews
8,32,7,0.287993670,0.192041397,12629,10321,25258,Andrews
8,32,8,0.283985615,0.192023277,12629,10321,25258,Andrews
8,32,9,0.287983179,0.192045927,12629,10321,25258,Andrews
22,32,0,0.196983576,0.100001097,12606,10279,25212,Andrews
22,32,1,0.190990925,0.096004248,12606,10279,25212,Andrews
22,32,2,0.191998243,0.096024990,12606,10279,25212,Andrews
22,32,3,0.212002754,0.095029354,12606,10279,25212,Andrews
22,32,4,0.211990833,0.096008539,12606,10279,25212,Andrews
22,32,5,0.287988901,0.192035675,12606,10279,25212,Andrews
22,32,6,0.215979099,0.096047163,12606,10279,25212,Andrews
22,32,7,0.191979885,0.096046925,12606,10279,25212,Andrews
22,32,8,0.211982965,0.096028090,12606,10279,25212,Andrews
22,32,9,0.191987753,0.096055269,12606,10279,25212,Andrews
9,32,0,0.384993792,0.288016319,12900,10561,25800,Andrews
9,32,1,0.381993532,0.287001610,12900,10561,25800,Andrews
9,32,2,0.288004398,0.192037106,12900,10561,25800,Andrews
9,32,3,0.284001827,0.191057920,12900,10561,25800,Andrews
9,32,4,0.384000540,0.288008928,12900,10561,25800,Andrews
9,32,5,0.288006783,0.192034483,12900,10561,25800,Andrews
9,32,6,0.287992477,0.192032099,12900,10561,25800,Andrews
9,32,7,0.287983656,0.192040205,12900,10561,25800,Andrews
9,32,8,0.287995100,0.192043304,12900,10561,25800,Andrews
9,32,9,0.288005590,0.192059517,12900,10561,25800,Andrews
16,32,0,0.195238113,0.192004442,12737,10418,25474,Andrews
16,32,1,0.193470478,0.190998554,12737,10418,25474,Andrews
16,32,2,0.287993908,0.192016125,12737,10418,25474,Andrews
16,32,3,0.288001060,0.191021681,12737,10418,25474,Andrews
16,32,4,0.192149162,0.192016602,12737,10418,25474,Andrews
16,32,5,0.283978939,0.188025951,12737,10418,25474,Andrews
16,32,6,0.197984934,0.196032047,12737,10418,25474,Andrews
16,32,7,0.194990635,0.192028046,12737,10418,25474,Andrews
16,32,8,0.287976265,0.192024708,12737,10418,25474,Andrews
16,32,9,0.288006306,0.192066431,12737,10418,25474,Andrews
21,32,0,0.188987255,0.092006683,13110,10721,26220,Andrews
21,32,1,0.190997601,0.096002579,13110,10721,26220,Andrews
21,32,2,0.192006588,0.096029758,13110,10721,26220,Andrews
21,32,3,0.188008070,0.095062256,13110,10721,26220,Andrews
21,32,4,0.191981554,0.095992327,13110,10721,26220,Andrews
21,32,5,0.098995924,0.096040487,13110,10721,26220,Andrews
21,32,6,0.094000340,0.092015266,13110,10721,26220,Andrews
21,32,7,0.098986864,0.096035480,13110,10721,26220,Andrews
21,32,8,0.192000151,0.096028805,13110,10721,26220,Andrews
21,32,9,0.191990137,0.096066713,13110,10721,26220,Andrews
1,32,0,0.388995171,0.288012028,12954,10608,25908,Andrews
1,32,1,0.385995388,0.287009239,12954,10608,25908,Andrews
1,32,2,0.288001299,0.192030907,12954,10608,25908,Andrews
1,32,3,0.280004263,0.191035748,12954,10608,25908,Andrews
1,32,4,0.387989759,0.288005829,12954,10608,25908,Andrews
1,32,5,0.287991762,0.192039490,12954,10608,25908,Andrews
1,32,6,0.194680452,0.192021132,12954,10608,25908,Andrews
1,32,7,0.287995577,0.192039967,12954,10608,25908,Andrews
1,32,8,0.287998199,0.192014933,12954,10608,25908,Andrews
1,32,9,0.287996769,0.192069292,12954,10608,25908,Andrews
20,32,0,0.212988138,0.096005917,12724,10396,25448,Andrews
20,32,1,0.246016741,0.095011473,12724,10396,25448,Andrews
20,32,2,0.215998411,0.096045971,12724,10396,25448,Andrews
20,32,3,0.220000505,0.096043110,12724,10396,25448,Andrews
20,32,4,0.291989326,0.192000151,12724,10396,25448,Andrews
20,32,5,0.287995577,0.192031384,12724,10396,25448,Andrews
20,32,6,0.287992477,0.192006350,12724,10396,25448,Andrews
20,32,7,0.287986994,0.192030191,12724,10396,25448,Andrews
20,32,8,0.287992239,0.192008495,12724,10396,25448,Andrews
20,32,9,0.287997007,0.192059517,12724,10396,25448,Andrews
23,32,0,0.000404119,0.000213146,12943,10619,25886,Andrews
23,32,1,0.000333786,0.000164986,12943,10619,25886,Andrews
23,32,2,0.191993713,0.096017838,12943,10619,25886,Andrews
23,32,3,0.188004494,0.095028400,12943,10619,25886,Andrews
23,32,4,0.000356197,0.000188828,12943,10619,25886,Andrews
23,32,5,0.191993237,0.096031427,12943,10619,25886,Andrews
23,32,6,0.191989899,0.096012592,12943,10619,25886,Andrews
23,32,7,0.191987753,0.096032381,12943,10619,25886,Andrews
23,32,8,0.191992760,0.096002340,12943,10619,25886,Andrews
23,32,9,0.191990376,0.096097946,12943,10619,25886,Andrews
13,32,0,0.184997320,0.096014023,12969,10626,25938,Andrews
13,32,1,0.182999611,0.095008135,12969,10626,25938,Andrews
13,32,2,0.195992708,0.096011877,12969,10626,25938,Andrews
13,32,3,0.192005873,0.095018864,12969,10626,25938,Andrews
13,32,4,0.187998295,0.096007824,12969,10626,25938,Andrews
13,32,5,0.191992760,0.096024275,12969,10626,25938,Andrews
13,32,6,0.000324011,0.000178576,12969,10626,25938,Andrews
13,32,7,0.191991806,0.096025229,12969,10626,25938,Andrews
13,32,8,0.000327349,0.000176907,12969,10626,25938,Andrews
13,32,9,0.192003489,0.096053600,12969,10626,25938,Andrews
4,32,0,0.380990267,0.288006783,12572,10228,25144,Andrews
4,32,1,0.358989000,0.270995140,12572,10228,25144,Andrews
4,32,2,0.097898245,0.097717524,12572,10228,25144,Andrews
4,32,3,0.191002369,0.096036196,12572,10228,25144,Andrews
4,32,4,0.383986950,0.288005829,12572,10228,25144,Andrews
4,32,5,0.287990332,0.192052841,12572,10228,25144,Andrews
4,32,6,0.283985615,0.192034483,12572,10228,25144,Andrews
4,32,7,0.287991524,0.192058802,12572,10228,25144,Andrews
4,32,8,0.284893990,0.192050695,12572,10228,25144,Andrews
4,32,9,0.287997246,0.192061424,12572,10228,25144,Andrews
15,64,0,0.480135202,0.480004549,6509,5452,13018,Andrews
15,64,1,0.480157852,0.480044127,6509,5452,13018,Andrews
15,64,2,0.479117632,0.479000807,6509,5452,13018,Andrews
15,64,3,0.575116634,0.575008154,6509,5452,13018,Andrews
15,64,4,0.676113367,0.676010609,6509,5452,13018,Andrews
15,64,5,0.766104460,0.766012907,6509,5452,13018,Andrews
15,64,6,0.865154266,0.865043163,6509,5452,13018,Andrews
15,64,7,0.864158869,0.864052296,6509,5452,13018,Andrews
15,64,8,0.771992922,0.768029213,6509,5452,13018,Andrews
15,64,9,0.669132710,0.669014931,6509,5452,13018,Andrews
16,64,0,0.578274012,0.575995445,6455,5396,12910,Andrews
16,64,1,0.576710939,0.576067448,6455,5396,12910,Andrews
16,64,2,0.576410294,0.575010300,6455,5396,12910,Andrews
16,64,3,0.576065063,0.575248957,6455,5396,12910,Andrews
16,64,4,0.764358759,0.764245987,6455,5396,12910,Andrews
16,64,5,0.957995415,0.862012863,6455,5396,12910,Andrews
16,64,6,0.957324028,0.957218885,6455,5396,12910,Andrews
16,64,7,0.869344950,0.869232655,6455,5396,12910,Andrews
16,64,8,0.871973991,0.860182047,6455,5396,12910,Andrews
16,64,9,0.961284637,0.961179256,6455,5396,12910,Andrews
14,64,0,0.480304718,0.480179548,6226,5174,12452,Andrews
14,64,1,0.577454805,0.576040506,6226,5174,12452,Andrews
14,64,2,0.483314991,0.483217478,6226,5174,12452,Andrews
14,64,3,0.571120501,0.571010113,6226,5174,12452,Andrews
14,64,4,0.674817324,0.672016621,6226,5174,12452,Andrews
14,64,5,0.958007097,0.862006426,6226,5174,12452,Andrews
14,64,6,0.961137056,0.961033106,6226,5174,12452,Andrews
14,64,7,0.869156122,0.869048595,6226,5174,12452,Andrews
14,64,8,0.872004032,0.868030787,6226,5174,12452,Andrews
14,64,9,0.769130230,0.769014120,6226,5174,12452,Andrews
24,64,0,0.792041779,0.791981220,6384,5333,12768,Andrews
24,64,1,0.792097330,0.792017937,6384,5333,12768,Andrews
24,64,2,0.787439346,0.787381172,6384,5333,12768,Andrews
24,64,3,0.792076111,0.792026758,6384,5333,12768,Andrews
24,64,4,0.792203665,0.792103291,6384,5333,12768,Andrews
24,64,5,0.792217493,0.792106867,6384,5333,12768,Andrews
24,64,6,0.799832821,0.799754381,6384,5333,12768,Andrews
24,64,7,0.800197124,0.800102234,6384,5333,12768,Andrews
24,64,8,0.792186737,0.792057514,6384,5333,12768,Andrews
24,64,9,0.792204380,0.792112827,6384,5333,12768,Andrews
18,64,0,0.576127291,0.575997591,6424,5361,12848,Andrews
18,64,1,0.576156616,0.576040983,6424,5361,12848,Andrews
18,64,2,0.575090170,0.575011730,6424,5361,12848,Andrews
18,64,3,0.575120926,0.575005531,6424,5361,12848,Andrews
18,64,4,0.768104553,0.768015146,6424,5361,12848,Andrews
18,64,5,0.866093874,0.866010666,6424,5361,12848,Andrews
18,64,6,0.961117744,0.961010456,6424,5361,12848,Andrews
18,64,7,0.861348391,0.861245871,6424,5361,12848,Andrews
18,64,8,0.872006655,0.864235163,6424,5361,12848,Andrews
18,64,9,0.957120180,0.957003355,6424,5361,12848,Andrews
22,64,0,0.480137348,0.480001211,6284,5239,12568,Andrews
22,64,1,0.384151697,0.384046316,6284,5239,12568,Andrews
22,64,2,0.483108521,0.483008146,6284,5239,12568,Andrews
22,64,3,0.575130701,0.575004816,6284,5239,12568,Andrews
22,64,4,0.772094250,0.772017717,6284,5239,12568,Andrews
22,64,5,0.768988609,0.766012907,6284,5239,12568,Andrews
22,64,6,0.861112118,0.861005545,6284,5239,12568,Andrews
22,64,7,0.864130020,0.864024639,6284,5239,12568,Andrews
22,64,8,0.763981342,0.759986639,6284,5239,12568,Andrews
22,64,9,0.868618011,0.865000725,6284,5239,12568,Andrews
21,64,0,0.480087519,0.479956865,6524,5460,13048,Andrews
21,64,1,0.384149313,0.384052515,6524,5460,13048,Andrews
21,64,2,0.387104034,0.387017012,6524,5460,13048,Andrews
21,64,3,0.575839996,0.575004101,6524,5460,13048,Andrews
21,64,4,0.772119284,0.772014380,6524,5460,13048,Andrews
21,64,5,0.821517944,0.817969561,6524,5460,13048,Andrews
21,64,6,0.865360975,0.865253448,6524,5460,13048,Andrews
21,64,7,0.840365171,0.840249062,6524,5460,13048,Andrews
21,64,8,0.772000313,0.763991594,6524,5460,13048,Andrews
21,64,9,0.865109921,0.865005255,6524,5460,13048,Andrews
20,64,0,0.480329752,0.480198860,6349,5293,12698,Andrews
20,64,1,0.480133772,0.480054617,6349,5293,12698,Andrews
20,64,2,0.483102083,0.483017683,6349,5293,12698,Andrews
20,64,3,0.579142809,0.579011679,6349,5293,12698,Andrews
20,64,4,0.764106035,0.764022589,6349,5293,12698,Andrews
20,64,5,0.864019156,0.862010717,6349,5293,12698,Andrews
20,64,6,0.957095385,0.956973791,6349,5293,12698,Andrews
20,64,7,0.868131399,0.868017673,6349,5293,12698,Andrews
20,64,8,0.869235277,0.863967419,6349,5293,12698,Andrews
20,64,9,0.961865187,0.960997581,6349,5293,12698,Andrews
17,64,0,0.480111599,0.479998827,6577,5510,13154,Andrews
17,64,1,0.480139971,0.480055332,6577,5510,13154,Andrews
17,64,2,0.479112864,0.479027987,6577,5510,13154,Andrews
17,64,3,0.579871416,0.579010487,6577,5510,13154,Andrews
17,64,4,0.770286798,0.768018484,6577,5510,13154,Andrews
17,64,5,0.865447521,0.862008810,6577,5510,13154,Andrews
17,64,6,0.957349300,0.957240820,6577,5510,13154,Andrews
17,64,7,0.869325876,0.869237661,6577,5510,13154,Andrews
17,64,8,0.860549212,0.860193014,6577,5510,13154,Andrews
17,64,9,0.962612867,0.960981607,6577,5510,13154,Andrews
19,64,0,0.575993776,0.480197668,6488,5422,12976,Andrews
19,64,1,0.575996161,0.480065823,6488,5422,12976,Andrews
19,64,2,0.574986696,0.479260206,6488,5422,12976,Andrews
19,64,3,0.579110622,0.579010010,6488,5422,12976,Andrews
19,64,4,0.784000158,0.688023329,6488,5422,12976,Andrews
19,64,5,0.768735170,0.766013145,6488,5422,12976,Andrews
19,64,6,0.957132578,0.957035542,6488,5422,12976,Andrews
19,64,7,0.868123293,0.868012905,6488,5422,12976,Andrews
19,64,8,0.867975235,0.856108427,6488,5422,12976,Andrews
19,64,9,0.963387728,0.961002588,6488,5422,12976,Andrews
23,64,0,0.385557652,0.384011984,6504,5452,13008,Andrews
23,64,1,0.384167671,0.384047508,6504,5452,13008,Andrews
23,64,2,0.383992910,0.383015871,6504,5452,13008,Andrews
23,64,3,0.484590769,0.483022451,6504,5452,13008,Andrews
23,64,4,0.675536156,0.672026157,6504,5452,13008,Andrews
23,64,5,0.861996889,0.766015053,6504,5452,13008,Andrews
23,64,6,0.861107349,0.861002445,6504,5452,13008,Andrews
23,64,7,0.772112608,0.772007465,6504,5452,13008,Andrews
23,64,8,0.771961212,0.767967939,6504,5452,13008,Andrews
23,64,9,0.868164301,0.865003347,6504,5452,13008,Andrews
25,64,0,0.795984983,0.792070627,6405,5352,12810,Andrews
25,64,1,0.797989130,0.792083263,6405,5352,12810,Andrews
25,64,2,0.797986031,0.792073965,6405,5352,12810,Andrews
25,64,3,0.792986870,0.792073011,6405,5352,12810,Andrews
25,64,4,0.794997692,0.792068005,6405,5352,12810,Andrews
25,64,5,0.794984341,0.792066097,6405,5352,12810,Andrews
25,64,6,0.792243481,0.792183638,6405,5352,12810,Andrews
25,64,7,0.800245762,0.800154686,6405,5352,12810,Andrews
25,64,8,0.792296886,0.792145014,6405,5352,12810,Andrews
25,64,9,0.792254448,0.792156696,6405,5352,12810,Andrews
26,64,0,0.800982237,0.792033911,6280,5236,12560,Andrews
26,64,1,0.800191641,0.792037487,6280,5236,12560,Andrews
26,64,2,0.797962666,0.792010069,6280,5236,12560,Andrews
26,64,3,0.792991400,0.792057991,6280,5236,12560,Andrews
26,64,4,0.794994831,0.792058945,6280,5236,12560,Andrews
26,64,5,0.794987440,0.792055130,6280,5236,12560,Andrews
26,64,6,0.793994427,0.792187929,6280,5236,12560,Andrews
26,64,7,0.801990986,0.800158978,6280,5236,12560,Andrews
26,64,8,0.793991327,0.792129278,6280,5236,12560,Andrews
26,64,9,0.793992758,0.792190313,6280,5236,12560,Andrews
12,64,0,0.576815844,0.576015711,6127,5076,12254,Andrews
12,64,1,0.672157526,0.672041178,6127,5076,12254,Andrews
12,64,2,0.576873064,0.575043440,6127,5076,12254,Andrews
12,64,3,0.575321436,0.575197458,6127,5076,12254,Andrews
12,64,4,0.772126675,0.772017956,6127,5076,12254,Andrews
12,64,5,0.862358809,0.862235785,6127,5076,12254,Andrews
12,64,6,1.157142162,1.157027006,6127,5076,12254,Andrews
12,64,7,1.053147078,1.053054571,6127,5076,12254,Andrews
12,64,8,1.031971931,1.028006315,6127,5076,12254,Andrews
12,64,9,0.961093664,0.960985899,6127,5076,12254,Andrews
27,64,0,0.800986767,0.791996241,6471,5435,12942,Andrews
27,64,1,0.797991514,0.792004347,6471,5435,12942,Andrews
27,64,2,0.797985315,0.791999817,6471,5435,12942,Andrews
27,64,3,0.792988777,0.792032957,6471,5435,12942,Andrews
27,64,4,0.794993162,0.792039394,6471,5435,12942,Andrews
27,64,5,0.796987295,0.792001486,6471,5435,12942,Andrews
27,64,6,0.792243958,0.792166233,6471,5435,12942,Andrews
27,64,7,0.789241076,0.789150476,6471,5435,12942,Andrews
27,64,8,0.792313099,0.792186022,6471,5435,12942,Andrews
27,64,9,0.792246342,0.792161465,6471,5435,12942,Andrews
13,64,0,0.576148272,0.576007366,6493,5433,12986,Andrews
13,64,1,0.576159000,0.576047897,6493,5433,12986,Andrews
13,64,2,0.575159311,0.575047255,6493,5433,12986,Andrews
13,64,3,0.575124741,0.575005770,6493,5433,12986,Andrews
13,64,4,0.772607088,0.772003889,6493,5433,12986,Andrews
13,64,5,0.865848064,0.862059116,6493,5433,12986,Andrews
13,64,6,1.061127663,1.061030865,6493,5433,12986,Andrews
13,64,7,0.956157446,0.956051588,6493,5433,12986,Andrews
13,64,8,0.872345209,0.868005991,6493,5433,12986,Andrews
13,64,9,0.972992420,0.877011776,6493,5433,12986,Andrews
32,64,0,0.800988913,0.792003155,6382,5350,12764,Andrews
32,64,1,0.797992229,0.792027473,6382,5350,12764,Andrews
32,64,2,0.797991514,0.792001724,6382,5350,12764,Andrews
32,64,3,0.792048693,0.792007923,6382,5350,12764,Andrews
32,64,4,0.793919325,0.792004347,6382,5350,12764,Andrews
32,64,5,0.799935818,0.791953087,6382,5350,12764,Andrews
32,64,6,0.792246342,0.792164087,6382,5350,12764,Andrews
32,64,7,0.789258242,0.789167404,6382,5350,12764,Andrews
32,64,8,0.792309761,0.792173147,6382,5350,12764,Andrews
32,64,9,0.792286158,0.792197704,6382,5350,12764,Andrews
48,64,0,0.890507460,0.880587339,6282,5236,12564,Andrews
48,64,1,0.788843632,0.781984568,6282,5236,12564,Andrews
48,64,2,0.887937784,0.881018162,6282,5236,12564,Andrews
48,64,3,0.882505894,0.879606724,6282,5236,12564,Andrews
48,64,4,1.073639631,1.073564053,6282,5236,12564,Andrews
48,64,5,1.118961573,1.047014236,6282,5236,12564,Andrews
48,64,6,1.223975897,1.222020149,6282,5236,12564,Andrews
48,64,7,1.140565157,1.140505791,6282,5236,12564,Andrews
48,64,8,1.222973824,1.220010281,6282,5236,12564,Andrews
48,64,9,1.082566738,1.082487583,6282,5236,12564,Andrews
40,64,0,0.795977116,0.792071819,6351,5311,12702,Andrews
40,64,1,0.792982817,0.792080402,6351,5311,12702,Andrews
40,64,2,0.792988777,0.792085648,6351,5311,12702,Andrews
40,64,3,1.056991339,1.056027412,6351,5311,12702,Andrews
40,64,4,0.792986870,0.792006731,6351,5311,12702,Andrews
40,64,5,0.795989990,0.792006493,6351,5311,12702,Andrews
40,64,6,0.792316437,0.792236090,6351,5311,12702,Andrews
40,64,7,0.789316893,0.789224386,6351,5311,12702,Andrews
40,64,8,0.792351484,0.792214632,6351,5311,12702,Andrews
40,64,9,0.792322636,0.792230368,6351,5311,12702,Andrews
4,64,0,0.768145561,0.768012524,6290,5229,12580,Andrews
4,64,1,0.768174887,0.768062592,6290,5229,12580,Andrews
4,64,2,0.767151356,0.767050505,6290,5229,12580,Andrews
4,64,3,0.767141819,0.767047882,6290,5229,12580,Andrews
4,64,4,0.964161873,0.964056969,6290,5229,12580,Andrews
4,64,5,1.054157972,1.054042816,6290,5229,12580,Andrews
4,64,6,1.249140739,1.249026775,6290,5229,12580,Andrews
4,64,7,1.149191618,1.149079084,6290,5229,12580,Andrews
4,64,8,1.218926668,1.147985458,6290,5229,12580,Andrews
4,64,9,1.153153419,1.153042555,6290,5229,12580,Andrews
47,64,0,0.536985397,0.528011322,6433,5369,12866,Andrews
47,64,1,0.797941208,0.791974783,6433,5369,12866,Andrews
47,64,2,0.797984123,0.792009830,6433,5369,12866,Andrews
47,64,3,0.792050838,0.792010307,6433,5369,12866,Andrews
47,64,4,0.528987169,0.528015614,6433,5369,12866,Andrews
47,64,5,0.531985283,0.528010130,6433,5369,12866,Andrews
47,64,6,0.266388893,0.264073610,6433,5369,12866,Andrews
47,64,7,0.265983820,0.264066458,6433,5369,12866,Andrews
47,64,8,0.264979601,0.264056683,6433,5369,12866,Andrews
47,64,9,0.265981674,0.264120579,6433,5369,12866,Andrews
6,64,0,0.768132925,0.768005610,6376,5302,12752,Andrews
6,64,1,0.672157526,0.672039270,6376,5302,12752,Andrews
6,64,2,0.775161028,0.775049686,6376,5302,12752,Andrews
6,64,3,0.763141394,0.763034105,6376,5302,12752,Andrews
6,64,4,0.920158148,0.920045614,6376,5302,12752,Andrews
6,64,5,0.962159634,0.962036848,6376,5302,12752,Andrews
6,64,6,1.157089710,1.157011747,6376,5302,12752,Andrews
6,64,7,1.149141788,1.149057150,6376,5302,12752,Andrews
6,64,8,1.238937855,1.142989397,6376,5302,12752,Andrews
6,64,9,1.153141260,1.153057098,6376,5302,12752,Andrews
52,64,0,0.897992849,0.888078928,6375,5328,12750,Andrews
52,64,1,0.637993336,0.633074760,6375,5328,12750,Andrews
52,64,2,0.710564375,0.710479021,6375,5328,12750,Andrews
52,64,3,0.844944000,0.844009876,6375,5328,12750,Andrews
52,64,4,1.064994812,1.057017803,6375,5328,12750,Andrews
52,64,5,1.043998718,0.862056732,6375,5328,12750,Andrews
52,64,6,1.234995127,1.227045059,6375,5328,12750,Andrews
52,64,7,1.237998009,1.232028246,6375,5328,12750,Andrews
52,64,8,1.222998857,1.220035315,6375,5328,12750,Andrews
52,64,9,1.070997715,1.062058449,6375,5328,12750,Andrews
29,64,0,0.800984859,0.792009115,6770,5706,13540,Andrews
29,64,1,0.797991276,0.792012215,6770,5706,13540,Andrews
29,64,2,0.797993422,0.792001963,6770,5706,13540,Andrews
29,64,3,0.792031527,0.791987419,6770,5706,13540,Andrews
29,64,4,0.792985439,0.792006254,6770,5706,13540,Andrews
29,64,5,0.795980215,0.792000771,6770,5706,13540,Andrews
29,64,6,0.795994520,0.792090178,6770,5706,13540,Andrews
29,64,7,0.789990902,0.789067030,6770,5706,13540,Andrews
29,64,8,0.792971611,0.792041302,6770,5706,13540,Andrews
29,64,9,0.792984962,0.792115688,6770,5706,13540,Andrews
55,64,0,0.878971815,0.703032017,6439,5408,12878,Andrews
55,64,1,0.549009562,0.544041872,6439,5408,12878,Andrews
55,64,2,0.525991678,0.517070770,6439,5408,12878,Andrews
55,64,3,0.709990740,0.706014395,6439,5408,12878,Andrews
55,64,4,0.882996559,0.875024080,6439,5408,12878,Andrews
55,64,5,0.721996784,0.713028431,6439,5408,12878,Andrews
55,64,6,1.063995123,1.056031704,6439,5408,12878,Andrews
55,64,7,1.059785843,1.058025360,6439,5408,12878,Andrews
55,64,8,1.072993994,1.070026159,6439,5408,12878,Andrews
55,64,9,0.874999762,0.866069078,6439,5408,12878,Andrews
46,64,0,0.531980038,0.528062344,6444,5384,12888,Andrews
46,64,1,0.798607349,0.792062044,6444,5384,12888,Andrews
46,64,2,0.797984123,0.792059422,6444,5384,12888,Andrews
46,64,3,0.792987347,0.792057276,6444,5384,12888,Andrews
46,64,4,0.531177521,0.528051853,6444,5384,12888,Andrews
46,64,5,0.531012058,0.528024673,6444,5384,12888,Andrews
46,64,6,0.529984236,0.528058529,6444,5384,12888,Andrews
46,64,7,0.528404951,0.525300026,6444,5384,12888,Andrews
46,64,8,0.530052423,0.528048277,6444,5384,12888,Andrews
46,64,9,0.528954983,0.528079987,6444,5384,12888,Andrews
3,64,0,0.769806862,0.767982960,6446,5400,12892,Andrews
3,64,1,0.768192291,0.768067122,6446,5400,12892,Andrews
3,64,2,0.767139435,0.767055988,6446,5400,12892,Andrews
3,64,3,0.767142534,0.767054081,6446,5400,12892,Andrews
3,64,4,0.964148045,0.964061499,6446,5400,12892,Andrews
3,64,5,1.058731318,1.058028698,6446,5400,12892,Andrews
3,64,6,1.193143368,1.193029881,6446,5400,12892,Andrews
3,64,7,1.245140791,1.245053530,6446,5400,12892,Andrews
3,64,8,1.230935335,1.135302067,6446,5400,12892,Andrews
3,64,9,1.060820341,1.057031870,6446,5400,12892,Andrews
8,64,0,0.672137022,0.672006607,6278,5232,12556,Andrews
8,64,1,0.672168016,0.672044039,6278,5232,12556,Andrews
8,64,2,0.644599199,0.643044949,6278,5232,12556,Andrews
8,64,3,0.670998573,0.575199366,6278,5232,12556,Andrews
8,64,4,0.869569302,0.868053675,6278,5232,12556,Andrews
8,64,5,1.057995558,0.962045193,6278,5232,12556,Andrews
8,64,6,1.255272865,1.252995968,6278,5232,12556,Andrews
8,64,7,1.243291378,1.241050482,6278,5232,12556,Andrews
8,64,8,1.250949860,1.152297974,6278,5232,12556,Andrews
8,64,9,1.153109789,1.153035641,6278,5232,12556,Andrews
59,64,0,0.523977995,0.516059637,6381,5325,12762,Andrews
59,64,1,0.352993965,0.346075296,6381,5325,12762,Andrews
59,64,2,0.639917374,0.632981300,6381,5325,12762,Andrews
59,64,3,0.709992409,0.708015203,6381,5325,12762,Andrews
59,64,4,0.893998146,0.886037111,6381,5325,12762,Andrews
59,64,5,0.881997108,0.873025179,6381,5325,12762,Andrews
59,64,6,0.878999710,0.871041298,6381,5325,12762,Andrews
59,64,7,0.876997709,0.871050596,6381,5325,12762,Andrews
59,64,8,0.956995964,0.954057455,6381,5325,12762,Andrews
59,64,9,0.896997213,0.888061285,6381,5325,12762,Andrews
9,64,0,0.672081470,0.671956301,6417,5371,12834,Andrews
9,64,1,0.576886415,0.576067686,6417,5371,12834,Andrews
9,64,2,0.575795650,0.575044870,6417,5371,12834,Andrews
9,64,3,0.575838089,0.575013399,6417,5371,12834,Andrews
9,64,4,0.768667698,0.768066168,6417,5371,12834,Andrews
9,64,5,0.866650820,0.866063833,6417,5371,12834,Andrews
9,64,6,1.153150320,1.153024673,6417,5371,12834,Andrews
9,64,7,1.149849176,1.149047375,6417,5371,12834,Andrews
9,64,8,1.063965559,1.060004950,6417,5371,12834,Andrews
9,64,9,1.153644323,1.153043985,6417,5371,12834,Andrews
30,64,0,0.800988674,0.791997910,6517,5461,13034,Andrews
30,64,1,0.797996044,0.792008638,6517,5461,13034,Andrews
30,64,2,0.797984600,0.791997433,6517,5461,13034,Andrews
30,64,3,0.792055845,0.792007923,6517,5461,13034,Andrews
30,64,4,0.792988539,0.792008877,6517,5461,13034,Andrews
30,64,5,0.795991421,0.792004585,6517,5461,13034,Andrews
30,64,6,0.796046495,0.792058706,6517,5461,13034,Andrews
30,64,7,0.791990757,0.789227486,6517,5461,13034,Andrews
30,64,8,0.793993711,0.792036533,6517,5461,13034,Andrews
30,64,9,0.792947531,0.792058229,6517,5461,13034,Andrews
2,64,0,0.864144087,0.864012480,6393,5340,12786,Andrews
2,64,1,0.768174648,0.768061399,6393,5340,12786,Andrews
2,64,2,0.958974123,0.863023281,6393,5340,12786,Andrews
2,64,3,0.862152576,0.862043142,6393,5340,12786,Andrews
2,64,4,1.055151701,1.055044889,6393,5340,12786,Andrews
2,64,5,1.058146715,1.058046341,6393,5340,12786,Andrews
2,64,6,1.249843121,1.249025822,6393,5340,12786,Andrews
2,64,7,1.185704708,1.185600758,6393,5340,12786,Andrews
2,64,8,1.153737307,1.152026892,6393,5340,12786,Andrews
2,64,9,1.149996281,1.149036646,6393,5340,12786,Andrews
11,64,0,0.672134161,0.672013044,6503,5456,13006,Andrews
11,64,1,0.576180220,0.576061249,6503,5456,13006,Andrews
11,64,2,0.575164557,0.575050116,6503,5456,13006,Andrews
11,64,3,0.575126171,0.575004339,6503,5456,13006,Andrews
11,64,4,0.768171072,0.768066406,6503,5456,13006,Andrews
11,64,5,0.866135120,0.866057158,6503,5456,13006,Andrews
11,64,6,1.160043716,1.157026768,6503,5456,13006,Andrews
11,64,7,1.052165985,1.052060843,6503,5456,13006,Andrews
11,64,8,1.070445061,1.068020582,6503,5456,13006,Andrews
11,64,9,1.053991318,1.053030014,6503,5456,13006,Andrews
60,64,0,0.723948717,0.714017391,6292,5238,12584,Andrews
60,64,1,0.532987118,0.528058290,6292,5238,12584,Andrews
60,64,2,0.716927528,0.710000753,6292,5238,12584,Andrews
60,64,3,0.701547623,0.701457739,6292,5238,12584,Andrews
60,64,4,0.871998310,0.866027117,6292,5238,12584,Andrews
60,64,5,0.892995119,0.884045839,6292,5238,12584,Andrews
60,64,6,1.061998367,1.058019161,6292,5238,12584,Andrews
60,64,7,1.051007032,1.045045614,6292,5238,12584,Andrews
60,64,8,1.071998596,1.068034887,6292,5238,12584,Andrews
60,64,9,0.885999203,0.877053022,6292,5238,12584,Andrews
37,64,0,0.800987005,0.792034388,6475,5417,12950,Andrews
37,64,1,0.797991276,0.792013168,6475,5417,12950,Andrews
37,64,2,0.533977032,0.527999163,6475,5417,12950,Andrews
37,64,3,0.528072596,0.528027773,6475,5417,12950,Andrews
37,64,4,0.528978109,0.528029680,6475,5417,12950,Andrews
37,64,5,0.531985760,0.528008223,6475,5417,12950,Andrews
37,64,6,0.531981468,0.528063059,6475,5417,12950,Andrews
37,64,7,0.527986050,0.525360107,6475,5417,12950,Andrews
37,64,8,0.529996872,0.528049231,6475,5417,12950,Andrews
37,64,9,0.528990030,0.528119087,6475,5417,12950,Andrews
57,64,0,0.874967575,0.701053143,6524,5482,13048,Andrews
57,64,1,0.522577763,0.522497654,6524,5482,13048,Andrews
57,64,2,0.705990553,0.699065924,6524,5482,13048,Andrews
57,64,3,0.715995789,0.712043524,6524,5482,13048,Andrews
57,64,4,1.047995090,1.040024519,6524,5482,13048,Andrews
57,64,5,1.132996798,0.956022501,6524,5482,13048,Andrews
57,64,6,0.987998962,0.981024265,6524,5482,13048,Andrews
57,64,7,0.959996462,0.954030991,6524,5482,13048,Andrews
57,64,8,1.246999264,1.244021177,6524,5482,13048,Andrews
57,64,9,0.885998964,0.877058029,6524,5482,13048,Andrews
38,64,0,0.536978960,0.528008223,6379,5326,12758,Andrews
38,64,1,0.533956528,0.527984142,6379,5326,12758,Andrews
38,64,2,0.533984423,0.528007984,6379,5326,12758,Andrews
38,64,3,0.528016567,0.527972698,6379,5326,12758,Andrews
38,64,4,0.528977633,0.528001308,6379,5326,12758,Andrews
38,64,5,0.531984568,0.528012991,6379,5326,12758,Andrews
38,64,6,0.531963825,0.528028488,6379,5326,12758,Andrews
38,64,7,0.527987957,0.525336742,6379,5326,12758,Andrews
38,64,8,0.532129526,0.528059483,6379,5326,12758,Andrews
38,64,9,0.528992653,0.528106928,6379,5326,12758,Andrews
5,64,0,0.768124342,0.768013000,6505,5448,13010,Andrews
5,64,1,0.672212362,0.672057152,6505,5448,13010,Andrews
5,64,2,0.675169230,0.675044060,6505,5448,13010,Andrews
5,64,3,0.659166813,0.659046173,6505,5448,13010,Andrews
5,64,4,0.955178499,0.955068588,6505,5448,13010,Andrews
5,64,5,0.958160400,0.958044767,6505,5448,13010,Andrews
5,64,6,1.245124102,1.245015144,6505,5448,13010,Andrews
5,64,7,1.157180071,1.157069445,6505,5448,13010,Andrews
5,64,8,1.238964319,1.143219709,6505,5448,13010,Andrews
5,64,9,1.153145790,1.153040648,6505,5448,13010,Andrews
0,64,0,0.864089251,0.863973141,6299,5239,12598,Andrews
0,64,1,0.768169165,0.768051624,6299,5239,12598,Andrews
0,64,2,0.863117456,0.863013268,6299,5239,12598,Andrews
0,64,3,0.862121105,0.862018108,6299,5239,12598,Andrews
0,64,4,1.055140495,1.055044651,6299,5239,12598,Andrews
0,64,5,1.154150486,1.154017687,6299,5239,12598,Andrews
0,64,6,1.249143124,1.248993635,6299,5239,12598,Andrews
0,64,7,1.249146461,1.249049187,6299,5239,12598,Andrews
0,64,8,1.243255854,1.242977619,6299,5239,12598,Andrews
0,64,9,1.249861956,1.249015331,6299,5239,12598,Andrews
61,64,0,0.699967861,0.692016125,6557,5528,13114,Andrews
61,64,1,0.534990788,0.533069372,6557,5528,13114,Andrews
61,64,2,0.562992096,0.556073427,6557,5528,13114,Andrews
61,64,3,0.702996254,0.701035738,6557,5528,13114,Andrews
61,64,4,0.774996996,0.767030954,6557,5528,13114,Andrews
61,64,5,0.717476845,0.717400551,6557,5528,13114,Andrews
61,64,6,0.880366564,0.877041101,6557,5528,13114,Andrews
61,64,7,0.871998787,0.866041422,6557,5528,13114,Andrews
61,64,8,1.037599802,1.037531614,6557,5528,13114,Andrews
61,64,9,0.863978386,0.855061531,6557,5528,13114,Andrews
36,64,0,0.800977230,0.791998148,6282,5227,12564,Andrews
36,64,1,0.797992468,0.792015553,6282,5227,12564,Andrews
36,64,2,0.797980309,0.792011499,6282,5227,12564,Andrews
36,64,3,0.792054415,0.792010784,6282,5227,12564,Andrews
36,64,4,0.792984962,0.792006731,6282,5227,12564,Andrews
36,64,5,0.795985222,0.792006969,6282,5227,12564,Andrews
36,64,6,0.795994282,0.792054415,6282,5227,12564,Andrews
36,64,7,0.792063236,0.789054632,6282,5227,12564,Andrews
36,64,8,0.795992136,0.792052507,6282,5227,12564,Andrews
36,64,9,0.792987347,0.792024374,6282,5227,12564,Andrews
1,64,0,0.864140749,0.864014864,6561,5512,13122,Andrews
1,64,1,0.768177509,0.768064976,6561,5512,13122,Andrews
1,64,2,0.767138958,0.767029285,6561,5512,13122,Andrews
1,64,3,0.767156124,0.767060518,6561,5512,13122,Andrews
1,64,4,1.055165768,1.055048227,6561,5512,13122,Andrews
1,64,5,1.058160067,1.058055639,6561,5512,13122,Andrews
1,64,6,1.254580259,1.253023386,6561,5512,13122,Andrews
1,64,7,1.177165508,1.177062273,6561,5512,13122,Andrews
1,64,8,1.160194159,1.155010462,6561,5512,13122,Andrews
1,64,9,1.250657797,1.249048710,6561,5512,13122,Andrews
49,64,0,0.656641722,0.656505823,6442,5357,12884,Andrews
49,64,1,0.698992729,0.693047285,6442,5357,12884,Andrews
49,64,2,0.727985144,0.721073389,6442,5357,12884,Andrews
49,64,3,0.901657343,0.899003744,6442,5357,12884,Andrews
49,64,4,1.086997032,1.079023361,6442,5357,12884,Andrews
49,64,5,0.989999056,0.981030226,6442,5357,12884,Andrews
49,64,6,1.213998079,1.210019588,6442,5357,12884,Andrews
49,64,7,1.050998211,1.045034170,6442,5357,12884,Andrews
49,64,8,1.224998951,1.222018719,6442,5357,12884,Andrews
49,64,9,1.059998989,1.051189184,6442,5357,12884,Andrews
45,64,0,0.800988674,0.792008877,6476,5448,12952,Andrews
45,64,1,0.797996283,0.792016745,6476,5448,12952,Andrews
45,64,2,0.797989607,0.792008877,6476,5448,12952,Andrews
45,64,3,0.792991638,0.792078733,6476,5448,12952,Andrews
45,64,4,0.530959368,0.528018236,6476,5448,12952,Andrews
45,64,5,0.532988071,0.528058529,6476,5448,12952,Andrews
45,64,6,0.795996904,0.792016745,6476,5448,12952,Andrews
45,64,7,0.692993164,0.690071106,6476,5448,12952,Andrews
45,64,8,0.531993628,0.528013945,6476,5448,12952,Andrews
45,64,9,0.528999805,0.528017044,6476,5448,12952,Andrews
56,64,0,0.875985622,0.866101265,6192,5133,12384,Andrews
56,64,1,0.714973927,0.710052490,6192,5133,12384,Andrews
56,64,2,0.876988411,0.868041515,6192,5133,12384,Andrews
56,64,3,0.858996630,0.855035543,6192,5133,12384,Andrews
56,64,4,1.053997755,1.046057701,6192,5133,12384,Andrews
56,64,5,1.062992573,1.055012941,6192,5133,12384,Andrews
56,64,6,1.051648140,1.051573515,6192,5133,12384,Andrews
56,64,7,1.067998648,1.062046289,6192,5133,12384,Andrews
56,64,8,1.244993925,1.242027044,6192,5133,12384,Andrews
56,64,9,1.049006939,1.040065289,6192,5133,12384,Andrews
35,64,0,0.536988020,0.528007507,6377,5318,12754,Andrews
35,64,1,0.533994913,0.528017998,6377,5318,12754,Andrews
35,64,2,0.533987999,0.528005123,6377,5318,12754,Andrews
35,64,3,0.528988600,0.528007507,6377,5318,12754,Andrews
35,64,4,0.530994177,0.528012276,6377,5318,12754,Andrews
35,64,5,0.532989025,0.528006077,6377,5318,12754,Andrews
35,64,6,0.795869827,0.792011023,6377,5318,12754,Andrews
35,64,7,0.789992571,0.789049864,6377,5318,12754,Andrews
35,64,8,0.792997360,0.792008400,6377,5318,12754,Andrews
35,64,9,0.528987885,0.528021336,6377,5318,12754,Andrews
50,64,0,1.052986622,0.877080441,6309,5253,12618,Andrews
50,64,1,0.867001295,0.693069935,6309,5253,12618,Andrews
50,64,2,0.724979877,0.716069221,6309,5253,12618,Andrews
50,64,3,0.867997169,0.866018772,6309,5253,12618,Andrews
50,64,4,1.074995995,1.070041180,6309,5253,12618,Andrews
50,64,5,1.207997322,1.042038441,6309,5253,12618,Andrews
50,64,6,1.139996052,1.139029980,6309,5253,12618,Andrews
50,64,7,1.248993158,1.243016005,6309,5253,12618,Andrews
50,64,8,1.038993597,1.037055969,6309,5253,12618,Andrews
50,64,9,1.048993826,1.040051699,6309,5253,12618,Andrews
7,64,0,0.579786777,0.576014042,6463,5406,12926,Andrews
7,64,1,0.576718092,0.576065063,6463,5406,12926,Andrews
7,64,2,0.575833797,0.575043201,6463,5406,12926,Andrews
7,64,3,0.479151011,0.479041576,6463,5406,12926,Andrews
7,64,4,0.772846222,0.772060633,6463,5406,12926,Andrews
7,64,5,0.862170935,0.862046003,6463,5406,12926,Andrews
7,64,6,1.117858171,1.117019892,6463,5406,12926,Andrews
7,64,7,1.150568485,1.149065733,6463,5406,12926,Andrews
7,64,8,1.062979221,1.055022001,6463,5406,12926,Andrews
7,64,9,1.249003649,1.153040648,6463,5406,12926,Andrews
10,64,0,0.672120810,0.672005415,6274,5205,12548,Andrews
10,64,1,0.576715469,0.576602936,6274,5205,12548,Andrews
10,64,2,0.575117350,0.575037956,6274,5205,12548,Andrews
10,64,3,0.579832077,0.579008818,6274,5205,12548,Andrews
10,64,4,0.864148617,0.864038706,6274,5205,12548,Andrews
10,64,5,0.871994019,0.870049000,6274,5205,12548,Andrews
10,64,6,1.153112411,1.153013229,6274,5205,12548,Andrews
10,64,7,1.244999409,1.149041414,6274,5205,12548,Andrews
10,64,8,1.059989691,1.056014538,6274,5205,12548,Andrews
10,64,9,1.153004408,1.057025433,6274,5205,12548,Andrews
33,64,0,0.536987066,0.528004169,6393,5335,12786,Andrews
33,64,1,0.533992529,0.528007984,6393,5335,12786,Andrews
33,64,2,0.529990435,0.528199673,6393,5335,12786,Andrews
33,64,3,0.793315887,0.792003393,6393,5335,12786,Andrews
33,64,4,0.793911934,0.792001009,6393,5335,12786,Andrews
33,64,5,0.793191195,0.792008162,6393,5335,12786,Andrews
33,64,6,0.793712854,0.791990757,6393,5335,12786,Andrews
33,64,7,0.801766634,0.800008535,6393,5335,12786,Andrews
33,64,8,0.792662144,0.792007685,6393,5335,12786,Andrews
33,64,9,0.792680979,0.792004347,6393,5335,12786,Andrews
34,64,0,0.530847311,0.528188229,6235,5180,12470,Andrews
34,64,1,0.529993057,0.528214693,6235,5180,12470,Andrews
34,64,2,0.528982639,0.528223753,6235,5180,12470,Andrews
34,64,3,0.792988062,0.792005301,6235,5180,12470,Andrews
34,64,4,0.795973778,0.792004824,6235,5180,12470,Andrews
34,64,5,0.792984247,0.792000532,6235,5180,12470,Andrews
34,64,6,0.792993784,0.792022228,6235,5180,12470,Andrews
34,64,7,0.801265001,0.800006866,6235,5180,12470,Andrews
34,64,8,0.792994738,0.792014837,6235,5180,12470,Andrews
34,64,9,0.792984009,0.792007208,6235,5180,12470,Andrews
31,64,0,0.536989689,0.528047800,6479,5426,12958,Andrews
31,64,1,0.533992529,0.528055668,6479,5426,12958,Andrews
31,64,2,0.533985615,0.528039694,6479,5426,12958,Andrews
31,64,3,0.528293133,0.528199673,6479,5426,12958,Andrews
31,64,4,0.528289080,0.528201818,6479,5426,12958,Andrews
31,64,5,0.528285742,0.528197765,6479,5426,12958,Andrews
31,64,6,0.792999029,0.792022467,6479,5426,12958,Andrews
31,64,7,0.803124189,0.800060511,6479,5426,12958,Andrews
31,64,8,0.792989254,0.792003870,6479,5426,12958,Andrews
31,64,9,0.792994738,0.792023897,6479,5426,12958,Andrews
44,64,0,0.798047304,0.792070150,6393,5325,12786,Andrews
44,64,1,0.797986031,0.792073727,6393,5325,12786,Andrews
44,64,2,0.799985170,0.792073250,6393,5325,12786,Andrews
44,64,3,0.792991161,0.792070627,6393,5325,12786,Andrews
44,64,4,0.528990984,0.528077602,6393,5325,12786,Andrews
44,64,5,0.528985023,0.528070927,6393,5325,12786,Andrews
44,64,6,0.792985916,0.792006254,6393,5325,12786,Andrews
44,64,7,0.791991711,0.789067745,6393,5325,12786,Andrews
44,64,8,0.792992592,0.792015553,6393,5325,12786,Andrews
44,64,9,0.792989731,0.792013168,6393,5325,12786,Andrews
39,64,0,0.270944834,0.264086008,6386,5319,12772,Andrews
39,64,1,0.270550251,0.264098883,6386,5319,12772,Andrews
39,64,2,0.272707701,0.264085770,6386,5319,12772,Andrews
39,64,3,0.265984297,0.264078856,6386,5319,12772,Andrews
39,64,4,0.265985489,0.264081955,6386,5319,12772,Andrews
39,64,5,0.265980005,0.264076471,6386,5319,12772,Andrews
39,64,6,0.528988361,0.528011799,6386,5319,12772,Andrews
39,64,7,0.549990416,0.547092676,6386,5319,12772,Andrews
39,64,8,0.531077147,0.528013706,6386,5319,12772,Andrews
39,64,9,0.528985977,0.528011084,6386,5319,12772,Andrews
51,64,0,0.856966734,0.648051023,6391,5336,12782,Andrews
51,64,1,0.701993704,0.528065443,6391,5336,12782,Andrews
51,64,2,0.862002134,0.686053038,6391,5336,12782,Andrews
51,64,3,0.896993876,0.717016935,6391,5336,12782,Andrews
51,64,4,1.225998163,1.057016611,6391,5336,12782,Andrews
51,64,5,1.154998779,0.895032644,6391,5336,12782,Andrews
51,64,6,1.221982241,1.047018290,6391,5336,12782,Andrews
51,64,7,1.232000113,1.051036596,6391,5336,12782,Andrews
51,64,8,1.249999046,1.081015348,6391,5336,12782,Andrews
51,64,9,1.056986570,0.888039827,6391,5336,12782,Andrews
53,64,0,0.809992790,0.800080776,6586,5514,13172,Andrews
53,64,1,0.532993555,0.528085232,6586,5514,13172,Andrews
53,64,2,0.694991350,0.688065767,6586,5514,13172,Andrews
53,64,3,0.701995850,0.701035261,6586,5514,13172,Andrews
53,64,4,0.881740093,0.877041340,6586,5514,13172,Andrews
53,64,5,0.826997280,0.818033457,6586,5514,13172,Andrews
53,64,6,1.216994762,1.210025311,6586,5514,13172,Andrews
53,64,7,1.063990831,1.058016300,6586,5514,13172,Andrews
53,64,8,1.050995588,1.048034668,6586,5514,13172,Andrews
53,64,9,1.098994255,1.029069662,6586,5514,13172,Andrews
28,64,0,0.800986290,0.792042971,6413,5340,12826,Andrews
28,64,1,1.055999517,0.792046547,6413,5340,12826,Andrews
28,64,2,1.046992064,0.792035818,6413,5340,12826,Andrews
28,64,3,0.792986393,0.792087317,6413,5340,12826,Andrews
28,64,4,0.794983864,0.792059660,6413,5340,12826,Andrews
28,64,5,0.794987917,0.792070150,6413,5340,12826,Andrews
28,64,6,1.060326338,1.056015491,6413,5340,12826,Andrews
28,64,7,1.064645529,1.064003944,6413,5340,12826,Andrews
28,64,8,1.056828499,1.055986881,6413,5340,12826,Andrews
28,64,9,1.058119059,1.056004763,6413,5340,12826,Andrews
42,64,0,0.800976276,0.792002439,6427,5371,12854,Andrews
42,64,1,0.797988176,0.792015314,6427,5371,12854,Andrews
42,64,2,0.797983646,0.792010546,6427,5371,12854,Andrews
42,64,3,0.792982340,0.792009354,6427,5371,12854,Andrews
42,64,4,0.530982971,0.528014421,6427,5371,12854,Andrews
42,64,5,0.532981157,0.528012991,6427,5371,12854,Andrews
42,64,6,0.793805361,0.792015076,6427,5371,12854,Andrews
42,64,7,0.789216280,0.789075136,6427,5371,12854,Andrews
42,64,8,0.792104244,0.792009592,6427,5371,12854,Andrews
42,64,9,0.794814825,0.792017460,6427,5371,12854,Andrews
41,64,0,0.801194668,0.792068005,6483,5413,12966,Andrews
41,64,1,1.056003809,0.792061806,6483,5413,12966,Andrews
41,64,2,1.134997606,0.792067766,6483,5413,12966,Andrews
41,64,3,0.795162678,0.792006731,6483,5413,12966,Andrews
41,64,4,0.791965723,0.527981997,6483,5413,12966,Andrews
41,64,5,0.536059856,0.528012514,6483,5413,12966,Andrews
41,64,6,0.793993950,0.792034388,6483,5413,12966,Andrews
41,64,7,0.790988207,0.789052248,6483,5413,12966,Andrews
41,64,8,0.793993950,0.792008638,6483,5413,12966,Andrews
41,64,9,0.793991566,0.792031288,6483,5413,12966,Andrews
43,64,0,0.800982714,0.792008162,6450,5395,12900,Andrews
43,64,1,0.797994852,0.792025089,6450,5395,12900,Andrews
43,64,2,0.797980070,0.792006016,6450,5395,12900,Andrews
43,64,3,0.792053223,0.792010784,6450,5395,12900,Andrews
43,64,4,0.528982878,0.528007984,6450,5395,12900,Andrews
43,64,5,0.532004356,0.528014898,6450,5395,12900,Andrews
43,64,6,0.792282581,0.792008400,6450,5395,12900,Andrews
43,64,7,0.789228201,0.789076567,6450,5395,12900,Andrews
43,64,8,0.792091846,0.792013884,6450,5395,12900,Andrews
43,64,9,0.793386459,0.792015076,6450,5395,12900,Andrews
58,64,0,0.721958399,0.712038755,6314,5261,12628,Andrews
58,64,1,0.532991409,0.528071642,6314,5261,12628,Andrews
58,64,2,0.639990807,0.633067608,6314,5261,12628,Andrews
58,64,3,0.715993166,0.712043285,6314,5261,12628,Andrews
58,64,4,0.901999474,0.899039507,6314,5261,12628,Andrews
58,64,5,1.154998302,0.989027977,6314,5261,12628,Andrews
58,64,6,1.073582649,1.069023848,6314,5261,12628,Andrews
58,64,7,1.059077263,1.058015347,6314,5261,12628,Andrews
58,64,8,1.062895298,1.059024572,6314,5261,12628,Andrews
58,64,9,1.219998360,1.044054747,6314,5261,12628,Andrews
63,64,0,0.536958456,0.527033806,6506,5465,13012,Andrews
63,64,1,0.350953579,0.346035004,6506,5465,13012,Andrews
63,64,2,0.694988966,0.688055992,6506,5465,13012,Andrews
63,64,3,0.698995829,0.697013617,6506,5465,13012,Andrews
63,64,4,0.681994438,0.674012423,6506,5465,13012,Andrews
63,64,5,0.710998774,0.702022791,6506,5465,13012,Andrews
63,64,6,0.888998508,0.882049084,6506,5465,13012,Andrews
63,64,7,0.975974560,0.970024347,6506,5465,13012,Andrews
63,64,8,1.033981323,1.031013489,6506,5465,13012,Andrews
63,64,9,0.991002321,0.815082312,6506,5465,13012,Andrews
62,64,0,0.699969292,0.692023754,6315,5259,12630,Andrews
62,64,1,0.534944057,0.533014059,6315,5259,12630,Andrews
62,64,2,0.815990686,0.807044268,6315,5259,12630,Andrews
62,64,3,0.635625601,0.631006956,6315,5259,12630,Andrews
62,64,4,0.698997974,0.693035841,6315,5259,12630,Andrews
62,64,5,0.886993885,0.879012585,6315,5259,12630,Andrews
62,64,6,0.878998756,0.871034384,6315,5259,12630,Andrews
62,64,7,0.895996332,0.888032913,6315,5259,12630,Andrews
62,64,8,1.050997257,1.048028708,6315,5259,12630,Andrews
62,64,9,1.046003580,0.870049953,6315,5259,12630,Andrews
54,64,0,1.041991711,0.864075184,6322,5260,12644,Andrews
54,64,1,0.822993755,0.649052858,6322,5260,12644,Andrews
54,64,2,0.861994028,0.686046839,6322,5260,12644,Andrews
54,64,3,0.706846237,0.701036215,6322,5260,12644,Andrews
54,64,4,0.883514166,0.877055883,6322,5260,12644,Andrews
54,64,5,1.056005716,0.879046440,6322,5260,12644,Andrews
54,64,6,1.235997438,1.232026339,6322,5260,12644,Andrews
54,64,7,1.051667213,1.051035166,6322,5260,12644,Andrews
54,64,8,1.050998449,1.048037767,6322,5260,12644,Andrews
54,64,9,1.307997227,1.132054806,6322,5260,12644,Andrews
29,128,0,1.408254147,1.408181429,3464,2961,6928,Andrews
29,128,1,1.404216051,1.404129028,3464,2961,6928,Andrews
29,128,2,1.762988091,1.759999275,3464,2961,6928,Andrews
29,128,3,1.408223391,1.408147812,3464,2961,6928,Andrews
29,128,4,1.409990311,1.408063173,3464,2961,6928,Andrews
29,128,5,1.405994892,1.404069662,3464,2961,6928,Andrews
29,128,6,1.409996271,1.408179760,3464,2961,6928,Andrews
29,128,7,1.411992073,1.408149719,3464,2961,6928,Andrews
29,128,8,1.408276320,1.408149481,3464,2961,6928,Andrews
29,128,9,1.408223629,1.408145428,3464,2961,6928,Andrews
73,128,0,1.841280937,1.840043545,3233,2727,6466,Andrews
73,128,1,1.858757973,1.858031511,3233,2727,6466,Andrews
73,128,2,1.843102455,1.843023777,3233,2727,6466,Andrews
73,128,3,2.110946178,2.108038664,3233,2727,6466,Andrews
73,128,4,1.843999386,1.843044281,3233,2727,6466,Andrews
73,128,5,2.207693338,2.206029177,3233,2727,6466,Andrews
73,128,6,1.844549656,1.843025684,3233,2727,6466,Andrews
73,128,7,1.848187685,1.848109007,3233,2727,6466,Andrews
73,128,8,2.118992090,2.118024588,3233,2727,6466,Andrews
73,128,9,1.858404398,1.858337164,3233,2727,6466,Andrews
56,128,0,1.576987028,1.571043968,3116,2614,6232,Andrews
56,128,1,1.597995520,1.588045835,3116,2614,6232,Andrews
56,128,2,1.943999290,1.848022461,3116,2614,6232,Andrews
56,128,3,2.351995945,2.110027313,3116,2614,6232,Andrews
56,128,4,1.839996099,1.837033272,3116,2614,6232,Andrews
56,128,5,2.109165907,2.108026266,3116,2614,6232,Andrews
56,128,6,1.616990566,1.610040903,3116,2614,6232,Andrews
56,128,7,2.276998997,2.094039202,3116,2614,6232,Andrews
56,128,8,1.851569176,1.851493359,3116,2614,6232,Andrews
56,128,9,1.844570637,1.844490767,3116,2614,6232,Andrews
45,128,0,1.763051271,1.760002375,3281,2785,6562,Andrews
45,128,1,1.758034706,1.756010771,3281,2785,6562,Andrews
45,128,2,1.765215874,1.760015726,3281,2785,6562,Andrews
45,128,3,1.760082006,1.760001898,3281,2785,6562,Andrews
45,128,4,1.760090113,1.760012388,3281,2785,6562,Andrews
45,128,5,1.756054640,1.755997419,3281,2785,6562,Andrews
45,128,6,1.772254467,1.767002821,3281,2785,6562,Andrews
45,128,7,1.413485765,1.408051491,3281,2785,6562,Andrews
45,128,8,1.409993887,1.408223629,3281,2785,6562,Andrews
45,128,9,1.409996510,1.408213139,3281,2785,6562,Andrews
76,128,0,1.852936268,1.851027250,3077,2583,6154,Andrews
76,128,1,1.586846352,1.583045483,3077,2583,6154,Andrews
76,128,2,1.594991922,1.590054989,3077,2583,6154,Andrews
76,128,3,2.097996235,2.097033262,3077,2583,6154,Andrews
76,128,4,1.854998827,1.854043245,3077,2583,6154,Andrews
76,128,5,2.107995749,2.107033491,3077,2583,6154,Andrews
76,128,6,1.678993225,1.678048849,3077,2583,6154,Andrews
76,128,7,1.850954533,1.848038197,3077,2583,6154,Andrews
76,128,8,1.840198040,1.840109587,3077,2583,6154,Andrews
76,128,9,1.843197823,1.843121767,3077,2583,6154,Andrews
53,128,0,1.586993456,1.582042217,3308,2806,6616,Andrews
53,128,1,1.329996109,1.320037127,3308,2806,6616,Andrews
53,128,2,1.594986677,1.588030577,3308,2806,6616,Andrews
53,128,3,2.252996683,1.989022732,3308,2806,6616,Andrews
53,128,4,1.828991413,1.826038599,3308,2806,6616,Andrews
53,128,5,1.547988176,1.541028500,3308,2806,6616,Andrews
53,128,6,1.452604294,1.452531815,3308,2806,6616,Andrews
53,128,7,1.837989807,1.835048676,3308,2806,6616,Andrews
53,128,8,1.863993406,1.856049776,3308,2806,6616,Andrews
53,128,9,1.579990149,1.572054863,3308,2806,6616,Andrews
24,128,0,1.761950254,1.760027409,3165,2673,6330,Andrews
24,128,1,1.757937670,1.756020784,3165,2673,6330,Andrews
24,128,2,2.116946936,2.111958265,3165,2673,6330,Andrews
24,128,3,1.760104656,1.760026693,3165,2673,6330,Andrews
24,128,4,1.760113955,1.760039091,3165,2673,6330,Andrews
24,128,5,1.756108046,1.756031990,3165,2673,6330,Andrews
24,128,6,1.760100603,1.760024548,3165,2673,6330,Andrews
24,128,7,1.765023232,1.760029078,3165,2673,6330,Andrews
24,128,8,1.760080338,1.760028124,3165,2673,6330,Andrews
24,128,9,1.756117344,1.756049395,3165,2673,6330,Andrews
11,128,0,1.535003185,1.343023777,3195,2697,6390,Andrews
11,128,1,1.343004227,1.340023041,3195,2697,6390,Andrews
11,128,2,1.542000771,1.343024015,3195,2697,6390,Andrews
11,128,3,1.885994911,1.723011494,3195,2697,6390,Andrews
11,128,4,1.728097677,1.728019953,3195,2697,6390,Andrews
11,128,5,1.728089571,1.728018522,3195,2697,6390,Andrews
11,128,6,1.537004948,1.342025995,3195,2697,6390,Andrews
11,128,7,1.956002951,1.720043421,3195,2697,6390,Andrews
11,128,8,2.110998631,1.918020964,3195,2697,6390,Andrews
11,128,9,1.728123188,1.728044033,3195,2697,6390,Andrews
91,128,0,1.150990248,1.149034023,3238,2749,6476,Andrews
91,128,1,1.329993010,1.327059031,3238,2749,6476,Andrews
91,128,2,1.323993206,1.323046207,3238,2749,6476,Andrews
91,128,3,1.680993557,1.679029942,3238,2749,6476,Andrews
91,128,4,1.326769352,1.323029041,3238,2749,6476,Andrews
91,128,5,1.587964296,1.587025642,3238,2749,6476,Andrews
99,128,0,1.538997173,1.344026089,3212,2715,6424,Andrews
99,128,1,1.524001598,1.342035532,3212,2715,6424,Andrews
99,128,2,1.147977829,1.146006584,3212,2715,6424,Andrews
99,128,3,1.733996868,1.535026550,3212,2715,6424,Andrews
99,128,4,1.152768135,1.152045488,3212,2715,6424,Andrews
99,128,5,1.340958834,1.340015888,3212,2715,6424,Andrews
99,128,6,1.536997795,1.342034101,3212,2715,6424,Andrews
99,128,7,1.732021809,1.724078417,3212,2715,6424,Andrews
99,128,8,1.915053606,1.915000916,3212,2715,6424,Andrews
99,128,9,1.728143215,1.728082657,3212,2715,6424,Andrews
91,128,6,1.323995352,1.323032856,3238,2749,6476,Andrews
91,128,7,1.588996649,1.587034941,3238,2749,6476,Andrews
91,128,8,1.587989807,1.586144686,3238,2749,6476,Andrews
91,128,9,1.580994844,1.579176664,3238,2749,6476,Andrews
63,128,0,1.325987339,1.321029425,3294,2799,6588,Andrews
63,128,1,1.322989941,1.314018250,3294,2799,6588,Andrews
63,128,2,1.326997995,1.320048332,3294,2799,6588,Andrews
63,128,3,1.977997303,1.703025103,3294,2799,6588,Andrews
63,128,4,1.848989964,1.584026814,3294,2799,6588,Andrews
63,128,5,1.791070461,1.789027452,3294,2799,6588,Andrews
63,128,6,1.575991154,1.574020147,3294,2799,6588,Andrews
63,128,7,1.587532043,1.587476730,3294,2799,6588,Andrews
63,128,8,1.611993790,1.604026794,3294,2799,6588,Andrews
63,128,9,1.482993364,1.473052979,3294,2799,6588,Andrews
26,128,0,1.763984442,1.760061502,3128,2627,6256,Andrews
26,128,1,1.404985428,1.404066324,3128,2627,6256,Andrews
26,128,2,1.406289816,1.404004574,3128,2627,6256,Andrews
26,128,3,1.761988640,1.760061502,3128,2627,6256,Andrews
26,128,4,1.761996508,1.760057688,3128,2627,6256,Andrews
26,128,5,1.757993698,1.756060839,3128,2627,6256,Andrews
26,128,6,1.410231590,1.408071041,3128,2627,6256,Andrews
26,128,7,1.412995338,1.408074856,3128,2627,6256,Andrews
26,128,8,1.409993649,1.408066750,3128,2627,6256,Andrews
26,128,9,1.409993887,1.408087969,3128,2627,6256,Andrews
95,128,0,1.061111450,1.061034918,3208,2712,6416,Andrews
95,128,1,1.054997444,1.052040815,3208,2712,6416,Andrews
95,128,2,1.327997208,1.323039770,3208,2712,6416,Andrews
95,128,3,1.569106817,1.569030285,3208,2712,6416,Andrews
95,128,4,1.323078394,1.323023081,3208,2712,6416,Andrews
95,128,5,1.587089539,1.587021351,3208,2712,6416,Andrews
95,128,6,1.576998472,1.576009512,3208,2712,6416,Andrews
95,128,7,1.588992834,1.586997747,3208,2712,6416,Andrews
95,128,8,1.322996140,1.322043657,3208,2712,6416,Andrews
95,128,9,1.315997839,1.315075874,3208,2712,6416,Andrews
51,128,0,1.270983696,1.266038179,3116,2625,6232,Andrews
51,128,1,1.329987288,1.320025444,3116,2625,6232,Andrews
51,128,2,1.594994545,1.588035345,3116,2625,6232,Andrews
51,128,3,1.946987867,1.681030273,3116,2625,6232,Andrews
51,128,4,2.101992130,1.837035418,3116,2625,6232,Andrews
51,128,5,1.801995277,1.800026655,3116,2625,6232,Andrews
51,128,6,1.567191124,1.567027092,3116,2625,6232,Andrews
51,128,7,1.839989662,1.835044384,3116,2625,6232,Andrews
51,128,8,1.604989290,1.597048998,3116,2625,6232,Andrews
51,128,9,1.592987537,1.583059549,3116,2625,6232,Andrews
42,128,0,1.411987066,1.408201218,3231,2733,6462,Andrews
42,128,1,1.407082319,1.404202223,3231,2733,6462,Andrews
42,128,2,1.760365486,1.755992413,3231,2733,6462,Andrews
42,128,3,1.408990383,1.408197641,3231,2733,6462,Andrews
42,128,4,1.408995867,1.408193350,3231,2733,6462,Andrews
42,128,5,1.404998779,1.404208660,3231,2733,6462,Andrews
42,128,6,1.411995411,1.408233404,3231,2733,6462,Andrews
42,128,7,1.415375471,1.408057213,3231,2733,6462,Andrews
42,128,8,1.408986568,1.408038616,3231,2733,6462,Andrews
42,128,9,1.408994675,1.408090353,3231,2733,6462,Andrews
110,128,0,0.961516619,0.961404562,3229,2731,6458,Andrews
110,128,1,1.287991524,1.148009777,3229,2731,6458,Andrews
110,128,2,1.150001526,0.961052418,3229,2731,6458,Andrews
110,128,3,1.344497442,1.344043016,3229,2731,6458,Andrews
110,128,4,1.154236078,1.152028561,3229,2731,6458,Andrews
110,128,5,1.152185440,1.152100801,3229,2731,6458,Andrews
110,128,6,0.958137512,0.958050013,3229,2731,6458,Andrews
110,128,7,1.723998547,1.536043406,3229,2731,6458,Andrews
110,128,8,1.883001804,1.722006321,3229,2731,6458,Andrews
110,128,9,1.539391041,1.536072731,3229,2731,6458,Andrews
22,128,0,1.339996815,1.151028156,3155,2656,6310,Andrews
22,128,1,1.345000744,1.145022154,3155,2656,6310,Andrews
22,128,2,1.151252508,1.151016951,3155,2656,6310,Andrews
22,128,3,1.689999819,1.530028582,3155,2656,6310,Andrews
22,128,4,1.344076872,1.344022274,3155,2656,6310,Andrews
22,128,5,1.733999252,1.536018848,3155,2656,6310,Andrews
22,128,6,1.152491093,1.149011374,3155,2656,6310,Andrews
22,128,7,1.715999603,1.536046028,3155,2656,6310,Andrews
22,128,8,1.725117683,1.725021362,3155,2656,6310,Andrews
22,128,9,1.536206722,1.536144495,3155,2656,6310,Andrews
74,128,0,1.862091303,1.862016439,3144,2645,6288,Andrews
74,128,1,1.582980394,1.580044031,3144,2645,6288,Andrews
74,128,2,1.594974279,1.590032101,3144,2645,6288,Andrews
74,128,3,2.119087458,2.119029284,3144,2645,6288,Andrews
74,128,4,1.851081610,1.851029158,3144,2645,6288,Andrews
74,128,5,2.110118151,2.110026836,3144,2645,6288,Andrews
74,128,6,1.587988853,1.587039948,3144,2645,6288,Andrews
74,128,7,1.849997044,1.848046541,3144,2645,6288,Andrews
74,128,8,1.852998257,1.851053715,3144,2645,6288,Andrews
74,128,9,1.832997084,1.832087517,3144,2645,6288,Andrews
52,128,0,1.718986273,1.714025736,3182,2684,6364,Andrews
52,128,1,1.807003498,1.543033838,3182,2684,6364,Andrews
52,128,2,1.580996990,1.577049494,3182,2684,6364,Andrews
52,128,3,2.356001854,2.099033833,3182,2684,6364,Andrews
52,128,4,1.850986481,1.848023653,3182,2684,6364,Andrews
52,128,5,1.856994152,1.855033875,3182,2684,6364,Andrews
52,128,6,1.873006105,1.605027437,3182,2684,6364,Andrews
52,128,7,2.390995026,2.123025656,3182,2684,6364,Andrews
52,128,8,2.083993196,2.076039553,3182,2684,6364,Andrews
52,128,9,1.854993105,1.845075846,3182,2684,6364,Andrews
34,128,0,1.768987894,1.759997606,3141,2646,6282,Andrews
34,128,1,1.604997158,1.602054596,3141,2646,6282,Andrews
34,128,2,1.756988049,1.755995750,3141,2646,6282,Andrews
34,128,3,1.410995483,1.408047915,3141,2646,6282,Andrews
34,128,4,1.410995007,1.408041000,3141,2646,6282,Andrews
34,128,5,1.406997681,1.404042959,3141,2646,6282,Andrews
34,128,6,1.368301153,1.359771013,3141,2646,6282,Andrews
34,128,7,1.414996624,1.408063412,3141,2646,6282,Andrews
34,128,8,1.411075354,1.408062220,3141,2646,6282,Andrews
34,128,9,1.412219286,1.408091784,3141,2646,6282,Andrews
116,128,0,1.153572321,1.152044058,3193,2700,6386,Andrews
116,128,1,1.152404547,1.151035547,3193,2700,6386,Andrews
116,128,2,1.149136066,1.149045229,3193,2700,6386,Andrews
116,128,3,1.344108820,1.344040155,3193,2700,6386,Andrews
116,128,4,1.344442844,1.344021559,3193,2700,6386,Andrews
116,128,5,1.344136715,1.344076157,3193,2700,6386,Andrews
116,128,6,1.151005745,1.150036097,3193,2700,6386,Andrews
116,128,7,1.911996126,1.724045515,3193,2700,6386,Andrews
116,128,8,1.916071892,1.916023970,3193,2700,6386,Andrews
116,128,9,1.728116035,1.728070736,3193,2700,6386,Andrews
93,128,0,1.335897207,1.334039688,3306,2806,6612,Andrews
93,128,1,1.318995714,1.316027880,3306,2806,6612,Andrews
93,128,2,1.327997208,1.323038340,3306,2806,6612,Andrews
93,128,3,1.580108643,1.580032110,3306,2806,6612,Andrews
93,128,4,1.312097788,1.312019587,3306,2806,6612,Andrews
93,128,5,1.587112427,1.587032318,3306,2806,6612,Andrews
93,128,6,1.323991060,1.323024750,3306,2806,6612,Andrews
93,128,7,1.577998638,1.576049566,3306,2806,6612,Andrews
93,128,8,1.587998629,1.586036682,3306,2806,6612,Andrews
93,128,9,1.568993568,1.568078518,3306,2806,6612,Andrews
50,128,0,1.595983744,1.589021683,3186,2681,6372,Andrews
50,128,1,1.584992409,1.576019049,3186,2681,6372,Andrews
50,128,2,1.733991861,1.727042913,3186,2681,6372,Andrews
50,128,3,2.120078087,1.863034248,3186,2681,6372,Andrews
50,128,4,1.806994677,1.799041033,3186,2681,6372,Andrews
50,128,5,1.838610411,1.838534355,3186,2681,6372,Andrews
50,128,6,1.861993313,1.594045639,3186,2681,6372,Andrews
50,128,7,2.335995913,2.079040527,3186,2681,6372,Andrews
50,128,8,1.863996267,1.856050730,3186,2681,6372,Andrews
50,128,9,1.854998112,1.845076561,3186,2681,6372,Andrews
47,128,0,1.411989689,1.408211708,3225,2726,6450,Andrews
47,128,1,1.406992435,1.404043436,3225,2726,6450,Andrews
47,128,2,1.757814646,1.756002903,3225,2726,6450,Andrews
47,128,3,1.410989046,1.408030272,3225,2726,6450,Andrews
47,128,4,1.410988092,1.408025503,3225,2726,6450,Andrews
47,128,5,1.406998158,1.404037714,3225,2726,6450,Andrews
47,128,6,1.422995090,1.415041685,3225,2726,6450,Andrews
47,128,7,1.414986372,1.408036709,3225,2726,6450,Andrews
47,128,8,1.410995960,1.408043385,3225,2726,6450,Andrews
47,128,9,1.411988974,1.408087015,3225,2726,6450,Andrews
87,128,0,1.325982571,1.325035334,3286,2788,6572,Andrews
87,128,1,1.318996906,1.316032648,3286,2788,6572,Andrews
87,128,2,1.316962481,1.311998844,3286,2788,6572,Andrews
87,128,3,1.591568470,1.591033459,3286,2788,6572,Andrews
87,128,4,1.323832035,1.323034048,3286,2788,6572,Andrews
87,128,5,1.587055683,1.587028027,3286,2788,6572,Andrews
87,128,6,1.323994398,1.323037148,3286,2788,6572,Andrews
87,128,7,1.577999115,1.576047897,3286,2788,6572,Andrews
87,128,8,1.587998152,1.586045027,3286,2788,6572,Andrews
87,128,9,1.568992615,1.568098545,3286,2788,6572,Andrews
115,128,0,1.291001320,1.152022600,3275,2776,6550,Andrews
115,128,1,1.131999731,0.958034992,3275,2776,6550,Andrews
115,128,2,0.955059052,0.955016613,3275,2776,6550,Andrews
115,128,3,1.347890139,1.344034910,3275,2776,6550,Andrews
115,128,4,1.346081257,1.344025373,3275,2776,6550,Andrews
115,128,5,1.346039295,1.344033480,3275,2776,6550,Andrews
115,128,6,1.151002407,1.148037434,3275,2776,6550,Andrews
115,128,7,1.911998510,1.720288992,3275,2776,6550,Andrews
115,128,8,1.724039078,1.723989248,3275,2776,6550,Andrews
115,128,9,1.536116123,1.536074400,3275,2776,6550,Andrews
66,128,0,1.617985725,1.611019135,3245,2750,6490,Andrews
66,128,1,1.327989578,1.318033457,3245,2750,6490,Andrews
66,128,2,1.671991587,1.665032387,3245,2750,6490,Andrews
66,128,3,1.942001581,1.676033497,3245,2750,6490,Andrews
66,128,4,2.125996828,1.865061283,3245,2750,6490,Andrews
66,128,5,1.861993551,1.855044603,3245,2750,6490,Andrews
66,128,6,1.462992668,1.462041616,3245,2750,6490,Andrews
66,128,7,2.122993708,1.855015755,3245,2750,6490,Andrews
66,128,8,2.110994577,2.103027344,3245,2750,6490,Andrews
66,128,9,2.014990330,2.005063772,3245,2750,6490,Andrews
17,128,0,1.344094276,1.344026804,3275,2769,6550,Andrews
17,128,1,1.523999453,1.342020750,3275,2769,6550,Andrews
17,128,2,1.340001583,1.338023186,3275,2769,6550,Andrews
17,128,3,1.866971970,1.728026628,3275,2769,6550,Andrews
17,128,4,1.536064625,1.536021948,3275,2769,6550,Andrews
17,128,5,1.726059675,1.726015806,3275,2769,6550,Andrews
17,128,6,1.151001930,1.149021149,3275,2769,6550,Andrews
17,128,7,1.732031584,1.728059053,3275,2769,6550,Andrews
17,128,8,1.915004253,1.914014578,3275,2769,6550,Andrews
17,128,9,1.724123478,1.724072695,3275,2769,6550,Andrews
41,128,0,1.411944628,1.407994747,3235,2728,6470,Andrews
41,128,1,1.417999268,1.415052652,3235,2728,6470,Andrews
41,128,2,1.756995916,1.756004333,3235,2728,6470,Andrews
41,128,3,1.410992861,1.408048868,3235,2728,6470,Andrews
41,128,4,1.410940170,1.407987595,3235,2728,6470,Andrews
41,128,5,1.406989098,1.404039383,3235,2728,6470,Andrews
41,128,6,1.422994852,1.415053844,3235,2728,6470,Andrews
41,128,7,1.403986454,1.397051334,3235,2728,6470,Andrews
41,128,8,1.399989605,1.397047758,3235,2728,6470,Andrews
41,128,9,1.411994696,1.408097267,3235,2728,6470,Andrews
80,128,0,1.578993320,1.576047421,3250,2753,6500,Andrews
80,128,1,1.582997799,1.580002785,3250,2753,6500,Andrews
80,128,2,1.587764025,1.587020397,3250,2753,6500,Andrews
80,128,3,1.855997324,1.855033159,3250,2753,6500,Andrews
80,128,4,1.724998236,1.722065926,3250,2753,6500,Andrews
80,128,5,2.117994547,1.854044199,3250,2753,6500,Andrews
80,128,6,1.577988148,1.576039553,3250,2753,6500,Andrews
80,128,7,1.848189592,1.848115444,3250,2753,6500,Andrews
80,128,8,1.852996111,1.851040125,3250,2753,6500,Andrews
80,128,9,1.832998753,1.832105398,3250,2753,6500,Andrews
55,128,0,1.665994167,1.459032536,3297,2813,6594,Andrews
55,128,1,1.373999357,1.050041676,3297,2813,6594,Andrews
55,128,2,1.333434582,1.329057455,3297,2813,6594,Andrews
55,128,3,2.116006851,1.852034330,3297,2813,6594,Andrews
55,128,4,1.575990915,1.573030233,3297,2813,6594,Andrews
55,128,5,1.597990274,1.596025705,3297,2813,6594,Andrews
55,128,6,1.564987659,1.563023806,3297,2813,6594,Andrews
55,128,7,1.849564791,1.849495411,3297,2813,6594,Andrews
55,128,8,2.121999502,2.114034653,3297,2813,6594,Andrews
55,128,9,1.592990637,1.583071947,3297,2813,6594,Andrews
9,128,0,1.535999775,1.347046852,3184,2694,6368,Andrews
9,128,1,1.541000366,1.338020325,3184,2694,6368,Andrews
9,128,2,1.538000584,1.343020439,3184,2694,6368,Andrews
9,128,3,1.917997599,1.722026587,3184,2694,6368,Andrews
9,128,4,1.537297249,1.536019087,3184,2694,6368,Andrews
9,128,5,1.726447105,1.726019144,3184,2694,6368,Andrews
9,128,6,1.349003077,1.150033951,3184,2694,6368,Andrews
9,128,7,1.908000946,1.720161915,3184,2694,6368,Andrews
9,128,8,2.110989809,1.913005352,3184,2694,6368,Andrews
9,128,9,1.729083538,1.728078365,3184,2694,6368,Andrews
1,128,0,1.726999521,1.535053730,3345,2847,6690,Andrews
1,128,1,1.533018827,1.348035336,3345,2847,6690,Andrews
1,128,2,1.346841574,1.343023539,3345,2847,6690,Andrews
1,128,3,2.109998703,1.912025928,3345,2847,6690,Andrews
1,128,4,1.728068113,1.728022337,3345,2847,6690,Andrews
1,128,5,1.918060780,1.918014526,3345,2847,6690,Andrews
1,128,6,1.493001223,1.340019464,3345,2847,6690,Andrews
1,128,7,2.108002901,1.920040369,3345,2847,6690,Andrews
1,128,8,2.105004787,2.104020834,3345,2847,6690,Andrews
1,128,9,1.920129061,1.920082331,3345,2847,6690,Andrews
33,128,0,1.411994696,1.408054352,3133,2634,6266,Andrews
33,128,1,1.406990051,1.404059649,3133,2634,6266,Andrews
33,128,2,1.756990194,1.755999804,3133,2634,6266,Andrews
33,128,3,1.410996675,1.408055544,3133,2634,6266,Andrews
33,128,4,1.410989761,1.408040285,3133,2634,6266,Andrews
33,128,5,1.406996250,1.404050827,3133,2634,6266,Andrews
33,128,6,1.422994614,1.415063143,3133,2634,6266,Andrews
33,128,7,1.425993681,1.419066429,3133,2634,6266,Andrews
33,128,8,1.424078226,1.419056177,3133,2634,6266,Andrews
33,128,9,1.411996365,1.408107758,3133,2634,6266,Andrews
105,128,0,1.152146339,1.152057409,3248,2747,6496,Andrews
105,128,1,1.151140690,1.151066065,3248,2747,6496,Andrews
105,128,2,1.157425165,1.157054901,3248,2747,6496,Andrews
105,128,3,1.536404371,1.536046982,3248,2747,6496,Andrews
105,128,4,1.344100475,1.344036102,3248,2747,6496,Andrews
105,128,5,1.344129086,1.344056845,3248,2747,6496,Andrews
105,128,6,1.151010752,1.149055719,3248,2747,6496,Andrews
105,128,7,1.912003279,1.724153996,3248,2747,6496,Andrews
105,128,8,1.913007259,1.912045717,3248,2747,6496,Andrews
105,128,9,1.728584051,1.728097677,3248,2747,6496,Andrews
88,128,0,1.590786457,1.587025404,3219,2719,6438,Andrews
88,128,1,1.582995415,1.580042839,3219,2719,6438,Andrews
88,128,2,1.594997644,1.590033531,3219,2719,6438,Andrews
88,128,3,1.847997904,1.844044209,3219,2719,6438,Andrews
88,128,4,1.590997696,1.590041399,3219,2719,6438,Andrews
88,128,5,1.863998652,1.854031801,3219,2719,6438,Andrews
88,128,6,1.576997995,1.576047421,3219,2719,6438,Andrews
88,128,7,1.849999189,1.848051548,3219,2719,6438,Andrews
88,128,8,2.118993282,2.117999315,3219,2719,6438,Andrews
88,128,9,1.931996107,1.931086779,3219,2719,6438,Andrews
68,128,0,1.617993355,1.611026049,3193,2688,6386,Andrews
68,128,1,1.327992439,1.318033457,3193,2688,6386,Andrews
68,128,2,2.065976858,1.805014133,3193,2688,6386,Andrews
68,128,3,1.771000385,1.764038324,3193,2688,6386,Andrews
68,128,4,1.587591171,1.587513447,3193,2688,6386,Andrews
68,128,5,1.856989384,1.855027914,3193,2688,6386,Andrews
68,128,6,1.564947605,1.562977076,3193,2688,6386,Andrews
68,128,7,2.088005066,1.824033976,3193,2688,6386,Andrews
68,128,8,1.863994837,1.856031656,3193,2688,6386,Andrews
68,128,9,1.854990482,1.845071077,3193,2688,6386,Andrews
12,128,0,1.535071135,1.535016060,3050,2553,6100,Andrews
12,128,1,1.482368946,1.482032061,3050,2553,6100,Andrews
12,128,2,1.156806707,1.156714916,3050,2553,6100,Andrews
12,128,3,1.725062609,1.725021839,3050,2553,6100,Andrews
12,128,4,1.536069870,1.536026716,3050,2553,6100,Andrews
12,128,5,1.727056026,1.727015495,3050,2553,6100,Andrews
12,128,6,1.230071783,1.230029345,3050,2553,6100,Andrews
12,128,7,2.108002663,1.916172504,3050,2553,6100,Andrews
12,128,8,1.920070887,1.920017242,3050,2553,6100,Andrews
12,128,9,1.729002237,1.728082418,3050,2553,6100,Andrews
30,128,0,1.411986589,1.408051968,3246,2751,6492,Andrews
30,128,1,1.417988300,1.415051937,3246,2751,6492,Andrews
30,128,2,1.756985188,1.756003380,3246,2751,6492,Andrews
30,128,3,1.410993099,1.408051491,3246,2751,6492,Andrews
30,128,4,1.410991669,1.408047199,3246,2751,6492,Andrews
30,128,5,1.406993389,1.404048681,3246,2751,6492,Andrews
30,128,6,1.422992706,1.415059566,3246,2751,6492,Andrews
30,128,7,1.414994240,1.408064365,3246,2751,6492,Andrews
30,128,8,1.412992477,1.408063412,3246,2751,6492,Andrews
30,128,9,1.411988020,1.408104181,3246,2751,6492,Andrews
79,128,0,1.327987909,1.325031996,3202,2701,6404,Andrews
79,128,1,1.329991817,1.327030182,3202,2701,6404,Andrews
79,128,2,1.316990137,1.312037230,3202,2701,6404,Andrews
79,128,3,1.594843626,1.591038465,3202,2701,6404,Andrews
79,128,4,1.323998928,1.323059559,3202,2701,6404,Andrews
79,128,5,1.577997684,1.576042175,3202,2701,6404,Andrews
79,128,6,1.323994398,1.323044062,3202,2701,6404,Andrews
79,128,7,1.577990294,1.576029778,3202,2701,6404,Andrews
79,128,8,1.587990761,1.578047991,3202,2701,6404,Andrews
79,128,9,1.579993486,1.579110622,3202,2701,6404,Andrews
64,128,0,1.740989685,1.734022379,3115,2619,6230,Andrews
64,128,1,1.327994108,1.318035841,3115,2619,6230,Andrews
64,128,2,1.608608007,1.608531713,3115,2619,6230,Andrews
64,128,3,2.355998516,2.099024773,3115,2619,6230,Andrews
64,128,4,1.867998838,1.860047102,3115,2619,6230,Andrews
64,128,5,1.848999262,1.848043680,3115,2619,6230,Andrews
64,128,6,1.720991850,1.719023466,3115,2619,6230,Andrews
64,128,7,1.838000059,1.835049868,3115,2619,6230,Andrews
64,128,8,2.110993862,2.103029490,3115,2619,6230,Andrews
64,128,9,2.080986738,2.071072578,3115,2619,6230,Andrews
107,128,0,0.960137367,0.960051537,3263,2765,6526,Andrews
107,128,1,0.967138767,0.967044830,3263,2765,6526,Andrews
107,128,2,0.961434126,0.960044384,3263,2765,6526,Andrews
107,128,3,1.344114780,1.344047070,3263,2765,6526,Andrews
107,128,4,1.344098806,1.344033241,3263,2765,6526,Andrews
107,128,5,1.344097376,1.344033003,3263,2765,6526,Andrews
107,128,6,1.150998592,1.148049593,3263,2765,6526,Andrews
107,128,7,1.732141495,1.727977037,3263,2765,6526,Andrews
107,128,8,1.916006088,1.915019274,3263,2765,6526,Andrews
107,128,9,1.728154898,1.728107929,3263,2765,6526,Andrews
32,128,0,1.763979435,1.760037661,3204,2711,6408,Andrews
32,128,1,1.769989491,1.767047405,3204,2711,6408,Andrews
32,128,2,2.108956099,2.107960939,3204,2711,6408,Andrews
32,128,3,1.762995243,1.760045052,3204,2711,6408,Andrews
32,128,4,1.762994766,1.760051489,3204,2711,6408,Andrews
32,128,5,1.758988857,1.756040573,3204,2711,6408,Andrews
32,128,6,1.762992620,1.756052732,3204,2711,6408,Andrews
32,128,7,1.766990900,1.760051250,3204,2711,6408,Andrews
32,128,8,1.764995813,1.760057449,3204,2711,6408,Andrews
32,128,9,1.759995699,1.756098509,3204,2711,6408,Andrews
108,128,0,1.148105145,1.148025036,3177,2672,6354,Andrews
108,128,1,1.323999405,1.150035858,3177,2672,6354,Andrews
108,128,2,1.147002459,1.146034718,3177,2672,6354,Andrews
108,128,3,1.536096573,1.536032438,3177,2672,6354,Andrews
108,128,4,1.152146578,1.152067423,3177,2672,6354,Andrews
108,128,5,1.344090223,1.344025612,3177,2672,6354,Andrews
108,128,6,1.340996504,1.150051117,3177,2672,6354,Andrews
108,128,7,1.919995546,1.728053331,3177,2672,6354,Andrews
108,128,8,1.729999065,1.727050543,3177,2672,6354,Andrews
108,128,9,1.728807449,1.728103399,3177,2672,6354,Andrews
86,128,0,1.334113836,1.334034681,3129,2631,6258,Andrews
86,128,1,1.318999052,1.316053391,3129,2631,6258,Andrews
86,128,2,1.327995777,1.323035717,3129,2631,6258,Andrews
86,128,3,1.844069242,1.843991995,3129,2631,6258,Andrews
86,128,4,1.521985054,1.521025419,3129,2631,6258,Andrews
86,128,5,1.851990461,1.851025343,3129,2631,6258,Andrews
86,128,6,1.587997198,1.587030411,3129,2631,6258,Andrews
86,128,7,1.852997780,1.851011276,3129,2631,6258,Andrews
86,128,8,1.854991198,1.854020834,3129,2631,6258,Andrews
86,128,9,1.744998693,1.744018316,3129,2631,6258,Andrews
102,128,0,1.152146578,1.152054548,3216,2727,6432,Andrews
102,128,1,1.157034636,1.155058384,3216,2727,6432,Andrews
102,128,2,0.961721897,0.960051537,3216,2727,6432,Andrews
102,128,3,1.346018314,1.344042778,3216,2727,6432,Andrews
102,128,4,1.152422905,1.152020454,3216,2727,6432,Andrews
102,128,5,1.153001070,1.152036428,3216,2727,6432,Andrews
102,128,6,1.151001692,1.148054361,3216,2727,6432,Andrews
102,128,7,1.732017517,1.724147558,3216,2727,6432,Andrews
102,128,8,1.916001558,1.915015697,3216,2727,6432,Andrews
102,128,9,1.729000330,1.728102922,3216,2727,6432,Andrews
60,128,0,1.485985994,1.481028557,3084,2583,6168,Andrews
60,128,1,1.623988152,1.615031958,3084,2583,6168,Andrews
60,128,2,1.944993496,1.680026293,3084,2583,6168,Andrews
60,128,3,2.362999916,2.101066589,3084,2583,6168,Andrews
60,128,4,1.859994650,1.856022358,3084,2583,6168,Andrews
60,128,5,2.108997583,2.101036549,3084,2583,6168,Andrews
60,128,6,1.583987951,1.577036381,3084,2583,6168,Andrews
60,128,7,2.263999462,2.007025957,3084,2583,6168,Andrews
60,128,8,1.945986271,1.938019037,3084,2583,6168,Andrews
60,128,9,1.757994175,1.748076439,3084,2583,6168,Andrews
28,128,0,1.763978243,1.760035992,3146,2647,6292,Andrews
28,128,1,1.769988537,1.767046928,3146,2647,6292,Andrews
28,128,2,1.760215282,1.760147333,3146,2647,6292,Andrews
28,128,3,1.762997866,1.760043144,3146,2647,6292,Andrews
28,128,4,1.762992620,1.760036230,3146,2647,6292,Andrews
28,128,5,1.758987665,1.756036758,3146,2647,6292,Andrews
28,128,6,1.762990713,1.756049156,3146,2647,6292,Andrews
28,128,7,1.766995192,1.760056973,3146,2647,6292,Andrews
28,128,8,1.764987946,1.760048628,3146,2647,6292,Andrews
28,128,9,1.763250351,1.756114006,3146,2647,6292,Andrews
83,128,0,1.327992439,1.325049877,3193,2689,6386,Andrews
83,128,1,1.065997362,1.063036680,3193,2689,6386,Andrews
83,128,2,1.316993713,1.312036037,3193,2689,6386,Andrews
83,128,3,1.593994379,1.591045618,3193,2689,6386,Andrews
83,128,4,1.325988770,1.323029518,3193,2689,6386,Andrews
83,128,5,1.589955807,1.587040901,3193,2689,6386,Andrews
83,128,6,1.323995590,1.323044777,3193,2689,6386,Andrews
83,128,7,1.654987812,1.653026581,3193,2689,6386,Andrews
83,128,8,1.587990999,1.578036070,3193,2689,6386,Andrews
83,128,9,1.590993404,1.590094805,3193,2689,6386,Andrews
69,128,0,1.474989891,1.470015049,3226,2722,6452,Andrews
69,128,1,1.197989464,1.188028097,3226,2722,6452,Andrews
69,128,2,1.595001936,1.588030577,3226,2722,6452,Andrews
69,128,3,1.857994080,1.850026369,3226,2722,6452,Andrews
69,128,4,1.848991156,1.584020853,3226,2722,6452,Andrews
69,128,5,1.856992006,1.855029821,3226,2722,6452,Andrews
69,128,6,1.323993921,1.321040392,3226,2722,6452,Andrews
69,128,7,1.575989246,1.573029757,3226,2722,6452,Andrews
69,128,8,1.769999027,1.762028694,3226,2722,6452,Andrews
69,128,9,1.865998507,1.856092215,3226,2722,6452,Andrews
119,128,0,0.962002754,0.959019899,3142,2653,6284,Andrews
119,128,1,0.767163992,0.767043829,3142,2653,6284,Andrews
119,128,2,0.956360579,0.954021931,3142,2653,6284,Andrews
119,128,3,1.353997707,1.152032614,3142,2653,6284,Andrews
119,128,4,1.152565479,1.152073145,3142,2653,6284,Andrews
119,128,5,1.344084501,1.344019651,3142,2653,6284,Andrews
119,128,6,1.341002226,1.146021605,3142,2653,6284,Andrews
119,128,7,1.727997303,1.532084703,3142,2653,6284,Andrews
119,128,8,1.847001553,1.723010063,3142,2653,6284,Andrews
119,128,9,1.536133766,1.536091089,3142,2653,6284,Andrews
101,128,0,1.153369427,1.152043819,3180,2689,6360,Andrews
101,128,1,1.336000443,1.155048132,3180,2689,6360,Andrews
101,128,2,0.959363461,0.959037066,3180,2689,6360,Andrews
101,128,3,1.350030184,1.348045111,3180,2689,6360,Andrews
101,128,4,1.152090311,1.152020693,3180,2689,6360,Andrews
101,128,5,1.152131796,1.152038097,3180,2689,6360,Andrews
101,128,6,1.146084309,1.146043539,3180,2689,6360,Andrews
101,128,7,1.732007504,1.728064775,3180,2689,6360,Andrews
101,128,8,1.729299545,1.727057457,3180,2689,6360,Andrews
101,128,9,1.728559971,1.728096724,3180,2689,6360,Andrews
82,128,0,1.334987640,1.334034681,3290,2796,6580,Andrews
82,128,1,1.129989147,1.129020452,3290,2796,6580,Andrews
82,128,2,1.330091476,1.330026150,3290,2796,6580,Andrews
82,128,3,1.855095387,1.855039358,3290,2796,6580,Andrews
82,128,4,1.587993145,1.587034702,3290,2796,6580,Andrews
82,128,5,1.843985796,1.843032598,3290,2796,6580,Andrews
82,128,6,1.587996721,1.587032318,3290,2796,6580,Andrews
82,128,7,1.852992773,1.851030350,3290,2796,6580,Andrews
82,128,8,1.852993011,1.843027592,3290,2796,6580,Andrews
82,128,9,1.854994535,1.854105473,3290,2796,6580,Andrews
43,128,0,1.411985397,1.408028841,3187,2683,6374,Andrews
43,128,1,1.417982817,1.415027618,3187,2683,6374,Andrews
43,128,2,1.761231899,1.755992174,3187,2683,6374,Andrews
43,128,3,1.410997629,1.408039570,3187,2683,6374,Andrews
43,128,4,1.410991430,1.408025026,3187,2683,6374,Andrews
43,128,5,1.406985760,1.404026270,3187,2683,6374,Andrews
43,128,6,1.410989046,1.404031515,3187,2683,6374,Andrews
43,128,7,1.414988279,1.408041000,3187,2683,6374,Andrews
43,128,8,1.412995100,1.408047676,3187,2683,6374,Andrews
43,128,9,1.417991877,1.408119440,3187,2683,6374,Andrews
54,128,0,1.567829132,1.560039282,3161,2661,6322,Andrews
54,128,1,1.329990625,1.320038795,3161,2661,6322,Andrews
54,128,2,1.671995640,1.665049076,3161,2661,6322,Andrews
54,128,3,1.822586298,1.822510242,3161,2661,6322,Andrews
54,128,4,1.859991074,1.856020689,3161,2661,6322,Andrews
54,128,5,1.856958628,1.854994774,3161,2661,6322,Andrews
54,128,6,1.572129250,1.572029114,3161,2661,6322,Andrews
54,128,7,2.263996601,2.007030964,3161,2661,6322,Andrews
54,128,8,2.116988897,2.109033346,3161,2661,6322,Andrews
54,128,9,1.887998104,1.878107071,3161,2661,6322,Andrews
15,128,0,1.347076893,1.347013712,3307,2806,6614,Andrews
15,128,1,1.323999882,1.150022268,3307,2806,6614,Andrews
15,128,2,0.955003500,0.954026699,3307,2806,6614,Andrews
15,128,3,1.538064003,1.538022280,3307,2806,6614,Andrews
15,128,4,1.344109774,1.344021082,3307,2806,6614,Andrews
15,128,5,1.344074726,1.344022036,3307,2806,6614,Andrews
15,128,6,1.149004221,0.958036900,3307,2806,6614,Andrews
15,128,7,1.915998220,1.724210024,3307,2806,6614,Andrews
15,128,8,1.726001501,1.723025799,3307,2806,6614,Andrews
15,128,9,1.536880016,1.536092758,3307,2806,6614,Andrews
89,128,0,1.589989662,1.587027788,3224,2730,6448,Andrews
89,128,1,1.582992792,1.580023527,3224,2730,6448,Andrews
89,128,2,1.583994865,1.579033852,3224,2730,6448,Andrews
89,128,3,1.857995033,1.855029583,3224,2730,6448,Andrews
89,128,4,1.589988470,1.587042093,3224,2730,6448,Andrews
89,128,5,1.855994701,1.854029894,3224,2730,6448,Andrews
89,128,6,1.587996721,1.587033272,3224,2730,6448,Andrews
89,128,7,1.849996328,1.848039150,3224,2730,6448,Andrews
89,128,8,1.852995396,1.851042271,3224,2730,6448,Andrews
89,128,9,1.854998350,1.854116678,3224,2730,6448,Andrews
4,128,0,1.539083958,1.539020538,3097,2601,6194,Andrews
4,128,1,1.344006062,1.343027830,3097,2601,6194,Andrews
4,128,2,1.339005470,1.338027239,3097,2601,6194,Andrews
4,128,3,1.922065258,1.922019720,3097,2601,6194,Andrews
4,128,4,1.728396893,1.728018761,3097,2601,6194,Andrews
4,128,5,1.730485201,1.728023767,3097,2601,6194,Andrews
4,128,6,1.533003092,1.342025280,3097,2601,6194,Andrews
4,128,7,2.104001284,1.912036896,3097,2601,6194,Andrews
4,128,8,1.922004223,1.919025183,3097,2601,6194,Andrews
4,128,9,1.921004534,1.920102358,3097,2601,6194,Andrews
120,128,0,1.408249140,1.408177137,3076,2580,6152,Andrews
120,128,1,1.404278517,1.404207706,3076,2580,6152,Andrews
120,128,2,1.408317804,1.408231735,3076,2580,6152,Andrews
120,128,3,1.408133268,1.408051014,3076,2580,6152,Andrews
120,128,4,1.408129692,1.408052206,3076,2580,6152,Andrews
120,128,5,1.283282995,1.283195972,3076,2580,6152,Andrews
120,128,6,1.410995245,1.404058933,3076,2580,6152,Andrews
120,128,7,1.414991140,1.408059597,3076,2580,6152,Andrews
120,128,8,1.412995338,1.408060551,3076,2580,6152,Andrews
120,128,9,1.417994499,1.408130646,3076,2580,6152,Andrews
2,128,0,1.539096832,1.539033413,3148,2648,6296,Andrews
2,128,1,1.517001867,1.343027592,3148,2648,6296,Andrews
2,128,2,1.339005470,1.338027477,3148,2648,6296,Andrews
2,128,3,1.926058531,1.926016808,3148,2648,6296,Andrews
2,128,4,1.728086233,1.728019476,3148,2648,6296,Andrews
2,128,5,1.728067636,1.728019476,3148,2648,6296,Andrews
2,128,6,1.537001371,1.342022657,3148,2648,6296,Andrews
2,128,7,2.287998199,2.112028122,3148,2648,6296,Andrews
2,128,8,1.922001839,1.919033289,3148,2648,6296,Andrews
2,128,9,1.916153669,1.916103363,3148,2648,6296,Andrews
104,128,0,1.534997225,1.343025923,3224,2730,6448,Andrews
104,128,1,1.541000128,1.342029333,3224,2730,6448,Andrews
104,128,2,1.343998194,1.342024565,3224,2730,6448,Andrews
104,128,3,1.857999086,1.725006819,3224,2730,6448,Andrews
104,128,4,1.344101906,1.344048500,3224,2730,6448,Andrews
104,128,5,1.536097765,1.536031246,3224,2730,6448,Andrews
104,128,6,1.532996655,1.342037439,3224,2730,6448,Andrews
104,128,7,2.107990980,1.912096500,3224,2730,6448,Andrews
104,128,8,1.921997070,1.919043064,3224,2730,6448,Andrews
104,128,9,1.925193310,1.924117327,3224,2730,6448,Andrews
72,128,0,1.845970869,1.843008518,3212,2717,6424,Andrews
72,128,1,1.849970341,1.847001553,3212,2717,6424,Andrews
72,128,2,1.844615221,1.843019247,3212,2717,6424,Andrews
72,128,3,2.120957851,2.119003534,3212,2717,6424,Andrews
72,128,4,1.854961872,1.854011536,3212,2717,6424,Andrews
72,128,5,2.107963085,2.107013464,3212,2717,6424,Andrews
72,128,6,1.854967117,1.854006290,3212,2717,6424,Andrews
72,128,7,2.113961220,2.111997843,3212,2717,6424,Andrews
72,128,8,2.119963646,2.110006094,3212,2717,6424,Andrews
72,128,9,2.118965626,2.118076086,3212,2717,6424,Andrews
14,128,0,1.539066553,1.539016724,3102,2606,6204,Andrews
14,128,1,1.517001629,1.343028784,3102,2606,6204,Andrews
14,128,2,1.147237539,1.146007776,3102,2606,6204,Andrews
14,128,3,1.730353594,1.730018854,3102,2606,6204,Andrews
14,128,4,1.536086798,1.536021233,3102,2606,6204,Andrews
14,128,5,1.536082983,1.536021233,3102,2606,6204,Andrews
14,128,6,1.337003231,1.146021843,3102,2606,6204,Andrews
14,128,7,2.116001368,1.920037746,3102,2606,6204,Andrews
14,128,8,1.922002077,1.919032812,3102,2606,6204,Andrews
14,128,9,1.729004622,1.728119850,3102,2606,6204,Andrews
127,128,0,1.059993744,1.056039810,3212,2721,6424,Andrews
127,128,1,1.065999031,1.063052893,3212,2721,6424,Andrews
127,128,2,1.057995796,1.056059837,3212,2721,6424,Andrews
127,128,3,1.410995007,1.408003330,3212,2721,6424,Andrews
127,128,4,1.410995007,1.408002377,3212,2721,6424,Andrews
127,128,5,1.416488171,1.415006399,3212,2721,6424,Andrews
127,128,6,1.058991432,1.052045107,3212,2721,6424,Andrews
127,128,7,1.062994957,1.056076527,3212,2721,6424,Andrews
127,128,8,1.060993910,1.056060553,3212,2721,6424,Andrews
127,128,9,1.065989494,1.056129456,3212,2721,6424,Andrews
118,128,0,1.151062727,1.151015043,3161,2665,6322,Andrews
118,128,1,0.959097624,0.959038973,3161,2665,6322,Andrews
118,128,2,1.314001799,1.151005030,3161,2665,6322,Andrews
118,128,3,1.466000080,1.342002630,3161,2665,6322,Andrews
118,128,4,1.344096899,1.344001532,3161,2665,6322,Andrews
118,128,5,1.344107389,1.344022751,3161,2665,6322,Andrews
118,128,6,1.150125742,1.150026321,3161,2665,6322,Andrews
118,128,7,1.748020887,1.728043795,3161,2665,6322,Andrews
118,128,8,1.730001688,1.727030516,3161,2665,6322,Andrews
118,128,9,1.728153467,1.728106022,3161,2665,6322,Andrews
77,128,0,1.578990459,1.576037169,3194,2693,6388,Andrews
77,128,1,1.582990170,1.580023289,3194,2693,6388,Andrews
77,128,2,1.392136812,1.392057180,3194,2693,6388,Andrews
77,128,3,1.845985174,1.844031572,3194,2693,6388,Andrews
77,128,4,1.576959848,1.575999737,3194,2693,6388,Andrews
77,128,5,1.851982594,1.851032734,3194,2693,6388,Andrews
77,128,6,1.587990522,1.587033510,3194,2693,6388,Andrews
77,128,7,1.852998018,1.851030350,3194,2693,6388,Andrews
77,128,8,1.841987610,1.832028389,3194,2693,6388,Andrews
77,128,9,1.854998827,1.854122639,3194,2693,6388,Andrews
40,128,0,1.763967752,1.760010958,3127,2630,6254,Andrews
40,128,1,1.769991875,1.767027617,3127,2630,6254,Andrews
40,128,2,1.760984182,1.760169268,3127,2630,6254,Andrews
40,128,3,1.762988806,1.760029554,3127,2630,6254,Andrews
40,128,4,1.762991667,1.760030985,3127,2630,6254,Andrews
40,128,5,1.767984867,1.767015696,3127,2630,6254,Andrews
40,128,6,1.762980938,1.756028175,3127,2630,6254,Andrews
40,128,7,1.766985893,1.760029316,3127,2630,6254,Andrews
40,128,8,1.764994860,1.760036707,3127,2630,6254,Andrews
40,128,9,1.765994310,1.756122351,3127,2630,6254,Andrews
114,128,0,1.152118444,1.152025700,3123,2625,6246,Andrews
114,128,1,1.284003019,1.149998426,3123,2625,6246,Andrews
114,128,2,1.147286415,1.146027565,3123,2625,6246,Andrews
114,128,3,1.538013697,1.536027193,3123,2625,6246,Andrews
114,128,4,1.344941378,1.344096422,3123,2625,6246,Andrews
114,128,5,1.536405802,1.536021709,3123,2625,6246,Andrews
114,128,6,1.536994696,1.342040062,3123,2625,6246,Andrews
114,128,7,1.728235006,1.728060961,3123,2625,6246,Andrews
114,128,8,1.729999542,1.727035761,3123,2625,6246,Andrews
114,128,9,1.728137732,1.728095770,3123,2625,6246,Andrews
78,128,0,1.576995850,1.576029062,3124,2620,6248,Andrews
78,128,1,1.327126980,1.327045679,3124,2620,6248,Andrews
78,128,2,1.334997892,1.334061861,3124,2620,6248,Andrews
78,128,3,1.845784903,1.844029665,3124,2620,6248,Andrews
78,128,4,1.576991558,1.576031446,3124,2620,6248,Andrews
78,128,5,1.840987682,1.840028048,3124,2620,6248,Andrews
78,128,6,1.587996960,1.587028742,3124,2620,6248,Andrews
78,128,7,1.852996588,1.851037979,3124,2620,6248,Andrews
78,128,8,1.841989994,1.832026005,3124,2620,6248,Andrews
78,128,9,1.854998112,1.854140997,3124,2620,6248,Andrews
121,128,0,1.410990000,1.408031702,3236,2749,6472,Andrews
121,128,1,1.417990923,1.415040970,3236,2749,6472,Andrews
121,128,2,1.410989046,1.408039570,3236,2749,6472,Andrews
121,128,3,1.056278706,1.056192875,3236,2749,6472,Andrews
121,128,4,1.056267023,1.056185007,3236,2749,6472,Andrews
121,128,5,1.063264847,1.063186646,3236,2749,6472,Andrews
121,128,6,1.410997391,1.404045820,3236,2749,6472,Andrews
121,128,7,1.414997339,1.408048630,3236,2749,6472,Andrews
121,128,8,1.412993431,1.408054590,3236,2749,6472,Andrews
121,128,9,1.417991161,1.408131123,3236,2749,6472,Andrews
94,128,0,1.050111294,1.050032139,3271,2777,6542,Andrews
94,128,1,1.064880610,1.063035965,3271,2777,6542,Andrews
94,128,2,1.313987970,1.312031984,3271,2777,6542,Andrews
94,128,3,1.580112457,1.580033302,3271,2777,6542,Andrews
94,128,4,1.576999187,1.576050997,3271,2777,6542,Andrews
94,128,5,1.862989426,1.862022161,3271,2777,6542,Andrews
94,128,6,1.587992668,1.587020874,3271,2777,6542,Andrews
94,128,7,1.588994265,1.587024927,3271,2777,6542,Andrews
94,128,8,1.576998234,1.567031860,3271,2777,6542,Andrews
94,128,9,1.590997219,1.590130806,3271,2777,6542,Andrews
48,128,0,1.839948893,1.832979202,3114,2621,6228,Andrews
48,128,1,1.755959034,1.746993303,3114,2621,6228,Andrews
48,128,2,1.832959175,1.825999737,3114,2621,6228,Andrews
48,128,3,2.368956089,2.359984398,3114,2621,6228,Andrews
48,128,4,2.130793571,2.125992775,3114,2621,6228,Andrews
48,128,5,1.927988529,1.924999475,3114,2621,6228,Andrews
48,128,6,1.616959095,1.610010386,3114,2621,6228,Andrews
48,128,7,2.357938051,2.093971252,3114,2621,6228,Andrews
48,128,8,2.127954245,2.119998932,3114,2621,6228,Andrews
48,128,9,2.232948780,2.223063946,3114,2621,6228,Andrews
39,128,0,1.058993101,1.056035995,3231,2726,6462,Andrews
39,128,1,1.065995932,1.063039303,3231,2726,6462,Andrews
39,128,2,1.058995724,1.056034803,3231,2726,6462,Andrews
39,128,3,1.057777166,1.056001902,3231,2726,6462,Andrews
39,128,4,1.059287310,1.056000710,3231,2726,6462,Andrews
39,128,5,1.056982279,1.056002378,3231,2726,6462,Andrews
39,128,6,1.058994055,1.052036524,3231,2726,6462,Andrews
39,128,7,1.062989235,1.056037188,3231,2726,6462,Andrews
39,128,8,1.060994625,1.056034803,3231,2726,6462,Andrews
39,128,9,1.065986633,1.056125402,3231,2726,6462,Andrews
90,128,0,1.312241077,1.312179327,3152,2662,6304,Andrews
90,128,1,1.327995777,1.327049971,3152,2662,6304,Andrews
90,128,2,1.324998617,1.323047161,3152,2662,6304,Andrews
90,128,3,1.679096222,1.679036140,3152,2662,6304,Andrews
90,128,4,1.588865042,1.587025881,3152,2662,6304,Andrews
90,128,5,1.602087498,1.602015257,3152,2662,6304,Andrews
90,128,6,1.323991060,1.323170424,3152,2662,6304,Andrews
90,128,7,1.841991901,1.840029478,3152,2662,6304,Andrews
90,128,8,1.852995157,1.851031542,3152,2662,6304,Andrews
90,128,9,1.854994535,1.854131937,3152,2662,6304,Andrews
38,128,0,1.417055130,1.408022165,3163,2661,6326,Andrews
38,128,1,1.417992353,1.415010452,3163,2661,6326,Andrews
38,128,2,1.410990953,1.408031702,3163,2661,6326,Andrews
38,128,3,1.408992767,1.408021688,3163,2661,6326,Andrews
38,128,4,1.410999298,1.408001661,3163,2661,6326,Andrews
38,128,5,1.415987968,1.414998770,3163,2661,6326,Andrews
38,128,6,1.410988092,1.404000998,3163,2661,6326,Andrews
38,128,7,1.414988995,1.408033848,3163,2661,6326,Andrews
38,128,8,1.412988901,1.408025980,3163,2661,6326,Andrews
38,128,9,1.417989969,1.408137560,3163,2661,6326,Andrews
98,128,0,1.539000511,1.344029427,3094,2589,6188,Andrews
98,128,1,1.523998260,1.342036009,3094,2589,6188,Andrews
98,128,2,1.148001194,1.146041870,3094,2589,6188,Andrews
98,128,3,1.537034035,1.535027266,3094,2589,6188,Andrews
98,128,4,1.152089357,1.152046680,3094,2589,6188,Andrews
98,128,5,1.344401121,1.344024897,3094,2589,6188,Andrews
98,128,6,1.536999702,1.342047691,3094,2589,6188,Andrews
98,128,7,1.725014448,1.724085093,3094,2589,6188,Andrews
98,128,8,2.111001492,1.918038607,3094,2589,6188,Andrews
98,128,9,1.920204163,1.920106649,3094,2589,6188,Andrews
84,128,0,1.578993797,1.576018810,3203,2705,6406,Andrews
84,128,1,1.316232204,1.316143990,3203,2705,6406,Andrews
84,128,2,1.323127031,1.323049545,3203,2705,6406,Andrews
84,128,3,1.855997801,1.855030775,3203,2705,6406,Andrews
84,128,4,1.587991714,1.587030172,3203,2705,6406,Andrews
84,128,5,1.843992472,1.843039513,3203,2705,6406,Andrews
84,128,6,1.587997198,1.587031841,3203,2705,6406,Andrews
84,128,7,1.852991104,1.851022959,3203,2705,6406,Andrews
84,128,8,1.888948441,1.887020588,3203,2705,6406,Andrews
84,128,9,1.854994059,1.854134321,3203,2705,6406,Andrews
70,128,0,1.325992346,1.321024895,3186,2683,6372,Andrews
70,128,1,1.219992638,1.210026503,3186,2683,6372,Andrews
70,128,2,1.583989859,1.577027559,3186,2683,6372,Andrews
70,128,3,1.858000040,1.850033522,3186,2683,6372,Andrews
70,128,4,1.715987921,1.713036776,3186,2683,6372,Andrews
70,128,5,1.856996059,1.855031013,3186,2683,6372,Andrews
70,128,6,1.343955755,1.336999416,3186,2683,6372,Andrews
70,128,7,1.990988731,1.723013878,3186,2683,6372,Andrews
70,128,8,1.851988554,1.844019890,3186,2683,6372,Andrews
70,128,9,1.865981817,1.856108189,3186,2683,6372,Andrews
31,128,0,1.416982889,1.407993555,3271,2767,6542,Andrews
31,128,1,1.418990850,1.415001392,3271,2767,6542,Andrews
31,128,2,1.410997868,1.408036232,3271,2767,6542,Andrews
31,128,3,1.408930063,1.407953024,3271,2767,6542,Andrews
31,128,4,1.410985708,1.408002615,3271,2767,6542,Andrews
31,128,5,1.415996790,1.415003061,3271,2767,6542,Andrews
31,128,6,1.410992622,1.404009342,3271,2767,6542,Andrews
31,128,7,1.414983749,1.408038139,3271,2767,6542,Andrews
31,128,8,1.412987709,1.408025980,3271,2767,6542,Andrews
31,128,9,1.417985201,1.408130169,3271,2767,6542,Andrews
103,128,0,1.152559757,1.152060270,3155,2653,6310,Andrews
103,128,1,1.158885241,1.155052423,3155,2653,6310,Andrews
103,128,2,0.962001085,0.960053444,3155,2653,6310,Andrews
103,128,3,1.537994862,1.341027975,3155,2653,6310,Andrews
103,128,4,0.960118294,0.960049868,3155,2653,6310,Andrews
103,128,5,0.960141659,0.960057020,3155,2653,6310,Andrews
103,128,6,1.345001221,1.154027700,3155,2653,6310,Andrews
103,128,7,1.723997831,1.532067299,3155,2653,6310,Andrews
103,128,8,1.919002771,1.722021818,3155,2653,6310,Andrews
103,128,9,1.727999926,1.536073685,3155,2653,6310,Andrews
75,128,0,1.587089300,1.587029457,3308,2808,6616,Andrews
75,128,1,1.316990137,1.316059828,3308,2808,6616,Andrews
75,128,2,1.330862999,1.329329252,3308,2808,6616,Andrews
75,128,3,1.834995985,1.833038330,3308,2808,6616,Andrews
75,128,4,1.587991953,1.587027550,3308,2808,6616,Andrews
75,128,5,1.851128101,1.851048470,3308,2808,6616,Andrews
75,128,6,1.312990427,1.312052250,3308,2808,6616,Andrews
75,128,7,1.587997437,1.587049007,3308,2808,6616,Andrews
75,128,8,1.622945070,1.620043516,3308,2808,6616,Andrews
75,128,9,1.755998373,1.755115271,3308,2808,6616,Andrews
37,128,0,1.760987043,1.759993792,3295,2794,6590,Andrews
37,128,1,1.756035805,1.756008625,3295,2794,6590,Andrews
37,128,2,1.762989759,1.759999752,3295,2794,6590,Andrews
37,128,3,1.763447046,1.760014772,3295,2794,6590,Andrews
37,128,4,1.409995317,1.408186674,3295,2794,6590,Andrews
37,128,5,1.405993700,1.404181957,3295,2794,6590,Andrews
37,128,6,1.773002863,1.767007351,3295,2794,6590,Andrews
37,128,7,1.766994238,1.760008574,3295,2794,6590,Andrews
37,128,8,1.769148350,1.759997368,3295,2794,6590,Andrews
37,128,9,1.688991785,1.679136276,3295,2794,6590,Andrews
97,128,0,1.530998468,1.343021393,3260,2765,6520,Andrews
97,128,1,1.540995359,1.340017557,3260,2765,6520,Andrews
97,128,2,1.345997572,1.150018692,3260,2765,6520,Andrews
97,128,3,1.539007187,1.536055565,3260,2765,6520,Andrews
97,128,4,1.340109110,1.340039968,3260,2765,6520,Andrews
97,128,5,1.344135523,1.344045877,3260,2765,6520,Andrews
97,128,6,1.537000418,1.338025808,3260,2765,6520,Andrews
97,128,7,1.915999174,1.724072695,3260,2765,6520,Andrews
97,128,8,2.118997097,1.921041250,3260,2765,6520,Andrews
97,128,9,1.919998169,1.728080273,3260,2765,6520,Andrews
19,128,0,1.528004169,1.339019060,3295,2789,6590,Andrews
19,128,1,1.501001120,1.339014053,3295,2789,6590,Andrews
19,128,2,1.545999527,1.342016935,3295,2789,6590,Andrews
19,128,3,1.917999268,1.724028826,3295,2789,6590,Andrews
19,128,4,1.536812544,1.536726475,3295,2789,6590,Andrews
19,128,5,1.731710434,1.728017569,3295,2789,6590,Andrews
19,128,6,1.532996416,1.338013649,3295,2789,6590,Andrews
19,128,7,1.916000605,1.724043131,3295,2789,6590,Andrews
19,128,8,2.119005680,1.917025089,3295,2789,6590,Andrews
19,128,9,1.911100388,1.724059820,3295,2789,6590,Andrews
85,128,0,1.335988522,1.334041119,3285,2787,6570,Andrews
85,128,1,1.318992615,1.316037416,3285,2787,6570,Andrews
85,128,2,1.327988863,1.323035955,3285,2787,6570,Andrews
85,128,3,1.833109856,1.833033323,3285,2787,6570,Andrews
85,128,4,1.587555408,1.587038040,3285,2787,6570,Andrews
85,128,5,1.840847254,1.840032816,3285,2787,6570,Andrews
85,128,6,1.301246405,1.301168442,3285,2787,6570,Andrews
85,128,7,1.852995157,1.851005316,3285,2787,6570,Andrews
85,128,8,1.854990244,1.854019403,3285,2787,6570,Andrews
85,128,9,1.854984760,1.853998661,3285,2787,6570,Andrews
25,128,0,1.768986464,1.759999990,3181,2684,6362,Andrews
25,128,1,1.770993233,1.767011404,3181,2684,6362,Andrews
25,128,2,1.762996674,1.760031700,3181,2684,6362,Andrews
25,128,3,1.408228874,1.408165693,3181,2684,6362,Andrews
25,128,4,1.762992144,1.760006905,3181,2684,6362,Andrews
25,128,5,1.767992258,1.767010927,3181,2684,6362,Andrews
25,128,6,1.762994766,1.756012678,3181,2684,6362,Andrews
25,128,7,1.766988754,1.760033607,3181,2684,6362,Andrews
25,128,8,1.764987707,1.760020494,3181,2684,6362,Andrews
25,128,9,1.776990175,1.767132282,3181,2684,6362,Andrews
6,128,0,1.534996271,1.343019962,3190,2685,6380,Andrews
6,128,1,1.544996023,1.339028835,3190,2685,6380,Andrews
6,128,2,1.344002485,1.342015743,3190,2685,6380,Andrews
6,128,3,1.725000381,1.722022533,3190,2685,6380,Andrews
6,128,4,1.536062956,1.536016941,3190,2685,6380,Andrews
6,128,5,1.726102352,1.726024628,3190,2685,6380,Andrews
6,128,6,1.345001221,1.150033712,3190,2685,6380,Andrews
6,128,7,1.924001932,1.728037834,3190,2685,6380,Andrews
6,128,8,2.078996181,1.912996054,3190,2685,6380,Andrews
6,128,9,1.922996283,1.732066154,3190,2685,6380,Andrews
21,128,0,1.343002796,1.151026011,3239,2737,6478,Andrews
21,128,1,1.353000164,1.149023533,3239,2737,6478,Andrews
21,128,2,1.350001812,1.149026871,3239,2737,6478,Andrews
21,128,3,1.674005985,1.532022476,3239,2737,6478,Andrews
21,128,4,1.536099911,1.536019325,3239,2737,6478,Andrews
21,128,5,1.536107779,1.536019087,3239,2737,6478,Andrews
21,128,6,1.349000454,1.154022932,3239,2737,6478,Andrews
21,128,7,1.732003927,1.536053181,3239,2737,6478,Andrews
21,128,8,1.914999723,1.727028370,3239,2737,6478,Andrews
21,128,9,1.727006197,1.536060572,3239,2737,6478,Andrews
92,128,0,1.323994875,1.323037148,3267,2765,6534,Andrews
92,128,1,1.428990364,1.426022768,3267,2765,6534,Andrews
92,128,2,1.370272398,1.370182276,3267,2765,6534,Andrews
92,128,3,1.591117382,1.591038465,3267,2765,6534,Andrews
92,128,4,1.587993383,1.587024212,3267,2765,6534,Andrews
92,128,5,1.898994684,1.898026466,3267,2765,6534,Andrews
92,128,6,1.587994814,1.587029219,3267,2765,6534,Andrews
92,128,7,1.852991343,1.850997210,3267,2765,6534,Andrews
92,128,8,1.854989529,1.854003906,3267,2765,6534,Andrews
92,128,9,1.854999304,1.854018688,3267,2765,6534,Andrews
35,128,0,1.768983603,1.759998083,3165,2663,6330,Andrews
35,128,1,1.759993315,1.756006241,3165,2663,6330,Andrews
35,128,2,1.410998821,1.408014536,3165,2663,6330,Andrews
35,128,3,1.411358118,1.408000708,3165,2663,6330,Andrews
35,128,4,1.410994053,1.408001423,3165,2663,6330,Andrews
35,128,5,1.418055773,1.414999962,3165,2663,6330,Andrews
35,128,6,1.410994768,1.404009819,3165,2663,6330,Andrews
35,128,7,1.414993763,1.408028841,3165,2663,6330,Andrews
35,128,8,1.412992716,1.408002615,3165,2663,6330,Andrews
35,128,9,1.417995214,1.408008099,3165,2663,6330,Andrews
106,128,0,1.152128696,1.152039051,3196,2696,6392,Andrews
106,128,1,1.336009979,1.155041695,3196,2696,6392,Andrews
106,128,2,1.151083708,1.151036739,3196,2696,6392,Andrews
106,128,3,1.532135963,1.532032251,3196,2696,6392,Andrews
106,128,4,1.344151258,1.344031811,3196,2696,6392,Andrews
106,128,5,1.344148636,1.344046116,3196,2696,6392,Andrews
106,128,6,1.150108576,1.150054455,3196,2696,6392,Andrews
106,128,7,1.732019424,1.724162817,3196,2696,6392,Andrews
106,128,8,2.118997574,1.916025877,3196,2696,6392,Andrews
106,128,9,1.919003010,1.728091478,3196,2696,6392,Andrews
59,128,0,1.320986271,1.316047430,3175,2674,6350,Andrews
59,128,1,1.413007498,1.309036732,3175,2674,6350,Andrews
59,128,2,1.851000786,1.586037397,3175,2674,6350,Andrews
59,128,3,1.771004200,1.516056776,3175,2674,6350,Andrews
59,128,4,1.588996172,1.579061508,3175,2674,6350,Andrews
59,128,5,1.597990274,1.596031904,3175,2674,6350,Andrews
59,128,6,1.589000463,1.458040953,3175,2674,6350,Andrews
59,128,7,2.390996218,2.123023510,3175,2674,6350,Andrews
59,128,8,1.593994856,1.586047173,3175,2674,6350,Andrews
59,128,9,1.834035397,1.572156668,3175,2674,6350,Andrews
44,128,0,2.112000704,1.760007620,3216,2713,6432,Andrews
44,128,1,1.760984659,1.756000280,3216,2713,6432,Andrews
44,128,2,1.762996912,1.760006666,3216,2713,6432,Andrews
44,128,3,1.764947891,1.759974480,3216,2713,6432,Andrews
44,128,4,1.762994766,1.760009050,3216,2713,6432,Andrews
44,128,5,1.769988298,1.767000198,3216,2713,6432,Andrews
44,128,6,1.762994051,1.756004572,3216,2713,6432,Andrews
44,128,7,1.766993523,1.760000467,3216,2713,6432,Andrews
44,128,8,1.764990568,1.760023117,3216,2713,6432,Andrews
44,128,9,1.776988268,1.766999245,3216,2713,6432,Andrews
7,128,0,1.531998158,1.343014717,3160,2661,6320,Andrews
7,128,1,1.343997955,1.155741930,3160,2661,6320,Andrews
7,128,2,1.353997469,1.152027369,3160,2661,6320,Andrews
7,128,3,1.918001413,1.720031977,3160,2661,6320,Andrews
7,128,4,1.344089746,1.344025373,3160,2661,6320,Andrews
7,128,5,1.534584284,1.534017563,3160,2661,6320,Andrews
7,128,6,1.348933935,1.152965069,3160,2661,6320,Andrews
7,128,7,1.723998785,1.536045313,3160,2661,6320,Andrews
7,128,8,1.919000864,1.722018480,3160,2661,6320,Andrews
7,128,9,1.918998241,1.732076406,3160,2661,6320,Andrews
81,128,0,1.336987734,1.334033966,3302,2797,6604,Andrews
81,128,1,1.318997860,1.316036224,3302,2797,6604,Andrews
81,128,2,1.327990532,1.323038101,3302,2797,6604,Andrews
81,128,3,1.582139492,1.582112551,3302,2797,6604,Andrews
81,128,4,1.580903053,1.579040527,3302,2797,6604,Andrews
81,128,5,1.597197533,1.597124338,3302,2797,6604,Andrews
81,128,6,1.312127829,1.312049150,3302,2797,6604,Andrews
81,128,7,1.851797104,1.850992680,3302,2797,6604,Andrews
81,128,8,1.854990482,1.853998661,3302,2797,6604,Andrews
81,128,9,1.855849266,1.853998423,3302,2797,6604,Andrews
3,128,0,1.531996489,1.343017101,3160,2661,6320,Andrews
3,128,1,1.484997988,1.341018438,3160,2661,6320,Andrews
3,128,2,1.541995287,1.340021610,3160,2661,6320,Andrews
3,128,3,1.922002554,1.723026991,3160,2661,6320,Andrews
3,128,4,1.538211107,1.536025047,3160,2661,6320,Andrews
3,128,5,1.922003269,1.727018833,3160,2661,6320,Andrews
3,128,6,1.536997080,1.341021538,3160,2661,6320,Andrews
3,128,7,2.152000904,1.920046806,3160,2661,6320,Andrews
3,128,8,2.114999771,1.915021420,3160,2661,6320,Andrews
3,128,9,1.931005001,1.728066206,3160,2661,6320,Andrews
36,128,0,1.761164904,1.759995222,3093,2585,6186,Andrews
36,128,1,1.756045103,1.756002188,3093,2585,6186,Andrews
36,128,2,1.762986660,1.760002613,3093,2585,6186,Andrews
36,128,3,1.764997482,1.760012627,3093,2585,6186,Andrews
36,128,4,1.762991905,1.760007143,3093,2585,6186,Andrews
36,128,5,1.769995213,1.767012358,3093,2585,6186,Andrews
36,128,6,1.762986422,1.755994081,3093,2585,6186,Andrews
36,128,7,1.766993046,1.760005474,3093,2585,6186,Andrews
36,128,8,1.764988422,1.759994507,3093,2585,6186,Andrews
36,128,9,1.777005911,1.767006397,3093,2585,6186,Andrews
125,128,0,1.059988260,1.056054115,3160,2671,6320,Andrews
125,128,1,1.054990530,1.052070618,3160,2671,6320,Andrews
125,128,2,1.056271076,1.056198597,3160,2671,6320,Andrews
125,128,3,1.411155701,1.408001661,3160,2671,6320,Andrews
125,128,4,1.411064148,1.408030510,3160,2671,6320,Andrews
125,128,5,1.407156944,1.404037237,3160,2671,6320,Andrews
125,128,6,1.057988644,1.056061745,3160,2671,6320,Andrews
125,128,7,1.062998533,1.056050301,3160,2671,6320,Andrews
125,128,8,1.060995579,1.056040764,3160,2671,6320,Andrews
125,128,9,1.065996885,1.056162357,3160,2671,6320,Andrews
20,128,0,1.531995773,1.343022585,3146,2651,6292,Andrews
20,128,1,1.536999941,1.337022305,3146,2651,6292,Andrews
20,128,2,1.538004160,1.343022108,3146,2651,6292,Andrews
20,128,3,1.909999847,1.717033148,3146,2651,6292,Andrews
20,128,4,1.536107063,1.536017895,3146,2651,6292,Andrews
20,128,5,1.726081848,1.726014376,3146,2651,6292,Andrews
20,128,6,1.349004269,1.150028706,3146,2651,6292,Andrews
20,128,7,1.920001984,1.727982759,3146,2651,6292,Andrews
20,128,8,2.111001730,1.916021109,3146,2651,6292,Andrews
20,128,9,1.919001102,1.728078842,3146,2651,6292,Andrews
27,128,0,1.760990620,1.759999037,3233,2739,6466,Andrews
27,128,1,1.404032469,1.404004574,3233,2739,6466,Andrews
27,128,2,1.058990955,1.056005001,3233,2739,6466,Andrews
27,128,3,1.409968853,1.408127069,3233,2739,6466,Andrews
27,128,4,1.760493994,1.760004759,3233,2739,6466,Andrews
27,128,5,1.758994102,1.756010294,3233,2739,6466,Andrews
27,128,6,1.418380737,1.415004253,3233,2739,6466,Andrews
27,128,7,1.414989233,1.408000708,3233,2739,6466,Andrews
27,128,8,1.412993431,1.408001184,3233,2739,6466,Andrews
27,128,9,1.417989969,1.408004045,3233,2739,6466,Andrews
8,128,0,1.723998308,1.535016775,3066,2573,6132,Andrews
8,128,1,1.733995438,1.534020185,3066,2573,6132,Andrews
8,128,2,1.530000210,1.345031977,3066,2573,6132,Andrews
8,128,3,2.105998755,1.909034491,3066,2573,6132,Andrews
8,128,4,1.728080988,1.728015184,3066,2573,6132,Andrews
8,128,5,1.918081045,1.918014050,3066,2573,6132,Andrews
8,128,6,1.549001455,1.341023207,3066,2573,6132,Andrews
8,128,7,2.107996941,1.916037083,3066,2573,6132,Andrews
8,128,8,2.302997351,2.108011723,3066,2573,6132,Andrews
8,128,9,2.110027552,1.920084476,3066,2573,6132,Andrews
123,128,0,1.408993721,1.408008337,3206,2709,6412,Andrews
123,128,1,1.404036522,1.404010057,3206,2709,6412,Andrews
123,128,2,1.410993576,1.408034563,3206,2709,6412,Andrews
123,128,3,1.056991339,1.056034088,3206,2709,6412,Andrews
123,128,4,1.056128502,1.056047440,3206,2709,6412,Andrews
123,128,5,1.056139946,1.056064844,3206,2709,6412,Andrews
123,128,6,1.421059132,1.415029764,3206,2709,6412,Andrews
123,128,7,1.414988279,1.408023119,3206,2709,6412,Andrews
123,128,8,1.063057184,1.056043863,3206,2709,6412,Andrews
123,128,9,1.065987825,1.056154490,3206,2709,6412,Andrews
23,128,0,1.339994907,1.151018143,3218,2718,6436,Andrews
23,128,1,1.241028547,0.963030100,3218,2718,6436,Andrews
23,128,2,1.162003279,0.960023403,3218,2718,6436,Andrews
23,128,3,1.726000309,1.528032064,3218,2718,6436,Andrews
23,128,4,1.344092131,1.344014168,3218,2718,6436,Andrews
23,128,5,1.534096718,1.534016848,3218,2718,6436,Andrews
23,128,6,1.172999859,0.956034422,3218,2718,6436,Andrews
23,128,7,1.728007078,1.536063194,3218,2718,6436,Andrews
23,128,8,1.536108017,1.536026955,3218,2718,6436,Andrews
23,128,9,1.726020098,1.536108017,3218,2718,6436,Andrews
13,128,0,1.535998583,1.343028545,3299,2801,6598,Andrews
13,128,1,1.415009260,1.155031443,3299,2801,6598,Andrews
13,128,2,1.333997250,1.151028633,3299,2801,6598,Andrews
13,128,3,1.918003321,1.720032930,3299,2801,6598,Andrews
13,128,4,1.537946224,1.536019564,3299,2801,6598,Andrews
13,128,5,1.727948666,1.726020098,3299,2801,6598,Andrews
13,128,6,1.333003044,1.147029877,3299,2801,6598,Andrews
13,128,7,1.920001984,1.728058577,3299,2801,6598,Andrews
13,128,8,1.731907606,1.728032827,3299,2801,6598,Andrews
13,128,9,1.918030500,1.728094578,3299,2801,6598,Andrews
71,128,0,1.061598301,1.061516523,3303,2794,6606,Andrews
71,128,1,1.059989214,1.050028801,3303,2794,6606,Andrews
71,128,2,1.605995655,1.599046469,3303,2794,6606,Andrews
71,128,3,1.579999685,1.571037531,3303,2794,6606,Andrews
71,128,4,1.600994349,1.597040892,3303,2794,6606,Andrews
71,128,5,1.844988346,1.837026834,3303,2794,6606,Andrews
71,128,6,1.444174051,1.442035437,3303,2794,6606,Andrews
71,128,7,1.764994144,1.508022070,3303,2794,6606,Andrews
71,128,8,1.578998566,1.571041107,3303,2794,6606,Andrews
71,128,9,1.762003660,1.588089466,3303,2794,6606,Andrews
124,128,0,1.408993006,1.408006430,3208,2709,6416,Andrews
124,128,1,1.404028177,1.404000044,3208,2709,6416,Andrews
124,128,2,1.410995960,1.408031225,3208,2709,6416,Andrews
124,128,3,1.408098698,1.408043861,3208,2709,6416,Andrews
124,128,4,1.408997297,1.408044815,3208,2709,6416,Andrews
124,128,5,1.404990673,1.404047966,3208,2709,6416,Andrews
124,128,6,1.056319714,1.056214094,3208,2709,6416,Andrews
124,128,7,1.066951752,1.066871643,3208,2709,6416,Andrews
124,128,8,1.410993576,1.408038616,3208,2709,6416,Andrews
124,128,9,1.417997599,1.408159256,3208,2709,6416,Andrews
16,128,0,1.727995634,1.535019636,3205,2705,6410,Andrews
16,128,1,1.600000858,1.348022938,3205,2705,6410,Andrews
16,128,2,1.534005165,1.343025208,3205,2705,6410,Andrews
16,128,3,2.101997852,1.911018372,3205,2705,6410,Andrews
16,128,4,1.730929852,1.728018761,3205,2705,6410,Andrews
16,128,5,1.732113838,1.732025146,3205,2705,6410,Andrews
16,128,6,1.524996281,1.339013815,3205,2705,6410,Andrews
16,128,7,2.111995935,1.920033693,3205,2705,6410,Andrews
16,128,8,2.170998812,1.920028925,3205,2705,6410,Andrews
16,128,9,2.110008955,1.920093298,3205,2705,6410,Andrews
46,128,0,1.760994196,1.760002851,3215,2710,6430,Andrews
46,128,1,1.756028891,1.756001711,3215,2710,6430,Andrews
46,128,2,1.762991428,1.760007858,3215,2710,6430,Andrews
46,128,3,1.760081768,1.760004520,3215,2710,6430,Andrews
46,128,4,1.762665987,1.759999037,3215,2710,6430,Andrews
46,128,5,1.757074833,1.756003141,3215,2710,6430,Andrews
46,128,6,1.771291971,1.767007113,3215,2710,6430,Andrews
46,128,7,1.763113976,1.760009050,3215,2710,6430,Andrews
46,128,8,1.762996197,1.760003567,3215,2710,6430,Andrews
46,128,9,1.769995451,1.760157347,3215,2710,6430,Andrews
10,128,0,1.535083055,1.535035849,3130,2629,6260,Andrews
10,128,1,1.516996622,1.343023062,3130,2629,6260,Andrews
10,128,2,1.396000147,1.394019604,3130,2629,6260,Andrews
10,128,3,1.854003906,1.727027416,3130,2629,6260,Andrews
10,128,4,1.728059053,1.728017807,3130,2629,6260,Andrews
10,128,5,1.728076935,1.728022814,3130,2629,6260,Andrews
10,128,6,1.528993845,1.342021704,3130,2629,6260,Andrews
10,128,7,2.111999273,1.920058012,3130,2629,6260,Andrews
10,128,8,2.103002548,1.923033714,3130,2629,6260,Andrews
10,128,9,2.110000134,1.920103788,3130,2629,6260,Andrews
126,128,0,1.059986591,1.056037903,3137,2630,6274,Andrews
126,128,1,1.065994263,1.063044786,3137,2630,6274,Andrews
126,128,2,1.056122780,1.056048870,3137,2630,6274,Andrews
126,128,3,1.410991192,1.408009529,3137,2630,6274,Andrews
126,128,4,1.408268213,1.408187151,3137,2630,6274,Andrews
126,128,5,1.404221535,1.404160738,3137,2630,6274,Andrews
126,128,6,1.056284904,1.056207180,3137,2630,6274,Andrews
126,128,7,1.058321714,1.056225538,3137,2630,6274,Andrews
126,128,8,1.410996675,1.408002853,3137,2630,6274,Andrews
126,128,9,1.417994738,1.408010483,3137,2630,6274,Andrews
122,128,0,1.410989761,1.408022881,3155,2664,6310,Andrews
122,128,1,1.417996645,1.415043354,3155,2664,6310,Andrews
122,128,2,1.411160231,1.408050060,3155,2664,6310,Andrews
122,128,3,1.413052320,1.407992363,3155,2664,6310,Andrews
122,128,4,1.410993099,1.408006907,3155,2664,6310,Andrews
122,128,5,1.415991783,1.415002346,3155,2664,6310,Andrews
122,128,6,1.410995483,1.404045820,3155,2664,6310,Andrews
122,128,7,1.414992332,1.408047676,3155,2664,6310,Andrews
122,128,8,1.409809828,1.408018589,3155,2664,6310,Andrews
122,128,9,1.400326729,1.399164438,3155,2664,6310,Andrews
0,128,0,1.726974010,1.534998655,3184,2690,6368,Andrews
0,128,1,1.729977369,1.531000137,3184,2690,6368,Andrews
0,128,2,1.535984039,1.534006357,3184,2690,6368,Andrews
0,128,3,2.109986305,1.916019440,3184,2690,6368,Andrews
0,128,4,1.922485113,1.919999599,3184,2690,6368,Andrews
0,128,5,1.922869444,1.920011044,3184,2690,6368,Andrews
0,128,6,1.656981945,1.537992239,3184,2690,6368,Andrews
0,128,7,2.307979107,2.112028360,3184,2690,6368,Andrews
0,128,8,2.294983864,2.111014605,3184,2690,6368,Andrews
0,128,9,2.306002378,2.113093376,3184,2690,6368,Andrews
5,128,0,1.534995556,1.343034983,3279,2779,6558,Andrews
5,128,1,1.541001081,1.342022181,3279,2779,6558,Andrews
5,128,2,1.344000340,1.342020512,3279,2779,6558,Andrews
5,128,3,1.921999931,1.725031137,3279,2779,6558,Andrews
5,128,4,1.728083134,1.728013515,3279,2779,6558,Andrews
5,128,5,1.728087664,1.728023052,3279,2779,6558,Andrews
5,128,6,1.537002563,1.342022181,3279,2779,6558,Andrews
5,128,7,1.732014179,1.724046230,3279,2779,6558,Andrews
5,128,8,2.038995266,1.917000294,3279,2779,6558,Andrews
5,128,9,2.113023758,1.920108557,3279,2779,6558,Andrews
96,128,0,1.347910404,1.344043255,3178,2692,6356,Andrews
96,128,1,1.519996643,1.342034578,3178,2692,6356,Andrews
96,128,2,1.153169870,1.153061628,3178,2692,6356,Andrews
96,128,3,1.538558960,1.538472652,3178,2692,6356,Andrews
96,128,4,1.344113827,1.344045162,3178,2692,6356,Andrews
96,128,5,1.344137669,1.344060183,3178,2692,6356,Andrews
96,128,6,1.536998272,1.342036009,3178,2692,6356,Andrews
96,128,7,1.900004387,1.726459026,3178,2692,6356,Andrews
96,128,8,2.102995634,1.919048071,3178,2692,6356,Andrews
96,128,9,2.109004021,1.916102648,3178,2692,6356,Andrews
111,128,0,0.960147619,0.960040092,3208,2714,6416,Andrews
111,128,1,1.103994370,0.959032059,3208,2714,6416,Andrews
111,128,2,0.961131096,0.961019754,3208,2714,6416,Andrews
111,128,3,1.541996479,1.343025684,3208,2714,6416,Andrews
111,128,4,0.960490227,0.960049629,3208,2714,6416,Andrews
111,128,5,1.152681112,1.152023077,3208,2714,6416,Andrews
111,128,6,1.153003216,0.958037138,3208,2714,6416,Andrews
111,128,7,1.341020584,1.340398788,3208,2714,6416,Andrews
111,128,8,1.537997484,1.535036087,3208,2714,6416,Andrews
111,128,9,1.729005337,1.536102057,3208,2714,6416,Andrews
49,128,0,1.575991631,1.571033239,3199,2700,6398,Andrews
49,128,1,1.606997013,1.598029137,3199,2700,6398,Andrews
49,128,2,1.843991995,1.837029457,3199,2700,6398,Andrews
49,128,3,2.054990292,2.046030045,3199,2700,6398,Andrews
49,128,4,2.129998922,2.126028061,3199,2700,6398,Andrews
49,128,5,2.108999491,2.108033657,3199,2700,6398,Andrews
49,128,6,1.561990023,1.561021566,3199,2700,6398,Andrews
49,128,7,2.330015421,2.062026262,3199,2700,6398,Andrews
49,128,8,2.132991791,2.125028372,3199,2700,6398,Andrews
49,128,9,2.264011383,2.036105156,3199,2700,6398,Andrews
112,128,0,1.152195930,1.152046919,3168,2668,6336,Andrews
112,128,1,1.151553869,1.151490450,3168,2668,6336,Andrews
112,128,2,1.342054605,1.342003584,3168,2668,6336,Andrews
112,128,3,1.536120176,1.536031961,3168,2668,6336,Andrews
112,128,4,1.344151258,1.344086170,3168,2668,6336,Andrews
112,128,5,1.536090374,1.536026001,3168,2668,6336,Andrews
112,128,6,1.537000656,1.342027187,3168,2668,6336,Andrews
112,128,7,1.940013409,1.916173697,3168,2668,6336,Andrews
112,128,8,2.110998631,1.922032833,3168,2668,6336,Andrews
112,128,9,2.113013983,1.920105219,3168,2668,6336,Andrews
113,128,0,1.346995115,1.152034283,3243,2737,6486,Andrews
113,128,1,1.331999540,1.150027514,3243,2737,6486,Andrews
113,128,2,1.152004719,1.150024414,3243,2737,6486,Andrews
113,128,3,1.729999065,1.534022093,3243,2737,6486,Andrews
113,128,4,1.345056057,1.344035625,3243,2737,6486,Andrews
113,128,5,1.541246176,1.540022135,3243,2737,6486,Andrews
113,128,6,1.537003279,1.342029095,3243,2737,6486,Andrews
113,128,7,1.900126457,1.720204830,3243,2737,6486,Andrews
113,128,8,2.107000113,1.918042660,3243,2737,6486,Andrews
113,128,9,2.113001585,1.920095444,3243,2737,6486,Andrews
109,128,0,1.154034376,1.152034521,3195,2707,6390,Andrews
109,128,1,1.327995300,1.150035143,3195,2707,6390,Andrews
109,128,2,1.147004128,1.146034002,3195,2707,6390,Andrews
109,128,3,1.539893866,1.536036015,3195,2707,6390,Andrews
109,128,4,1.152155399,1.152049303,3195,2707,6390,Andrews
109,128,5,1.344380617,1.344028711,3195,2707,6390,Andrews
109,128,6,1.344996929,1.150035381,3195,2707,6390,Andrews
109,128,7,1.744004488,1.740051746,3195,2707,6390,Andrews
109,128,8,1.919003248,1.730034828,3195,2707,6390,Andrews
109,128,9,1.921018839,1.728107452,3195,2707,6390,Andrews
67,128,0,1.336995125,1.330046654,3286,2791,6572,Andrews
67,128,1,1.318983555,1.309027433,3286,2791,6572,Andrews
67,128,2,1.582874298,1.577065229,3286,2791,6572,Andrews
67,128,3,1.856995106,1.582024813,3286,2791,6572,Andrews
67,128,4,1.891997814,1.799038410,3286,2791,6572,Andrews
67,128,5,1.720968008,1.716985464,3286,2791,6572,Andrews
67,128,6,1.569226503,1.567029953,3286,2791,6572,Andrews
67,128,7,1.863992929,1.596018314,3286,2791,6572,Andrews
67,128,8,1.840968370,1.833009958,3286,2791,6572,Andrews
67,128,9,2.084024668,1.856097460,3286,2791,6572,Andrews
18,128,0,1.538996696,1.344791651,3134,2627,6268,Andrews
18,128,1,1.523998022,1.342027664,3134,2627,6268,Andrews
18,128,2,1.340002060,1.338024616,3134,2627,6268,Andrews
18,128,3,1.929995537,1.728173256,3134,2627,6268,Andrews
18,128,4,1.728107452,1.728016853,3134,2627,6268,Andrews
18,128,5,1.728110075,1.728022337,3134,2627,6268,Andrews
18,128,6,1.536995649,1.342021704,3134,2627,6268,Andrews
18,128,7,1.733019114,1.728050947,3134,2627,6268,Andrews
18,128,8,2.103001595,1.914022684,3134,2627,6268,Andrews
18,128,9,2.109002590,1.916102409,3134,2627,6268,Andrews
117,128,0,1.151098013,1.151035547,3278,2775,6556,Andrews
117,128,1,0.955091000,0.955039978,3278,2775,6556,Andrews
117,128,2,0.961573839,0.961477995,3278,2775,6556,Andrews
117,128,3,1.337998629,1.152035952,3278,2775,6556,Andrews
117,128,4,1.156085491,1.156038761,3278,2775,6556,Andrews
117,128,5,1.344104052,1.343997002,3278,2775,6556,Andrews
117,128,6,1.349001169,1.153032064,3278,2775,6556,Andrews
117,128,7,1.908084393,1.724236488,3278,2775,6556,Andrews
117,128,8,2.067003727,1.916017532,3278,2775,6556,Andrews
117,128,9,1.921002626,1.728106260,3278,2775,6556,Andrews
61,128,0,1.606989861,1.600027323,3397,2903,6794,Andrews
61,128,1,1.520998001,1.252044439,3397,2903,6794,Andrews
61,128,2,1.678001642,1.586021662,3397,2903,6794,Andrews
61,128,3,1.930954933,1.849990606,3397,2903,6794,Andrews
61,128,4,1.597993851,1.590033770,3397,2903,6794,Andrews
61,128,5,1.828993082,1.826036692,3397,2903,6794,Andrews
61,128,6,1.872997522,1.605034351,3397,2903,6794,Andrews
61,128,7,2.122991323,1.855017185,3397,2903,6794,Andrews
61,128,8,2.112996578,1.850024939,3397,2903,6794,Andrews
61,128,9,1.824999094,1.597106934,3397,2903,6794,Andrews
100,128,0,1.535001993,1.343023539,3189,2697,6378,Andrews
100,128,1,1.540996790,1.340025425,3189,2697,6378,Andrews
100,128,2,1.297998190,1.149008036,3189,2697,6378,Andrews
100,128,3,1.738001585,1.536031246,3189,2697,6378,Andrews
100,128,4,1.152159929,1.152055025,3189,2697,6378,Andrews
100,128,5,1.344122171,1.344023705,3189,2697,6378,Andrews
100,128,6,1.537000179,1.342036724,3189,2697,6378,Andrews
100,128,7,1.756232023,1.728139400,3189,2697,6378,Andrews
100,128,8,2.111002922,1.918041468,3189,2697,6378,Andrews
100,128,9,2.113000870,1.920106649,3189,2697,6378,Andrews
57,128,0,1.751984596,1.745020390,3288,2797,6576,Andrews
57,128,1,1.606988907,1.598024845,3288,2797,6576,Andrews
57,128,2,1.583993435,1.577039003,3288,2797,6576,Andrews
57,128,3,2.126987696,2.119027376,3288,2797,6576,Andrews
57,128,4,1.999003172,1.738052130,3288,2797,6576,Andrews
57,128,5,1.861963987,1.855006456,3288,2797,6576,Andrews
57,128,6,1.462989330,1.456048489,3288,2797,6576,Andrews
57,128,7,2.111979961,2.106021166,3288,2797,6576,Andrews
57,128,8,2.062991858,1.800031185,3288,2797,6576,Andrews
57,128,9,2.094997883,1.856126070,3288,2797,6576,Andrews
65,128,0,1.597988844,1.593021393,3216,2719,6432,Andrews
65,128,1,1.066623926,1.066548109,3216,2719,6432,Andrews
65,128,2,1.588989019,1.582033634,3216,2719,6432,Andrews
65,128,3,2.119999886,1.863035917,3216,2719,6432,Andrews
65,128,4,2.086996317,1.826031923,3216,2719,6432,Andrews
65,128,5,1.861987352,1.855032921,3216,2719,6432,Andrews
65,128,6,1.763005495,1.495035410,3216,2719,6432,Andrews
65,128,7,2.078992367,1.822016239,3216,2719,6432,Andrews
65,128,8,1.959991455,1.856027603,3216,2719,6432,Andrews
65,128,9,2.372003794,2.113121986,3216,2719,6432,Andrews
62,128,0,1.608954430,1.298991680,3178,2684,6356,Andrews
62,128,1,1.840000391,1.576026678,3178,2684,6356,Andrews
62,128,2,1.857000113,1.588033438,3178,2684,6356,Andrews
62,128,3,2.170991421,1.863021851,3178,2684,6356,Andrews
62,128,4,1.877997637,1.617032766,3178,2684,6356,Andrews
62,128,5,2.122995853,1.855034113,3178,2684,6356,Andrews
62,128,6,1.844007969,1.583031178,3178,2684,6356,Andrews
62,128,7,2.099002123,1.835040092,3178,2684,6356,Andrews
62,128,8,1.563037395,1.553047895,3178,2684,6356,Andrews
62,128,9,2.093005896,1.834131718,3178,2684,6356,Andrews
58,128,0,1.595989227,1.589037895,3159,2657,6318,Andrews
58,128,1,1.318986893,1.309026957,3159,2657,6318,Andrews
58,128,2,1.584645271,1.577065706,3159,2657,6318,Andrews
58,128,3,1.996994972,1.731034279,3159,2657,6318,Andrews
58,128,4,1.857994795,1.848023176,3159,2657,6318,Andrews
58,128,5,1.740993500,1.734049559,3159,2657,6318,Andrews
58,128,6,1.594993114,1.588037491,3159,2657,6318,Andrews
58,128,7,2.391000986,2.134033680,3159,2657,6318,Andrews
58,128,8,2.101994753,1.839034796,3159,2657,6318,Andrews
58,128,9,2.093000889,1.834130526,3159,2657,6318,Andrews
0,1,0,0.000068188,0.000001192,28675,0,57350,bcsstk27
0,1,1,0.000063896,0.000000477,28675,0,57350,bcsstk27
0,1,2,0.000060081,0.000000238,28675,0,57350,bcsstk27
0,1,3,0.000063419,0.000000715,28675,0,57350,bcsstk27
0,1,4,0.000063658,0.000000715,28675,0,57350,bcsstk27
0,1,5,0.000062943,0.000000477,28675,0,57350,bcsstk27
0,1,6,0.000062227,0.000000477,28675,0,57350,bcsstk27
0,1,7,0.000060320,0.000000477,28675,0,57350,bcsstk27
0,1,8,0.000061274,0.000000238,28675,0,57350,bcsstk27
0,1,9,0.000063181,0.000000477,28675,0,57350,bcsstk27
1,2,0,0.000112057,0.000034809,14051,6730,28102,bcsstk27
1,2,1,0.000093937,0.000028849,14051,6730,28102,bcsstk27
1,2,2,0.000091791,0.000023842,14051,6730,28102,bcsstk27
1,2,3,0.000090599,0.000028610,14051,6730,28102,bcsstk27
1,2,4,0.000091314,0.000027180,14051,6730,28102,bcsstk27
1,2,5,0.000091314,0.000025988,14051,6730,28102,bcsstk27
1,2,6,0.000123978,0.000024557,14051,6730,28102,bcsstk27
1,2,7,0.000087261,0.000024080,14051,6730,28102,bcsstk27
1,2,8,0.000097513,0.000027895,14051,6730,28102,bcsstk27
1,2,9,0.000095129,0.000028372,14051,6730,28102,bcsstk27
0,2,0,0.026089668,0.026013136,14624,7303,29248,bcsstk27
0,2,1,0.025994062,0.025914192,14624,7303,29248,bcsstk27
0,2,2,0.026013851,0.025917053,14624,7303,29248,bcsstk27
0,2,3,0.025972128,0.025907278,14624,7303,29248,bcsstk27
0,2,4,0.026020765,0.025923014,14624,7303,29248,bcsstk27
0,2,5,0.025983572,0.025906086,14624,7303,29248,bcsstk27
0,2,6,0.026010513,0.025923491,14624,7303,29248,bcsstk27
0,2,7,0.025982857,0.025916576,14624,7303,29248,bcsstk27
0,2,8,0.025985241,0.025917530,14624,7303,29248,bcsstk27
0,2,9,0.026009560,0.025931358,14624,7303,29248,bcsstk27
3,4,0,0.000119209,0.000036478,7035,5115,14070,bcsstk27
3,4,1,0.000096083,0.000023603,7035,5115,14070,bcsstk27
3,4,2,0.000109911,0.000020266,7035,5115,14070,bcsstk27
3,4,3,0.000099421,0.000021458,7035,5115,14070,bcsstk27
3,4,4,0.000116587,0.000030041,7035,5115,14070,bcsstk27
3,4,5,0.000122309,0.000022650,7035,5115,14070,bcsstk27
3,4,6,0.000110865,0.000020504,7035,5115,14070,bcsstk27
3,4,7,0.000116110,0.000025034,7035,5115,14070,bcsstk27
3,4,8,0.000099182,0.000018597,7035,5115,14070,bcsstk27
3,4,9,0.000108480,0.000021458,7035,5115,14070,bcsstk27
0,4,0,0.028060675,0.028013945,7317,5395,14634,bcsstk27
0,4,1,0.028044462,0.028007030,7317,5395,14634,bcsstk27
0,4,2,0.028055668,0.028011799,7317,5395,14634,bcsstk27
0,4,3,0.028042078,0.028006315,7317,5395,14634,bcsstk27
0,4,4,0.028043509,0.028007507,7317,5395,14634,bcsstk27
0,4,5,0.028045893,0.028010607,7317,5395,14634,bcsstk27
0,4,6,0.028055906,0.028010845,7317,5395,14634,bcsstk27
0,4,7,0.028043509,0.028008938,7317,5395,14634,bcsstk27
0,4,8,0.028048992,0.028012514,7317,5395,14634,bcsstk27
0,4,9,0.028044462,0.028009415,7317,5395,14634,bcsstk27
2,4,0,0.030010462,0.028009176,7307,5390,14614,bcsstk27
2,4,1,0.028264523,0.028003693,7307,5390,14614,bcsstk27
2,4,2,0.028069258,0.028007030,7307,5390,14614,bcsstk27
2,4,3,0.028052330,0.028002024,7307,5390,14614,bcsstk27
2,4,4,0.028051376,0.028006077,7307,5390,14614,bcsstk27
2,4,5,0.028066635,0.028004408,7307,5390,14614,bcsstk27
2,4,6,0.028060913,0.027998447,7307,5390,14614,bcsstk27
2,4,7,0.028069019,0.028007269,7307,5390,14614,bcsstk27
2,4,8,0.028066635,0.028003931,7307,5390,14614,bcsstk27
2,4,9,0.028070688,0.028009653,7307,5390,14614,bcsstk27
1,4,0,0.028035164,0.028001308,7016,5098,14032,bcsstk27
1,4,1,0.028067589,0.028002262,7016,5098,14032,bcsstk27
1,4,2,0.028078794,0.028000593,7016,5098,14032,bcsstk27
1,4,3,0.028063297,0.028001308,7016,5098,14032,bcsstk27
1,4,4,0.028064728,0.027998686,7016,5098,14032,bcsstk27
1,4,5,0.028100014,0.028003931,7016,5098,14032,bcsstk27
1,4,6,0.028067350,0.028001785,7016,5098,14032,bcsstk27
1,4,7,0.028064013,0.028002262,7016,5098,14032,bcsstk27
1,4,8,0.028083086,0.028002977,7016,5098,14032,bcsstk27
1,4,9,0.028066397,0.028002501,7016,5098,14032,bcsstk27
7,8,0,0.000114679,0.000031710,3535,3004,7070,bcsstk27
7,8,1,0.000088453,0.000020742,3535,3004,7070,bcsstk27
7,8,2,0.000083923,0.000021219,3535,3004,7070,bcsstk27
7,8,3,0.000107765,0.000026703,3535,3004,7070,bcsstk27
7,8,4,0.000084162,0.000019550,3535,3004,7070,bcsstk27
7,8,5,0.000093937,0.000025749,3535,3004,7070,bcsstk27
7,8,6,0.000110388,0.000023842,3535,3004,7070,bcsstk27
7,8,7,0.000109911,0.000026464,3535,3004,7070,bcsstk27
7,8,8,0.000109673,0.000025272,3535,3004,7070,bcsstk27
7,8,9,0.000119448,0.000028372,3535,3004,7070,bcsstk27
5,8,0,0.063997507,0.032003641,3507,2978,7014,bcsstk27
5,8,1,0.064000130,0.032002211,3507,2978,7014,bcsstk27
5,8,2,0.064000607,0.032010555,3507,2978,7014,bcsstk27
5,8,3,0.034745693,0.032001734,3507,2978,7014,bcsstk27
5,8,4,0.035018444,0.032005787,3507,2978,7014,bcsstk27
5,8,5,0.064002514,0.032007217,3507,2978,7014,bcsstk27
5,8,6,0.032028198,0.032005072,3507,2978,7014,bcsstk27
5,8,7,0.032028913,0.032004118,3507,2978,7014,bcsstk27
5,8,8,0.032022953,0.031999111,3507,2978,7014,bcsstk27
5,8,9,0.032032967,0.032009363,3507,2978,7014,bcsstk27
1,8,0,0.064002514,0.032006264,3509,2981,7018,bcsstk27
1,8,1,0.034631968,0.032005310,3509,2981,7018,bcsstk27
1,8,2,0.063997746,0.032002211,3509,2981,7018,bcsstk27
1,8,3,0.035259962,0.032004595,3509,2981,7018,bcsstk27
1,8,4,0.035299778,0.032005072,3509,2981,7018,bcsstk27
1,8,5,0.032032251,0.032005310,3509,2981,7018,bcsstk27
1,8,6,0.032030582,0.032006741,3509,2981,7018,bcsstk27
1,8,7,0.032029390,0.032006741,3509,2981,7018,bcsstk27
1,8,8,0.032027006,0.032000542,3509,2981,7018,bcsstk27
1,8,9,0.033321857,0.032002211,3509,2981,7018,bcsstk27
3,8,0,0.032020330,0.031991482,3500,2973,7000,bcsstk27
3,8,1,0.032027245,0.032003164,3500,2973,7000,bcsstk27
3,8,2,0.032027006,0.032004118,3500,2973,7000,bcsstk27
3,8,3,0.032026291,0.032004356,3500,2973,7000,bcsstk27
3,8,4,0.032023430,0.032001019,3500,2973,7000,bcsstk27
3,8,5,0.032999516,0.032002211,3500,2973,7000,bcsstk27
3,8,6,0.032997370,0.031998873,3500,2973,7000,bcsstk27
3,8,7,0.032998800,0.031998634,3500,2973,7000,bcsstk27
3,8,8,0.033001900,0.032002449,3500,2973,7000,bcsstk27
3,8,9,0.033596039,0.032002449,3500,2973,7000,bcsstk27
0,8,0,0.064310789,0.064003468,3667,3137,7334,bcsstk27
0,8,1,0.064302206,0.064003468,3667,3137,7334,bcsstk27
0,8,2,0.064432621,0.064001560,3667,3137,7334,bcsstk27
0,8,3,0.065000296,0.064003944,3667,3137,7334,bcsstk27
0,8,4,0.064344645,0.063998461,3667,3137,7334,bcsstk27
0,8,5,0.065009356,0.064008474,3667,3137,7334,bcsstk27
0,8,6,0.065281153,0.064003229,3667,3137,7334,bcsstk27
0,8,7,0.065276384,0.064007044,3667,3137,7334,bcsstk27
0,8,8,0.065278053,0.064006090,3667,3137,7334,bcsstk27
0,8,9,0.065890312,0.064007521,3667,3137,7334,bcsstk27
4,8,0,0.035373688,0.032008171,3650,3122,7300,bcsstk27
4,8,1,0.063995361,0.032004595,3650,3122,7300,bcsstk27
4,8,2,0.060302258,0.032004118,3650,3122,7300,bcsstk27
4,8,3,0.095999718,0.064002275,3650,3122,7300,bcsstk27
4,8,4,0.095999479,0.064004421,3650,3122,7300,bcsstk27
4,8,5,0.065848589,0.064004421,3650,3122,7300,bcsstk27
4,8,6,0.065565825,0.063997507,3650,3122,7300,bcsstk27
4,8,7,0.065554380,0.064001799,3650,3122,7300,bcsstk27
4,8,8,0.065551281,0.064002991,3650,3122,7300,bcsstk27
4,8,9,0.066180944,0.064005613,3650,3122,7300,bcsstk27
2,8,0,0.063996077,0.032005787,3641,3116,7282,bcsstk27
2,8,1,0.034918785,0.032000542,3641,3116,7282,bcsstk27
2,8,2,0.067998171,0.032003880,3641,3116,7282,bcsstk27
2,8,3,0.034310102,0.032008886,3641,3116,7282,bcsstk27
2,8,4,0.071999311,0.032005310,3641,3116,7282,bcsstk27
2,8,5,0.063998461,0.032003403,3641,3116,7282,bcsstk27
2,8,6,0.064000845,0.032006741,3641,3116,7282,bcsstk27
2,8,7,0.063999414,0.032006264,3641,3116,7282,bcsstk27
2,8,8,0.064002037,0.032010317,3641,3116,7282,bcsstk27
2,8,9,0.060318232,0.032010555,3641,3116,7282,bcsstk27
6,8,0,0.063996553,0.032006502,3666,3135,7332,bcsstk27
6,8,1,0.063995838,0.032001734,3666,3135,7332,bcsstk27
6,8,2,0.063996553,0.032000065,3666,3135,7332,bcsstk27
6,8,3,0.063994646,0.032001972,3666,3135,7332,bcsstk27
6,8,4,0.060303926,0.032010794,3666,3135,7332,bcsstk27
6,8,5,0.035713196,0.032005310,3666,3135,7332,bcsstk27
6,8,6,0.035592556,0.032008648,3666,3135,7332,bcsstk27
6,8,7,0.034525394,0.032006741,3666,3135,7332,bcsstk27
6,8,8,0.035884142,0.032006025,3666,3135,7332,bcsstk27
6,8,9,0.076003790,0.032017708,3666,3135,7332,bcsstk27
11,16,0,0.000115871,0.000041008,1761,1615,3522,bcsstk27
11,16,1,0.000122547,0.000030518,1761,1615,3522,bcsstk27
11,16,2,0.000121355,0.000033617,1761,1615,3522,bcsstk27
11,16,3,0.000127554,0.000033617,1761,1615,3522,bcsstk27
11,16,4,0.000119209,0.000027895,1761,1615,3522,bcsstk27
11,16,5,0.000118017,0.000034094,1761,1615,3522,bcsstk27
11,16,6,0.000123262,0.000034332,1761,1615,3522,bcsstk27
11,16,7,0.000123739,0.000028610,1761,1615,3522,bcsstk27
11,16,8,0.000123739,0.000029802,1761,1615,3522,bcsstk27
11,16,9,0.000123501,0.000029564,1761,1615,3522,bcsstk27
1,16,0,0.129555702,0.128007650,1756,1610,3512,bcsstk27
1,16,1,0.128026247,0.128005743,1756,1610,3512,bcsstk27
1,16,2,0.128024101,0.128004074,1756,1610,3512,bcsstk27
1,16,3,0.128394604,0.127998590,1756,1610,3512,bcsstk27
1,16,4,0.128024817,0.128004789,1756,1610,3512,bcsstk27
1,16,5,0.128030300,0.128010511,1756,1610,3512,bcsstk27
1,16,6,0.128028870,0.128008127,1756,1610,3512,bcsstk27
1,16,7,0.128030777,0.128009558,1756,1610,3512,bcsstk27
1,16,8,0.128028154,0.128007412,1756,1610,3512,bcsstk27
1,16,9,0.128034115,0.128010750,1756,1610,3512,bcsstk27
10,16,0,0.066018820,0.063996077,1811,1667,3622,bcsstk27
10,16,1,0.066020489,0.064005613,1811,1667,3622,bcsstk27
10,16,2,0.066156626,0.063992739,1811,1667,3622,bcsstk27
10,16,3,0.151994467,0.064000368,1811,1667,3622,bcsstk27
10,16,4,0.139987707,0.063998222,1811,1667,3622,bcsstk27
10,16,5,0.127996683,0.064002752,1811,1667,3622,bcsstk27
10,16,6,0.131984472,0.063998938,1811,1667,3622,bcsstk27
10,16,7,0.067864656,0.063997507,1811,1667,3622,bcsstk27
10,16,8,0.139997005,0.064005613,1811,1667,3622,bcsstk27
10,16,9,0.067704201,0.063998699,1811,1667,3622,bcsstk27
8,16,0,0.203994274,0.128008604,1829,1682,3658,bcsstk27
8,16,1,0.130995750,0.128002882,1829,1682,3658,bcsstk27
8,16,2,0.130995035,0.128003597,1829,1682,3658,bcsstk27
8,16,3,0.137501240,0.134005785,1829,1682,3658,bcsstk27
8,16,4,0.128994703,0.128001928,1829,1682,3658,bcsstk27
8,16,5,0.128996372,0.128002167,1829,1682,3658,bcsstk27
8,16,6,0.128997087,0.128006458,1829,1682,3658,bcsstk27
8,16,7,0.128993988,0.128002644,1829,1682,3658,bcsstk27
8,16,8,0.128989220,0.127995729,1829,1682,3658,bcsstk27
8,16,9,0.128026485,0.128003836,1829,1682,3658,bcsstk27
2,16,0,0.129999638,0.128002167,1830,1684,3660,bcsstk27
2,16,1,0.129003048,0.128007174,1830,1684,3660,bcsstk27
2,16,2,0.129000425,0.128002882,1830,1684,3660,bcsstk27
2,16,3,0.129003048,0.128008604,1830,1684,3660,bcsstk27
2,16,4,0.130003691,0.128009319,1830,1684,3660,bcsstk27
2,16,5,0.130000591,0.128002167,1830,1684,3660,bcsstk27
2,16,6,0.130003691,0.128009796,1830,1684,3660,bcsstk27
2,16,7,0.130004883,0.128010035,1830,1684,3660,bcsstk27
2,16,8,0.130002260,0.128006697,1830,1684,3660,bcsstk27
2,16,9,0.129005671,0.128010273,1830,1684,3660,bcsstk27
3,16,0,0.130275965,0.128005981,1739,1594,3478,bcsstk27
3,16,1,0.128995657,0.128003359,1739,1594,3478,bcsstk27
3,16,2,0.129281282,0.128007412,1739,1594,3478,bcsstk27
3,16,3,0.128999233,0.128009081,1739,1594,3478,bcsstk27
3,16,4,0.130000591,0.128001451,1739,1594,3478,bcsstk27
3,16,5,0.130001545,0.128005028,1739,1594,3478,bcsstk27
3,16,6,0.130002260,0.128006935,1739,1594,3478,bcsstk27
3,16,7,0.130276203,0.128005505,1739,1594,3478,bcsstk27
3,16,8,0.130284786,0.128010511,1739,1594,3478,bcsstk27
3,16,9,0.129276752,0.128005266,1739,1594,3478,bcsstk27
6,16,0,0.130546093,0.128001213,1833,1684,3666,bcsstk27
6,16,1,0.129004955,0.128009319,1833,1684,3666,bcsstk27
6,16,2,0.129557133,0.128002644,1833,1684,3666,bcsstk27
6,16,3,0.129282951,0.128004074,1833,1684,3666,bcsstk27
6,16,4,0.130001068,0.128006220,1833,1684,3666,bcsstk27
6,16,5,0.129993200,0.127998352,1833,1684,3666,bcsstk27
6,16,6,0.133998632,0.132002831,1833,1684,3666,bcsstk27
6,16,7,0.130851746,0.128006220,1833,1684,3666,bcsstk27
6,16,8,0.130557537,0.128005028,1833,1684,3666,bcsstk27
6,16,9,0.129555464,0.128013134,1833,1684,3666,bcsstk27
0,16,0,0.194830656,0.192010164,1838,1691,3676,bcsstk27
0,16,1,0.193274975,0.192007303,1838,1691,3676,bcsstk27
0,16,2,0.193834066,0.192004204,1838,1691,3676,bcsstk27
0,16,3,0.195000172,0.194005251,1838,1691,3676,bcsstk27
0,16,4,0.194002151,0.192005396,1838,1691,3676,bcsstk27
0,16,5,0.194001436,0.192007303,1838,1691,3676,bcsstk27
0,16,6,0.190001965,0.188004494,1838,1691,3676,bcsstk27
0,16,7,0.194555521,0.192004442,1838,1691,3676,bcsstk27
0,16,8,0.198839664,0.196007490,1838,1691,3676,bcsstk27
0,16,9,0.193834543,0.192018032,1838,1691,3676,bcsstk27
14,16,0,0.065993309,0.064004183,1833,1686,3666,bcsstk27
14,16,1,0.064993143,0.064003944,1833,1686,3666,bcsstk27
14,16,2,0.064998865,0.064006567,1833,1686,3666,bcsstk27
14,16,3,0.064990520,0.063999414,1833,1686,3666,bcsstk27
14,16,4,0.065993309,0.063999414,1833,1686,3666,bcsstk27
14,16,5,0.066002131,0.064007759,1833,1686,3666,bcsstk27
14,16,6,0.065987587,0.063994408,1833,1686,3666,bcsstk27
14,16,7,0.067131996,0.064001083,1833,1686,3666,bcsstk27
14,16,8,0.067111731,0.063998461,1833,1686,3666,bcsstk27
14,16,9,0.066107750,0.064012051,1833,1686,3666,bcsstk27
12,16,0,0.064017534,0.063995838,1822,1676,3644,bcsstk27
12,16,1,0.128997087,0.128005505,1822,1676,3644,bcsstk27
12,16,2,0.128995895,0.128011227,1822,1676,3644,bcsstk27
12,16,3,0.128992796,0.128002644,1822,1676,3644,bcsstk27
12,16,4,0.129993916,0.128011703,1822,1676,3644,bcsstk27
12,16,5,0.129983187,0.128001213,1822,1676,3644,bcsstk27
12,16,6,0.129992723,0.128006458,1822,1676,3644,bcsstk27
12,16,7,0.131459951,0.128004313,1822,1676,3644,bcsstk27
12,16,8,0.131388664,0.128000021,1822,1676,3644,bcsstk27
12,16,9,0.130377054,0.128005266,1822,1676,3644,bcsstk27
5,16,0,0.195996046,0.128008366,1747,1599,3494,bcsstk27
5,16,1,0.191996574,0.128009081,1747,1599,3494,bcsstk27
5,16,2,0.191992044,0.128006697,1747,1599,3494,bcsstk27
5,16,3,0.191995144,0.128006458,1747,1599,3494,bcsstk27
5,16,4,0.191994905,0.128006220,1747,1599,3494,bcsstk27
5,16,5,0.191989899,0.128005028,1747,1599,3494,bcsstk27
5,16,6,0.191991091,0.128004551,1747,1599,3494,bcsstk27
5,16,7,0.191988945,0.128000736,1747,1599,3494,bcsstk27
5,16,8,0.191992998,0.128008127,1747,1599,3494,bcsstk27
5,16,9,0.131516218,0.128007412,1747,1599,3494,bcsstk27
15,16,0,0.131994724,0.064007998,1761,1615,3522,bcsstk27
15,16,1,0.064997673,0.064003468,1761,1615,3522,bcsstk27
15,16,2,0.064603806,0.064001322,1761,1615,3522,bcsstk27
15,16,3,0.065998793,0.064005852,1761,1615,3522,bcsstk27
15,16,4,0.065988064,0.063993454,1761,1615,3522,bcsstk27
15,16,5,0.065993786,0.064001799,1761,1615,3522,bcsstk27
15,16,6,0.064555407,0.064003944,1761,1615,3522,bcsstk27
15,16,7,0.064022779,0.064000130,1761,1615,3522,bcsstk27
15,16,8,0.065998316,0.064001083,1761,1615,3522,bcsstk27
15,16,9,0.064036131,0.064013720,1761,1615,3522,bcsstk27
7,16,0,0.130999088,0.128009319,1774,1625,3548,bcsstk27
7,16,1,0.131330729,0.128009319,1774,1625,3548,bcsstk27
7,16,2,0.191986322,0.128002167,1774,1625,3548,bcsstk27
7,16,3,0.191987276,0.127997398,1774,1625,3548,bcsstk27
7,16,4,0.191989422,0.128004551,1774,1625,3548,bcsstk27
7,16,5,0.191988945,0.128005743,1774,1625,3548,bcsstk27
7,16,6,0.129991770,0.128004551,1774,1625,3548,bcsstk27
7,16,7,0.131317854,0.128003359,1774,1625,3548,bcsstk27
7,16,8,0.129997492,0.128006220,1774,1625,3548,bcsstk27
7,16,9,0.128129721,0.128014803,1774,1625,3548,bcsstk27
4,16,0,0.128993988,0.128005028,1828,1681,3656,bcsstk27
4,16,1,0.128020287,0.127995968,1828,1681,3656,bcsstk27
4,16,2,0.128024817,0.128000498,1828,1681,3656,bcsstk27
4,16,3,0.130079985,0.129996300,1828,1681,3656,bcsstk27
4,16,4,0.128026962,0.128000021,1828,1681,3656,bcsstk27
4,16,5,0.128021479,0.127994776,1828,1681,3656,bcsstk27
4,16,6,0.131089926,0.127998352,1828,1681,3656,bcsstk27
4,16,7,0.128030300,0.128004313,1828,1681,3656,bcsstk27
4,16,8,0.131170273,0.128000021,1828,1681,3656,bcsstk27
4,16,9,0.207991838,0.128003120,1828,1681,3656,bcsstk27
13,16,0,0.131990671,0.063998699,1760,1613,3520,bcsstk27
13,16,1,0.191995144,0.128004789,1760,1613,3520,bcsstk27
13,16,2,0.191998720,0.128006935,1760,1613,3520,bcsstk27
13,16,3,0.191992283,0.128000021,1760,1613,3520,bcsstk27
13,16,4,0.191993713,0.128000498,1760,1613,3520,bcsstk27
13,16,5,0.191994190,0.128002882,1760,1613,3520,bcsstk27
13,16,6,0.191995621,0.128000736,1760,1613,3520,bcsstk27
13,16,7,0.191993475,0.128003359,1760,1613,3520,bcsstk27
13,16,8,0.191992760,0.128001451,1760,1613,3520,bcsstk27
13,16,9,0.192001820,0.128013611,1760,1613,3520,bcsstk27
9,16,0,0.195994377,0.128007650,1753,1608,3506,bcsstk27
9,16,1,0.191995144,0.128010511,1753,1608,3506,bcsstk27
9,16,2,0.191995382,0.128007412,1753,1608,3506,bcsstk27
9,16,3,0.191985130,0.128003359,1753,1608,3506,bcsstk27
9,16,4,0.191986322,0.127998590,1753,1608,3506,bcsstk27
9,16,5,0.191985607,0.127997398,1753,1608,3506,bcsstk27
9,16,6,0.191988945,0.128002405,1753,1608,3506,bcsstk27
9,16,7,0.191990614,0.128000736,1753,1608,3506,bcsstk27
9,16,8,0.191998005,0.128010988,1753,1608,3506,bcsstk27
9,16,9,0.191990852,0.128007889,1753,1608,3506,bcsstk27
6,32,0,0.193244457,0.192000628,933,859,1866,bcsstk27
6,32,1,0.194007874,0.192001581,933,859,1866,bcsstk27
6,32,2,0.194046021,0.192006350,933,859,1866,bcsstk27
6,32,3,0.194066286,0.192004919,933,859,1866,bcsstk27
6,32,4,0.192996740,0.192003489,933,859,1866,bcsstk27
6,32,5,0.194017887,0.191998959,933,859,1866,bcsstk27
6,32,6,0.193714142,0.192001104,933,859,1866,bcsstk27
6,32,7,0.192994356,0.192003250,933,859,1866,bcsstk27
6,32,8,0.279994965,0.192005396,933,859,1866,bcsstk27
6,32,9,0.096110344,0.096019030,933,859,1866,bcsstk27
5,32,0,0.098974705,0.096008778,894,820,1788,bcsstk27
5,32,1,0.099740505,0.096022129,894,820,1788,bcsstk27
5,32,2,0.096019506,0.095997095,894,820,1788,bcsstk27
5,32,3,0.096021891,0.095999718,894,820,1788,bcsstk27
5,32,4,0.096050501,0.096025467,894,820,1788,bcsstk27
5,32,5,0.096026421,0.096004009,894,820,1788,bcsstk27
5,32,6,0.096092224,0.096004963,894,820,1788,bcsstk27
5,32,7,0.096100569,0.096015453,894,820,1788,bcsstk27
5,32,8,0.096111536,0.096001148,894,820,1788,bcsstk27
5,32,9,0.096111536,0.096027374,894,820,1788,bcsstk27
27,32,0,0.175993443,0.088006973,895,823,1790,bcsstk27
27,32,1,0.096955538,0.088008642,895,823,1790,bcsstk27
27,32,2,0.181994915,0.175999165,895,823,1790,bcsstk27
27,32,3,0.183996439,0.176007271,895,823,1790,bcsstk27
27,32,4,0.094977140,0.087990046,895,823,1790,bcsstk27
27,32,5,0.176993608,0.176003695,895,823,1790,bcsstk27
27,32,6,0.183998823,0.176009417,895,823,1790,bcsstk27
27,32,7,0.095998287,0.088006258,895,823,1790,bcsstk27
27,32,8,0.177995205,0.176003456,895,823,1790,bcsstk27
27,32,9,0.090770960,0.090698957,895,823,1790,bcsstk27
1,32,0,0.287996292,0.192007542,882,810,1764,bcsstk27
1,32,1,0.195278645,0.192017555,882,810,1764,bcsstk27
1,32,2,0.194057226,0.192005396,882,810,1764,bcsstk27
1,32,3,0.194947481,0.192011833,882,810,1764,bcsstk27
1,32,4,0.287994385,0.192019463,882,810,1764,bcsstk27
1,32,5,0.283991814,0.191999912,882,810,1764,bcsstk27
1,32,6,0.192816973,0.192002058,882,810,1764,bcsstk27
1,32,7,0.195002556,0.192021608,882,810,1764,bcsstk27
1,32,8,0.193224430,0.192005634,882,810,1764,bcsstk27
1,32,9,0.192024708,0.192007780,882,810,1764,bcsstk27
28,32,0,0.188754082,0.188673258,918,846,1836,bcsstk27
28,32,1,0.183996201,0.176008224,918,846,1836,bcsstk27
28,32,2,0.270057440,0.264004469,918,846,1836,bcsstk27
28,32,3,0.271996975,0.264006376,918,846,1836,bcsstk27
28,32,4,0.184996128,0.176038742,918,846,1836,bcsstk27
28,32,5,0.267992973,0.264003515,918,846,1836,bcsstk27
28,32,6,0.271997452,0.264006853,918,846,1836,bcsstk27
28,32,7,0.183993578,0.176004648,918,846,1836,bcsstk27
28,32,8,0.265998840,0.264011145,918,846,1836,bcsstk27
28,32,9,0.179997683,0.176020145,918,846,1836,bcsstk27
29,32,0,0.287998199,0.200010777,886,814,1772,bcsstk27
29,32,1,0.251992464,0.176006556,886,814,1772,bcsstk27
29,32,2,0.351998806,0.264010668,886,814,1772,bcsstk27
29,32,3,0.184078455,0.176010370,886,814,1772,bcsstk27
29,32,4,0.263861179,0.175870180,886,814,1772,bcsstk27
29,32,5,0.351997137,0.264007568,886,814,1772,bcsstk27
29,32,6,0.184001923,0.176012039,886,814,1772,bcsstk27
29,32,7,0.263995171,0.176007509,886,814,1772,bcsstk27
29,32,8,0.178998232,0.176005363,886,814,1772,bcsstk27
29,32,9,0.179998398,0.176017046,886,814,1772,bcsstk27
30,32,0,0.187993765,0.178007841,924,852,1848,bcsstk27
30,32,1,0.262996912,0.176009417,924,852,1848,bcsstk27
30,32,2,0.351992846,0.264002562,924,852,1848,bcsstk27
0,32,0,0.288295031,0.287958860,933,860,1866,bcsstk27
0,32,1,0.288284779,0.287968159,933,860,1866,bcsstk27
0,32,2,0.288290977,0.287968636,933,860,1866,bcsstk27
0,32,3,0.288335800,0.287970543,933,860,1866,bcsstk27
0,32,4,0.288267374,0.287966728,933,860,1866,bcsstk27
0,32,5,0.288289070,0.287971735,933,860,1866,bcsstk27
0,32,6,0.287985802,0.287967682,933,860,1866,bcsstk27
0,32,7,0.287984371,0.287966728,933,860,1866,bcsstk27
0,32,8,0.376254797,0.287954092,933,860,1866,bcsstk27
0,32,9,0.290568829,0.287966013,933,860,1866,bcsstk27
30,32,3,0.182750702,0.182667494,924,852,1848,bcsstk27
30,32,4,0.182998419,0.176039696,924,852,1848,bcsstk27
30,32,5,0.267995596,0.264006615,924,852,1848,bcsstk27
30,32,6,0.180708647,0.180624008,924,852,1848,bcsstk27
30,32,7,0.183999777,0.176023006,924,852,1848,bcsstk27
30,32,8,0.265997887,0.264008760,924,852,1848,bcsstk27
30,32,9,0.176023960,0.176012516,924,852,1848,bcsstk27
14,32,0,0.097989082,0.095998049,909,836,1818,bcsstk27
14,32,1,0.098551512,0.096002102,909,836,1818,bcsstk27
14,32,2,0.098602295,0.095998764,909,836,1818,bcsstk27
14,32,3,0.098609447,0.096002817,909,836,1818,bcsstk27
14,32,4,0.096986294,0.095998764,909,836,1818,bcsstk27
14,32,5,0.098576069,0.096002579,909,836,1818,bcsstk27
14,32,6,0.098272324,0.096006155,909,836,1818,bcsstk27
14,32,7,0.096992493,0.096007586,909,836,1818,bcsstk27
14,32,8,0.187981367,0.095997810,909,836,1818,bcsstk27
14,32,9,0.098948717,0.096004486,909,836,1818,bcsstk27
3,32,0,0.192624807,0.192006826,883,811,1766,bcsstk27
3,32,1,0.192605734,0.192004204,883,811,1766,bcsstk27
3,32,2,0.192633867,0.192002058,883,811,1766,bcsstk27
3,32,3,0.192650080,0.192003965,883,811,1766,bcsstk27
3,32,4,0.192585945,0.191999912,883,811,1766,bcsstk27
3,32,5,0.192604542,0.192008734,883,811,1766,bcsstk27
3,32,6,0.192308187,0.192008972,883,811,1766,bcsstk27
3,32,7,0.192310095,0.192003250,883,811,1766,bcsstk27
3,32,8,0.279992342,0.192001104,883,811,1766,bcsstk27
3,32,9,0.194995880,0.192005157,883,811,1766,bcsstk27
25,32,0,0.185993910,0.176001072,874,803,1748,bcsstk27
25,32,1,0.184001684,0.176012278,874,803,1748,bcsstk27
25,32,2,0.267993689,0.264000177,874,803,1748,bcsstk27
25,32,3,0.181994677,0.176006794,874,803,1748,bcsstk27
25,32,4,0.183003187,0.176041126,874,803,1748,bcsstk27
25,32,5,0.267996311,0.264009476,874,803,1748,bcsstk27
25,32,6,0.181997299,0.176005363,874,803,1748,bcsstk27
25,32,7,0.183998346,0.176008224,874,803,1748,bcsstk27
25,32,8,0.177764416,0.177673101,874,803,1748,bcsstk27
25,32,9,0.176029205,0.176017284,874,803,1748,bcsstk27
10,32,0,0.192892551,0.192002535,899,827,1798,bcsstk27
10,32,1,0.192878962,0.192004919,899,827,1798,bcsstk27
10,32,2,0.192914248,0.192007065,899,827,1798,bcsstk27
10,32,3,0.192932367,0.192009211,899,827,1798,bcsstk27
10,32,4,0.192851543,0.191998005,899,827,1798,bcsstk27
10,32,5,0.192875624,0.192007303,899,827,1798,bcsstk27
10,32,6,0.192595720,0.192003250,899,827,1798,bcsstk27
10,32,7,0.192581415,0.192002773,899,827,1798,bcsstk27
10,32,8,0.279983521,0.191997051,899,827,1798,bcsstk27
10,32,9,0.195004225,0.192016363,899,827,1798,bcsstk27
11,32,0,0.192987919,0.192000628,866,794,1732,bcsstk27
11,32,1,0.193160534,0.192006588,866,794,1732,bcsstk27
11,32,2,0.193205833,0.192010403,866,794,1732,bcsstk27
11,32,3,0.193217278,0.192009687,866,794,1732,bcsstk27
11,32,4,0.192999363,0.192011595,866,794,1732,bcsstk27
11,32,5,0.193146944,0.191999912,866,794,1732,bcsstk27
11,32,6,0.192872286,0.191999674,866,794,1732,bcsstk27
11,32,7,0.192856312,0.191998720,866,794,1732,bcsstk27
11,32,8,0.279997349,0.192011356,866,794,1732,bcsstk27
11,32,9,0.194990396,0.192010641,866,794,1732,bcsstk27
16,32,0,0.288984299,0.287993431,905,833,1810,bcsstk27
16,32,1,0.289438725,0.288010836,905,833,1810,bcsstk27
16,32,2,0.289479256,0.288005114,905,833,1810,bcsstk27
16,32,3,0.289493322,0.288007736,905,833,1810,bcsstk27
16,32,4,0.289285183,0.288008928,905,833,1810,bcsstk27
16,32,5,0.289436102,0.288004875,905,833,1810,bcsstk27
16,32,6,0.289160967,0.288004398,905,833,1810,bcsstk27
16,32,7,0.288980484,0.288000822,905,833,1810,bcsstk27
16,32,8,0.375996113,0.288016558,905,833,1810,bcsstk27
16,32,9,0.290974617,0.288001776,905,833,1810,bcsstk27
26,32,0,0.185998201,0.176007509,912,841,1824,bcsstk27
26,32,1,0.183976412,0.175987005,912,841,1824,bcsstk27
26,32,2,0.180759668,0.180689096,912,841,1824,bcsstk27
26,32,3,0.183996439,0.176006317,912,841,1824,bcsstk27
26,32,4,0.184995413,0.176023245,912,841,1824,bcsstk27
26,32,5,0.177790880,0.177712679,912,841,1824,bcsstk27
26,32,6,0.183997631,0.176003695,912,841,1824,bcsstk27
26,32,7,0.177059174,0.176010370,912,841,1824,bcsstk27
26,32,8,0.176018715,0.176007509,912,841,1824,bcsstk27
26,32,9,0.176034927,0.176023483,912,841,1824,bcsstk27
19,32,0,0.192990541,0.192005157,856,785,1712,bcsstk27
19,32,1,0.193712711,0.192007065,856,785,1712,bcsstk27
19,32,2,0.193754196,0.192000628,856,785,1712,bcsstk27
19,32,3,0.193774223,0.192006350,856,785,1712,bcsstk27
19,32,4,0.192992926,0.192006111,856,785,1712,bcsstk27
19,32,5,0.193727016,0.192006111,856,785,1712,bcsstk27
19,32,6,0.193434477,0.192007542,856,785,1712,bcsstk27
19,32,7,0.192991495,0.192007303,856,785,1712,bcsstk27
19,32,8,0.279990911,0.192009211,856,785,1712,bcsstk27
19,32,9,0.194992542,0.192012787,856,785,1712,bcsstk27
23,32,0,0.194720030,0.191972733,876,804,1752,bcsstk27
23,32,1,0.194282055,0.192006826,876,804,1752,bcsstk27
23,32,2,0.194331169,0.192004442,876,804,1752,bcsstk27
23,32,3,0.194332361,0.191998959,876,804,1752,bcsstk27
23,32,4,0.192998171,0.192019463,876,804,1752,bcsstk27
23,32,5,0.194296837,0.192001104,876,804,1752,bcsstk27
23,32,6,0.193998098,0.192006350,876,804,1752,bcsstk27
23,32,7,0.192985535,0.191999197,876,804,1752,bcsstk27
23,32,8,0.283995390,0.192009926,876,804,1752,bcsstk27
23,32,9,0.194997311,0.192001104,876,804,1752,bcsstk27
24,32,0,0.267119646,0.265999079,914,842,1828,bcsstk27
24,32,1,0.184759855,0.184677362,914,842,1828,bcsstk27
24,32,2,0.268353462,0.262367010,914,842,1828,bcsstk27
24,32,3,0.271988869,0.264000893,914,842,1828,bcsstk27
24,32,4,0.272986174,0.264013052,914,842,1828,bcsstk27
24,32,5,0.266992092,0.264003515,914,842,1828,bcsstk27
24,32,6,0.271991253,0.264002562,914,842,1828,bcsstk27
24,32,7,0.184771776,0.184694290,914,842,1828,bcsstk27
24,32,8,0.264013052,0.264002562,914,842,1828,bcsstk27
24,32,9,0.264019489,0.264007568,914,842,1828,bcsstk27
20,32,0,0.289992332,0.288002968,894,823,1788,bcsstk27
20,32,1,0.383992672,0.288002491,894,823,1788,bcsstk27
20,32,2,0.290901899,0.288008451,894,823,1788,bcsstk27
20,32,3,0.290891886,0.288005829,894,823,1788,bcsstk27
20,32,4,0.288993835,0.288005114,894,823,1788,bcsstk27
20,32,5,0.290855885,0.288001537,894,823,1788,bcsstk27
20,32,6,0.290548325,0.288003683,894,823,1788,bcsstk27
20,32,7,0.288986444,0.287996531,894,823,1788,bcsstk27
20,32,8,0.385989189,0.287998915,894,823,1788,bcsstk27
20,32,9,0.290995359,0.288010359,894,823,1788,bcsstk27
18,32,0,0.383989096,0.287999630,912,841,1824,bcsstk27
18,32,1,0.383986950,0.288001299,912,841,1824,bcsstk27
18,32,2,0.291189432,0.288008213,912,841,1824,bcsstk27
18,32,3,0.291171789,0.288005590,912,841,1824,bcsstk27
18,32,4,0.291165352,0.288004875,912,841,1824,bcsstk27
18,32,5,0.291141748,0.288002968,912,841,1824,bcsstk27
18,32,6,0.295112133,0.292001486,912,841,1824,bcsstk27
18,32,7,0.288995266,0.288007259,912,841,1824,bcsstk27
18,32,8,0.385991096,0.288001060,912,841,1824,bcsstk27
18,32,9,0.290990114,0.288005590,912,841,1824,bcsstk27
31,32,0,0.176993370,0.176003456,894,822,1788,bcsstk27
31,32,1,0.097997427,0.088011265,894,822,1788,bcsstk27
31,32,2,0.179991245,0.176005840,894,822,1788,bcsstk27
31,32,3,0.184001207,0.176010609,894,822,1788,bcsstk27
31,32,4,0.095717669,0.095623493,894,822,1788,bcsstk27
31,32,5,0.180068016,0.176007986,894,822,1788,bcsstk27
31,32,6,0.183998108,0.176007032,894,822,1788,bcsstk27
31,32,7,0.097999334,0.088007927,894,822,1788,bcsstk27
31,32,8,0.178004265,0.176009893,894,822,1788,bcsstk27
31,32,9,0.176038027,0.176026106,894,822,1788,bcsstk27
17,32,0,0.383991480,0.287999630,874,803,1748,bcsstk27
17,32,1,0.383991480,0.287999630,874,803,1748,bcsstk27
17,32,2,0.291473627,0.288006783,874,803,1748,bcsstk27
17,32,3,0.291463852,0.288001537,874,803,1748,bcsstk27
17,32,4,0.290999174,0.288006306,874,803,1748,bcsstk27
17,32,5,0.291441441,0.288006544,874,803,1748,bcsstk27
17,32,6,0.286828041,0.284002542,874,803,1748,bcsstk27
17,32,7,0.288995266,0.288000345,874,803,1748,bcsstk27
17,32,8,0.385997057,0.288002014,874,803,1748,bcsstk27
17,32,9,0.290997267,0.287999868,874,803,1748,bcsstk27
2,32,0,0.383998394,0.288009405,918,846,1836,bcsstk27
2,32,1,0.284993649,0.284004927,918,846,1836,bcsstk27
2,32,2,0.294997692,0.292004585,918,846,1836,bcsstk27
2,32,3,0.288022041,0.288003922,918,846,1836,bcsstk27
2,32,4,0.288023710,0.288007259,918,846,1836,bcsstk27
2,32,5,0.288018227,0.288000822,918,846,1836,bcsstk27
2,32,6,0.288018942,0.288000822,918,846,1836,bcsstk27
2,32,7,0.288999319,0.288008928,918,846,1836,bcsstk27
2,32,8,0.385993242,0.288002491,918,846,1836,bcsstk27
2,32,9,0.290995121,0.288000822,918,846,1836,bcsstk27
12,32,0,0.287987947,0.192000628,904,832,1808,bcsstk27
12,32,1,0.197756290,0.196006775,904,832,1808,bcsstk27
12,32,2,0.190992832,0.188001156,904,832,1808,bcsstk27
12,32,3,0.192290306,0.192005396,904,832,1808,bcsstk27
12,32,4,0.192021370,0.192004681,904,832,1808,bcsstk27
12,32,5,0.192293644,0.192007065,904,832,1808,bcsstk27
12,32,6,0.192302942,0.191998720,904,832,1808,bcsstk27
12,32,7,0.192999363,0.192006111,904,832,1808,bcsstk27
12,32,8,0.289989233,0.192003489,904,832,1808,bcsstk27
12,32,9,0.194994211,0.192001820,904,832,1808,bcsstk27
15,32,0,0.000185490,0.000087976,867,795,1734,bcsstk27
15,32,1,0.000191927,0.000093222,867,795,1734,bcsstk27
15,32,2,0.000200272,0.000089407,867,795,1734,bcsstk27
15,32,3,0.000205755,0.000088930,867,795,1734,bcsstk27
15,32,4,0.000194311,0.000079870,867,795,1734,bcsstk27
15,32,5,0.000200748,0.000089169,867,795,1734,bcsstk27
15,32,6,0.095986366,0.000097275,867,795,1734,bcsstk27
15,32,7,0.000170231,0.000104666,867,795,1734,bcsstk27
15,32,8,0.000157356,0.000092268,867,795,1734,bcsstk27
15,32,9,0.095992327,0.000092745,867,795,1734,bcsstk27
4,32,0,0.287997723,0.192007303,934,861,1868,bcsstk27
4,32,1,0.283998251,0.192016840,934,861,1868,bcsstk27
4,32,2,0.193771124,0.192004442,934,861,1868,bcsstk27
4,32,3,0.194413662,0.192006826,934,861,1868,bcsstk27
4,32,4,0.194995642,0.192018270,934,861,1868,bcsstk27
4,32,5,0.194999456,0.192003012,934,861,1868,bcsstk27
4,32,6,0.192024231,0.192001104,934,861,1868,bcsstk27
4,32,7,0.192038536,0.192018032,934,861,1868,bcsstk27
4,32,8,0.287991047,0.192002058,934,861,1868,bcsstk27
4,32,9,0.288000107,0.192006111,934,861,1868,bcsstk27
22,32,0,0.287984610,0.191997528,900,828,1800,bcsstk27
22,32,1,0.287984371,0.191995382,900,828,1800,bcsstk27
22,32,2,0.287994146,0.192006350,900,828,1800,bcsstk27
22,32,3,0.287993193,0.192008734,900,828,1800,bcsstk27
22,32,4,0.287985325,0.191995144,900,828,1800,bcsstk27
22,32,5,0.195858955,0.192001343,900,828,1800,bcsstk27
22,32,6,0.287989855,0.192004919,900,828,1800,bcsstk27
22,32,7,0.195275307,0.192018270,900,828,1800,bcsstk27
22,32,8,0.287990332,0.191998482,900,828,1800,bcsstk27
22,32,9,0.287989378,0.192001343,900,828,1800,bcsstk27
13,32,0,0.096019745,0.096000433,874,801,1748,bcsstk27
13,32,1,0.096025944,0.096008778,874,801,1748,bcsstk27
13,32,2,0.096019506,0.096000195,874,801,1748,bcsstk27
13,32,3,0.096024513,0.096005201,874,801,1748,bcsstk27
13,32,4,0.096029282,0.096011639,874,801,1748,bcsstk27
13,32,5,0.096025467,0.096007109,874,801,1748,bcsstk27
13,32,6,0.096018076,0.096000433,874,801,1748,bcsstk27
13,32,7,0.099851847,0.096000910,874,801,1748,bcsstk27
13,32,8,0.188296556,0.096005678,874,801,1748,bcsstk27
13,32,9,0.188311815,0.096011162,874,801,1748,bcsstk27
9,32,0,0.098085642,0.096021175,879,807,1758,bcsstk27
9,32,1,0.212307930,0.096022129,879,807,1758,bcsstk27
9,32,2,0.099875450,0.096004725,879,807,1758,bcsstk27
9,32,3,0.099439621,0.096006632,879,807,1758,bcsstk27
9,32,4,0.192000151,0.096020460,879,807,1758,bcsstk27
9,32,5,0.215994835,0.096004248,879,807,1758,bcsstk27
9,32,6,0.191996574,0.096003532,879,807,1758,bcsstk27
9,32,7,0.099585056,0.096021652,879,807,1758,bcsstk27
9,32,8,0.223991394,0.096002102,879,807,1758,bcsstk27
9,32,9,0.283994913,0.192004681,879,807,1758,bcsstk27
8,32,0,0.287987232,0.191999912,915,842,1830,bcsstk27
8,32,1,0.295993090,0.192026377,915,842,1830,bcsstk27
8,32,2,0.287992716,0.192004204,915,842,1830,bcsstk27
8,32,3,0.287999392,0.192012072,915,842,1830,bcsstk27
8,32,4,0.287991285,0.192009211,915,842,1830,bcsstk27
8,32,5,0.299985886,0.192003965,915,842,1830,bcsstk27
8,32,6,0.287993193,0.192009926,915,842,1830,bcsstk27
8,32,7,0.287985325,0.192003965,915,842,1830,bcsstk27
8,32,8,0.322754860,0.192001820,915,842,1830,bcsstk27
8,32,9,0.311996698,0.192009449,915,842,1830,bcsstk27
21,32,0,0.287979841,0.191990614,853,781,1706,bcsstk27
21,32,1,0.195464134,0.192026138,853,781,1706,bcsstk27
21,32,2,0.384002447,0.288011789,853,781,1706,bcsstk27
21,32,3,0.291747570,0.288007259,853,781,1706,bcsstk27
21,32,4,0.383994579,0.288007736,853,781,1706,bcsstk27
21,32,5,0.383988619,0.288005114,853,781,1706,bcsstk27
21,32,6,0.384000301,0.288009405,853,781,1706,bcsstk27
21,32,7,0.383991957,0.288005590,853,781,1706,bcsstk27
21,32,8,0.385996819,0.288009167,853,781,1706,bcsstk27
21,32,9,0.384001493,0.288014889,853,781,1706,bcsstk27
7,32,0,0.191999674,0.096011639,898,825,1796,bcsstk27
7,32,1,0.099002123,0.096019268,898,825,1796,bcsstk27
7,32,2,0.287991047,0.192000866,898,825,1796,bcsstk27
7,32,3,0.287996769,0.192003727,898,825,1796,bcsstk27
7,32,4,0.287998199,0.192003965,898,825,1796,bcsstk27
7,32,5,0.291995287,0.192006111,898,825,1796,bcsstk27
7,32,6,0.288005114,0.192000628,898,825,1796,bcsstk27
7,32,7,0.287990093,0.192000866,898,825,1796,bcsstk27
7,32,8,0.289991140,0.192001581,898,825,1796,bcsstk27
7,32,9,0.287994146,0.192002535,898,825,1796,bcsstk27
62,64,0,0.706100464,0.706023455,463,444,926,bcsstk27
62,64,1,0.541996002,0.532042503,463,444,926,bcsstk27
62,64,2,0.689087152,0.689016342,463,444,926,bcsstk27
62,64,3,0.528064728,0.527982235,463,444,926,bcsstk27
62,64,4,0.676995993,0.676012039,463,444,926,bcsstk27
62,64,5,0.538454771,0.538383722,463,444,926,bcsstk27
62,64,6,0.521988630,0.521008015,463,444,926,bcsstk27
62,64,7,0.345101118,0.345010042,463,444,926,bcsstk27
62,64,8,0.521085024,0.521012545,463,444,926,bcsstk27
62,64,9,0.523093700,0.523016453,463,444,926,bcsstk27
63,64,0,0.721025229,0.718024254,448,429,896,bcsstk27
63,64,1,0.535991192,0.356045246,448,429,896,bcsstk27
63,64,2,0.543090582,0.543029547,448,429,896,bcsstk27
63,64,3,0.544082165,0.544012308,448,429,896,bcsstk27
63,64,4,0.721991539,0.720012665,448,429,896,bcsstk27
63,64,5,0.604089022,0.604019642,448,429,896,bcsstk27
63,64,6,0.350191355,0.350106001,448,429,896,bcsstk27
63,64,7,0.356104612,0.356013775,448,429,896,bcsstk27
63,64,8,0.527066231,0.526994228,448,429,896,bcsstk27
63,64,9,0.434094429,0.434016705,448,429,896,bcsstk27
1,64,0,0.864087105,0.864009142,454,434,908,bcsstk27
1,64,1,0.864121675,0.864037275,454,434,908,bcsstk27
1,64,2,0.864122868,0.864036798,454,434,908,bcsstk27
1,64,3,0.864101410,0.864034891,454,434,908,bcsstk27
1,64,4,0.864118814,0.864034414,454,434,908,bcsstk27
1,64,5,0.768387556,0.768006325,454,434,908,bcsstk27
1,64,6,0.863983631,0.768021584,454,434,908,bcsstk27
1,64,7,0.768159866,0.768085003,454,434,908,bcsstk27
1,64,8,1.055999279,0.960034847,454,434,908,bcsstk27
1,64,9,0.864105940,0.864022732,454,434,908,bcsstk27
6,64,0,0.864300728,0.863998175,466,446,932,bcsstk27
6,64,1,0.864300966,0.864009857,466,446,932,bcsstk27
6,64,2,0.864485741,0.864042044,466,446,932,bcsstk27
6,64,3,0.768192291,0.768127203,466,446,932,bcsstk27
6,64,4,0.864296913,0.864007711,466,446,932,bcsstk27
6,64,5,0.672101974,0.672033787,466,446,932,bcsstk27
6,64,6,0.674085617,0.672004938,466,446,932,bcsstk27
6,64,7,0.768446922,0.768007278,466,446,932,bcsstk27
6,64,8,0.768136024,0.768038750,466,446,932,bcsstk27
6,64,9,0.764078140,0.764050961,466,446,932,bcsstk27
5,64,0,0.865454435,0.864008665,446,426,892,bcsstk27
5,64,1,0.861138821,0.860014439,446,426,892,bcsstk27
5,64,2,0.864209890,0.864126921,446,426,892,bcsstk27
5,64,3,0.863999367,0.768146753,446,426,892,bcsstk27
5,64,4,0.868000746,0.772130728,446,426,892,bcsstk27
5,64,5,0.768053055,0.768036604,446,426,892,bcsstk27
5,64,6,0.768738270,0.768019438,446,426,892,bcsstk27
5,64,7,0.770111561,0.768023491,446,426,892,bcsstk27
5,64,8,0.864121437,0.864031553,446,426,892,bcsstk27
5,64,9,0.864106178,0.864041090,446,426,892,bcsstk27
61,64,0,0.884991646,0.882021189,444,425,888,bcsstk27
61,64,1,0.541987181,0.532030582,444,425,888,bcsstk27
61,64,2,0.700078011,0.700021982,444,425,888,bcsstk27
61,64,3,0.640991926,0.632008553,444,425,888,bcsstk27
61,64,4,0.729040384,0.726017237,444,425,888,bcsstk27
61,64,5,0.539997816,0.533016920,444,425,888,bcsstk27
61,64,6,0.519960403,0.514984608,444,425,888,bcsstk27
61,64,7,0.456996441,0.455012083,444,425,888,bcsstk27
61,64,8,0.526084900,0.526009321,444,425,888,bcsstk27
61,64,9,0.539094687,0.539021015,444,425,888,bcsstk27
0,64,0,0.864065409,0.863999367,468,448,936,bcsstk27
0,64,1,0.867575407,0.867455482,468,448,936,bcsstk27
0,64,2,0.960087538,0.959998131,468,448,936,bcsstk27
0,64,3,0.864060163,0.863992214,468,448,936,bcsstk27
0,64,4,0.864077091,0.864008427,468,448,936,bcsstk27
0,64,5,0.768196821,0.768078089,468,448,936,bcsstk27
0,64,6,0.768211603,0.768048763,468,448,936,bcsstk27
0,64,7,0.864057779,0.863990545,468,448,936,bcsstk27
0,64,8,0.960092783,0.960020304,468,448,936,bcsstk27
0,64,9,0.960083246,0.960009098,468,448,936,bcsstk27
12,64,0,0.867870092,0.864004850,449,430,898,bcsstk27
12,64,1,0.864882946,0.864011765,449,430,898,bcsstk27
12,64,2,0.866787434,0.864126205,449,430,898,bcsstk27
12,64,3,0.864931107,0.864011049,449,430,898,bcsstk27
12,64,4,0.864881277,0.864005566,449,430,898,bcsstk27
12,64,5,0.672135830,0.672114611,449,430,898,bcsstk27
12,64,6,0.772156239,0.772102356,449,430,898,bcsstk27
12,64,7,0.764164209,0.764084816,449,430,898,bcsstk27
12,64,8,0.960793972,0.960034370,449,430,898,bcsstk27
12,64,9,0.867547512,0.867467642,449,430,898,bcsstk27
11,64,0,0.864873409,0.864006996,430,411,860,bcsstk27
11,64,1,0.864851713,0.864010334,430,411,860,bcsstk27
11,64,2,0.864063978,0.864037752,430,411,860,bcsstk27
11,64,3,0.768184423,0.768119812,430,411,860,bcsstk27
11,64,4,0.864848852,0.864019394,430,411,860,bcsstk27
11,64,5,0.672124863,0.672040939,430,411,860,bcsstk27
11,64,6,0.672062635,0.672005415,430,411,860,bcsstk27
11,64,7,0.672084093,0.672015905,430,411,860,bcsstk27
11,64,8,0.864117146,0.864049911,430,411,860,bcsstk27
11,64,9,0.864075899,0.864039660,430,411,860,bcsstk27
4,64,0,0.864177465,0.864100218,471,451,942,bcsstk27
4,64,1,0.864225626,0.864130974,471,451,942,bcsstk27
4,64,2,0.960484028,0.960020781,471,451,942,bcsstk27
4,64,3,0.768213272,0.768127441,471,451,942,bcsstk27
4,64,4,0.860202789,0.860123634,471,451,942,bcsstk27
4,64,5,0.768403769,0.768038273,471,451,942,bcsstk27
4,64,6,0.768451691,0.768016100,471,451,942,bcsstk27
4,64,7,0.769830704,0.768021107,471,451,942,bcsstk27
4,64,8,0.960104227,0.960037470,471,451,942,bcsstk27
4,64,9,0.960110903,0.960035563,471,451,942,bcsstk27
10,64,0,0.959993124,0.864114523,448,429,896,bcsstk27
10,64,1,0.959998131,0.864147186,448,429,896,bcsstk27
10,64,2,0.960391760,0.960040331,448,429,896,bcsstk27
10,64,3,0.868109465,0.868003368,448,429,896,bcsstk27
10,64,4,0.864166975,0.864147425,448,429,896,bcsstk27
10,64,5,0.772108793,0.772041559,448,429,896,bcsstk27
10,64,6,0.768115282,0.767993689,448,429,896,bcsstk27
10,64,7,0.768083811,0.768020153,448,429,896,bcsstk27
10,64,8,0.960386276,0.960040569,448,429,896,bcsstk27
10,64,9,0.960103750,0.960037470,448,429,896,bcsstk27
2,64,0,0.768099070,0.768017292,471,451,942,bcsstk27
2,64,1,0.959984064,0.864033461,471,451,942,bcsstk27
2,64,2,0.961029053,0.960037470,471,451,942,bcsstk27
2,64,3,0.770607471,0.768039227,471,451,942,bcsstk27
2,64,4,0.769606829,0.769497871,471,451,942,bcsstk27
2,64,5,0.768074274,0.768010378,471,451,942,bcsstk27
2,64,6,0.768106699,0.767978907,471,451,942,bcsstk27
2,64,7,0.768093348,0.768028975,471,451,942,bcsstk27
2,64,8,0.960106373,0.960039377,471,451,942,bcsstk27
2,64,9,0.960101366,0.960036516,471,451,942,bcsstk27
3,64,0,0.863997221,0.768016815,451,431,902,bcsstk27
3,64,1,0.864003420,0.768050194,451,431,902,bcsstk27
3,64,2,0.864099503,0.864034414,451,431,902,bcsstk27
3,64,3,0.767993450,0.676038980,451,431,902,bcsstk27
3,64,4,0.879995584,0.768046618,451,431,902,bcsstk27
3,64,5,0.768112421,0.768042803,451,431,902,bcsstk27
3,64,6,0.768141031,0.768009186,451,431,902,bcsstk27
3,64,7,0.768084288,0.768018723,451,431,902,bcsstk27
3,64,8,0.960110426,0.960043192,451,431,902,bcsstk27
3,64,9,0.960106850,0.960041046,451,431,902,bcsstk27
13,64,0,0.771591187,0.768002748,434,415,868,bcsstk27
13,64,1,0.768144846,0.768128157,434,415,868,bcsstk27
13,64,2,0.865642786,0.864002228,434,415,868,bcsstk27
13,64,3,0.768626213,0.768007755,434,415,868,bcsstk27
13,64,4,0.770424843,0.767994165,434,415,868,bcsstk27
13,64,5,0.672140121,0.672121286,434,415,868,bcsstk27
13,64,6,0.768115759,0.767991304,434,415,868,bcsstk27
13,64,7,0.768063784,0.768000126,434,415,868,bcsstk27
13,64,8,0.864397764,0.864033937,434,415,868,bcsstk27
13,64,9,0.864554167,0.864036322,434,415,868,bcsstk27
17,64,0,0.867865086,0.864014149,426,407,852,bcsstk27
17,64,1,0.864614487,0.864013910,426,407,852,bcsstk27
17,64,2,0.961975813,0.960015774,426,407,852,bcsstk27
17,64,3,0.864871740,0.863978386,426,407,852,bcsstk27
17,64,4,0.866711378,0.864011049,426,407,852,bcsstk27
17,64,5,0.768412113,0.768137455,426,407,852,bcsstk27
17,64,6,0.864419222,0.863966465,426,407,852,bcsstk27
17,64,7,0.864353180,0.864006281,426,407,852,bcsstk27
17,64,8,0.960706234,0.960129976,426,407,852,bcsstk27
17,64,9,0.960968256,0.960139751,426,407,852,bcsstk27
14,64,0,0.768018961,0.768000126,450,431,900,bcsstk27
14,64,1,0.768027782,0.768008709,450,431,900,bcsstk27
14,64,2,0.864038944,0.864002466,450,431,900,bcsstk27
14,64,3,0.768070698,0.768005133,450,431,900,bcsstk27
14,64,4,0.768027544,0.768009186,450,431,900,bcsstk27
14,64,5,0.672076464,0.672007799,450,431,900,bcsstk27
14,64,6,0.768088818,0.767971992,450,431,900,bcsstk27
14,64,7,0.768079996,0.768000364,450,431,900,bcsstk27
14,64,8,0.864093304,0.864027023,450,431,900,bcsstk27
14,64,9,0.864117384,0.864035845,450,431,900,bcsstk27
48,64,0,1.058989048,1.055988550,463,444,926,bcsstk27
48,64,1,0.868942738,0.866024256,463,444,926,bcsstk27
48,64,2,1.058082104,1.058006048,463,444,926,bcsstk27
48,64,3,1.086057425,1.085978985,463,444,926,bcsstk27
48,64,4,1.053095818,1.053000927,463,444,926,bcsstk27
48,64,5,1.009045124,1.008976460,463,444,926,bcsstk27
48,64,6,0.990012884,0.988987446,463,444,926,bcsstk27
48,64,7,1.050962925,1.046982050,463,444,926,bcsstk27
22,64,0,0.864303112,0.864003181,442,423,884,bcsstk27
22,64,1,0.864312649,0.864014387,442,423,884,bcsstk27
22,64,2,0.960386753,0.960008860,442,423,884,bcsstk27
22,64,3,0.864365101,0.864003897,442,423,884,bcsstk27
22,64,4,0.864309788,0.864010811,442,423,884,bcsstk27
22,64,5,0.768374681,0.768009424,442,423,884,bcsstk27
22,64,6,0.864407778,0.863980532,442,423,884,bcsstk27
22,64,7,0.864361763,0.864001274,442,423,884,bcsstk27
22,64,8,0.960188627,0.960170031,442,423,884,bcsstk27
22,64,9,0.960205555,0.960187197,442,423,884,bcsstk27
48,64,8,1.038049698,1.037990332,463,444,926,bcsstk27
48,64,9,1.069008350,1.068932772,463,444,926,bcsstk27
7,64,0,0.768586159,0.768001556,452,432,904,bcsstk27
7,64,1,0.768601656,0.768009663,452,432,904,bcsstk27
7,64,2,0.768169165,0.768146276,452,432,904,bcsstk27
7,64,3,0.768650532,0.768012047,452,432,904,bcsstk27
7,64,4,0.768595934,0.768007040,452,432,904,bcsstk27
7,64,5,0.576061726,0.576038599,452,432,904,bcsstk27
7,64,6,0.668141603,0.668014526,452,432,904,bcsstk27
7,64,7,0.676628590,0.676026106,452,432,904,bcsstk27
7,64,8,0.864517689,0.864038944,452,432,904,bcsstk27
7,64,9,0.864541292,0.864021063,452,432,904,bcsstk27
15,64,0,0.770998478,0.768003225,423,404,846,bcsstk27
15,64,1,0.769159079,0.768006563,423,404,846,bcsstk27
15,64,2,0.771820307,0.768123150,423,404,846,bcsstk27
15,64,3,0.769210815,0.768006086,423,404,846,bcsstk27
15,64,4,0.769162893,0.768011570,423,404,846,bcsstk27
15,64,5,0.672080517,0.672013044,423,404,846,bcsstk27
15,64,6,0.673640251,0.672080994,423,404,846,bcsstk27
15,64,7,0.674059629,0.672090054,423,404,846,bcsstk27
15,64,8,0.865070343,0.864020824,423,404,846,bcsstk27
15,64,9,0.863996506,0.768124342,423,404,846,bcsstk27
8,64,0,1.055993319,0.960002184,450,431,900,bcsstk27
8,64,1,1.055994987,0.960008621,450,431,900,bcsstk27
8,64,2,1.055990458,0.960054636,450,431,900,bcsstk27
8,64,3,0.961503029,0.960004330,450,431,900,bcsstk27
8,64,4,1.055991650,0.960006237,450,431,900,bcsstk27
8,64,5,0.768061161,0.768039942,450,431,900,bcsstk27
8,64,6,0.770646811,0.770524263,450,431,900,bcsstk27
8,64,7,0.867167711,0.864017010,450,431,900,bcsstk27
8,64,8,0.960228682,0.960127831,450,431,900,bcsstk27
8,64,9,1.055996895,0.960037947,450,431,900,bcsstk27
16,64,0,0.956020594,0.956004143,442,423,884,bcsstk27
16,64,1,0.960021257,0.960003853,442,423,884,bcsstk27
16,64,2,0.960147619,0.960129976,442,423,884,bcsstk27
16,64,3,0.961788177,0.960002422,442,423,884,bcsstk27
16,64,4,0.961711168,0.960005045,442,423,884,bcsstk27
16,64,5,0.864089966,0.864006519,442,423,884,bcsstk27
16,64,6,0.864039183,0.863988638,442,423,884,bcsstk27
16,64,7,0.867450476,0.864099503,442,423,884,bcsstk27
16,64,8,1.056072712,1.056007385,442,423,884,bcsstk27
16,64,9,1.055997610,0.960123777,442,423,884,bcsstk27
9,64,0,1.059998274,0.964001894,429,410,858,bcsstk27
9,64,1,1.055995703,0.960007906,429,410,858,bcsstk27
9,64,2,1.055998564,0.960045576,429,410,858,bcsstk27
9,64,3,1.055995703,0.960006475,429,410,858,bcsstk27
9,64,4,1.055994034,0.960007906,429,410,858,bcsstk27
9,64,5,0.768101931,0.768037558,429,410,858,bcsstk27
9,64,6,0.771896124,0.768022299,429,410,858,bcsstk27
9,64,7,0.959995747,0.864015341,429,410,858,bcsstk27
9,64,8,0.960227251,0.960146666,429,410,858,bcsstk27
9,64,9,1.055999041,0.960041046,429,410,858,bcsstk27
18,64,0,0.960007191,0.959990740,445,426,890,bcsstk27
18,64,1,0.960026026,0.960008621,445,426,890,bcsstk27
18,64,2,0.960156918,0.960139036,445,426,890,bcsstk27
18,64,3,0.960024118,0.960006952,445,426,890,bcsstk27
18,64,4,0.960022688,0.960005283,445,426,890,bcsstk27
18,64,5,0.864075899,0.864009857,445,426,890,bcsstk27
18,64,6,0.864105225,0.863983631,445,426,890,bcsstk27
18,64,7,0.864117622,0.864101648,445,426,890,bcsstk27
18,64,8,1.056077242,1.056011677,445,426,890,bcsstk27
18,64,9,1.060076475,1.060006857,445,426,890,bcsstk27
19,64,0,0.961169243,0.960009575,430,411,860,bcsstk27
19,64,1,0.965415239,0.964010000,430,411,860,bcsstk27
19,64,2,0.960170746,0.960151434,430,411,860,bcsstk27
19,64,3,0.865163803,0.864009857,430,411,860,bcsstk27
19,64,4,0.961153746,0.960005283,430,411,860,bcsstk27
19,64,5,0.860071898,0.860003471,430,411,860,bcsstk27
19,64,6,0.864104271,0.863984585,430,411,860,bcsstk27
19,64,7,0.864075422,0.864011288,430,411,860,bcsstk27
19,64,8,1.056074619,1.056008816,430,411,860,bcsstk27
19,64,9,1.056029797,1.056011200,430,411,860,bcsstk27
20,64,0,0.959994555,0.864001036,449,430,898,bcsstk27
20,64,1,0.960095406,0.960006952,449,430,898,bcsstk27
20,64,2,0.960701704,0.960139990,449,430,898,bcsstk27
20,64,3,0.865476370,0.864010811,449,430,898,bcsstk27
20,64,4,0.955994368,0.864007950,449,430,898,bcsstk27
20,64,5,0.864073038,0.864005804,449,430,898,bcsstk27
20,64,6,0.864083767,0.863964081,449,430,898,bcsstk27
20,64,7,0.864061832,0.863996744,449,430,898,bcsstk27
20,64,8,1.056075335,1.056009054,449,430,898,bcsstk27
20,64,9,1.056081057,1.056013584,449,430,898,bcsstk27
23,64,0,0.771311283,0.768007040,427,408,854,bcsstk27
23,64,1,0.864058495,0.863992214,427,408,854,bcsstk27
23,64,2,0.865364790,0.864177704,427,408,854,bcsstk27
23,64,3,0.768031597,0.768009901,427,408,854,bcsstk27
23,64,4,0.770152330,0.768008232,427,408,854,bcsstk27
23,64,5,0.768078804,0.768011332,427,408,854,bcsstk27
23,64,6,0.768109322,0.767984152,427,408,854,bcsstk27
23,64,7,0.768064976,0.768000603,427,408,854,bcsstk27
23,64,8,0.960078239,0.960012197,427,408,854,bcsstk27
23,64,9,0.960050583,0.959984779,427,408,854,bcsstk27
46,64,0,0.536991596,0.528011799,459,440,918,bcsstk27
46,64,1,0.531997204,0.528016329,459,440,918,bcsstk27
46,64,2,0.265990734,0.264021873,459,440,918,bcsstk27
46,64,3,0.534992456,0.530014038,459,440,918,bcsstk27
46,64,4,0.533997774,0.527017355,459,440,918,bcsstk27
46,64,5,0.264133215,0.264064550,459,440,918,bcsstk27
46,64,6,0.264102459,0.264024019,459,440,918,bcsstk27
46,64,7,0.264105320,0.264022827,459,440,918,bcsstk27
46,64,8,0.264102221,0.264023304,459,440,918,bcsstk27
46,64,9,0.261124372,0.261045456,459,440,918,bcsstk27
26,64,0,0.799991131,0.791021109,440,421,880,bcsstk27
26,64,1,0.797995329,0.794026613,440,421,880,bcsstk27
26,64,2,0.791162968,0.791090965,440,421,880,bcsstk27
26,64,3,0.797991037,0.794022799,440,421,880,bcsstk27
26,64,4,0.793996334,0.791027784,440,421,880,bcsstk27
26,64,5,0.802994728,0.800051928,440,421,880,bcsstk27
26,64,6,0.804994583,0.802012682,440,421,880,bcsstk27
26,64,7,0.804999352,0.799021244,440,421,880,bcsstk27
26,64,8,0.791150331,0.791091442,440,421,880,bcsstk27
26,64,9,0.799178600,0.799078465,440,421,880,bcsstk27
21,64,0,0.864587784,0.864002466,423,404,846,bcsstk27
21,64,1,0.864578485,0.864013433,423,404,846,bcsstk27
21,64,2,0.960095406,0.960015059,423,404,846,bcsstk27
21,64,3,0.864069939,0.864004374,423,404,846,bcsstk27
21,64,4,0.864573240,0.864008665,423,404,846,bcsstk27
21,64,5,0.768074036,0.768006325,423,404,846,bcsstk27
21,64,6,0.768094540,0.767965078,423,404,846,bcsstk27
21,64,7,0.768730879,0.768001318,423,404,846,bcsstk27
21,64,8,0.960065365,0.959998369,423,404,846,bcsstk27
21,64,9,0.963933706,0.960017681,423,404,846,bcsstk27
28,64,0,0.755995989,0.747020960,457,438,914,bcsstk27
28,64,1,0.786997795,0.783023834,457,438,914,bcsstk27
28,64,2,0.791180849,0.791112423,457,438,914,bcsstk27
28,64,3,0.798996687,0.794016600,457,438,914,bcsstk27
28,64,4,0.797997236,0.791025400,457,438,914,bcsstk27
28,64,5,0.793999672,0.789023161,457,438,914,bcsstk27
28,64,6,0.796997070,0.792003870,457,438,914,bcsstk27
28,64,7,0.806991816,0.798997164,457,438,914,bcsstk27
28,64,8,0.769177675,0.769100666,457,438,914,bcsstk27
28,64,9,0.799175262,0.799096346,457,438,914,bcsstk27
54,64,0,0.653994799,0.652030468,458,439,916,bcsstk27
54,64,1,0.699992180,0.690042257,458,439,916,bcsstk27
54,64,2,1.052992821,1.051022291,458,439,916,bcsstk27
54,64,3,0.894987583,0.720007658,458,439,916,bcsstk27
54,64,4,0.872997284,0.868026257,458,439,916,bcsstk27
54,64,5,0.890998602,0.888014793,458,439,916,bcsstk27
54,64,6,0.886080265,0.886004210,458,439,916,bcsstk27
54,64,7,0.810084581,0.810008764,458,439,916,bcsstk27
54,64,8,1.046871185,1.045017004,458,439,916,bcsstk27
54,64,9,0.966367960,0.966300964,458,439,916,bcsstk27
44,64,0,0.536988735,0.528014421,455,436,910,bcsstk27
44,64,1,0.621994257,0.618013859,455,436,910,bcsstk27
44,64,2,0.527995348,0.527022839,455,436,910,bcsstk27
44,64,3,0.533996344,0.530027628,455,436,910,bcsstk27
44,64,4,0.533993959,0.527021885,455,436,910,bcsstk27
44,64,5,0.530988693,0.528039455,455,436,910,bcsstk27
44,64,6,0.532991409,0.528001785,455,436,910,bcsstk27
44,64,7,0.544069529,0.536004543,455,436,910,bcsstk27
44,64,8,0.539992332,0.538016319,455,436,910,bcsstk27
44,64,9,0.537992001,0.536067963,455,436,910,bcsstk27
57,64,0,0.840986252,0.838025093,453,434,906,bcsstk27
57,64,1,0.721998692,0.712067842,453,434,906,bcsstk27
57,64,2,1.046098709,1.046022177,453,434,906,bcsstk27
57,64,3,0.700968742,0.699017286,453,434,906,bcsstk27
57,64,4,0.694392204,0.694319963,453,434,906,bcsstk27
57,64,5,0.878846169,0.877013683,453,434,906,bcsstk27
57,64,6,0.811088562,0.811017036,453,434,906,bcsstk27
57,64,7,0.703951359,0.702013731,453,434,906,bcsstk27
57,64,8,0.895996571,0.888013124,453,434,906,bcsstk27
57,64,9,1.058998823,1.049040079,453,434,906,bcsstk27
35,64,0,0.272991419,0.264020443,432,413,864,bcsstk27
35,64,1,0.267995119,0.264027596,432,413,864,bcsstk27
35,64,2,0.528337479,0.527996778,432,413,864,bcsstk27
35,64,3,0.269957304,0.264017582,432,413,864,bcsstk27
35,64,4,0.270045042,0.263019085,432,413,864,bcsstk27
35,64,5,0.532973528,0.528001070,432,413,864,bcsstk27
35,64,6,0.532990217,0.527995586,432,413,864,bcsstk27
35,64,7,0.543998480,0.536002636,432,413,864,bcsstk27
35,64,8,0.538996935,0.538024902,432,413,864,bcsstk27
35,64,9,0.536998034,0.536052465,432,413,864,bcsstk27
45,64,0,0.536995649,0.528012753,440,421,880,bcsstk27
45,64,1,0.531992435,0.528013945,440,421,880,bcsstk27
45,64,2,0.264997244,0.264029026,440,421,880,bcsstk27
45,64,3,0.534994364,0.530012846,440,421,880,bcsstk27
45,64,4,0.533997059,0.527015448,440,421,880,bcsstk27
45,64,5,0.265996218,0.264065266,440,421,880,bcsstk27
45,64,6,0.265990973,0.264022589,440,421,880,bcsstk27
45,64,7,0.266188383,0.261028051,440,421,880,bcsstk27
45,64,8,0.531053305,0.528013229,440,421,880,bcsstk27
45,64,9,0.536991596,0.536046505,440,421,880,bcsstk27
55,64,0,0.871987581,0.690028906,449,430,898,bcsstk27
55,64,1,0.689985275,0.510062695,449,430,898,bcsstk27
55,64,2,1.051984310,1.051014900,449,430,898,bcsstk27
55,64,3,0.830871344,0.829005718,449,430,898,bcsstk27
55,64,4,0.830996037,0.829016685,449,430,898,bcsstk27
55,64,5,0.790883780,0.789011002,449,430,898,bcsstk27
55,64,6,0.865977287,0.863994837,449,430,898,bcsstk27
55,64,7,0.704830647,0.702008009,449,430,898,bcsstk27
55,64,8,1.034993649,1.034011841,449,430,898,bcsstk27
55,64,9,0.883074522,0.883024454,449,430,898,bcsstk27
47,64,0,0.264102221,0.264023066,444,425,888,bcsstk27
47,64,1,0.264076948,0.264025211,444,425,888,bcsstk27
47,64,2,0.264996529,0.264023066,444,425,888,bcsstk27
47,64,3,0.534994602,0.529999495,444,425,888,bcsstk27
47,64,4,0.533995390,0.527002573,444,425,888,bcsstk27
47,64,5,0.520360231,0.519023180,444,425,888,bcsstk27
47,64,6,0.530500889,0.528004169,444,425,888,bcsstk27
47,64,7,0.531743765,0.525003910,444,425,888,bcsstk27
47,64,8,0.266990423,0.264014244,444,425,888,bcsstk27
47,64,9,0.276187420,0.272043943,444,425,888,bcsstk27
49,64,0,0.873989582,0.871023417,448,429,896,bcsstk27
49,64,1,0.796990395,0.787061691,448,429,896,bcsstk27
49,64,2,1.134992838,1.134021044,448,429,896,bcsstk27
49,64,3,0.868030787,0.868016958,448,429,896,bcsstk27
49,64,4,0.881998062,0.881373167,448,429,896,bcsstk27
49,64,5,1.053080559,1.053009033,448,429,896,bcsstk27
49,64,6,0.891999722,0.884017229,448,429,896,bcsstk27
49,64,7,1.050995588,1.046032429,448,429,896,bcsstk27
49,64,8,1.224685192,1.222010612,448,429,896,bcsstk27
49,64,9,1.238006115,1.236028671,448,429,896,bcsstk27
40,64,0,0.529993057,0.528033018,465,446,930,bcsstk27
40,64,1,0.532998085,0.530025482,465,446,930,bcsstk27
40,64,2,0.758998632,0.758015871,465,446,930,bcsstk27
40,64,3,0.798995256,0.794017553,465,446,930,bcsstk27
40,64,4,0.797998905,0.791017532,465,446,930,bcsstk27
40,64,5,0.525298595,0.525207281,465,446,930,bcsstk27
40,64,6,0.528098106,0.528026342,465,446,930,bcsstk27
40,64,7,0.524097919,0.524020195,465,446,930,bcsstk27
40,64,8,0.793994665,0.791002989,465,446,930,bcsstk27
40,64,9,0.802992582,0.799005747,465,446,930,bcsstk27
34,64,0,0.266867638,0.266791582,447,428,894,bcsstk27
34,64,1,0.265002489,0.264035463,447,428,894,bcsstk27
34,64,2,0.538994312,0.538012028,447,428,894,bcsstk27
34,64,3,0.534996271,0.529997349,447,428,894,bcsstk27
34,64,4,0.535991669,0.526997566,447,428,894,bcsstk27
34,64,5,0.782998562,0.780011654,447,428,894,bcsstk27
34,64,6,0.796111584,0.791999578,447,428,894,bcsstk27
34,64,7,0.791959047,0.787966967,447,428,894,bcsstk27
34,64,8,0.793998480,0.791017294,447,428,894,bcsstk27
34,64,9,0.791997910,0.788048267,447,428,894,bcsstk27
60,64,0,0.866992950,0.866019249,461,442,922,bcsstk27
60,64,1,0.710994720,0.701049089,461,442,922,bcsstk27
60,64,2,1.051996708,1.051021338,461,442,922,bcsstk27
60,64,3,0.693089724,0.693011045,461,442,922,bcsstk27
60,64,4,0.803992271,0.803009510,461,442,922,bcsstk27
60,64,5,0.877078533,0.877003193,461,442,922,bcsstk27
60,64,6,0.724090338,0.724014521,461,442,922,bcsstk27
60,64,7,0.702065945,0.701993227,461,442,922,bcsstk27
60,64,8,1.029026270,1.028974771,461,442,922,bcsstk27
60,64,9,1.054108620,1.054034710,461,442,922,bcsstk27
24,64,0,0.799987316,0.791013479,446,427,892,bcsstk27
24,64,1,0.798037291,0.794009686,446,427,892,bcsstk27
24,64,2,0.791890144,0.791813374,446,427,892,bcsstk27
24,64,3,0.791145802,0.791079521,446,427,892,bcsstk27
24,64,4,0.792139053,0.792072535,446,427,892,bcsstk27
24,64,5,0.789258480,0.789152622,446,427,892,bcsstk27
24,64,6,0.791159630,0.791075468,446,427,892,bcsstk27
24,64,7,0.756981373,0.755071640,446,427,892,bcsstk27
24,64,8,1.057981968,1.054997444,446,427,892,bcsstk27
24,64,9,1.055981874,1.052032232,446,427,892,bcsstk27
51,64,0,0.947998047,0.871022940,426,407,852,bcsstk27
51,64,1,0.863993883,0.684063435,426,407,852,bcsstk27
51,64,2,1.057087421,1.057032108,426,407,852,bcsstk27
51,64,3,0.870807171,0.869028330,426,407,852,bcsstk27
51,64,4,0.800191164,0.796014071,426,407,852,bcsstk27
51,64,5,1.042067051,1.042016506,426,407,852,bcsstk27
51,64,6,0.855995178,0.855014324,426,407,852,bcsstk27
51,64,7,0.870996714,0.867014408,426,407,852,bcsstk27
51,64,8,1.062865257,1.062022924,426,407,852,bcsstk27
51,64,9,1.148007393,1.066038847,426,407,852,bcsstk27
37,64,0,0.267992735,0.264025450,448,429,896,bcsstk27
37,64,1,0.267569780,0.264022350,448,429,896,bcsstk27
37,64,2,0.538988113,0.537997007,448,429,896,bcsstk27
37,64,3,0.279360533,0.277011633,448,429,896,bcsstk27
37,64,4,0.265994787,0.264025688,448,429,896,bcsstk27
37,64,5,0.525183439,0.525105238,448,429,896,bcsstk27
37,64,6,0.530171394,0.528013945,448,429,896,bcsstk27
37,64,7,0.535998583,0.535025597,448,429,896,bcsstk27
37,64,8,0.530994892,0.528001547,448,429,896,bcsstk27
37,64,9,0.529005051,0.525016785,448,429,896,bcsstk27
53,64,0,0.706054211,0.706040382,430,411,860,bcsstk27
53,64,1,0.699985743,0.697066307,430,411,860,bcsstk27
53,64,2,0.975991011,0.974029779,430,411,860,bcsstk27
53,64,3,0.735384226,0.735310078,430,411,860,bcsstk27
53,64,4,0.870126724,0.867988110,430,411,860,bcsstk27
53,64,5,0.867995977,0.866013288,430,411,860,bcsstk27
53,64,6,0.876997232,0.875013113,430,411,860,bcsstk27
53,64,7,0.713993311,0.713009596,430,411,860,bcsstk27
53,64,8,1.052904606,1.050980806,430,411,860,bcsstk27
53,64,9,1.054100513,1.054027319,430,411,860,bcsstk27
38,64,0,0.272991896,0.264018059,467,448,934,bcsstk27
38,64,1,0.266993046,0.264023542,467,448,934,bcsstk27
38,64,2,0.528983116,0.527991533,467,448,934,bcsstk27
38,64,3,0.271993160,0.268026829,467,448,934,bcsstk27
38,64,4,0.264992714,0.264024734,467,448,934,bcsstk27
38,64,5,0.526996613,0.525065899,467,448,934,bcsstk27
38,64,6,0.531990290,0.528010130,467,448,934,bcsstk27
38,64,7,0.538048267,0.535018921,467,448,934,bcsstk27
38,64,8,0.530998945,0.528009415,467,448,934,bcsstk27
38,64,9,0.528998375,0.525010824,467,448,934,bcsstk27
25,64,0,0.799996376,0.791021824,421,402,842,bcsstk27
25,64,1,0.797995806,0.794028521,421,402,842,bcsstk27
25,64,2,0.791160583,0.791101456,421,402,842,bcsstk27
25,64,3,0.804977417,0.802046776,421,402,842,bcsstk27
25,64,4,0.793998480,0.791036129,421,402,842,bcsstk27
25,64,5,0.791138649,0.791057110,421,402,842,bcsstk27
25,64,6,0.792082548,0.792006493,421,402,842,bcsstk27
25,64,7,0.537993193,0.535030603,421,402,842,bcsstk27
25,64,8,0.796955585,0.796877861,421,402,842,bcsstk27
25,64,9,0.798915625,0.798861265,421,402,842,bcsstk27
50,64,0,0.993144989,0.992028713,467,448,934,bcsstk27
50,64,1,0.868994951,0.866066694,467,448,934,bcsstk27
50,64,2,1.047114611,1.047037125,467,448,934,bcsstk27
50,64,3,0.967086077,0.967010975,467,448,934,bcsstk27
50,64,4,0.862039566,0.858015299,467,448,934,bcsstk27
50,64,5,1.054925680,1.053011179,467,448,934,bcsstk27
50,64,6,1.019997120,1.003011942,467,448,934,bcsstk27
50,64,7,0.790996075,0.788011551,467,448,934,bcsstk27
50,64,8,1.224997044,1.222016573,467,448,934,bcsstk27
50,64,9,1.226997852,1.225028992,467,448,934,bcsstk27
36,64,0,0.536991358,0.528012514,463,444,926,bcsstk27
36,64,1,0.531986237,0.528008461,463,444,926,bcsstk27
36,64,2,0.527992725,0.527014256,463,444,926,bcsstk27
36,64,3,0.534988403,0.530014038,463,444,926,bcsstk27
36,64,4,0.533993006,0.527018309,463,444,926,bcsstk27
36,64,5,0.525985718,0.525058508,463,444,926,bcsstk27
36,64,6,0.528100014,0.528019905,463,444,926,bcsstk27
36,64,7,0.524096251,0.524015665,463,444,926,bcsstk27
36,64,8,0.792321920,0.790997744,463,444,926,bcsstk27
36,64,9,0.788369656,0.788005114,463,444,926,bcsstk27
59,64,0,0.763986588,0.761028528,457,438,914,bcsstk27
59,64,1,0.715983391,0.706067324,457,438,914,bcsstk27
59,64,2,1.020987272,1.018020868,457,438,914,bcsstk27
59,64,3,0.512948275,0.511011839,457,438,914,bcsstk27
59,64,4,0.704091787,0.704014778,457,438,914,bcsstk27
59,64,5,0.889891148,0.888011456,457,438,914,bcsstk27
59,64,6,0.706996679,0.701014042,457,438,914,bcsstk27
59,64,7,0.726994991,0.724012136,457,438,914,bcsstk27
59,64,8,0.895994663,0.888012409,457,438,914,bcsstk27
59,64,9,1.170998096,1.170032501,457,438,914,bcsstk27
41,64,0,0.533055067,0.528023720,450,431,900,bcsstk27
41,64,1,0.532982588,0.530014515,450,431,900,bcsstk27
41,64,2,0.791996002,0.791003227,450,431,900,bcsstk27
41,64,3,0.519105196,0.519026518,450,431,900,bcsstk27
41,64,4,0.528104067,0.528024197,450,431,900,bcsstk27
41,64,5,0.526998997,0.525067568,450,431,900,bcsstk27
41,64,6,0.529993534,0.528022051,450,431,900,bcsstk27
41,64,7,0.525017500,0.525007963,450,431,900,bcsstk27
41,64,8,0.791994810,0.791000843,450,431,900,bcsstk27
41,64,9,0.788995504,0.788011312,450,431,900,bcsstk27
56,64,0,0.861408472,0.861329794,468,449,936,bcsstk27
56,64,1,0.722436905,0.722332478,468,449,936,bcsstk27
56,64,2,1.225038290,1.222020626,468,449,936,bcsstk27
56,64,3,0.899992466,0.891014099,468,449,936,bcsstk27
56,64,4,0.971995354,0.968014956,468,449,936,bcsstk27
56,64,5,1.064997911,1.064015627,468,449,936,bcsstk27
56,64,6,0.890383244,0.890300989,468,449,936,bcsstk27
56,64,7,0.891724348,0.887011766,468,449,936,bcsstk27
56,64,8,1.151000261,1.150014877,468,449,936,bcsstk27
56,64,9,1.239473820,1.236008644,468,449,936,bcsstk27
32,64,0,0.792000532,0.528026819,465,446,930,bcsstk27
32,64,1,0.793997765,0.530028343,465,446,930,bcsstk27
32,64,2,0.791999340,0.791024446,465,446,930,bcsstk27
32,64,3,0.796276808,0.793984413,465,446,930,bcsstk27
32,64,4,0.802579403,0.802004814,465,446,930,bcsstk27
32,64,5,0.789994001,0.789033175,465,446,930,bcsstk27
32,64,6,0.791997433,0.791016102,465,446,930,bcsstk27
32,64,7,0.793014765,0.788015366,465,446,930,bcsstk27
32,64,8,1.058053493,1.054982185,465,446,930,bcsstk27
32,64,9,1.053012609,1.052008152,465,446,930,bcsstk27
58,64,0,0.884953022,0.881994963,472,453,944,bcsstk27
58,64,1,0.813996792,0.804078579,472,453,944,bcsstk27
58,64,2,1.062060356,1.061983824,472,453,944,bcsstk27
58,64,3,0.616112471,0.616024494,472,453,944,bcsstk27
58,64,4,0.891088724,0.891013384,472,453,944,bcsstk27
58,64,5,0.888072968,0.888016701,472,453,944,bcsstk27
58,64,6,0.691096544,0.691025257,472,453,944,bcsstk27
58,64,7,0.725887537,0.724008083,472,453,944,bcsstk27
58,64,8,0.971391916,0.971330166,472,453,944,bcsstk27
58,64,9,1.235046148,1.235035419,472,453,944,bcsstk27
33,64,0,0.536993980,0.528025627,428,409,856,bcsstk27
33,64,1,0.533996105,0.530028105,428,409,856,bcsstk27
33,64,2,0.791991949,0.790997744,428,409,856,bcsstk27
33,64,3,0.530991793,0.530025721,428,409,856,bcsstk27
33,64,4,0.531991005,0.527021885,428,409,856,bcsstk27
33,64,5,0.792000055,0.789076328,428,409,856,bcsstk27
33,64,6,0.793996811,0.791019440,428,409,856,bcsstk27
33,64,7,0.792998791,0.788015127,428,409,856,bcsstk27
33,64,8,1.057998419,1.055002689,428,409,856,bcsstk27
33,64,9,1.041996717,1.041012049,428,409,856,bcsstk27
52,64,0,0.873985767,0.871019363,445,426,890,bcsstk27
52,64,1,0.720018148,0.717050314,445,426,890,bcsstk27
52,64,2,1.076012373,1.073013067,445,426,890,bcsstk27
52,64,3,0.888998747,0.880019426,445,426,890,bcsstk27
52,64,4,1.066095591,1.066014290,445,426,890,bcsstk27
52,64,5,0.888088942,0.888016701,445,426,890,bcsstk27
52,64,6,1.036095381,1.036012173,445,426,890,bcsstk27
52,64,7,0.887994051,0.887026310,445,426,890,bcsstk27
52,64,8,1.083003998,1.073030233,445,426,890,bcsstk27
52,64,9,1.236994267,1.235040665,445,426,890,bcsstk27
43,64,0,0.268995762,0.264024258,436,417,872,bcsstk27
43,64,1,0.527994871,0.264020920,436,417,872,bcsstk27
43,64,2,0.529189587,0.528002501,436,417,872,bcsstk27
43,64,3,0.269993544,0.268022060,436,417,872,bcsstk27
43,64,4,0.266364574,0.263026237,436,417,872,bcsstk27
43,64,5,0.267051697,0.264063358,436,417,872,bcsstk27
43,64,6,0.267051697,0.264020920,436,417,872,bcsstk27
43,64,7,0.266000748,0.261020660,436,417,872,bcsstk27
43,64,8,0.530990839,0.528001070,436,417,872,bcsstk27
43,64,9,0.525993347,0.525002718,436,417,872,bcsstk27
27,64,0,0.799993992,0.791029692,438,419,876,bcsstk27
27,64,1,0.786997795,0.783027649,438,419,876,bcsstk27
27,64,2,0.791194677,0.791112423,438,419,876,bcsstk27
27,64,3,0.797995567,0.794025183,438,419,876,bcsstk27
27,64,4,0.797991037,0.791023493,438,419,876,bcsstk27
27,64,5,0.736999989,0.734086514,438,419,876,bcsstk27
27,64,6,0.530994892,0.528017044,438,419,876,bcsstk27
27,64,7,0.529998779,0.525021315,438,419,876,bcsstk27
27,64,8,0.793993473,0.791010380,438,419,876,bcsstk27
27,64,9,0.793125629,0.789014816,438,419,876,bcsstk27
30,64,0,0.536993742,0.528024673,461,442,922,bcsstk27
30,64,1,0.533996582,0.530026436,461,442,922,bcsstk27
30,64,2,0.791995525,0.791002512,461,442,922,bcsstk27
30,64,3,0.533995867,0.530023336,461,442,922,bcsstk27
30,64,4,0.529996634,0.527027845,461,442,922,bcsstk27
30,64,5,0.538995028,0.536047935,461,442,922,bcsstk27
30,64,6,0.530997992,0.528012514,461,442,922,bcsstk27
30,64,7,0.530002594,0.525011778,461,442,922,bcsstk27
30,64,8,0.793992043,0.790998936,461,442,922,bcsstk27
30,64,9,0.792997599,0.789011478,461,442,922,bcsstk27
39,64,0,0.272990465,0.264027357,446,427,892,bcsstk27
39,64,1,0.267992258,0.264025927,446,427,892,bcsstk27
39,64,2,0.531993151,0.527999401,446,427,892,bcsstk27
39,64,3,0.271991014,0.268022537,446,427,892,bcsstk27
39,64,4,0.270039797,0.263034344,446,427,892,bcsstk27
39,64,5,0.538995028,0.536026716,446,427,892,bcsstk27
39,64,6,0.530992508,0.528019190,446,427,892,bcsstk27
39,64,7,0.541979551,0.535997391,446,427,892,bcsstk27
39,64,8,0.528992653,0.528002262,446,427,892,bcsstk27
39,64,9,0.528995037,0.525032997,446,427,892,bcsstk27
42,64,0,0.536990166,0.528026819,451,432,902,bcsstk27
42,64,1,0.533993721,0.530023813,451,432,902,bcsstk27
42,64,2,0.791281700,0.791002274,451,432,902,bcsstk27
42,64,3,0.534875154,0.530037880,451,432,902,bcsstk27
42,64,4,0.529999018,0.527028322,451,432,902,bcsstk27
42,64,5,0.538995743,0.536077738,451,432,902,bcsstk27
42,64,6,0.530995131,0.528017521,451,432,902,bcsstk27
42,64,7,0.542200327,0.536014080,451,432,902,bcsstk27
42,64,8,0.791751862,0.790998936,451,432,902,bcsstk27
42,64,9,0.792051315,0.789025784,451,432,902,bcsstk27
31,64,0,0.532099724,0.528012037,446,427,892,bcsstk27
31,64,1,0.266387463,0.264032602,446,427,892,bcsstk27
31,64,2,0.538994312,0.538018465,446,427,892,bcsstk27
31,64,3,0.534991264,0.529996872,446,427,892,bcsstk27
31,64,4,0.536077499,0.527008057,446,427,892,bcsstk27
31,64,5,0.521729708,0.519023180,446,427,892,bcsstk27
31,64,6,0.529995203,0.528000116,446,427,892,bcsstk27
31,64,7,0.529057741,0.525000811,446,427,892,bcsstk27
31,64,8,0.530995369,0.528013706,446,427,892,bcsstk27
31,64,9,0.703993082,0.701003551,446,427,892,bcsstk27
29,64,0,0.536996603,0.528018713,442,423,884,bcsstk27
29,64,1,0.531984329,0.528016806,442,423,884,bcsstk27
29,64,2,0.793094635,0.791010380,442,423,884,bcsstk27
29,64,3,0.533995152,0.530028105,442,423,884,bcsstk27
29,64,4,0.529994965,0.527022600,442,423,884,bcsstk27
29,64,5,0.538980007,0.536016226,442,423,884,bcsstk27
29,64,6,0.530993223,0.528000593,442,423,884,bcsstk27
29,64,7,0.541996241,0.535997391,442,423,884,bcsstk27
29,64,8,0.793303013,0.791005135,442,423,884,bcsstk27
29,64,9,0.805430651,0.799998999,442,423,884,bcsstk27
117,128,0,0.192075253,0.192003965,205,196,410,bcsstk27
117,128,1,0.192115545,0.192031384,205,196,410,bcsstk27
117,128,2,0.192106724,0.192039728,205,196,410,bcsstk27
117,128,3,0.381025553,0.381006479,205,196,410,bcsstk27
117,128,4,0.192123652,0.192044258,205,196,410,bcsstk27
117,128,5,0.192112446,0.192044258,205,196,410,bcsstk27
117,128,6,0.192138910,0.192048073,205,196,410,bcsstk27
117,128,7,0.384109497,0.384034634,205,196,410,bcsstk27
117,128,8,0.386999369,0.192050219,205,196,410,bcsstk27
117,128,9,0.192144871,0.192057848,205,196,410,bcsstk27
3,128,0,0.961375237,0.960052729,225,215,450,bcsstk27
3,128,1,1.152069330,1.152050972,225,215,450,bcsstk27
3,128,2,0.960075378,0.960057259,225,215,450,bcsstk27
3,128,3,0.957306385,0.957069635,225,215,450,bcsstk27
3,128,4,0.960145950,0.960052967,225,215,450,bcsstk27
3,128,5,0.956989050,0.956050158,225,215,450,bcsstk27
3,128,6,0.957113028,0.957042933,225,215,450,bcsstk27
3,128,7,0.960124254,0.960040331,225,215,450,bcsstk27
3,128,8,0.574470282,0.573038340,225,215,450,bcsstk27
3,128,9,0.576175451,0.576150417,225,215,450,bcsstk27
12,128,0,0.772306681,0.772005558,239,229,478,bcsstk27
12,128,1,0.768077374,0.768007278,239,229,478,bcsstk27
12,128,2,0.768074751,0.768006086,239,229,478,bcsstk27
12,128,3,1.155992746,0.952008963,239,229,478,bcsstk27
12,128,4,0.766092062,0.766005516,239,229,478,bcsstk27
12,128,5,0.768072128,0.768006563,239,229,478,bcsstk27
12,128,6,0.963994741,0.961974144,239,229,478,bcsstk27
12,128,7,0.768075466,0.768004656,239,229,478,bcsstk27
12,128,8,0.577113390,0.577008963,239,229,478,bcsstk27
12,128,9,0.576241970,0.576149940,239,229,478,bcsstk27
116,128,0,0.575993776,0.384005785,218,209,436,bcsstk27
116,128,1,0.384101391,0.384034872,218,209,436,bcsstk27
116,128,2,0.192083597,0.192059278,218,209,436,bcsstk27
116,128,3,0.759998560,0.572041273,218,209,436,bcsstk27
116,128,4,0.575990677,0.383038521,218,209,436,bcsstk27
116,128,5,0.384136677,0.384040356,218,209,436,bcsstk27
116,128,6,0.384135485,0.384038210,218,209,436,bcsstk27
116,128,7,0.576473475,0.576038599,218,209,436,bcsstk27
116,128,8,0.383538723,0.383034706,218,209,436,bcsstk27
116,128,9,0.386134624,0.384050846,218,209,436,bcsstk27
6,128,0,0.770237684,0.768050909,233,223,466,bcsstk27
6,128,1,0.960104704,0.960038424,233,223,466,bcsstk27
6,128,2,0.960109711,0.960042477,233,223,466,bcsstk27
6,128,3,1.123994589,0.953036070,233,223,466,bcsstk27
6,128,4,0.958001852,0.956047535,233,223,466,bcsstk27
6,128,5,1.147991896,0.956039190,233,223,466,bcsstk27
6,128,6,0.958493710,0.958035469,233,223,466,bcsstk27
6,128,7,1.346989870,1.152025700,233,223,466,bcsstk27
6,128,8,0.578127861,0.578047037,233,223,466,bcsstk27
6,128,9,0.768128872,0.768061161,233,223,466,bcsstk27
11,128,0,0.572026253,0.572008133,229,219,458,bcsstk27
11,128,1,0.577353954,0.576015234,229,219,458,bcsstk27
11,128,2,0.576454639,0.576003790,229,219,458,bcsstk27
11,128,3,0.761719704,0.759950399,229,219,458,bcsstk27
11,128,4,0.576101303,0.574008942,229,219,458,bcsstk27
11,128,5,0.576086760,0.576003790,229,219,458,bcsstk27
11,128,6,0.766823053,0.765998363,229,219,458,bcsstk27
11,128,7,0.768386841,0.768008709,229,219,458,bcsstk27
11,128,8,0.386036158,0.386012793,229,219,458,bcsstk27
11,128,9,0.576860666,0.576019764,229,219,458,bcsstk27
109,128,0,0.384142637,0.384044409,201,192,402,bcsstk27
109,128,1,0.384111166,0.384043217,201,192,402,bcsstk27
109,128,2,0.384129524,0.384041786,201,192,402,bcsstk27
109,128,3,0.951992035,0.754042864,201,192,402,bcsstk27
109,128,4,0.772526741,0.772035360,201,192,402,bcsstk27
109,128,5,0.576100111,0.576031446,201,192,402,bcsstk27
109,128,6,0.912994146,0.768017769,201,192,402,bcsstk27
109,128,7,0.768102169,0.768034458,201,192,402,bcsstk27
109,128,8,0.386094332,0.386010647,201,192,402,bcsstk27
109,128,9,0.576121569,0.576053619,201,192,402,bcsstk27
9,128,0,0.768065214,0.768046856,212,202,424,bcsstk27
9,128,1,0.768136263,0.768047094,212,202,424,bcsstk27
9,128,2,0.768111706,0.768041372,212,202,424,bcsstk27
9,128,3,0.954996347,0.953992605,212,202,424,bcsstk27
9,128,4,0.764953613,0.764004946,212,202,424,bcsstk27
9,128,5,0.577755213,0.576037884,212,202,424,bcsstk27
9,128,6,0.767858982,0.766039610,212,202,424,bcsstk27
9,128,7,0.768106222,0.768040419,212,202,424,bcsstk27
9,128,8,0.386095762,0.386009693,212,202,424,bcsstk27
9,128,9,0.576102018,0.576017618,212,202,424,bcsstk27
8,128,0,0.959992647,0.768038988,216,206,432,bcsstk27
8,128,1,0.960127831,0.960037470,216,206,432,bcsstk27
8,128,2,0.960122824,0.960033178,216,206,432,bcsstk27
8,128,3,1.163995028,0.955047846,216,206,432,bcsstk27
8,128,4,0.957722187,0.956019163,216,206,432,bcsstk27
8,128,5,0.958997011,0.956041813,216,206,432,bcsstk27
8,128,6,0.960142136,0.958033800,216,206,432,bcsstk27
8,128,7,1.151046515,1.151028633,216,206,432,bcsstk27
8,128,8,0.578098774,0.578009367,216,206,432,bcsstk27
8,128,9,0.768123627,0.768060207,216,206,432,bcsstk27
114,128,0,0.386977911,0.384011507,226,217,452,bcsstk27
114,128,1,0.384145498,0.384047270,226,217,452,bcsstk27
114,128,2,0.388128042,0.388044119,226,217,452,bcsstk27
114,128,3,0.963996649,0.769041061,226,217,452,bcsstk27
114,128,4,0.574037552,0.573034286,226,217,452,bcsstk27
114,128,5,0.576852083,0.576040506,226,217,452,bcsstk27
114,128,6,0.575018883,0.574999809,226,217,452,bcsstk27
114,128,7,0.384132624,0.384047508,226,217,452,bcsstk27
114,128,8,0.192526579,0.192043543,226,217,452,bcsstk27
114,128,9,0.384853363,0.384047747,226,217,452,bcsstk27
113,128,0,0.384070873,0.384005070,217,208,434,bcsstk27
113,128,1,0.384099483,0.384037733,217,208,434,bcsstk27
113,128,2,0.384107351,0.384040594,217,208,434,bcsstk27
113,128,3,0.771416187,0.769037962,217,208,434,bcsstk27
113,128,4,0.723995924,0.574031115,217,208,434,bcsstk27
113,128,5,0.384105921,0.384042025,217,208,434,bcsstk27
113,128,6,0.580708027,0.578033924,217,208,434,bcsstk27
113,128,7,0.576095343,0.576029778,217,208,434,bcsstk27
113,128,8,0.192806959,0.192036867,217,208,434,bcsstk27
113,128,9,0.385145426,0.384047747,217,208,434,bcsstk27
87,128,0,0.535994291,0.535037756,207,198,414,bcsstk27
87,128,1,0.266980886,0.264021873,207,198,414,bcsstk27
87,128,2,0.260941029,0.257978916,207,198,414,bcsstk27
87,128,3,0.264993429,0.264001369,207,198,414,bcsstk27
87,128,4,0.274826050,0.272998571,207,198,414,bcsstk27
87,128,5,0.265961409,0.264038324,207,198,414,bcsstk27
87,128,6,0.264093876,0.264020443,207,198,414,bcsstk27
87,128,7,0.536993027,0.529027462,207,198,414,bcsstk27
87,128,8,0.797001600,0.795020342,207,198,414,bcsstk27
87,128,9,0.264106750,0.264029741,207,198,414,bcsstk27
112,128,0,0.384035349,0.384009838,220,211,440,bcsstk27
112,128,1,0.576521873,0.576040983,220,211,440,bcsstk27
112,128,2,0.384117126,0.384052038,220,211,440,bcsstk27
112,128,3,0.971992493,0.762037039,220,211,440,bcsstk27
112,128,4,0.768055916,0.768037319,220,211,440,bcsstk27
112,128,5,0.576099873,0.576032162,220,211,440,bcsstk27
112,128,6,0.773430586,0.770039558,220,211,440,bcsstk27
112,128,7,0.768102169,0.768033504,220,211,440,bcsstk27
112,128,8,0.386102915,0.386038303,220,211,440,bcsstk27
112,128,9,0.576121569,0.576054573,220,211,440,bcsstk27
5,128,0,0.769845486,0.768048763,223,213,446,bcsstk27
5,128,1,0.768143177,0.768053055,223,213,446,bcsstk27
5,128,2,0.769770384,0.768053770,223,213,446,bcsstk27
5,128,3,0.965990305,0.964044809,223,213,446,bcsstk27
5,128,4,0.768114567,0.768041372,223,213,446,bcsstk27
5,128,5,0.891983986,0.767037868,223,213,446,bcsstk27
5,128,6,1.160996675,0.960047245,223,213,446,bcsstk27
5,128,7,0.960759878,0.960052013,223,213,446,bcsstk27
5,128,8,0.574075699,0.574008942,223,213,446,bcsstk27
5,128,9,0.768136263,0.768067122,223,213,446,bcsstk27
119,128,0,0.000242949,0.000221014,201,192,402,bcsstk27
119,128,1,0.000640869,0.000235319,201,192,402,bcsstk27
119,128,2,0.000257730,0.000237703,201,192,402,bcsstk27
119,128,3,0.191011906,0.190993071,201,192,402,bcsstk27
119,128,4,0.190108299,0.190037012,201,192,402,bcsstk27
119,128,5,0.000331879,0.000239849,201,192,402,bcsstk27
119,128,6,0.377987862,0.192034245,201,192,402,bcsstk27
119,128,7,0.192126036,0.192052603,201,192,402,bcsstk27
119,128,8,0.000315905,0.000232458,201,192,402,bcsstk27
119,128,9,0.192131519,0.192046165,201,192,402,bcsstk27
0,128,0,0.960031509,0.960012197,215,205,430,bcsstk27
0,128,1,1.152080059,1.152016163,215,205,430,bcsstk27
0,128,2,1.156058550,1.155992985,215,205,430,bcsstk27
0,128,3,1.347951651,1.153012276,215,205,430,bcsstk27
0,128,4,1.152075052,1.152006626,215,205,430,bcsstk27
0,128,5,1.164087296,1.163991451,215,205,430,bcsstk27
0,128,6,1.147948980,1.145006895,215,205,430,bcsstk27
0,128,7,1.153572321,1.152014732,215,205,430,bcsstk27
0,128,8,0.766409159,0.765988111,215,205,430,bcsstk27
0,128,9,0.963509083,0.963445663,215,205,430,bcsstk27
120,128,0,1.052097321,1.052030563,210,201,420,bcsstk27
120,128,1,1.055139542,1.055064678,210,201,420,bcsstk27
120,128,2,0.814996243,0.813018560,210,201,420,bcsstk27
120,128,3,0.704995394,0.704024076,210,201,420,bcsstk27
120,128,4,0.351125240,0.351062536,210,201,420,bcsstk27
120,128,5,0.349164724,0.349087000,210,201,420,bcsstk27
120,128,6,0.352151871,0.352088690,210,201,420,bcsstk27
120,128,7,0.352163076,0.352086782,210,201,420,bcsstk27
120,128,8,1.053875208,1.052017927,210,201,420,bcsstk27
120,128,9,0.703189611,0.703102589,210,201,420,bcsstk27
10,128,0,0.765805244,0.764049530,222,212,444,bcsstk27
10,128,1,0.768138170,0.768052340,222,212,444,bcsstk27
10,128,2,0.770014048,0.768043280,222,212,444,bcsstk27
10,128,3,0.962992430,0.960006475,222,212,444,bcsstk27
10,128,4,0.766988039,0.764028788,222,212,444,bcsstk27
10,128,5,0.768125057,0.768044472,222,212,444,bcsstk27
10,128,6,0.953062057,0.953043461,222,212,444,bcsstk27
10,128,7,0.963499308,0.960041761,222,212,444,bcsstk27
10,128,8,0.574878216,0.574006319,222,212,444,bcsstk27
10,128,9,0.768040657,0.768019438,222,212,444,bcsstk27
118,128,0,0.195723295,0.192003012,214,205,428,bcsstk27
118,128,1,0.193907022,0.192035198,214,205,428,bcsstk27
118,128,2,0.000310898,0.000212193,214,205,428,bcsstk27
118,128,3,0.567990303,0.381002903,214,205,428,bcsstk27
118,128,4,0.387995243,0.192038774,214,205,428,bcsstk27
118,128,5,0.188102722,0.188039541,214,205,428,bcsstk27
118,128,6,0.192069054,0.192003012,214,205,428,bcsstk27
118,128,7,0.384106398,0.384037733,214,205,428,bcsstk27
118,128,8,0.192070484,0.192052841,214,205,428,bcsstk27
118,128,9,0.384072542,0.384052277,214,205,428,bcsstk27
13,128,0,0.767994642,0.576007605,223,213,446,bcsstk27
13,128,1,0.576489449,0.576012611,223,213,446,bcsstk27
13,128,2,0.576056242,0.575989008,223,213,446,bcsstk27
13,128,3,0.943995953,0.763976336,223,213,446,bcsstk27
13,128,4,0.578511238,0.575996161,223,213,446,bcsstk27
13,128,5,0.769825220,0.768005610,223,213,446,bcsstk27
13,128,6,0.759063959,0.758997440,223,213,446,bcsstk27
13,128,7,0.768067360,0.768001556,223,213,446,bcsstk27
13,128,8,0.384385347,0.384010077,223,213,446,bcsstk27
13,128,9,0.572093010,0.572027206,223,213,446,bcsstk27
108,128,0,0.576244116,0.576047182,226,217,452,bcsstk27
108,128,1,0.576030254,0.576008558,226,217,452,bcsstk27
108,128,2,0.576076031,0.576042652,226,217,452,bcsstk27
108,128,3,0.964990616,0.964035511,226,217,452,bcsstk27
108,128,4,0.768079042,0.768038273,226,217,452,bcsstk27
108,128,5,0.967992067,0.768036366,226,217,452,bcsstk27
108,128,6,0.772974968,0.771042824,226,217,452,bcsstk27
108,128,7,1.151048660,1.151029348,226,217,452,bcsstk27
108,128,8,0.574791431,0.574005842,226,217,452,bcsstk27
108,128,9,0.764128923,0.764048100,226,217,452,bcsstk27
7,128,0,0.768115759,0.768047333,209,199,418,bcsstk27
7,128,1,0.764067650,0.764044046,209,199,418,bcsstk27
7,128,2,0.768111706,0.768043041,209,199,418,bcsstk27
7,128,3,0.960069180,0.960050344,209,199,418,bcsstk27
7,128,4,0.956108332,0.956041574,209,199,418,bcsstk27
7,128,5,0.769393206,0.768050432,209,199,418,bcsstk27
7,128,6,0.957354784,0.957045078,209,199,418,bcsstk27
7,128,7,0.960108757,0.960039854,209,199,418,bcsstk27
7,128,8,0.575042248,0.573970318,209,199,418,bcsstk27
7,128,9,0.772855997,0.772070646,209,199,418,bcsstk27
18,128,0,0.767999887,0.576010942,227,217,454,bcsstk27
18,128,1,0.960121632,0.960037231,227,217,454,bcsstk27
18,128,2,0.576112747,0.576045752,227,217,454,bcsstk27
18,128,3,0.876001120,0.764993668,227,217,454,bcsstk27
18,128,4,0.960054636,0.960033417,227,217,454,bcsstk27
18,128,5,0.771619320,0.771537066,227,217,454,bcsstk27
18,128,6,0.767050743,0.767030716,227,217,454,bcsstk27
18,128,7,0.960532427,0.960031033,227,217,454,bcsstk27
18,128,8,0.575366259,0.574040174,227,217,454,bcsstk27
18,128,9,0.769572973,0.768060207,227,217,454,bcsstk27
102,128,0,0.384059906,0.384041071,212,203,424,bcsstk27
102,128,1,0.388126373,0.388045311,212,203,424,bcsstk27
102,128,2,0.380489588,0.380039454,212,203,424,bcsstk27
102,128,3,0.772987366,0.772034407,212,203,424,bcsstk27
102,128,4,0.764496565,0.764031887,212,203,424,bcsstk27
102,128,5,0.967992067,0.767047167,212,203,424,bcsstk27
102,128,6,0.958745480,0.957037687,212,203,424,bcsstk27
102,128,7,0.959106922,0.959035873,212,203,424,bcsstk27
102,128,8,0.385637522,0.384037495,212,203,424,bcsstk27
102,128,9,0.578167200,0.576058388,212,203,424,bcsstk27
115,128,0,0.384076357,0.384008408,209,200,418,bcsstk27
115,128,1,0.384072065,0.384004593,209,200,418,bcsstk27
115,128,2,0.384113312,0.384047508,209,200,418,bcsstk27
115,128,3,0.576119184,0.576049089,209,200,418,bcsstk27
115,128,4,0.576649189,0.576035738,209,200,418,bcsstk27
115,128,5,0.384122372,0.384048700,209,200,418,bcsstk27
115,128,6,0.575098038,0.575030804,209,200,418,bcsstk27
115,128,7,0.384108305,0.384036541,209,200,418,bcsstk27
115,128,8,0.199568510,0.196035862,209,200,418,bcsstk27
115,128,9,0.386879683,0.384004116,209,200,418,bcsstk27
84,128,0,0.788047075,0.788024664,214,205,428,bcsstk27
84,128,1,0.524982452,0.524033546,214,205,428,bcsstk27
84,128,2,0.528136015,0.528026342,214,205,428,bcsstk27
84,128,3,1.055995941,0.792011499,214,205,428,bcsstk27
84,128,4,0.801052809,0.801000118,214,205,428,bcsstk27
84,128,5,0.784070253,0.784014702,214,205,428,bcsstk27
84,128,6,0.792055845,0.792002678,214,205,428,bcsstk27
84,128,7,1.051998377,1.044008493,214,205,428,bcsstk27
84,128,8,1.061850786,1.059014797,214,205,428,bcsstk27
84,128,9,0.528107166,0.528031111,214,205,428,bcsstk27
103,128,0,0.192173243,0.192078352,207,198,414,bcsstk27
103,128,1,0.384523630,0.384036541,207,198,414,bcsstk27
103,128,2,0.384696484,0.384034872,207,198,414,bcsstk27
103,128,3,0.772001982,0.576043844,207,198,414,bcsstk27
103,128,4,0.769073963,0.768036842,207,198,414,bcsstk27
103,128,5,0.963997126,0.766034603,207,198,414,bcsstk27
103,128,6,0.959997892,0.957029581,207,198,414,bcsstk27
103,128,7,0.959106684,0.959031582,207,198,414,bcsstk27
103,128,8,0.381992579,0.380028725,207,198,414,bcsstk27
103,128,9,0.579606295,0.576047897,207,198,414,bcsstk27
111,128,0,0.386151075,0.384006977,211,202,422,bcsstk27
111,128,1,0.385146856,0.384038210,211,202,422,bcsstk27
111,128,2,0.384565592,0.384039640,211,202,422,bcsstk27
111,128,3,0.764000654,0.574048281,211,202,422,bcsstk27
111,128,4,0.576131105,0.576038599,211,202,422,bcsstk27
111,128,5,0.767995358,0.573036432,211,202,422,bcsstk27
111,128,6,0.575100899,0.575034380,211,202,422,bcsstk27
111,128,7,0.768132687,0.768028736,211,202,422,bcsstk27
111,128,8,0.384630203,0.384038925,211,202,422,bcsstk27
111,128,9,0.576065063,0.576048136,211,202,422,bcsstk27
4,128,0,0.960123539,0.960055828,235,225,470,bcsstk27
4,128,1,1.152111292,1.152037144,235,225,470,bcsstk27
4,128,2,0.960119009,0.960053444,235,225,470,bcsstk27
4,128,3,1.144543171,1.144043922,235,225,470,bcsstk27
4,128,4,0.960940599,0.960043669,235,225,470,bcsstk27
4,128,5,1.147993803,0.956058502,235,225,470,bcsstk27
4,128,6,1.149482012,1.149050713,235,225,470,bcsstk27
4,128,7,1.154041052,1.152045488,235,225,470,bcsstk27
4,128,8,0.766913414,0.766006231,235,225,470,bcsstk27
4,128,9,0.960062265,0.960043669,235,225,470,bcsstk27
127,128,0,0.352167606,0.352085590,205,196,410,bcsstk27
127,128,1,0.681094170,0.681011915,205,196,410,bcsstk27
127,128,2,0.706996202,0.706001282,205,196,410,bcsstk27
127,128,3,0.352091789,0.352012396,205,196,410,bcsstk27
127,128,4,0.355061531,0.352038622,205,196,410,bcsstk27
127,128,5,0.354853630,0.352000952,205,196,410,bcsstk27
127,128,6,0.352080584,0.352006912,205,196,410,bcsstk27
127,128,7,0.352995396,0.352002382,205,196,410,bcsstk27
127,128,8,0.701995611,0.700016737,205,196,410,bcsstk27
127,128,9,0.351127863,0.351049423,205,196,410,bcsstk27
14,128,0,0.576023340,0.576004982,230,220,460,bcsstk27
14,128,1,0.576113224,0.576012135,230,220,460,bcsstk27
14,128,2,0.576072931,0.576005936,230,220,460,bcsstk27
14,128,3,0.763967752,0.762964249,230,220,460,bcsstk27
14,128,4,0.743977070,0.574978113,230,220,460,bcsstk27
14,128,5,0.576098442,0.576007128,230,220,460,bcsstk27
14,128,6,0.576051950,0.575987101,230,220,460,bcsstk27
14,128,7,0.576082706,0.575996637,230,220,460,bcsstk27
14,128,8,0.384869337,0.383002043,230,220,460,bcsstk27
14,128,9,0.576072454,0.576005459,230,220,460,bcsstk27
26,128,0,1.421061993,1.418003559,212,202,424,bcsstk27
26,128,1,1.409994602,1.407002926,212,202,424,bcsstk27
26,128,2,1.055214643,1.055099487,212,202,424,bcsstk27
26,128,3,1.062987328,1.054998398,212,202,424,bcsstk27
26,128,4,1.056997538,1.055083275,212,202,424,bcsstk27
26,128,5,1.053992987,1.052006483,212,202,424,bcsstk27
26,128,6,1.116060972,1.113005638,212,202,424,bcsstk27
26,128,7,1.060992241,1.058020353,212,202,424,bcsstk27
26,128,8,1.382994652,1.382073879,212,202,424,bcsstk27
26,128,9,1.056992292,1.055100679,212,202,424,bcsstk27
110,128,0,0.579403400,0.576005220,210,201,420,bcsstk27
110,128,1,0.577483416,0.576009512,210,201,420,bcsstk27
110,128,2,0.577233791,0.576031685,210,201,420,bcsstk27
110,128,3,0.767008066,0.765033245,210,201,420,bcsstk27
110,128,4,0.764087677,0.764022350,210,201,420,bcsstk27
110,128,5,0.764467001,0.764028788,210,201,420,bcsstk27
110,128,6,0.767098188,0.767028332,210,201,420,bcsstk27
110,128,7,0.768094540,0.768028259,210,201,420,bcsstk27
110,128,8,0.386139870,0.386054516,210,201,420,bcsstk27
110,128,9,0.772105694,0.772040606,210,201,420,bcsstk27
21,128,0,0.578594685,0.576007366,222,212,444,bcsstk27
21,128,1,0.768933773,0.768032551,222,212,444,bcsstk27
21,128,2,0.770031452,0.768037319,222,212,444,bcsstk27
21,128,3,0.770991802,0.768041134,222,212,444,bcsstk27
21,128,4,0.720470667,0.720036030,222,212,444,bcsstk27
21,128,5,0.572110891,0.572043896,222,212,444,bcsstk27
21,128,6,0.581717491,0.578045845,222,212,444,bcsstk27
21,128,7,0.576114893,0.576047897,222,212,444,bcsstk27
21,128,8,0.383028030,0.383011341,222,212,444,bcsstk27
21,128,9,0.576426983,0.576056719,222,212,444,bcsstk27
88,128,0,0.788047314,0.788034678,216,207,432,bcsstk27
88,128,1,0.788995266,0.788028717,216,207,432,bcsstk27
88,128,2,0.792983294,0.784022331,216,207,432,bcsstk27
88,128,3,0.794100761,0.794019461,216,207,432,bcsstk27
88,128,4,1.054991961,1.053998232,216,207,432,bcsstk27
88,128,5,1.059077740,1.058999777,216,207,432,bcsstk27
88,128,6,1.109872341,1.106003046,216,207,432,bcsstk27
88,128,7,1.067866802,1.066011667,216,207,432,bcsstk27
88,128,8,1.059094429,1.059020281,216,207,432,bcsstk27
88,128,9,0.784114122,0.784036875,216,207,432,bcsstk27
66,128,0,1.066995382,1.059014559,250,240,500,bcsstk27
66,128,1,1.311998129,1.307046890,250,240,500,bcsstk27
66,128,2,1.330994129,1.322011709,250,240,500,bcsstk27
66,128,3,1.242997646,1.240028381,250,240,500,bcsstk27
66,128,4,1.266402006,1.266336918,250,240,500,bcsstk27
66,128,5,1.329996586,1.320017815,250,240,500,bcsstk27
66,128,6,1.319998741,1.319024563,250,240,500,bcsstk27
66,128,7,1.321094036,1.320018768,250,240,500,bcsstk27
66,128,8,1.237994909,1.229014397,250,240,500,bcsstk27
66,128,9,0.915179729,0.915105343,250,240,500,bcsstk27
17,128,0,0.576028109,0.576009274,217,207,434,bcsstk27
17,128,1,0.768110514,0.768042564,217,207,434,bcsstk27
17,128,2,0.576109409,0.576043844,217,207,434,bcsstk27
17,128,3,0.763979673,0.761999369,217,207,434,bcsstk27
17,128,4,0.764099121,0.764026880,217,207,434,bcsstk27
17,128,5,0.764044523,0.764027834,217,207,434,bcsstk27
17,128,6,0.766052961,0.766036034,217,207,434,bcsstk27
17,128,7,0.960124016,0.960034609,217,207,434,bcsstk27
17,128,8,0.577092886,0.577026606,217,207,434,bcsstk27
17,128,9,0.768110275,0.768040180,217,207,434,bcsstk27
27,128,0,1.052992582,1.051998377,223,213,446,bcsstk27
27,128,1,1.057984352,1.054993391,223,213,446,bcsstk27
27,128,2,1.059000492,1.058003187,223,213,446,bcsstk27
27,128,3,0.710999966,0.703023672,223,213,446,bcsstk27
27,128,4,1.057999372,1.055057526,223,213,446,bcsstk27
27,128,5,1.053994894,1.051998615,223,213,446,bcsstk27
27,128,6,1.047996521,1.047007084,223,213,446,bcsstk27
27,128,7,0.707075357,0.704016447,223,213,446,bcsstk27
27,128,8,1.075993538,1.074003696,223,213,446,bcsstk27
27,128,9,1.055168629,1.055100203,223,213,446,bcsstk27
23,128,0,0.384902954,0.384042740,220,210,440,bcsstk27
23,128,1,0.576411724,0.576050520,220,210,440,bcsstk27
23,128,2,0.577342033,0.576042891,220,210,440,bcsstk27
23,128,3,0.731996775,0.567032099,220,210,440,bcsstk27
23,128,4,0.572102308,0.572036266,220,210,440,bcsstk27
23,128,5,0.572065115,0.572047710,220,210,440,bcsstk27
23,128,6,0.575155497,0.574043989,220,210,440,bcsstk27
23,128,7,0.575063944,0.575046301,220,210,440,bcsstk27
23,128,8,0.191068172,0.191002369,220,210,440,bcsstk27
23,128,9,0.384124279,0.384056330,220,210,440,bcsstk27
49,128,0,1.196411848,1.196358919,231,221,462,bcsstk27
49,128,1,1.069001913,1.062077761,231,221,462,bcsstk27
49,128,2,1.056005716,1.048019409,231,221,462,bcsstk27
49,128,3,1.321999311,1.319048882,231,221,462,bcsstk27
49,128,4,1.321454048,1.321374178,231,221,462,bcsstk27
49,128,5,1.307996988,1.304027081,231,221,462,bcsstk27
49,128,6,1.341995478,1.332030296,231,221,462,bcsstk27
49,128,7,1.580996990,1.578023672,231,221,462,bcsstk27
49,128,8,1.307990551,1.299026012,231,221,462,bcsstk27
49,128,9,0.921992779,0.920057297,231,221,462,bcsstk27
82,128,0,0.788043499,0.788029909,218,209,436,bcsstk27
82,128,1,0.535116434,0.535032034,218,209,436,bcsstk27
82,128,2,0.264198303,0.264117002,218,209,436,bcsstk27
82,128,3,0.529037952,0.528014421,218,209,436,bcsstk27
82,128,4,0.791793346,0.790004253,218,209,436,bcsstk27
82,128,5,0.796993971,0.795013428,218,209,436,bcsstk27
82,128,6,0.795093536,0.795027256,218,209,436,bcsstk27
82,128,7,0.811997652,0.802021980,218,209,436,bcsstk27
82,128,8,0.795961142,0.795001507,218,209,436,bcsstk27
82,128,9,0.784119844,0.784039974,218,209,436,bcsstk27
2,128,0,0.964120150,0.964051008,221,211,442,bcsstk27
2,128,1,1.152154207,1.152048588,221,211,442,bcsstk27
2,128,2,0.964120626,0.964050770,221,211,442,bcsstk27
2,128,3,1.158671618,1.156047106,221,211,442,bcsstk27
2,128,4,1.152139664,1.152044535,221,211,442,bcsstk27
2,128,5,1.087997437,0.960024118,221,211,442,bcsstk27
2,128,6,1.108993292,0.961019039,221,211,442,bcsstk27
2,128,7,1.151761293,1.151045084,221,211,442,bcsstk27
2,128,8,0.770009756,0.769005299,221,211,442,bcsstk27
2,128,9,0.961205721,0.960067749,221,211,442,bcsstk27
69,128,0,0.802887440,0.800008774,223,213,446,bcsstk27
69,128,1,1.157993317,1.066070318,223,213,446,bcsstk27
69,128,2,1.063996077,1.063016176,223,213,446,bcsstk27
69,128,3,0.736994982,0.734012842,223,213,446,bcsstk27
69,128,4,1.052995682,1.051038742,223,213,446,bcsstk27
69,128,5,1.067996025,1.064038515,223,213,446,bcsstk27
69,128,6,1.288989067,1.288009405,223,213,446,bcsstk27
69,128,7,1.320995092,1.315026045,223,213,446,bcsstk27
69,128,8,0.803993225,0.796013355,223,213,446,bcsstk27
69,128,9,0.799988270,0.799118996,223,213,446,bcsstk27
124,128,0,0.700083256,0.700024843,228,219,456,bcsstk27
124,128,1,1.057990313,1.055001736,228,219,456,bcsstk27
124,128,2,0.706155777,0.706077814,228,219,456,bcsstk27
124,128,3,0.710994959,0.702999353,228,219,456,bcsstk27
124,128,4,0.705997705,0.703035116,228,219,456,bcsstk27
124,128,5,0.702961206,0.700965405,228,219,456,bcsstk27
124,128,6,0.354156733,0.354067564,228,219,456,bcsstk27
124,128,7,0.706995010,0.704009056,228,219,456,bcsstk27
124,128,8,0.703113556,0.703034163,228,219,456,bcsstk27
124,128,9,0.704995155,0.703059196,228,219,456,bcsstk27
107,128,0,0.384143829,0.384062529,217,208,434,bcsstk27
107,128,1,0.576909065,0.576003551,217,208,434,bcsstk27
107,128,2,0.384072065,0.384051323,217,208,434,bcsstk27
107,128,3,0.763992548,0.763036251,217,208,434,bcsstk27
107,128,4,0.764543295,0.764029980,217,208,434,bcsstk27
107,128,5,0.576110840,0.576047659,217,208,434,bcsstk27
107,128,6,0.767529964,0.766033411,217,208,434,bcsstk27
107,128,7,0.959123373,0.959037542,217,208,434,bcsstk27
107,128,8,0.577101231,0.577037334,217,208,434,bcsstk27
107,128,9,0.768115044,0.768049002,217,208,434,bcsstk27
73,128,0,1.270111322,1.270028830,217,208,434,bcsstk27
73,128,1,1.327195168,1.327097893,217,208,434,bcsstk27
73,128,2,0.797133923,0.797039509,217,208,434,bcsstk27
73,128,3,1.058095455,1.058014631,217,208,434,bcsstk27
73,128,4,1.054991245,1.054035902,217,208,434,bcsstk27
73,128,5,1.060992241,1.059024334,217,208,434,bcsstk27
73,128,6,1.323094606,1.323017359,217,208,434,bcsstk27
73,128,7,1.073995590,1.066048384,217,208,434,bcsstk27
73,128,8,1.320085526,1.320012569,217,208,434,bcsstk27
73,128,9,0.785995245,0.784065008,217,208,434,bcsstk27
22,128,0,0.576039791,0.575970888,232,222,464,bcsstk27
22,128,1,0.768114328,0.768048763,232,222,464,bcsstk27
22,128,2,0.576109648,0.576041460,232,222,464,bcsstk27
22,128,3,0.770989895,0.768046141,232,222,464,bcsstk27
22,128,4,0.577481270,0.576049089,232,222,464,bcsstk27
22,128,5,0.699991941,0.574020624,232,222,464,bcsstk27
22,128,6,0.916994333,0.767015696,232,222,464,bcsstk27
22,128,7,0.767135143,0.767038345,232,222,464,bcsstk27
22,128,8,0.383072138,0.383004904,232,222,464,bcsstk27
22,128,9,0.576127529,0.576060772,232,222,464,bcsstk27
29,128,0,1.408998966,1.407004356,237,227,474,bcsstk27
29,128,1,1.409998655,1.407002926,237,227,474,bcsstk27
29,128,2,1.407065868,1.406999350,237,227,474,bcsstk27
29,128,3,1.072994709,1.065017223,237,227,474,bcsstk27
29,128,4,1.057993889,1.055018425,237,227,474,bcsstk27
29,128,5,1.053997278,1.052006245,237,227,474,bcsstk27
29,128,6,1.058088303,1.058011293,237,227,474,bcsstk27
29,128,7,0.706994772,0.704004049,237,227,474,bcsstk27
29,128,8,1.063060284,1.062999964,237,227,474,bcsstk27
29,128,9,0.703996658,0.703116655,237,227,474,bcsstk27
59,128,0,0.946408510,0.946341515,238,228,476,bcsstk27
59,128,1,0.676968098,0.668027639,238,228,476,bcsstk27
59,128,2,0.978997946,0.971037149,238,228,476,bcsstk27
59,128,3,1.060995102,1.058028698,238,228,476,bcsstk27
59,128,4,1.300999641,1.297025204,238,228,476,bcsstk27
59,128,5,1.061992407,1.058019876,238,228,476,bcsstk27
59,128,6,1.079997301,1.070028782,238,228,476,bcsstk27
59,128,7,1.322049856,1.319022894,238,228,476,bcsstk27
59,128,8,1.062001228,1.054029703,238,228,476,bcsstk27
59,128,9,0.802368879,0.799070120,238,228,476,bcsstk27
94,128,0,0.534982204,0.528025627,214,205,428,bcsstk27
94,128,1,0.536917210,0.535030127,214,205,428,bcsstk27
94,128,2,0.523959398,0.522025585,214,205,428,bcsstk27
94,128,3,0.528994322,0.528023958,214,205,428,bcsstk27
94,128,4,0.526074171,0.526018381,214,205,428,bcsstk27
94,128,5,0.797953129,0.795015335,214,205,428,bcsstk27
94,128,6,0.797997952,0.795022011,214,205,428,bcsstk27
94,128,7,1.055850506,1.054017544,214,205,428,bcsstk27
94,128,8,1.056350231,1.056020021,214,205,428,bcsstk27
94,128,9,0.587005854,0.586025476,214,205,428,bcsstk27
123,128,0,0.353994608,0.352035999,219,210,438,bcsstk27
123,128,1,0.707096338,0.704008341,219,210,438,bcsstk27
123,128,2,0.354181767,0.354084015,219,210,438,bcsstk27
123,128,3,0.355141878,0.352021694,219,210,438,bcsstk27
123,128,4,0.352877617,0.351895809,219,210,438,bcsstk27
123,128,5,0.352991104,0.351999998,219,210,438,bcsstk27
123,128,6,0.000172377,0.000101089,219,210,438,bcsstk27
123,128,7,0.352996588,0.352005243,219,210,438,bcsstk27
123,128,8,0.700103521,0.700036287,219,210,438,bcsstk27
123,128,9,0.354483128,0.351060390,219,210,438,bcsstk27
55,128,0,1.059781313,1.058017731,248,238,496,bcsstk27
55,128,1,1.318998337,1.059097767,248,238,496,bcsstk27
55,128,2,0.720999479,0.713023424,248,238,496,bcsstk27
55,128,3,1.060997009,1.058028936,248,238,496,bcsstk27
55,128,4,1.052995205,1.047032356,248,238,496,bcsstk27
55,128,5,0.933995724,0.930022001,248,238,496,bcsstk27
55,128,6,1.062997341,1.062016487,248,238,496,bcsstk27
55,128,7,1.052993536,1.047023296,248,238,496,bcsstk27
55,128,8,0.797987461,0.790012121,248,238,496,bcsstk27
55,128,9,0.533996820,0.531076431,248,238,496,bcsstk27
89,128,0,0.789926767,0.788023472,219,210,438,bcsstk27
89,128,1,0.800002813,0.798996449,219,210,438,bcsstk27
89,128,2,0.788990498,0.786035538,219,210,438,bcsstk27
89,128,3,0.794999599,0.794020653,219,210,438,bcsstk27
89,128,4,0.792970896,0.789996147,219,210,438,bcsstk27
89,128,5,1.060994387,1.059001446,219,210,438,bcsstk27
89,128,6,0.792094707,0.792015553,219,210,438,bcsstk27
89,128,7,1.062997341,1.055020332,219,210,438,bcsstk27
89,128,8,1.059077024,1.059024572,219,210,438,bcsstk27
89,128,9,0.795990705,0.795043468,219,210,438,bcsstk27
19,128,0,0.576080799,0.576011896,225,215,450,bcsstk27
19,128,1,0.768113613,0.768046141,225,215,450,bcsstk27
19,128,2,0.768117666,0.768051624,225,215,450,bcsstk27
19,128,3,0.911995173,0.769030809,225,215,450,bcsstk27
19,128,4,0.768106461,0.768038750,225,215,450,bcsstk27
19,128,5,0.764070511,0.764051199,225,215,450,bcsstk27
19,128,6,0.773052216,0.770042419,225,215,450,bcsstk27
19,128,7,0.959129333,0.959032774,225,215,450,bcsstk27
19,128,8,0.577077150,0.577007294,225,215,450,bcsstk27
19,128,9,0.768134594,0.768064737,225,215,450,bcsstk27
15,128,0,0.576768637,0.576008797,206,196,412,bcsstk27
15,128,1,0.768549681,0.768045425,206,196,412,bcsstk27
15,128,2,0.576070547,0.576000690,206,196,412,bcsstk27
15,128,3,0.576145649,0.576047659,206,196,412,bcsstk27
15,128,4,0.767987251,0.573029518,206,196,412,bcsstk27
15,128,5,0.384116173,0.384043694,206,196,412,bcsstk27
15,128,6,0.575100422,0.575036764,206,196,412,bcsstk27
15,128,7,0.384110689,0.384037256,206,196,412,bcsstk27
15,128,8,0.383047342,0.382982492,206,196,412,bcsstk27
15,128,9,0.576117992,0.576051950,206,196,412,bcsstk27
40,128,0,1.407082796,1.407002926,249,239,498,bcsstk27
40,128,1,1.411996603,1.407002687,249,239,498,bcsstk27
40,128,2,1.407082319,1.407002687,249,239,498,bcsstk27
40,128,3,1.062995434,1.055003166,249,239,498,bcsstk27
40,128,4,1.057995081,1.055009365,249,239,498,bcsstk27
40,128,5,1.394994974,1.043003321,249,239,498,bcsstk27
40,128,6,1.058080196,1.058001518,249,239,498,bcsstk27
40,128,7,1.060998678,1.058009386,249,239,498,bcsstk27
40,128,8,1.416988611,1.414998531,249,239,498,bcsstk27
40,128,9,1.057994604,1.055066109,249,239,498,bcsstk27
65,128,0,1.066991806,1.059014320,243,233,486,bcsstk27
65,128,1,1.311993837,1.307072401,243,233,486,bcsstk27
65,128,2,1.330992937,1.322029591,243,233,486,bcsstk27
65,128,3,1.313985109,1.311008453,243,233,486,bcsstk27
65,128,4,1.333992720,1.331016064,243,233,486,bcsstk27
65,128,5,1.329998970,1.320038795,243,233,486,bcsstk27
65,128,6,1.319992065,1.319023848,243,233,486,bcsstk27
65,128,7,1.580993652,1.578012705,243,233,486,bcsstk27
65,128,8,1.043998003,1.043024302,243,233,486,bcsstk27
65,128,9,0.790995121,0.788062572,243,233,486,bcsstk27
85,128,0,0.788050413,0.788029432,201,192,402,bcsstk27
85,128,1,0.265984774,0.264029026,201,192,402,bcsstk27
85,128,2,0.533111811,0.533012390,201,192,402,bcsstk27
85,128,3,0.528081656,0.528001785,201,192,402,bcsstk27
85,128,4,0.537054062,0.536997080,201,192,402,bcsstk27
85,128,5,0.528084040,0.528006315,201,192,402,bcsstk27
85,128,6,0.795055628,0.795002460,201,192,402,bcsstk27
85,128,7,0.806991100,0.798994780,201,192,402,bcsstk27
85,128,8,0.796942234,0.795018673,201,192,402,bcsstk27
85,128,9,0.531998634,0.531052589,201,192,402,bcsstk27
104,128,0,0.576117992,0.576050758,216,207,432,bcsstk27
104,128,1,0.576120853,0.576081991,216,207,432,bcsstk27
104,128,2,0.576128244,0.576046705,216,207,432,bcsstk27
104,128,3,1.159992456,0.953042746,216,207,432,bcsstk27
104,128,4,0.964875460,0.964034796,216,207,432,bcsstk27
104,128,5,0.768509150,0.768043995,216,207,432,bcsstk27
104,128,6,1.168992758,0.966034651,216,207,432,bcsstk27
104,128,7,1.151098013,1.151033163,216,207,432,bcsstk27
104,128,8,0.578108788,0.578042269,216,207,432,bcsstk27
104,128,9,0.961167097,0.960055113,216,207,432,bcsstk27
20,128,0,0.576591015,0.576008320,235,225,470,bcsstk27
20,128,1,0.768119574,0.768051624,235,225,470,bcsstk27
20,128,2,0.768121958,0.768034935,235,225,470,bcsstk27
20,128,3,0.959995985,0.759045362,235,225,470,bcsstk27
20,128,4,0.772103310,0.772038221,235,225,470,bcsstk27
20,128,5,0.764093876,0.764029980,235,225,470,bcsstk27
20,128,6,0.972999334,0.769040823,235,225,470,bcsstk27
20,128,7,0.768433094,0.768038511,235,225,470,bcsstk27
20,128,8,0.575095654,0.574999809,235,225,470,bcsstk27
20,128,9,0.770036221,0.768069744,235,225,470,bcsstk27
38,128,0,1.068122149,1.062996864,255,245,510,bcsstk27
38,128,1,1.059996843,1.055002928,255,245,510,bcsstk27
38,128,2,1.058074236,1.057994366,255,245,510,bcsstk27
38,128,3,0.710996866,0.703002453,255,245,510,bcsstk27
38,128,4,0.705976963,0.703003645,255,245,510,bcsstk27
38,128,5,0.704861879,0.701004267,255,245,510,bcsstk27
38,128,6,0.707996130,0.706002235,255,245,510,bcsstk27
38,128,7,0.706994534,0.704004765,255,245,510,bcsstk27
38,128,8,1.066993237,1.063000202,255,245,510,bcsstk27
38,128,9,0.706003428,0.703094006,255,245,510,bcsstk27
86,128,0,0.536985874,0.535029650,210,201,420,bcsstk27
86,128,1,0.264979124,0.264026165,210,201,420,bcsstk27
86,128,2,0.264136076,0.264041424,210,201,420,bcsstk27
86,128,3,0.528995752,0.528005600,210,201,420,bcsstk27
86,128,4,0.540810347,0.536997795,210,201,420,bcsstk27
86,128,5,0.528997660,0.528023481,210,201,420,bcsstk27
86,128,6,0.795074940,0.795000792,210,201,420,bcsstk27
86,128,7,0.800997257,0.793006182,210,201,420,bcsstk27
86,128,8,0.797995090,0.795036554,210,201,420,bcsstk27
86,128,9,0.531996965,0.531046152,210,201,420,bcsstk27
105,128,0,0.575997829,0.384079695,225,216,450,bcsstk27
105,128,1,0.576077700,0.576008558,225,216,450,bcsstk27
105,128,2,0.573729515,0.572038412,225,216,450,bcsstk27
105,128,3,0.881000757,0.768040180,225,216,450,bcsstk27
105,128,4,0.964797974,0.964035273,225,216,450,bcsstk27
105,128,5,0.768390656,0.768045187,225,216,450,bcsstk27
105,128,6,1.156995296,0.959036350,225,216,450,bcsstk27
105,128,7,1.151094913,1.151027918,225,216,450,bcsstk27
105,128,8,0.574372530,0.574041843,225,216,450,bcsstk27
105,128,9,0.960079193,0.960059881,225,216,450,bcsstk27
16,128,0,0.768020391,0.768002272,216,206,432,bcsstk27
16,128,1,0.960119247,0.960032225,216,206,432,bcsstk27
16,128,2,0.768102646,0.768037796,216,206,432,bcsstk27
16,128,3,0.958998203,0.957005501,216,206,432,bcsstk27
16,128,4,0.768849611,0.766027451,216,206,432,bcsstk27
16,128,5,0.772099733,0.772035837,216,206,432,bcsstk27
16,128,6,0.764123201,0.764029503,216,206,432,bcsstk27
16,128,7,0.770028353,0.768030405,216,206,432,bcsstk27
16,128,8,0.761074066,0.761006594,216,206,432,bcsstk27
16,128,9,0.960669756,0.960049152,216,206,432,bcsstk27
125,128,0,0.704077721,0.704006195,215,206,430,bcsstk27
125,128,1,1.059991598,1.054998636,215,206,430,bcsstk27
125,128,2,0.706088305,0.706010103,215,206,430,bcsstk27
125,128,3,0.710998058,0.703004122,215,206,430,bcsstk27
125,128,4,0.705996990,0.703008652,215,206,430,bcsstk27
125,128,5,1.043944359,0.691953421,215,206,430,bcsstk27
125,128,6,0.354098558,0.354017735,215,206,430,bcsstk27
125,128,7,0.706963778,0.703967094,215,206,430,bcsstk27
125,128,8,0.703116655,0.703036785,215,206,430,bcsstk27
125,128,9,0.705996990,0.703093290,215,206,430,bcsstk27
50,128,0,1.065998077,1.056040525,241,231,482,bcsstk27
50,128,1,1.057092905,1.057025433,241,231,482,bcsstk27
50,128,2,1.323845148,1.322002649,241,231,482,bcsstk27
50,128,3,1.298940897,1.297031641,241,231,482,bcsstk27
50,128,4,1.333995581,1.331017494,241,231,482,bcsstk27
50,128,5,1.307994366,1.304023743,241,231,482,bcsstk27
50,128,6,1.572997570,1.572014332,241,231,482,bcsstk27
50,128,7,1.505987167,1.500015736,241,231,482,bcsstk27
50,128,8,1.331993818,1.323018074,241,231,482,bcsstk27
50,128,9,1.050000191,1.047097206,241,231,482,bcsstk27
75,128,0,1.066679001,1.061034203,201,192,402,bcsstk27
75,128,1,0.788991451,0.788053036,201,192,402,bcsstk27
75,128,2,1.061107874,1.061014414,201,192,402,bcsstk27
75,128,3,1.056427479,1.056351185,201,192,402,bcsstk27
75,128,4,1.329094887,1.329016447,201,192,402,bcsstk27
75,128,5,1.312100887,1.312033892,201,192,402,bcsstk27
75,128,6,1.590094566,1.590017557,201,192,402,bcsstk27
75,128,7,1.315998077,1.308028460,201,192,402,bcsstk27
75,128,8,1.059991598,1.059014320,201,192,402,bcsstk27
75,128,9,0.795994520,0.795072317,201,192,402,bcsstk27
1,128,0,0.962024212,0.960039854,211,201,422,bcsstk27
1,128,1,1.155866385,1.152045965,211,201,422,bcsstk27
1,128,2,0.962012768,0.960047245,211,201,422,bcsstk27
1,128,3,1.146937847,1.144041777,211,201,422,bcsstk27
1,128,4,0.960539818,0.960043430,211,201,422,bcsstk27
1,128,5,1.087995291,0.957035542,211,201,422,bcsstk27
1,128,6,1.148995638,0.954046249,211,201,422,bcsstk27
1,128,7,0.960115194,0.960030556,211,201,422,bcsstk27
1,128,8,0.574061871,0.574043751,211,201,422,bcsstk27
1,128,9,0.960141420,0.960077524,211,201,422,bcsstk27
121,128,0,1.052099228,1.052019119,207,198,414,bcsstk27
121,128,1,1.055173635,1.055104494,207,198,414,bcsstk27
121,128,2,0.703187704,0.703089952,207,198,414,bcsstk27
121,128,3,0.353000164,0.352029324,207,198,414,bcsstk27
121,128,4,0.353999376,0.352064848,207,198,414,bcsstk27
121,128,5,0.353997231,0.352006435,207,198,414,bcsstk27
121,128,6,0.355995178,0.354003191,207,198,414,bcsstk27
121,128,7,0.352182865,0.352090120,207,198,414,bcsstk27
121,128,8,0.700139999,0.700060368,207,198,414,bcsstk27
121,128,9,0.706006765,0.703077793,207,198,414,bcsstk27
67,128,0,0.798993826,0.789023399,226,216,452,bcsstk27
67,128,1,1.068999290,1.062057972,226,216,452,bcsstk27
67,128,2,1.187999010,1.179027796,226,216,452,bcsstk27
67,128,3,1.071993589,1.069038868,226,216,452,bcsstk27
67,128,4,1.050993443,1.045031548,226,216,452,bcsstk27
67,128,5,1.067998171,1.064030170,226,216,452,bcsstk27
67,128,6,1.308990717,1.308021784,226,216,452,bcsstk27
67,128,7,1.073026419,1.067028284,226,216,452,bcsstk27
67,128,8,1.061991692,1.054030657,226,216,452,bcsstk27
67,128,9,0.781997442,0.778081656,226,216,452,bcsstk27
79,128,0,0.535113335,0.535033941,217,208,434,bcsstk27
79,128,1,0.524986982,0.524025917,217,208,434,bcsstk27
79,128,2,0.529967308,0.528008699,217,208,434,bcsstk27
79,128,3,0.800995827,0.792017221,217,208,434,bcsstk27
79,128,4,0.793280602,0.793223858,217,208,434,bcsstk27
79,128,5,1.048083305,1.048005819,217,208,434,bcsstk27
79,128,6,1.059091568,1.059016466,217,208,434,bcsstk27
79,128,7,1.051993608,1.044016838,217,208,434,bcsstk27
79,128,8,1.060996294,1.059016228,217,208,434,bcsstk27
79,128,9,0.795998812,0.795055389,217,208,434,bcsstk27
106,128,0,0.384133101,0.384063721,234,225,468,bcsstk27
106,128,1,0.576090813,0.576008320,234,225,468,bcsstk27
106,128,2,0.576105118,0.576038837,234,225,468,bcsstk27
106,128,3,0.765712976,0.765031815,234,225,468,bcsstk27
106,128,4,0.768567801,0.768033266,234,225,468,bcsstk27
106,128,5,0.764994621,0.764039278,234,225,468,bcsstk27
106,128,6,0.957414865,0.957034111,234,225,468,bcsstk27
106,128,7,1.147120237,1.147022009,234,225,468,bcsstk27
106,128,8,0.574044943,0.574025393,234,225,468,bcsstk27
106,128,9,0.960119247,0.960055351,234,225,468,bcsstk27
122,128,0,0.712993622,0.711019278,216,207,432,bcsstk27
122,128,1,1.059993029,1.055003643,216,207,432,bcsstk27
122,128,2,0.708000898,0.706022978,216,207,432,bcsstk27
122,128,3,0.352201462,0.352107525,216,207,432,bcsstk27
122,128,4,0.351208448,0.351119280,216,207,432,bcsstk27
122,128,5,0.360165834,0.360101938,216,207,432,bcsstk27
122,128,6,0.355996609,0.354017258,216,207,432,bcsstk27
122,128,7,0.352199316,0.352105379,216,207,432,bcsstk27
122,128,8,0.702221870,0.700040340,216,207,432,bcsstk27
122,128,9,0.705995798,0.703068495,216,207,432,bcsstk27
58,128,0,1.065992117,1.056017637,256,246,512,bcsstk27
58,128,1,0.741443634,0.741361856,256,246,512,bcsstk27
58,128,2,1.025005102,1.015028238,256,246,512,bcsstk27
58,128,3,1.343997002,1.341020823,256,246,512,bcsstk27
58,128,4,1.333997488,1.331023932,256,246,512,bcsstk27
58,128,5,1.008983374,1.003042459,256,246,512,bcsstk27
58,128,6,1.276437521,1.276318073,256,246,512,bcsstk27
58,128,7,1.259997606,1.254030228,256,246,512,bcsstk27
58,128,8,1.331994772,1.323035955,256,246,512,bcsstk27
58,128,9,1.049996376,1.046081781,256,246,512,bcsstk27
72,128,0,1.321096182,1.321013212,234,225,468,bcsstk27
72,128,1,1.327156305,1.327059984,234,225,468,bcsstk27
72,128,2,1.325058460,1.324980736,234,225,468,bcsstk27
72,128,3,1.312961340,1.310982466,234,225,468,bcsstk27
72,128,4,1.329053640,1.328973293,234,225,468,bcsstk27
72,128,5,1.313967466,1.312016487,234,225,468,bcsstk27
72,128,6,1.591847897,1.589994431,234,225,468,bcsstk27
72,128,7,1.414972305,1.407006025,234,225,468,bcsstk27
72,128,8,1.324975252,1.323008060,234,225,468,bcsstk27
72,128,9,1.059973717,1.059035063,234,225,468,bcsstk27
100,128,0,0.384122610,0.384033918,228,219,456,bcsstk27
100,128,1,0.384146452,0.384049177,228,219,456,bcsstk27
100,128,2,0.384142399,0.384044170,228,219,456,bcsstk27
100,128,3,0.576118231,0.576054335,228,219,456,bcsstk27
100,128,4,0.766994238,0.764041901,228,219,456,bcsstk27
100,128,5,0.768559217,0.768040419,228,219,456,bcsstk27
100,128,6,0.957345486,0.957043409,228,219,456,bcsstk27
100,128,7,0.962594986,0.959036827,228,219,456,bcsstk27
100,128,8,0.579106808,0.579036713,228,219,456,bcsstk27
100,128,9,0.768141508,0.768076420,228,219,456,bcsstk27
31,128,0,1.062063932,1.062001228,237,227,474,bcsstk27
31,128,1,1.059992552,1.055002689,237,227,474,bcsstk27
31,128,2,1.058097124,1.058009386,237,227,474,bcsstk27
31,128,3,0.707359076,0.703000307,237,227,474,bcsstk27
31,128,4,0.706421375,0.703032494,237,227,474,bcsstk27
31,128,5,1.055002928,0.703004360,237,227,474,bcsstk27
31,128,6,0.706993580,0.705998898,237,227,474,bcsstk27
31,128,7,0.352497339,0.352000713,237,227,474,bcsstk27
31,128,8,0.701080799,0.701002121,237,227,474,bcsstk27
31,128,9,0.353990555,0.351090431,237,227,474,bcsstk27
101,128,0,0.386871099,0.384045839,203,194,406,bcsstk27
101,128,1,0.386040926,0.384050369,203,194,406,bcsstk27
101,128,2,0.385748148,0.384045839,203,194,406,bcsstk27
101,128,3,0.773239136,0.772029400,203,194,406,bcsstk27
101,128,4,0.766995668,0.764047623,203,194,406,bcsstk27
101,128,5,0.768980265,0.768050909,203,194,406,bcsstk27
101,128,6,0.765073776,0.765043974,203,194,406,bcsstk27
101,128,7,0.767134905,0.767039537,203,194,406,bcsstk27
101,128,8,0.384105444,0.384039640,203,194,406,bcsstk27
101,128,9,0.772136927,0.772069216,203,194,406,bcsstk27
52,128,0,1.341564417,1.341008425,227,217,454,bcsstk27
52,128,1,1.068997145,1.062212944,227,217,454,bcsstk27
52,128,2,1.067394257,1.067332983,227,217,454,bcsstk27
52,128,3,1.322000742,1.319029808,227,217,454,bcsstk27
52,128,4,1.592993021,1.589013338,227,217,454,bcsstk27
52,128,5,1.187372684,1.187312603,227,217,454,bcsstk27
52,128,6,1.341994762,1.341017485,227,217,454,bcsstk27
52,128,7,1.525994301,1.523015499,227,217,454,bcsstk27
52,128,8,1.062560797,1.054024935,227,217,454,bcsstk27
52,128,9,0.955990076,0.952064037,227,217,454,bcsstk27
91,128,0,0.528022528,0.528011322,215,206,430,bcsstk27
91,128,1,0.436984301,0.436030149,215,206,430,bcsstk27
91,128,2,0.531948566,0.531022310,215,206,430,bcsstk27
91,128,3,0.528994083,0.528018713,215,206,430,bcsstk27
91,128,4,0.790993929,0.790001154,215,206,430,bcsstk27
91,128,5,0.796997070,0.795020580,215,206,430,bcsstk27
91,128,6,0.795089245,0.795018435,215,206,430,bcsstk27
91,128,7,0.801097155,0.801017761,215,206,430,bcsstk27
91,128,8,1.049995899,1.048014402,215,206,430,bcsstk27
91,128,9,0.531994820,0.531058788,215,206,430,bcsstk27
126,128,0,0.711098909,0.711023808,224,215,448,bcsstk27
126,128,1,1.059990883,1.054998159,224,215,448,bcsstk27
126,128,2,0.706072569,0.706017494,224,215,448,bcsstk27
126,128,3,0.710994244,0.703000307,224,215,448,bcsstk27
126,128,4,0.705994368,0.703005075,224,215,448,bcsstk27
126,128,5,0.746998310,0.701006651,224,215,448,bcsstk27
126,128,6,0.354076862,0.354000568,224,215,448,bcsstk27
126,128,7,0.704998255,0.704003572,224,215,448,bcsstk27
126,128,8,0.700124979,0.700050116,224,215,448,bcsstk27
126,128,9,0.705999613,0.703028917,224,215,448,bcsstk27
68,128,0,1.060994864,1.059015274,236,226,472,bcsstk27
68,128,1,1.064470530,1.064391375,236,226,472,bcsstk27
68,128,2,1.066995621,1.058024168,236,226,472,bcsstk27
68,128,3,1.065991163,1.063010931,236,226,472,bcsstk27
68,128,4,1.320993662,1.315026999,236,226,472,bcsstk27
68,128,5,1.263998508,1.254022360,236,226,472,bcsstk27
68,128,6,1.576003075,1.319028616,236,226,472,bcsstk27
68,128,7,1.736008406,1.480022192,236,226,472,bcsstk27
68,128,8,0.895695925,0.889017105,236,226,472,bcsstk27
68,128,9,0.988996744,0.985075951,236,226,472,bcsstk27
37,128,0,1.392076254,1.391998291,245,235,490,bcsstk27
37,128,1,1.411994696,1.407004118,245,235,490,bcsstk27
37,128,2,1.056993723,1.055102110,245,235,490,bcsstk27
37,128,3,1.058989286,1.055005789,245,235,490,bcsstk27
37,128,4,1.068179607,1.066019297,245,235,490,bcsstk27
37,128,5,0.716598988,0.714009523,245,235,490,bcsstk27
37,128,6,0.706085205,0.706007004,245,235,490,bcsstk27
37,128,7,0.706303835,0.703023195,245,235,490,bcsstk27
37,128,8,1.052086353,1.052004099,245,235,490,bcsstk27
37,128,9,0.705991507,0.703076363,245,235,490,bcsstk27
71,128,0,0.710993528,0.701031208,243,233,486,bcsstk27
71,128,1,0.795995951,0.789048195,243,233,486,bcsstk27
71,128,2,0.797982454,0.789005041,243,233,486,bcsstk27
71,128,3,0.532974958,0.530017376,243,233,486,bcsstk27
71,128,4,0.928998709,0.926043272,243,233,486,bcsstk27
71,128,5,0.801994801,0.798026800,243,233,486,bcsstk27
71,128,6,1.310997248,1.310013533,243,233,486,bcsstk27
71,128,7,1.468986511,1.461997271,243,233,486,bcsstk27
71,128,8,0.521071911,0.521018267,243,233,486,bcsstk27
71,128,9,0.544994354,0.541062355,243,233,486,bcsstk27
92,128,0,0.425126791,0.425039530,224,215,448,bcsstk27
92,128,1,0.524990797,0.524035692,224,215,448,bcsstk27
92,128,2,0.797968388,0.797008991,224,215,448,bcsstk27
92,128,3,0.792992592,0.792013407,224,215,448,bcsstk27
92,128,4,0.801988602,0.801009417,224,215,448,bcsstk27
92,128,5,0.786998272,0.784025192,224,215,448,bcsstk27
92,128,6,0.793880224,0.792022705,224,215,448,bcsstk27
92,128,7,1.062993050,1.055012465,224,215,448,bcsstk27
92,128,8,1.060997725,1.059029818,224,215,448,bcsstk27
92,128,9,0.796874523,0.795048237,224,215,448,bcsstk27
98,128,0,0.384108543,0.384040356,230,221,460,bcsstk27
98,128,1,0.384369373,0.384052038,230,221,460,bcsstk27
98,128,2,0.384117126,0.384050369,230,221,460,bcsstk27
98,128,3,0.767996073,0.575055361,230,221,460,bcsstk27
98,128,4,0.576149464,0.576054096,230,221,460,bcsstk27
98,128,5,0.959995747,0.765048027,230,221,460,bcsstk27
98,128,6,0.960279226,0.957026005,230,221,460,bcsstk27
98,128,7,0.959531546,0.959037542,230,221,460,bcsstk27
98,128,8,0.579118252,0.579039574,230,221,460,bcsstk27
98,128,9,0.768186808,0.768095493,230,221,460,bcsstk27
30,128,0,1.055130005,1.051998615,247,237,494,bcsstk27
30,128,1,1.056995153,1.055076361,247,237,494,bcsstk27
30,128,2,0.912155390,0.912086487,247,237,494,bcsstk27
30,128,3,1.058996916,1.055001736,247,237,494,bcsstk27
30,128,4,1.057996750,1.055038214,247,237,494,bcsstk27
30,128,5,1.067989111,1.065994740,247,237,494,bcsstk27
30,128,6,1.059997082,1.058000565,247,237,494,bcsstk27
30,128,7,0.705994606,0.703001499,247,237,494,bcsstk27
30,128,8,1.052999020,1.052008390,247,237,494,bcsstk27
30,128,9,0.694995403,0.692005873,247,237,494,bcsstk27
95,128,0,0.264979601,0.264017105,209,200,418,bcsstk27
95,128,1,0.264988661,0.264035463,209,200,418,bcsstk27
95,128,2,0.264980316,0.256042957,209,200,418,bcsstk27
95,128,3,0.264093399,0.264001131,209,200,418,bcsstk27
95,128,4,0.262101650,0.262017727,209,200,418,bcsstk27
95,128,5,0.530993938,0.528017759,209,200,418,bcsstk27
95,128,6,0.783998251,0.520026922,209,200,418,bcsstk27
95,128,7,0.800996542,0.792045355,209,200,418,bcsstk27
95,128,8,0.786000490,0.784025431,209,200,418,bcsstk27
95,128,9,0.531999350,0.531070232,209,200,418,bcsstk27
54,128,0,1.057996511,1.048017263,244,234,488,bcsstk27
54,128,1,1.063733816,1.062077284,244,234,488,bcsstk27
54,128,2,0.808434725,0.808349609,244,234,488,bcsstk27
54,128,3,1.047098875,1.047022104,244,234,488,bcsstk27
54,128,4,1.333996058,1.331014872,244,234,488,bcsstk27
54,128,5,1.050993443,1.047018290,244,234,488,bcsstk27
54,128,6,1.310993910,1.310016870,244,234,488,bcsstk27
54,128,7,1.331024647,1.331015825,244,234,488,bcsstk27
54,128,8,1.050994635,1.044013977,244,234,488,bcsstk27
54,128,9,0.806323051,0.800068617,244,234,488,bcsstk27
42,128,0,1.418994904,1.417005301,217,207,434,bcsstk27
42,128,1,1.411993742,1.407005310,217,207,434,bcsstk27
42,128,2,1.418077469,1.418000460,217,207,434,bcsstk27
42,128,3,1.058971643,1.054980993,217,207,434,bcsstk27
42,128,4,1.060427427,1.055014849,217,207,434,bcsstk27
42,128,5,1.069561005,1.065994978,217,207,434,bcsstk27
42,128,6,1.058993578,1.058006048,217,207,434,bcsstk27
42,128,7,1.059995174,1.057003498,217,207,434,bcsstk27
42,128,8,1.405991793,1.404003859,217,207,434,bcsstk27
42,128,9,1.069005251,1.066007614,217,207,434,bcsstk27
76,128,0,0.799990892,0.799035311,210,201,420,bcsstk27
76,128,1,0.788991928,0.788037300,210,201,420,bcsstk27
76,128,2,0.792972088,0.784024477,210,201,420,bcsstk27
76,128,3,1.059993505,1.058018923,210,201,420,bcsstk27
76,128,4,1.055984259,1.054012775,210,201,420,bcsstk27
76,128,5,1.324875593,1.323001623,210,201,420,bcsstk27
76,128,6,1.316840410,1.315018892,210,201,420,bcsstk27
76,128,7,1.326998472,1.318024635,210,201,420,bcsstk27
76,128,8,1.313997746,1.312019587,210,201,420,bcsstk27
76,128,9,1.059996128,1.059064388,210,201,420,bcsstk27
70,128,0,0.787993908,0.778036833,233,223,466,bcsstk27
70,128,1,0.981001616,0.974081039,233,223,466,bcsstk27
70,128,2,0.797995567,0.789019346,233,223,466,bcsstk27
70,128,3,0.813994884,0.811018467,233,223,466,bcsstk27
70,128,4,1.052992582,1.047022581,233,223,466,bcsstk27
70,128,5,0.791400433,0.791328192,233,223,466,bcsstk27
70,128,6,1.319996119,1.319018126,233,223,466,bcsstk27
70,128,7,1.340992928,1.337092161,233,223,466,bcsstk27
70,128,8,0.708085775,0.708009243,233,223,466,bcsstk27
70,128,9,0.794997931,0.789078712,233,223,466,bcsstk27
97,128,0,0.581663132,0.580034971,221,212,442,bcsstk27
97,128,1,0.576628923,0.576047897,221,212,442,bcsstk27
97,128,2,0.576893568,0.576051235,221,212,442,bcsstk27
97,128,3,0.766140461,0.765043974,221,212,442,bcsstk27
97,128,4,0.580145836,0.580058336,221,212,442,bcsstk27
97,128,5,0.764064312,0.764047384,221,212,442,bcsstk27
97,128,6,0.948996782,0.763052225,221,212,442,bcsstk27
97,128,7,0.959116697,0.959031820,221,212,442,bcsstk27
97,128,8,0.575126886,0.575042486,221,212,442,bcsstk27
97,128,9,0.768164158,0.768096209,221,212,442,bcsstk27
36,128,0,1.414975882,1.413981199,235,225,470,bcsstk27
36,128,1,1.411991835,1.406998634,235,225,470,bcsstk27
36,128,2,1.066189051,1.066099644,235,225,470,bcsstk27
36,128,3,1.058981895,1.054992676,235,225,470,bcsstk27
36,128,4,1.059993505,1.055015087,235,225,470,bcsstk27
36,128,5,1.070389271,1.066006422,235,225,470,bcsstk27
36,128,6,1.061054707,1.058004141,235,225,470,bcsstk27
36,128,7,1.059995413,1.057005882,235,225,470,bcsstk27
36,128,8,1.407059669,1.404017687,235,225,470,bcsstk27
36,128,9,1.057996750,1.055018902,235,225,470,bcsstk27
81,128,0,0.794983149,0.788030624,209,200,418,bcsstk27
81,128,1,0.540290117,0.540211678,209,200,418,bcsstk27
81,128,2,0.264182568,0.264077187,209,200,418,bcsstk27
81,128,3,0.528999805,0.528021574,209,200,418,bcsstk27
81,128,4,0.790988445,0.790006399,209,200,418,bcsstk27
81,128,5,0.795993805,0.795017958,209,200,418,bcsstk27
81,128,6,0.796798229,0.795022011,209,200,418,bcsstk27
81,128,7,0.824090719,0.824016094,209,200,418,bcsstk27
81,128,8,1.049996614,1.048018456,209,200,418,bcsstk27
81,128,9,0.795983315,0.795001030,209,200,418,bcsstk27
53,128,0,1.069983244,1.060028315,225,215,450,bcsstk27
53,128,1,1.057996035,1.051090956,225,215,450,bcsstk27
53,128,2,1.066993475,1.059041977,225,215,450,bcsstk27
53,128,3,1.288997173,1.286032438,225,215,450,bcsstk27
53,128,4,1.322994471,1.319022179,225,215,450,bcsstk27
53,128,5,1.221997976,1.212016582,225,215,450,bcsstk27
53,128,6,1.079995871,1.070035219,225,215,450,bcsstk27
53,128,7,1.319997072,1.319022417,225,215,450,bcsstk27
53,128,8,0.804910660,0.803025007,225,215,450,bcsstk27
53,128,9,0.794998884,0.789061308,225,215,450,bcsstk27
99,128,0,0.384110451,0.384017944,219,210,438,bcsstk27
99,128,1,0.389070988,0.388037443,219,210,438,bcsstk27
99,128,2,0.380405426,0.380036116,219,210,438,bcsstk27
99,128,3,0.574563026,0.573045015,219,210,438,bcsstk27
99,128,4,0.776512146,0.776029825,219,210,438,bcsstk27
99,128,5,0.764051199,0.764034033,219,210,438,bcsstk27
99,128,6,0.769756556,0.767050982,219,210,438,bcsstk27
99,128,7,0.963102579,0.963035107,219,210,438,bcsstk27
99,128,8,0.575062752,0.575036526,219,210,438,bcsstk27
99,128,9,0.767728329,0.764084578,219,210,438,bcsstk27
28,128,0,1.407079458,1.407001257,233,223,466,bcsstk27
28,128,1,1.409995079,1.407020569,233,223,466,bcsstk27
28,128,2,1.407014847,1.407002926,233,223,466,bcsstk27
28,128,3,1.060210705,1.055022240,233,223,466,bcsstk27
28,128,4,1.055198669,1.055117369,233,223,466,bcsstk27
28,128,5,1.052147627,1.052078009,233,223,466,bcsstk27
28,128,6,1.058136702,1.058050156,233,223,466,bcsstk27
28,128,7,0.704148293,0.704083681,233,223,466,bcsstk27
28,128,8,1.406993628,1.404003620,233,223,466,bcsstk27
28,128,9,1.035994530,1.033010960,233,223,466,bcsstk27
83,128,0,0.788041830,0.788029671,205,196,410,bcsstk27
83,128,1,0.524092913,0.524037361,205,196,410,bcsstk27
83,128,2,0.534973621,0.533008337,205,196,410,bcsstk27
83,128,3,0.536993742,0.527999163,205,196,410,bcsstk27
83,128,4,0.427086115,0.427005768,205,196,410,bcsstk27
83,128,5,0.630090714,0.630013227,205,196,410,bcsstk27
56,128,0,1.310996294,1.309021711,258,248,516,bcsstk27
56,128,1,1.057997465,1.051059961,258,248,516,bcsstk27
56,128,2,1.059098482,1.059022665,258,248,516,bcsstk27
56,128,3,1.312991142,1.308020830,258,248,516,bcsstk27
56,128,4,1.581998110,1.579032660,258,248,516,bcsstk27
56,128,5,1.307997465,1.304024935,258,248,516,bcsstk27
56,128,6,1.358998299,1.349020720,258,248,516,bcsstk27
56,128,7,1.320993900,1.315032721,258,248,516,bcsstk27
56,128,8,1.331986904,1.323019505,258,248,516,bcsstk27
56,128,9,1.172993183,1.167084455,258,248,516,bcsstk27
83,128,6,0.528061628,0.527998924,205,196,410,bcsstk27
83,128,7,0.800998449,0.792005777,205,196,410,bcsstk27
83,128,8,0.785996675,0.784013033,205,196,410,bcsstk27
83,128,9,0.795997620,0.795005083,205,196,410,bcsstk27
96,128,0,0.579447269,0.576038122,218,209,436,bcsstk27
96,128,1,0.577548981,0.576050758,218,209,436,bcsstk27
96,128,2,0.576838255,0.576053381,218,209,436,bcsstk27
96,128,3,0.872993946,0.766040087,218,209,436,bcsstk27
96,128,4,0.963987589,0.766038895,218,209,436,bcsstk27
96,128,5,0.768567324,0.768047333,218,209,436,bcsstk27
96,128,6,0.904420614,0.902025700,218,209,436,bcsstk27
96,128,7,1.155105829,1.155038357,218,209,436,bcsstk27
96,128,8,0.769104958,0.769036531,218,209,436,bcsstk27
96,128,9,0.960149050,0.960082531,218,209,436,bcsstk27
25,128,0,1.404991627,1.403001547,202,192,404,bcsstk27
25,128,1,1.411996603,1.407007456,202,192,404,bcsstk27
25,128,2,1.055997133,1.055023193,202,192,404,bcsstk27
25,128,3,0.704155445,0.704071522,202,192,404,bcsstk27
25,128,4,0.637184381,0.637092829,202,192,404,bcsstk27
25,128,5,0.712134600,0.712069273,202,192,404,bcsstk27
25,128,6,0.706094980,0.706018209,202,192,404,bcsstk27
25,128,7,0.706101418,0.706024647,202,192,404,bcsstk27
25,128,8,1.406994581,1.404002666,202,192,404,bcsstk27
25,128,9,1.069002628,1.066004038,202,192,404,bcsstk27
74,128,0,1.055622101,1.052018166,226,217,452,bcsstk27
74,128,1,0.788991451,0.788046122,226,217,452,bcsstk27
74,128,2,1.062956572,1.061004400,226,217,452,bcsstk27
74,128,3,1.311991692,1.311010599,226,217,452,bcsstk27
74,128,4,1.330897808,1.329035997,226,217,452,bcsstk27
74,128,5,1.313996553,1.312026024,226,217,452,bcsstk27
60,128,0,1.196338177,1.188014984,233,223,466,bcsstk27
60,128,1,1.309985638,1.039020777,233,223,466,bcsstk27
60,128,2,1.060996294,1.052017212,233,223,466,bcsstk27
60,128,3,1.319988012,1.317005396,233,223,466,bcsstk27
60,128,4,1.243996143,1.238020897,233,223,466,bcsstk27
60,128,5,1.274999142,1.265028715,233,223,466,bcsstk27
60,128,6,1.565002441,1.297016382,233,223,466,bcsstk27
74,128,6,1.601092577,1.601015091,226,217,452,bcsstk27
74,128,7,1.458999157,1.450019360,226,217,452,bcsstk27
74,128,8,1.314001083,1.312033415,226,217,452,bcsstk27
74,128,9,1.059997559,1.059063911,226,217,452,bcsstk27
60,128,7,1.015993595,1.014020920,233,223,466,bcsstk27
60,128,8,1.056990623,1.055321217,233,223,466,bcsstk27
60,128,9,1.068000555,1.062078238,233,223,466,bcsstk27
46,128,0,1.406063080,1.403000593,249,239,498,bcsstk27
46,128,1,1.411990166,1.406995535,249,239,498,bcsstk27
46,128,2,1.055993080,1.055013418,249,239,498,bcsstk27
46,128,3,1.060988665,1.054994583,249,239,498,bcsstk27
46,128,4,1.067998886,1.066009998,249,239,498,bcsstk27
46,128,5,1.057999611,1.055006027,249,239,498,bcsstk27
46,128,6,1.059997559,1.058021069,249,239,498,bcsstk27
46,128,7,1.057532072,1.054992676,249,239,498,bcsstk27
46,128,8,1.054996014,1.052001715,249,239,498,bcsstk27
46,128,9,0.717011213,0.714005709,249,239,498,bcsstk27
90,128,0,0.535980463,0.535023212,228,219,456,bcsstk27
90,128,1,0.524989605,0.524037600,228,219,456,bcsstk27
90,128,2,0.797972202,0.797013283,228,219,456,bcsstk27
90,128,3,0.792996407,0.792015076,228,219,456,bcsstk27
90,128,4,0.803989887,0.801022291,228,219,456,bcsstk27
61,128,0,1.060997486,1.059017658,229,219,458,bcsstk27
61,128,1,1.050995350,0.791048765,229,219,458,bcsstk27
61,128,2,0.797998428,0.789021730,229,219,458,bcsstk27
61,128,3,0.879907608,0.879297018,229,219,458,bcsstk27
90,128,5,0.796877146,0.795020342,228,219,456,bcsstk27
90,128,6,0.793885708,0.784046650,228,219,456,bcsstk27
90,128,7,1.062994003,1.055014133,228,219,456,bcsstk27
90,128,8,0.872092485,0.872018576,228,219,456,bcsstk27
90,128,9,0.795993328,0.795060396,228,219,456,bcsstk27
61,128,4,1.050994396,1.045023918,229,219,458,bcsstk27
61,128,5,0.973995209,0.970016718,229,219,458,bcsstk27
61,128,6,1.320995331,1.059021711,229,219,458,bcsstk27
61,128,7,0.919993877,0.794016361,229,219,458,bcsstk27
61,128,8,1.061998367,1.054018736,229,219,458,bcsstk27
61,128,9,0.946994305,0.941083670,229,219,458,bcsstk27
47,128,0,1.406000614,1.403008938,233,223,466,bcsstk27
47,128,1,1.411996841,1.407000303,233,223,466,bcsstk27
47,128,2,1.055992842,1.054997921,233,223,466,bcsstk27
47,128,3,1.060994387,1.055000305,233,223,466,bcsstk27
47,128,4,1.067992687,1.066002846,233,223,466,bcsstk27
47,128,5,1.057958841,1.054963827,233,223,466,bcsstk27
47,128,6,1.058990479,1.058001995,233,223,466,bcsstk27
47,128,7,1.057377577,1.055003643,233,223,466,bcsstk27
47,128,8,1.054997921,1.052000284,233,223,466,bcsstk27
47,128,9,0.706000566,0.703006029,233,223,466,bcsstk27
63,128,0,1.066994190,1.058027744,243,233,486,bcsstk27
63,128,1,1.039997816,0.780065298,243,233,486,bcsstk27
63,128,2,0.797990561,0.789035320,243,233,486,bcsstk27
63,128,3,1.054994106,1.052015543,243,233,486,bcsstk27
63,128,4,1.059649467,1.058019638,243,233,486,bcsstk27
63,128,5,0.790992022,0.787021637,243,233,486,bcsstk27
63,128,6,1.051993370,1.051016331,243,233,486,bcsstk27
63,128,7,0.793994665,0.788017511,243,233,486,bcsstk27
63,128,8,0.797996521,0.789018869,243,233,486,bcsstk27
63,128,9,0.805996180,0.800097227,243,233,486,bcsstk27
33,128,0,1.406328440,1.403000593,207,197,414,bcsstk27
33,128,1,1.412372589,1.406998396,207,197,414,bcsstk27
33,128,2,1.055997372,1.055020332,207,197,414,bcsstk27
33,128,3,1.060996771,1.055006981,207,197,414,bcsstk27
33,128,4,1.067988873,1.066009760,207,197,414,bcsstk27
33,128,5,1.057994127,1.054999590,207,197,414,bcsstk27
33,128,6,1.059015751,1.058006287,207,197,414,bcsstk27
33,128,7,1.056996346,1.055003881,207,197,414,bcsstk27
33,128,8,1.406995296,1.404001713,207,197,414,bcsstk27
33,128,9,1.057994127,1.055010557,207,197,414,bcsstk27
48,128,0,1.313978195,1.304000854,243,233,486,bcsstk27
48,128,1,1.317001343,1.310008526,243,233,486,bcsstk27
48,128,2,1.330971718,1.322005272,243,233,486,bcsstk27
48,128,3,1.470970392,1.468001127,243,233,486,bcsstk27
48,128,4,1.516543627,1.513006687,243,233,486,bcsstk27
48,128,5,1.335973501,1.332007885,243,233,486,bcsstk27
48,128,6,1.578969002,1.577988863,243,233,486,bcsstk27
48,128,7,1.469438791,1.469353914,243,233,486,bcsstk27
48,128,8,1.329972506,1.321997404,243,233,486,bcsstk27
48,128,9,1.315973043,1.310045004,243,233,486,bcsstk27
77,128,0,0.535996914,0.535033703,211,202,422,bcsstk27
77,128,1,0.524992943,0.524031639,211,202,422,bcsstk27
77,128,2,0.528986931,0.520030022,211,202,422,bcsstk27
77,128,3,0.793980122,0.792025805,211,202,422,bcsstk27
77,128,4,0.790091991,0.790013790,211,202,422,bcsstk27
77,128,5,1.059092522,1.059020996,211,202,422,bcsstk27
77,128,6,1.048086643,1.048013687,211,202,422,bcsstk27
77,128,7,1.062993050,1.054014921,211,202,422,bcsstk27
77,128,8,1.049996853,1.048021555,211,202,422,bcsstk27
77,128,9,1.061056137,1.059054136,211,202,422,bcsstk27
41,128,0,1.053994179,1.052097321,225,215,450,bcsstk27
41,128,1,1.409117937,1.407001019,225,215,450,bcsstk27
41,128,2,1.066075563,1.065998793,225,215,450,bcsstk27
41,128,3,1.057876110,1.055001736,225,215,450,bcsstk27
41,128,4,1.056091785,1.055013895,225,215,450,bcsstk27
41,128,5,1.058082581,1.055005550,225,215,450,bcsstk27
41,128,6,1.058086157,1.058006525,225,215,450,bcsstk27
41,128,7,1.056071281,1.055001259,225,215,450,bcsstk27
41,128,8,1.404084682,1.404007673,225,215,450,bcsstk27
41,128,9,1.057997227,1.055008650,225,215,450,bcsstk27
62,128,0,1.060997009,1.059014320,239,229,478,bcsstk27
62,128,1,0.807000637,0.800054550,239,229,478,bcsstk27
62,128,2,0.807998180,0.800028563,239,229,478,bcsstk27
62,128,3,1.314000845,1.311022282,239,229,478,bcsstk27
62,128,4,1.333998680,1.331037521,239,229,478,bcsstk27
62,128,5,1.050999165,1.047024012,239,229,478,bcsstk27
62,128,6,1.310997248,1.310013771,239,229,478,bcsstk27
62,128,7,1.069009542,1.069001436,239,229,478,bcsstk27
62,128,8,0.909991264,0.902006149,239,229,478,bcsstk27
62,128,9,1.057001114,1.051083326,239,229,478,bcsstk27
93,128,0,0.265990257,0.264030695,205,196,410,bcsstk27
93,128,1,0.524988174,0.524036646,205,196,410,bcsstk27
93,128,2,0.528972864,0.528018236,205,196,410,bcsstk27
93,128,3,0.529993534,0.528022528,205,196,410,bcsstk27
93,128,4,0.527836084,0.526016474,205,196,410,bcsstk27
93,128,5,0.796995640,0.795017719,205,196,410,bcsstk27
93,128,6,0.795998335,0.795033216,205,196,410,bcsstk27
93,128,7,1.054995298,1.054014206,205,196,410,bcsstk27
93,128,8,1.056994438,1.056010723,205,196,410,bcsstk27
93,128,9,0.797002316,0.795059204,205,196,410,bcsstk27
24,128,0,1.396975279,1.396056414,230,220,460,bcsstk27
24,128,1,1.407116652,1.407030582,230,220,460,bcsstk27
24,128,2,1.396952868,1.395965576,230,220,460,bcsstk27
24,128,3,1.056981564,1.055011034,230,220,460,bcsstk27
24,128,4,1.055142641,1.055054665,230,220,460,bcsstk27
24,128,5,1.052090645,1.052010775,230,220,460,bcsstk27
24,128,6,1.058081865,1.058007956,230,220,460,bcsstk27
24,128,7,1.047079325,1.047003031,230,220,460,bcsstk27
24,128,8,1.404123068,1.404052258,230,220,460,bcsstk27
24,128,9,1.419975758,1.416974068,230,220,460,bcsstk27
57,128,0,1.073096991,1.073021650,246,236,492,bcsstk27
57,128,1,0.944997311,0.936082125,246,236,492,bcsstk27
57,128,2,1.220994234,1.212015867,246,236,492,bcsstk27
57,128,3,1.319997072,1.317017317,246,236,492,bcsstk27
57,128,4,1.243996620,1.238028765,246,236,492,bcsstk27
57,128,5,1.318998575,1.309022665,246,236,492,bcsstk27
57,128,6,1.587003469,1.319027185,246,236,492,bcsstk27
57,128,7,1.071059465,1.067031384,246,236,492,bcsstk27
57,128,8,1.072985172,1.065010786,246,236,492,bcsstk27
57,128,9,1.056998730,1.051098108,246,236,492,bcsstk27
80,128,0,0.788037777,0.788026571,226,217,452,bcsstk27
80,128,1,0.788989782,0.788025379,226,217,452,bcsstk27
80,128,2,0.529986382,0.528029203,226,217,452,bcsstk27
80,128,3,0.794994831,0.794023275,226,217,452,bcsstk27
80,128,4,1.056991339,1.054013729,226,217,452,bcsstk27
80,128,5,1.060993671,1.059017897,226,217,452,bcsstk27
80,128,6,1.060905218,1.059036493,226,217,452,bcsstk27
80,128,7,1.073988438,1.066008806,226,217,452,bcsstk27
80,128,8,1.059997320,1.059030294,226,217,452,bcsstk27
80,128,9,1.049996138,1.048060179,226,217,452,bcsstk27
51,128,0,1.057994604,1.048022270,217,207,434,bcsstk27
51,128,1,1.068993807,1.062073469,217,207,434,bcsstk27
51,128,2,1.066995382,1.058040142,217,207,434,bcsstk27
51,128,3,1.354999781,1.352017879,217,207,434,bcsstk27
51,128,4,1.052996874,1.047027588,217,207,434,bcsstk27
51,128,5,1.332361460,1.331013441,217,207,434,bcsstk27
51,128,6,1.564994097,1.297020197,217,207,434,bcsstk27
51,128,7,1.331030130,1.331021547,217,207,434,bcsstk27
51,128,8,1.061993837,1.054035187,217,207,434,bcsstk27
51,128,9,1.056998491,1.051074505,217,207,434,bcsstk27
44,128,0,1.403997421,1.403004646,229,219,458,bcsstk27
44,128,1,1.411992311,1.406998873,229,219,458,bcsstk27
44,128,2,1.055992842,1.055007935,229,219,458,bcsstk27
44,128,3,1.061055183,1.055000782,229,219,458,bcsstk27
44,128,4,1.067997456,1.066011429,229,219,458,bcsstk27
44,128,5,1.058096886,1.055001497,229,219,458,bcsstk27
44,128,6,1.058058023,1.058008671,229,219,458,bcsstk27
44,128,7,1.135996580,1.134003162,229,219,458,bcsstk27
44,128,8,1.405995369,1.404003620,229,219,458,bcsstk27
44,128,9,1.057749510,1.055011749,229,219,458,bcsstk27
78,128,0,0.790868759,0.788035393,220,211,440,bcsstk27
78,128,1,0.535125971,0.535039425,220,211,440,bcsstk27
78,128,2,0.795988321,0.795021057,220,211,440,bcsstk27
78,128,3,1.058096647,1.058016300,220,211,440,bcsstk27
78,128,4,1.054094076,1.054011345,220,211,440,bcsstk27
78,128,5,1.060993433,1.059022427,220,211,440,bcsstk27
78,128,6,1.323102236,1.323034763,220,211,440,bcsstk27
78,128,7,1.076327085,1.076252937,220,211,440,bcsstk27
78,128,8,1.060967207,1.059037209,220,211,440,bcsstk27
78,128,9,1.048383474,1.048055172,220,211,440,bcsstk27
43,128,0,1.222996473,1.220008373,219,209,438,bcsstk27
43,128,1,1.409677505,1.406001329,219,209,438,bcsstk27
43,128,2,1.059989929,1.057997465,219,209,438,bcsstk27
43,128,3,1.056988716,1.055006504,219,209,438,bcsstk27
43,128,4,1.055997372,1.055009365,219,209,438,bcsstk27
43,128,5,1.057995796,1.055001736,219,209,438,bcsstk27
43,128,6,1.059997320,1.058005571,219,209,438,bcsstk27
43,128,7,1.055998564,1.055005789,219,209,438,bcsstk27
43,128,8,1.404997587,1.404001236,219,209,438,bcsstk27
43,128,9,1.057819366,1.055010796,219,209,438,bcsstk27
32,128,0,1.409990788,1.406999111,247,237,494,bcsstk27
32,128,1,1.419996500,1.418081522,247,237,494,bcsstk27
32,128,2,1.407996416,1.407004356,247,237,494,bcsstk27
32,128,3,1.056996822,1.055062771,247,237,494,bcsstk27
32,128,4,1.407996416,1.407005310,247,237,494,bcsstk27
32,128,5,1.408992290,1.406004429,247,237,494,bcsstk27
32,128,6,1.410985947,1.409995794,247,237,494,bcsstk27
32,128,7,1.058127880,1.058068037,247,237,494,bcsstk27
32,128,8,1.756993771,1.756002188,247,237,494,bcsstk27
32,128,9,1.408990622,1.407008648,247,237,494,bcsstk27
34,128,0,1.409994841,1.407002449,217,207,434,bcsstk27
34,128,1,1.418997765,1.418081760,217,207,434,bcsstk27
34,128,2,1.407995224,1.407006264,217,207,434,bcsstk27
34,128,3,1.055996418,1.055059671,217,207,434,bcsstk27
34,128,4,1.407998085,1.407015562,217,207,434,bcsstk27
34,128,5,1.408996105,1.406007290,217,207,434,bcsstk27
34,128,6,1.413058996,1.410002708,217,207,434,bcsstk27
34,128,7,1.059991360,1.058062315,217,207,434,bcsstk27
34,128,8,1.756994009,1.755999088,217,207,434,bcsstk27
34,128,9,1.408997059,1.407023668,217,207,434,bcsstk27
45,128,0,1.053996325,1.052004099,239,229,478,bcsstk27
45,128,1,1.057958841,1.054968119,239,229,478,bcsstk27
45,128,2,1.059997320,1.058017731,239,229,478,bcsstk27
45,128,3,0.711303473,0.703011513,239,229,478,bcsstk27
45,128,4,0.705997229,0.703041792,239,229,478,bcsstk27
45,128,5,0.702993155,0.701003075,239,229,478,bcsstk27
45,128,6,0.696994543,0.695116997,239,229,478,bcsstk27
45,128,7,0.704996109,0.704119921,239,229,478,bcsstk27
45,128,8,1.407049894,1.404000282,239,229,478,bcsstk27
45,128,9,1.057000875,1.055005074,239,229,478,bcsstk27
39,128,0,1.056996107,1.055005789,239,229,478,bcsstk27
39,128,1,1.059991598,1.055000782,239,229,478,bcsstk27
39,128,2,0.695994616,0.695109844,239,229,478,bcsstk27
39,128,3,0.706995726,0.703005552,239,229,478,bcsstk27
39,128,4,0.715992451,0.714005232,239,229,478,bcsstk27
39,128,5,0.624996901,0.615002155,239,229,478,bcsstk27
39,128,6,0.707992554,0.705997229,239,229,478,bcsstk27
39,128,7,0.706995726,0.704005003,239,229,478,bcsstk27
39,128,8,1.318057060,1.318001747,239,229,478,bcsstk27
39,128,9,0.703901768,0.703035355,239,229,478,bcsstk27
35,128,0,1.327995062,1.327004194,213,203,426,bcsstk27
35,128,1,1.409983873,1.406992197,213,203,426,bcsstk27
35,128,2,1.409101725,1.407006741,213,203,426,bcsstk27
35,128,3,1.028983355,1.020996809,213,203,426,bcsstk27
35,128,4,1.057994604,1.055016041,213,203,426,bcsstk27
35,128,5,1.053993702,1.052006245,213,203,426,bcsstk27
35,128,6,1.048997164,1.047001600,213,203,426,bcsstk27
35,128,7,1.058996677,1.058022022,213,203,426,bcsstk27
35,128,8,1.426157236,1.426058531,213,203,426,bcsstk27
35,128,9,1.409522057,1.407013893,213,203,426,bcsstk27
64,128,0,1.165997744,1.062037945,253,243,506,bcsstk27
64,128,1,1.344998121,1.336048603,253,243,506,bcsstk27
64,128,2,1.330993891,1.322020531,253,243,506,bcsstk27
64,128,3,1.233997345,1.231021404,253,243,506,bcsstk27
64,128,4,1.579180002,1.578035355,253,243,506,bcsstk27
64,128,5,1.329992771,1.320017815,253,243,506,bcsstk27
64,128,6,1.542996645,1.321022272,253,243,506,bcsstk27
64,128,7,1.823992014,1.579017401,253,243,506,bcsstk27
64,128,8,1.500998735,1.312019825,253,243,506,bcsstk27
64,128,9,1.376008511,1.047089815,253,243,506,bcsstk27
0,1,0,0.031320333,0.000004053,31207734,0,62415468,Hook_1498
0,1,1,0.030718088,0.000001669,31207734,0,62415468,Hook_1498
0,1,2,0.030647278,0.000001907,31207734,0,62415468,Hook_1498
0,1,3,0.030300856,0.000001907,31207734,0,62415468,Hook_1498
0,1,4,0.030353785,0.000002384,31207734,0,62415468,Hook_1498
0,1,5,0.030133486,0.000001907,31207734,0,62415468,Hook_1498
0,1,6,0.030205488,0.000002861,31207734,0,62415468,Hook_1498
0,1,7,0.030129194,0.000002146,31207734,0,62415468,Hook_1498
0,1,8,0.030171633,0.000002384,31207734,0,62415468,Hook_1498
0,1,9,0.030135632,0.000002623,31207734,0,62415468,Hook_1498
1,2,0,12.163268089,12.077315569,15604598,7598405,31209196,Hook_1498
1,2,1,12.190988302,12.087330103,15604598,7598405,31209196,Hook_1498
1,2,2,12.155714750,12.078474045,15604598,7598405,31209196,Hook_1498
1,2,3,12.150993347,12.055449963,15604598,7598405,31209196,Hook_1498
1,2,4,12.158977985,12.073454618,15604598,7598405,31209196,Hook_1498
1,2,5,12.196472406,12.091449976,15604598,7598405,31209196,Hook_1498
1,2,6,12.176867485,12.091433048,15604598,7598405,31209196,Hook_1498
1,2,7,12.155753374,12.065358639,15604598,7598405,31209196,Hook_1498
1,2,8,12.178981781,12.079294682,15604598,7598405,31209196,Hook_1498
1,2,9,12.167737246,12.082347393,15604598,7598405,31209196,Hook_1498
0,2,0,12.188889027,12.103340864,15603136,7596746,31206272,Hook_1498
0,2,1,12.189011812,12.105458498,15603136,7596746,31206272,Hook_1498
0,2,2,12.192299366,12.104444504,15603136,7596746,31206272,Hook_1498
0,2,3,12.158707857,12.068758965,15603136,7596746,31206272,Hook_1498
0,2,4,12.182971954,12.099462509,15603136,7596746,31206272,Hook_1498
0,2,5,12.215039015,12.099099874,15603136,7596746,31206272,Hook_1498
0,2,6,12.200675488,12.117383480,15603136,7596746,31206272,Hook_1498
0,2,7,12.175271273,12.085668325,15603136,7596746,31206272,Hook_1498
0,2,8,12.184284925,12.105329275,15603136,7596746,31206272,Hook_1498
0,2,9,12.190313578,12.108330250,15603136,7596746,31206272,Hook_1498
1,4,0,9.476026773,9.338251829,7800863,5692751,15601726,Hook_1498
1,4,1,9.514315367,9.406682968,7800863,5692751,15601726,Hook_1498
1,4,2,9.600993156,9.484312296,7800863,5692751,15601726,Hook_1498
1,4,3,9.479009151,9.367261648,7800863,5692751,15601726,Hook_1498
1,4,4,9.686987400,9.557240963,7800863,5692751,15601726,Hook_1498
1,4,5,9.480818748,9.368236780,7800863,5692751,15601726,Hook_1498
1,4,6,9.617994308,9.506315947,7800863,5692751,15601726,Hook_1498
1,4,7,9.608013868,9.523544788,7800863,5692751,15601726,Hook_1498
1,4,8,9.558081627,9.496318579,7800863,5692751,15601726,Hook_1498
1,4,9,9.527016640,9.415273905,7800863,5692751,15601726,Hook_1498
0,4,0,9.461016655,9.359262943,7802548,5692709,15605096,Hook_1498
0,4,1,9.519558907,9.430592060,7802548,5692709,15605096,Hook_1498
0,4,2,9.594329357,9.498311758,7802548,5692709,15605096,Hook_1498
0,4,3,9.514020920,9.402253151,7802548,5692709,15605096,Hook_1498
0,4,4,9.728971004,9.613243580,7802548,5692709,15605096,Hook_1498
0,4,5,9.515220404,9.416289091,7802548,5692709,15605096,Hook_1498
0,4,6,9.639007092,9.527274609,7802548,5692709,15605096,Hook_1498
0,4,7,9.629017353,9.508275986,7802548,5692709,15605096,Hook_1498
0,4,8,9.692889452,9.631275177,7802548,5692709,15605096,Hook_1498
0,4,9,9.555017471,9.443272352,7802548,5692709,15605096,Hook_1498
2,4,0,9.499987841,9.404281139,7800588,5690589,15601176,Hook_1498
2,4,1,9.514005899,9.399333000,7800588,5690589,15601176,Hook_1498
2,4,2,9.600993872,9.491305590,7800588,5690589,15601176,Hook_1498
2,4,3,9.486004829,9.374321461,7800588,5690589,15601176,Hook_1498
2,4,4,9.715007067,9.634298801,7800588,5690589,15601176,Hook_1498
2,4,5,9.499518871,9.396797180,7800588,5690589,15601176,Hook_1498
2,4,6,9.597012520,9.485361576,7800588,5690589,15601176,Hook_1498
2,4,7,9.606196404,9.494333982,7800588,5690589,15601176,Hook_1498
2,4,8,9.560992002,9.475354433,7800588,5690589,15601176,Hook_1498
2,4,9,9.554992437,9.471361160,7800588,5690589,15601176,Hook_1498
3,4,0,9.472804546,9.390220881,7803735,5691972,15607470,Hook_1498
3,4,1,9.488064766,9.378241301,7803735,5691972,15607470,Hook_1498
3,4,2,9.581874847,9.463199139,7803735,5691972,15607470,Hook_1498
3,4,3,9.437005043,9.325226068,7803735,5691972,15607470,Hook_1498
3,4,4,9.676566124,9.592191935,7803735,5691972,15607470,Hook_1498
3,4,5,9.514714956,9.389254808,7803735,5691972,15607470,Hook_1498
3,4,6,9.590002537,9.478250027,7803735,5691972,15607470,Hook_1498
3,4,7,9.614982843,9.500232697,7803735,5691972,15607470,Hook_1498
3,4,8,9.666015387,9.582269430,7803735,5691972,15607470,Hook_1498
3,4,9,9.554989815,9.443210125,7803735,5691972,15607470,Hook_1498
5,8,0,4.388001680,4.324005842,3905099,3314954,7810198,Hook_1498
5,8,1,4.116005182,4.084004641,3905099,3314954,7810198,Hook_1498
5,8,2,4.432998180,4.305039883,3905099,3314954,7810198,Hook_1498
5,8,3,4.064007044,4.032061815,3905099,3314954,7810198,Hook_1498
5,8,4,4.383994341,4.320033073,3905099,3314954,7810198,Hook_1498
5,8,5,4.351992607,4.256000280,3905099,3314954,7810198,Hook_1498
5,8,6,4.672013283,4.608032942,3905099,3314954,7810198,Hook_1498
5,8,7,4.736021042,4.704035521,3905099,3314954,7810198,Hook_1498
5,8,8,4.736011744,4.640031576,3905099,3314954,7810198,Hook_1498
5,8,9,4.099136114,4.032035589,3905099,3314954,7810198,Hook_1498
3,8,0,4.396001816,4.332015038,3900463,3310430,7800926,Hook_1498
3,8,1,4.696001291,4.633039236,3900463,3310430,7800926,Hook_1498
3,8,2,4.452995777,4.356993675,3900463,3310430,7800926,Hook_1498
3,8,3,4.607989073,4.511996984,3900463,3310430,7800926,Hook_1498
3,8,4,4.064026594,4.032029390,3900463,3310430,7800926,Hook_1498
3,8,5,4.351997852,4.256033421,3900463,3310430,7800926,Hook_1498
3,8,6,4.223999977,4.160023689,3900463,3310430,7800926,Hook_1498
3,8,7,5.024010897,4.960019827,3900463,3310430,7800926,Hook_1498
3,8,8,4.288015842,4.256025791,3900463,3310430,7800926,Hook_1498
3,8,9,4.096005440,4.032022715,3900463,3310430,7800926,Hook_1498
0,8,0,4.379998922,4.284035444,3898612,3308781,7797224,Hook_1498
0,8,1,4.755997896,4.689039707,3898612,3308781,7797224,Hook_1498
0,8,2,4.701001644,4.669034004,3898612,3308781,7797224,Hook_1498
0,8,3,4.640018463,4.576057196,3898612,3308781,7797224,Hook_1498
0,8,4,4.448027849,4.384039164,3898612,3308781,7797224,Hook_1498
0,8,5,4.224022150,4.192017794,3898612,3308781,7797224,Hook_1498
0,8,6,4.706076384,4.672050476,3898612,3308781,7797224,Hook_1498
0,8,7,4.960017204,4.928053141,3898612,3308781,7797224,Hook_1498
0,8,8,4.768016338,4.704053164,3898612,3308781,7797224,Hook_1498
0,8,9,4.160018682,4.096041441,3898612,3308781,7797224,Hook_1498
6,8,0,4.315996885,4.251998425,3904396,3313720,7808792,Hook_1498
6,8,1,4.348006010,4.284024239,3904396,3313720,7808792,Hook_1498
6,8,2,4.452992201,4.325044155,3904396,3313720,7808792,Hook_1498
6,8,3,4.607986689,4.512016296,3904396,3313720,7808792,Hook_1498
6,8,4,4.383996487,4.288019180,3904396,3313720,7808792,Hook_1498
6,8,5,4.543990850,4.511993647,3904396,3313720,7808792,Hook_1498
6,8,6,4.000013113,3.968012810,3904396,3313720,7808792,Hook_1498
6,8,7,4.735996246,4.672019243,3904396,3313720,7808792,Hook_1498
6,8,8,4.707469702,4.640006304,3904396,3313720,7808792,Hook_1498
6,8,9,4.288011551,4.223996639,3904396,3313720,7808792,Hook_1498
2,8,0,4.700001478,4.636011362,3896192,3307151,7792384,Hook_1498
2,8,1,4.012016535,3.980002642,3896192,3307151,7792384,Hook_1498
2,8,2,4.480990648,4.384996891,3896192,3307151,7792384,Hook_1498
2,8,3,4.224406719,4.192062378,3896192,3307151,7792384,Hook_1498
2,8,4,4.642199755,4.608047485,3896192,3307151,7792384,Hook_1498
2,8,5,4.352488518,4.288036108,3896192,3307151,7792384,Hook_1498
2,8,6,4.159988165,4.064016104,3896192,3307151,7792384,Hook_1498
2,8,7,5.056005239,4.992031574,3896192,3307151,7792384,Hook_1498
2,8,8,4.515699863,4.480058193,3896192,3307151,7792384,Hook_1498
2,8,9,4.316002131,4.252012491,3896192,3307151,7792384,Hook_1498
1,8,0,4.700588226,4.668042660,3895764,3306649,7791528,Hook_1498
1,8,1,4.356050491,4.324043274,3895764,3306649,7791528,Hook_1498
1,8,2,4.469003201,4.404994965,3895764,3306649,7791528,Hook_1498
1,8,3,4.640023232,4.576008081,3895764,3306649,7791528,Hook_1498
1,8,4,4.415993690,4.320029020,3895764,3306649,7791528,Hook_1498
1,8,5,4.352007151,4.288008690,3895764,3306649,7791528,Hook_1498
1,8,6,4.160023928,4.096051931,3895764,3306649,7791528,Hook_1498
1,8,7,4.320016623,4.288008451,3895764,3306649,7791528,Hook_1498
1,8,8,4.480021954,4.416024208,3895764,3306649,7791528,Hook_1498
1,8,9,4.448012590,4.416033030,3895764,3306649,7791528,Hook_1498
7,8,0,4.352000475,4.287988186,3903272,3312570,7806544,Hook_1498
7,8,1,4.680748940,4.613005638,3903272,3312570,7806544,Hook_1498
7,8,2,4.636992455,4.573037386,3903272,3312570,7806544,Hook_1498
7,8,3,4.192008495,4.128035545,3903272,3312570,7806544,Hook_1498
7,8,4,4.608024836,4.544037580,3903272,3312570,7806544,Hook_1498
7,8,5,4.992006779,4.928015232,3903272,3312570,7806544,Hook_1498
7,8,6,4.096006155,4.032032967,3903272,3312570,7806544,Hook_1498
7,8,7,4.895991802,4.832033873,3903272,3312570,7806544,Hook_1498
7,8,8,4.384025574,4.352027893,3903272,3312570,7806544,Hook_1498
7,8,9,4.503994465,4.440020561,3903272,3312570,7806544,Hook_1498
4,8,0,4.448020697,4.384098291,3903936,3313492,7807872,Hook_1498
4,8,1,4.420003414,4.388046503,3903936,3313492,7807872,Hook_1498
4,8,2,4.445012093,4.349047422,3903936,3313492,7807872,Hook_1498
4,8,3,4.160007000,4.128031969,3903936,3313492,7807872,Hook_1498
4,8,4,4.224013090,4.192041874,3903936,3313492,7807872,Hook_1498
4,8,5,5.024008989,4.992040634,3903936,3313492,7807872,Hook_1498
4,8,6,4.256016493,4.192049980,3903936,3313492,7807872,Hook_1498
4,8,7,4.576002359,4.544039011,3903936,3313492,7807872,Hook_1498
4,8,8,4.735421658,4.668005228,3903936,3313492,7807872,Hook_1498
4,8,9,4.552011490,4.488050699,3903936,3313492,7807872,Hook_1498
4,16,0,1.535008669,1.471101284,1949220,1764802,3898440,Hook_1498
4,16,1,1.408005476,1.343996525,1949220,1764802,3898440,Hook_1498
4,16,2,1.280013084,1.216072083,1949220,1764802,3898440,Hook_1498
4,16,3,1.405999660,1.342065811,1949220,1764802,3898440,Hook_1498
4,16,4,1.026001692,0.958139658,1949220,1764802,3898440,Hook_1498
4,16,5,1.278016329,1.214045763,1949220,1764802,3898440,Hook_1498
4,16,6,1.730022192,1.666036367,1949220,1764802,3898440,Hook_1498
4,16,7,1.407018423,1.343043327,1949220,1764802,3898440,Hook_1498
4,16,8,1.597988367,1.470042706,1949220,1764802,3898440,Hook_1498
4,16,9,1.280004263,1.216037273,1949220,1764802,3898440,Hook_1498
7,16,0,1.535002470,1.471002340,1952183,1766826,3904366,Hook_1498
7,16,1,1.535996675,1.472010136,1952183,1766826,3904366,Hook_1498
7,16,2,1.216012716,1.152069807,1952183,1766826,3904366,Hook_1498
7,16,3,1.341990948,1.278028488,1952183,1766826,3904366,Hook_1498
7,16,4,1.154016972,1.090040207,1952183,1766826,3904366,Hook_1498
7,16,5,1.326015472,1.261998653,1952183,1766826,3904366,Hook_1498
7,16,6,1.334007502,1.269998074,1952183,1766826,3904366,Hook_1498
7,16,7,1.471004725,1.407006025,1952183,1766826,3904366,Hook_1498
7,16,8,1.569984913,1.442033291,1952183,1766826,3904366,Hook_1498
7,16,9,1.216012955,1.152037621,1952183,1766826,3904366,Hook_1498
3,16,0,1.279012203,1.215090275,1947798,1763230,3895596,Hook_1498
3,16,1,1.408019066,1.344056606,1947798,1763230,3895596,Hook_1498
3,16,2,1.408007145,1.344015121,1947798,1763230,3895596,Hook_1498
3,16,3,1.277982235,1.151002884,1947798,1763230,3895596,Hook_1498
3,16,4,1.405997276,1.338018894,1947798,1763230,3895596,Hook_1498
3,16,5,1.414008379,1.350154638,1947798,1763230,3895596,Hook_1498
3,16,6,1.730010509,1.666059971,1947798,1763230,3895596,Hook_1498
3,16,7,1.539002657,1.475085735,1947798,1763230,3895596,Hook_1498
3,16,8,1.537041664,1.470064640,1947798,1763230,3895596,Hook_1498
3,16,9,1.343006611,1.280043602,1947798,1763230,3895596,Hook_1498
8,16,0,1.538990021,1.475029469,1950028,1764762,3900056,Hook_1498
8,16,1,1.729012966,1.664040327,1950028,1764762,3900056,Hook_1498
8,16,2,1.664026976,1.600084066,1950028,1764762,3900056,Hook_1498
8,16,3,1.470019579,1.406019449,1950028,1764762,3900056,Hook_1498
8,16,4,1.346011162,1.282088757,1950028,1764762,3900056,Hook_1498
8,16,5,1.405999184,1.342031002,1950028,1764762,3900056,Hook_1498
8,16,6,1.278026104,1.214078188,1950028,1764762,3900056,Hook_1498
8,16,7,1.535001993,1.471022367,1950028,1764762,3900056,Hook_1498
8,16,8,1.477006674,1.413029909,1950028,1764762,3900056,Hook_1498
8,16,9,1.407003164,1.343091726,1950028,1764762,3900056,Hook_1498
13,16,0,1.470999241,1.406996012,1954271,1769120,3908542,Hook_1498
13,16,1,1.215999126,1.152110338,1954271,1769120,3908542,Hook_1498
13,16,2,1.152012825,1.088083982,1954271,1769120,3908542,Hook_1498
13,16,3,1.277991772,1.151005268,1954271,1769120,3908542,Hook_1498
13,16,4,1.218012810,1.154015064,1954271,1769120,3908542,Hook_1498
13,16,5,1.154027700,1.090073824,1954271,1769120,3908542,Hook_1498
13,16,6,1.390022993,1.326049089,1954271,1769120,3908542,Hook_1498
13,16,7,1.599001408,1.535083294,1954271,1769120,3908542,Hook_1498
13,16,8,1.533989668,1.406003952,1954271,1769120,3908542,Hook_1498
13,16,9,1.343023300,1.279060841,1954271,1769120,3908542,Hook_1498
0,16,0,1.535010099,1.471060514,1948584,1763661,3897168,Hook_1498
0,16,1,1.793028831,1.728068113,1948584,1763661,3897168,Hook_1498
0,16,2,1.536027670,1.472054720,1948584,1763661,3897168,Hook_1498
0,16,3,1.406033039,1.343030453,1948584,1763661,3897168,Hook_1498
0,16,4,1.410002708,1.274084806,1948584,1763661,3897168,Hook_1498
0,16,5,1.538017988,1.474060297,1948584,1763661,3897168,Hook_1498
0,16,6,1.922029734,1.858063221,1948584,1763661,3897168,Hook_1498
0,16,7,1.535029888,1.471043348,1948584,1763661,3897168,Hook_1498
0,16,8,1.660995483,1.533019066,1948584,1763661,3897168,Hook_1498
0,16,9,1.471016169,1.407103539,1948584,1763661,3897168,Hook_1498
12,16,0,1.266990185,1.203027487,1954716,1769513,3909432,Hook_1498
12,16,1,1.343999147,1.280048609,1954716,1769513,3909432,Hook_1498
12,16,2,1.408008814,1.344173431,1954716,1769513,3909432,Hook_1498
12,16,3,1.470023394,1.406039476,1954716,1769513,3909432,Hook_1498
12,16,4,1.026022673,0.962050915,1954716,1769513,3909432,Hook_1498
12,16,5,1.470015526,1.406025887,1954716,1769513,3909432,Hook_1498
12,16,6,1.278016567,1.214123249,1954716,1769513,3909432,Hook_1498
12,16,7,1.727022886,1.663029909,1954716,1769513,3909432,Hook_1498
12,16,8,1.282005787,1.218064785,1954716,1769513,3909432,Hook_1498
12,16,9,1.386994839,1.280066490,1954716,1769513,3909432,Hook_1498
15,16,0,1.406995058,1.343059301,1951089,1766056,3902178,Hook_1498
15,16,1,1.472008944,1.408037663,1951089,1766056,3902178,Hook_1498
15,16,2,1.343993425,1.216016531,1951089,1766056,3902178,Hook_1498
15,16,3,1.221995354,1.091044664,1951089,1766056,3902178,Hook_1498
15,16,4,1.026024818,0.962093115,1951089,1766056,3902178,Hook_1498
15,16,5,1.406018734,1.342003822,1951089,1766056,3902178,Hook_1498
15,16,6,1.278022766,1.214016914,1951089,1766056,3902178,Hook_1498
15,16,7,1.727017879,1.663014889,1951089,1766056,3902178,Hook_1498
15,16,8,1.537979603,1.410003424,1951089,1766056,3902178,Hook_1498
15,16,9,1.347005367,1.216038227,1951089,1766056,3902178,Hook_1498
5,16,0,1.407012463,1.343039036,1950828,1766242,3901656,Hook_1498
5,16,1,1.344017267,1.280098677,1950828,1766242,3901656,Hook_1498
5,16,2,1.088006735,1.024136782,1950828,1766242,3901656,Hook_1498
5,16,3,1.195017576,1.131049633,1950828,1766242,3901656,Hook_1498
5,16,4,1.345992088,1.218056917,1950828,1766242,3901656,Hook_1498
5,16,5,1.585994482,1.522024632,1950828,1766242,3901656,Hook_1498
5,16,6,1.922002077,1.858013630,1950828,1766242,3901656,Hook_1498
5,16,7,1.471007109,1.407048464,1950828,1766242,3901656,Hook_1498
5,16,8,1.597991467,1.470053434,1950828,1766242,3901656,Hook_1498
5,16,9,1.459021330,1.407541275,1950828,1766242,3901656,Hook_1498
11,16,0,1.214991331,1.151262999,1952665,1767421,3905330,Hook_1498
11,16,1,1.472023249,1.408040524,1952665,1767421,3905330,Hook_1498
11,16,2,1.536017895,1.472060442,1952665,1767421,3905330,Hook_1498
11,16,3,1.542014837,1.478056669,1952665,1767421,3905330,Hook_1498
11,16,4,1.345998287,1.218047857,1952665,1767421,3905330,Hook_1498
11,16,5,1.534022570,1.470023632,1952665,1767421,3905330,Hook_1498
11,16,6,1.662011862,1.598056316,1952665,1767421,3905330,Hook_1498
11,16,7,1.919025898,1.855051279,1952665,1767421,3905330,Hook_1498
11,16,8,1.346009016,1.218019724,1952665,1767421,3905330,Hook_1498
11,16,9,1.475007772,1.411084175,1952665,1767421,3905330,Hook_1498
9,16,0,1.279017448,1.215049028,1949619,1764519,3899238,Hook_1498
9,16,1,1.725005865,1.661033392,1949619,1764519,3899238,Hook_1498
9,16,2,1.536014080,1.472017050,1949619,1764519,3899238,Hook_1498
9,16,3,1.349995852,1.219055891,1949619,1764519,3899238,Hook_1498
9,16,4,1.346005917,1.282004356,1949619,1764519,3899238,Hook_1498
9,16,5,1.534015894,1.470010281,1949619,1764519,3899238,Hook_1498
9,16,6,1.278012753,1.214021921,1949619,1764519,3899238,Hook_1498
9,16,7,1.855004787,1.791162491,1949619,1764519,3899238,Hook_1498
9,16,8,1.346000910,1.218090773,1949619,1764519,3899238,Hook_1498
9,16,9,1.479029894,1.415021420,1949619,1764519,3899238,Hook_1498
2,16,0,1.346990347,1.282995224,1946169,1761720,3892338,Hook_1498
2,16,1,1.408010483,1.344008207,1946169,1761720,3892338,Hook_1498
2,16,2,1.280034781,1.216036081,1946169,1761720,3892338,Hook_1498
2,16,3,1.406023979,1.342024088,1946169,1761720,3892338,Hook_1498
2,16,4,1.278002262,1.214062214,1946169,1761720,3892338,Hook_1498
2,16,5,1.662016869,1.598038912,1946169,1761720,3892338,Hook_1498
2,16,6,1.666026115,1.602043629,1946169,1761720,3892338,Hook_1498
2,16,7,1.919019699,1.855019808,1946169,1761720,3892338,Hook_1498
2,16,8,1.461019516,1.397074938,1946169,1761720,3892338,Hook_1498
2,16,9,1.542038679,1.475120306,1946169,1761720,3892338,Hook_1498
14,16,0,1.598999739,1.535001993,1953268,1768309,3906536,Hook_1498
14,16,1,1.536018610,1.472054958,1953268,1768309,3906536,Hook_1498
14,16,2,1.408035517,1.344019651,1953268,1768309,3906536,Hook_1498
14,16,3,1.155022621,1.091065645,1953268,1768309,3906536,Hook_1498
14,16,4,1.282013416,1.218047619,1953268,1768309,3906536,Hook_1498
14,16,5,1.281995535,1.218048334,1953268,1768309,3906536,Hook_1498
14,16,6,1.534018993,1.470003843,1953268,1768309,3906536,Hook_1498
14,16,7,1.587015629,1.523002625,1953268,1768309,3906536,Hook_1498
14,16,8,1.533982754,1.406007051,1953268,1768309,3906536,Hook_1498
14,16,9,1.467004061,1.403040171,1953268,1768309,3906536,Hook_1498
1,16,0,1.730993032,1.667047739,1946145,1761706,3892290,Hook_1498
1,16,1,1.536015511,1.472046375,1946145,1761706,3892290,Hook_1498
1,16,2,1.473031282,1.408045769,1946145,1761706,3892290,Hook_1498
1,16,3,1.469998598,1.406073570,1946145,1761706,3892290,Hook_1498
1,16,4,1.174021244,1.110128403,1946145,1761706,3892290,Hook_1498
1,16,5,1.285991907,1.221995115,1946145,1761706,3892290,Hook_1498
1,16,6,1.858020306,1.793997526,1946145,1761706,3892290,Hook_1498
1,16,7,1.731021643,1.667037249,1946145,1761706,3892290,Hook_1498
1,16,8,1.342004061,1.278015137,1946145,1761706,3892290,Hook_1498
1,16,9,1.531012535,1.467010975,1946145,1761706,3892290,Hook_1498
6,16,0,1.406985760,1.343019962,1951128,1766131,3902256,Hook_1498
6,16,1,1.661007643,1.600042105,1951128,1766131,3902256,Hook_1498
6,16,2,1.408031225,1.344060421,1951128,1766131,3902256,Hook_1498
6,16,3,1.283009768,1.219078302,1951128,1766131,3902256,Hook_1498
6,16,4,1.345990419,1.218060970,1951128,1766131,3902256,Hook_1498
6,16,5,1.405988932,1.341992140,1951128,1766131,3902256,Hook_1498
6,16,6,1.662009716,1.597998857,1951128,1766131,3902256,Hook_1498
6,16,7,1.791013956,1.727015257,1951128,1766131,3902256,Hook_1498
6,16,8,1.602007389,1.538024902,1951128,1766131,3902256,Hook_1498
6,16,9,1.599018335,1.535015345,1951128,1766131,3902256,Hook_1498
10,16,0,1.407015085,1.343063354,1950023,1764878,3900046,Hook_1498
10,16,1,1.536002159,1.472006321,1950023,1764878,3900046,Hook_1498
10,16,2,1.600024223,1.536053658,1950023,1764878,3900046,Hook_1498
10,16,3,1.342000246,1.215041161,1950023,1764878,3900046,Hook_1498
10,16,4,1.474006653,1.410047531,1950023,1764878,3900046,Hook_1498
10,16,5,1.282014370,1.218051195,1950023,1764878,3900046,Hook_1498
10,16,6,1.598004818,1.534014702,1950023,1764878,3900046,Hook_1498
10,16,7,1.662992001,1.599012136,1950023,1764878,3900046,Hook_1498
10,16,8,1.342005730,1.278030872,1950023,1764878,3900046,Hook_1498
10,16,9,1.666998625,1.603013992,1950023,1764878,3900046,Hook_1498
31,32,0,0.265794516,0.263158083,974654,906594,1949308,Hook_1498
31,32,1,0.349158525,0.345662832,974654,906594,1949308,Hook_1498
31,32,2,0.354011297,0.351365566,974654,906594,1949308,Hook_1498
31,32,3,0.270979404,0.263053417,974654,906594,1949308,Hook_1498
31,32,4,0.270368814,0.267586231,974654,906594,1949308,Hook_1498
31,32,5,0.358379841,0.352036715,974654,906594,1949308,Hook_1498
31,32,6,0.272239208,0.269383907,974654,906594,1949308,Hook_1498
31,32,7,0.267456770,0.264799118,974654,906594,1949308,Hook_1498
31,32,8,0.267151356,0.264059544,974654,906594,1949308,Hook_1498
31,32,9,0.180849075,0.178270340,974654,906594,1949308,Hook_1498
29,32,0,0.354637623,0.351155996,977034,909024,1954068,Hook_1498
29,32,1,0.386925220,0.384331942,977034,909024,1954068,Hook_1498
29,32,2,0.353683949,0.351041317,977034,909024,1954068,Hook_1498
29,32,3,0.358990192,0.351054430,977034,909024,1954068,Hook_1498
29,32,4,0.269626141,0.266992569,977034,909024,1954068,Hook_1498
29,32,5,0.354649305,0.352030993,977034,909024,1954068,Hook_1498
29,32,6,0.362922430,0.354187727,977034,909024,1954068,Hook_1498
29,32,7,0.442734957,0.440087080,977034,909024,1954068,Hook_1498
29,32,8,0.355140924,0.352072477,977034,909024,1954068,Hook_1498
29,32,9,0.269253731,0.264098167,977034,909024,1954068,Hook_1498
30,32,0,0.354843855,0.351146460,974854,906909,1949708,Hook_1498
30,32,1,0.363987207,0.355349302,974854,906909,1949708,Hook_1498
30,32,2,0.356216908,0.353198290,974854,906909,1949708,Hook_1498
30,32,3,0.268447638,0.265841961,974854,906909,1949708,Hook_1498
30,32,4,0.354623556,0.351999283,974854,906909,1949708,Hook_1498
30,32,5,0.355804682,0.352010965,974854,906909,1949708,Hook_1498
30,32,6,0.359980345,0.353768826,974854,906909,1949708,Hook_1498
30,32,7,0.270213127,0.267587423,974854,906909,1949708,Hook_1498
30,32,8,0.266667604,0.264065981,974854,906909,1949708,Hook_1498
30,32,9,0.267886639,0.264224529,974854,906909,1949708,Hook_1498
28,32,0,0.445775270,0.442488670,976739,908731,1953478,Hook_1498
28,32,1,0.450948477,0.445122480,976739,908731,1953478,Hook_1498
28,32,2,0.357946634,0.355362177,976739,908731,1953478,Hook_1498
28,32,3,0.358162642,0.355149746,976739,908731,1953478,Hook_1498
28,32,4,0.356781721,0.354170084,976739,908731,1953478,Hook_1498
28,32,5,0.440135002,0.437027693,976739,908731,1953478,Hook_1498
28,32,6,0.447979450,0.440715790,976739,908731,1953478,Hook_1498
28,32,7,0.358971596,0.355612516,976739,908731,1953478,Hook_1498
28,32,8,0.355268955,0.352404833,976739,908731,1953478,Hook_1498
28,32,9,0.356220961,0.353104353,976739,908731,1953478,Hook_1498
25,32,0,0.444048405,0.439021111,975638,907607,1951276,Hook_1498
25,32,1,0.449994564,0.442203045,975638,907607,1951276,Hook_1498
25,32,2,0.442483425,0.439817190,975638,907607,1951276,Hook_1498
25,32,3,0.359294176,0.351289988,975638,907607,1951276,Hook_1498
25,32,4,0.442685127,0.440027952,975638,907607,1951276,Hook_1498
25,32,5,0.344370365,0.341784954,975638,907607,1951276,Hook_1498
25,32,6,0.447989941,0.440309048,975638,907607,1951276,Hook_1498
25,32,7,0.357049704,0.353820801,975638,907607,1951276,Hook_1498
25,32,8,0.355218649,0.352199078,975638,907607,1951276,Hook_1498
25,32,9,0.359852314,0.355989695,975638,907607,1951276,Hook_1498
0,32,0,0.579001427,0.483057737,972745,904793,1945490,Hook_1498
0,32,1,0.766959906,0.575031757,972745,904793,1945490,Hook_1498
0,32,2,0.671962976,0.480175495,972745,904793,1945490,Hook_1498
0,32,3,0.672950029,0.482094526,972745,904793,1945490,Hook_1498
0,32,4,0.550982952,0.455692291,972745,904793,1945490,Hook_1498
0,32,5,0.579960585,0.385338545,972745,904793,1945490,Hook_1498
0,32,6,0.671977758,0.576076984,972745,904793,1945490,Hook_1498
0,32,7,0.575967789,0.481071472,972745,904793,1945490,Hook_1498
0,32,8,0.577985287,0.480911732,972745,904793,1945490,Hook_1498
0,32,9,0.480990410,0.386998653,972745,904793,1945490,Hook_1498
27,32,0,0.444037437,0.439096689,976861,908765,1953722,Hook_1498
27,32,1,0.451036215,0.445295334,976861,908765,1953722,Hook_1498
27,32,2,0.361266136,0.358316898,976861,908765,1953722,Hook_1498
27,32,3,0.357135773,0.353981972,976861,908765,1953722,Hook_1498
27,32,4,0.357827902,0.354070663,976861,908765,1953722,Hook_1498
27,32,5,0.451729774,0.448022842,976861,908765,1953722,Hook_1498
27,32,6,0.447984219,0.440031767,976861,908765,1953722,Hook_1498
27,32,7,0.356560469,0.352024555,976861,908765,1953722,Hook_1498
27,32,8,0.355157852,0.352027893,976861,908765,1953722,Hook_1498
27,32,9,0.360980034,0.355051041,976861,908765,1953722,Hook_1498
24,32,0,0.441935778,0.439346075,974932,906755,1949864,Hook_1498
24,32,1,0.538597584,0.531837463,974932,906755,1949864,Hook_1498
24,32,2,0.530899286,0.527171850,974932,906755,1949864,Hook_1498
24,32,3,0.446974993,0.439069510,974932,906755,1949864,Hook_1498
24,32,4,0.531833172,0.528026581,974932,906755,1949864,Hook_1498
24,32,5,0.529552460,0.525026321,974932,906755,1949864,Hook_1498
24,32,6,0.535989046,0.528194904,974932,906755,1949864,Hook_1498
24,32,7,0.531701088,0.529066324,974932,906755,1949864,Hook_1498
24,32,8,0.443156481,0.440081835,974932,906755,1949864,Hook_1498
24,32,9,0.447988749,0.442706347,974932,906755,1949864,Hook_1498
26,32,0,0.529691935,0.527027369,975357,907363,1950714,Hook_1498
26,32,1,0.433658838,0.431029081,975357,907363,1950714,Hook_1498
26,32,2,0.444735289,0.442099094,975357,907363,1950714,Hook_1498
26,32,3,0.446980238,0.439058304,975357,907363,1950714,Hook_1498
26,32,4,0.442710876,0.440060616,975357,907363,1950714,Hook_1498
26,32,5,0.528154850,0.525022507,975357,907363,1950714,Hook_1498
26,32,6,0.446426868,0.443727016,975357,907363,1950714,Hook_1498
26,32,7,0.532528639,0.528024197,975357,907363,1950714,Hook_1498
26,32,8,0.443162203,0.440052032,975357,907363,1950714,Hook_1498
26,32,9,0.447985888,0.442130804,975357,907363,1950714,Hook_1498
3,32,0,0.577020407,0.481046915,973651,905688,1947302,Hook_1498
3,32,1,0.575007200,0.479049444,973651,905688,1947302,Hook_1498
3,32,2,0.671993732,0.480087042,973651,905688,1947302,Hook_1498
3,32,3,0.481025219,0.387371540,973651,905688,1947302,Hook_1498
3,32,4,0.671993017,0.480319738,973651,905688,1947302,Hook_1498
3,32,5,0.479000568,0.385624647,973651,905688,1947302,Hook_1498
3,32,6,0.575986385,0.384047985,973651,905688,1947302,Hook_1498
3,32,7,0.480006695,0.384808779,973651,905688,1947302,Hook_1498
3,32,8,0.579991817,0.384056091,973651,905688,1947302,Hook_1498
3,32,9,0.481008291,0.384065151,973651,905688,1947302,Hook_1498
4,32,0,0.579032421,0.483149290,973707,905877,1947414,Hook_1498
4,32,1,0.766989470,0.575043678,973707,905877,1947414,Hook_1498
4,32,2,0.480003119,0.384652376,973707,905877,1947414,Hook_1498
4,32,3,0.672996998,0.481358767,973707,905877,1947414,Hook_1498
4,32,4,0.572004795,0.476073265,973707,905877,1947414,Hook_1498
4,32,5,0.567994595,0.385788918,973707,905877,1947414,Hook_1498
4,32,6,0.672001839,0.576099396,973707,905877,1947414,Hook_1498
4,32,7,0.576029062,0.480188131,973707,905877,1947414,Hook_1498
4,32,8,0.576041460,0.480301380,973707,905877,1947414,Hook_1498
4,32,9,0.577042341,0.481083393,973707,905877,1947414,Hook_1498
22,32,0,0.672971249,0.480995655,975962,907630,1951924,Hook_1498
22,32,1,0.671997786,0.576006889,975962,907630,1951924,Hook_1498
22,32,2,0.480021238,0.384017229,975962,907630,1951924,Hook_1498
22,32,3,0.573009253,0.477014780,975962,907630,1951924,Hook_1498
22,32,4,0.507987976,0.387008429,975962,907630,1951924,Hook_1498
22,32,5,0.383026838,0.289742231,975962,907630,1951924,Hook_1498
22,32,6,0.575983763,0.384234190,975962,907630,1951924,Hook_1498
22,32,7,0.576006889,0.480058670,975962,907630,1951924,Hook_1498
22,32,8,0.479992867,0.384160757,975962,907630,1951924,Hook_1498
22,32,9,0.480013609,0.384104252,975962,907630,1951924,Hook_1498
7,32,0,0.577014923,0.481100559,976100,907979,1952200,Hook_1498
7,32,1,0.576021194,0.480044127,976100,907979,1952200,Hook_1498
7,32,2,0.384011269,0.289663315,976100,907979,1952200,Hook_1498
7,32,3,0.477003098,0.381274462,976100,907979,1952200,Hook_1498
7,32,4,0.480019808,0.384181976,976100,907979,1952200,Hook_1498
7,32,5,0.499983311,0.290193796,976100,907979,1952200,Hook_1498
7,32,6,0.384010553,0.288117886,976100,907979,1952200,Hook_1498
7,32,7,0.672021866,0.576074839,976100,907979,1952200,Hook_1498
7,32,8,0.384015322,0.288059235,976100,907979,1952200,Hook_1498
7,32,9,0.480010271,0.384064674,976100,907979,1952200,Hook_1498
6,32,0,0.674989700,0.579101562,975166,907255,1950332,Hook_1498
6,32,1,0.671001196,0.575073481,975166,907255,1950332,Hook_1498
6,32,2,0.480017662,0.384293795,975166,907255,1950332,Hook_1498
6,32,3,0.672990084,0.481523991,975166,907255,1950332,Hook_1498
6,32,4,0.576017380,0.480053902,975166,907255,1950332,Hook_1498
6,32,5,0.571988106,0.385384083,975166,907255,1950332,Hook_1498
6,32,6,0.480006933,0.384149313,975166,907255,1950332,Hook_1498
6,32,7,0.672011852,0.576066256,975166,907255,1950332,Hook_1498
6,32,8,0.480005264,0.384052753,975166,907255,1950332,Hook_1498
6,32,9,0.577001095,0.481051922,975166,907255,1950332,Hook_1498
11,32,0,0.476985455,0.381080866,975804,907729,1951608,Hook_1498
11,32,1,0.576004982,0.480060577,975804,907729,1951608,Hook_1498
11,32,2,0.480000734,0.384053230,975804,907729,1951608,Hook_1498
11,32,3,0.480028391,0.384063959,975804,907729,1951608,Hook_1498
11,32,4,0.480007887,0.384186983,975804,907729,1951608,Hook_1498
11,32,5,0.476019144,0.383012772,975804,907729,1951608,Hook_1498
11,32,6,0.480002403,0.384009361,975804,907729,1951608,Hook_1498
11,32,7,0.384006739,0.288120508,975804,907729,1951608,Hook_1498
11,32,8,0.384015322,0.288014412,975804,907729,1951608,Hook_1498
11,32,9,0.384012699,0.288033724,975804,907729,1951608,Hook_1498
14,32,0,0.481001616,0.385089397,978414,910237,1956828,Hook_1498
14,32,1,0.383999348,0.288090944,978414,910237,1956828,Hook_1498
14,32,2,0.384015083,0.288161516,978414,910237,1956828,Hook_1498
14,32,3,0.479998827,0.288116455,978414,910237,1956828,Hook_1498
14,32,4,0.479990005,0.288612366,978414,910237,1956828,Hook_1498
14,32,5,0.547990084,0.360556364,978414,910237,1956828,Hook_1498
14,32,6,0.479985476,0.384028912,978414,910237,1956828,Hook_1498
14,32,7,0.575997353,0.480057478,978414,910237,1956828,Hook_1498
14,32,8,0.479995728,0.289381981,978414,910237,1956828,Hook_1498
14,32,9,0.479993820,0.289648056,978414,910237,1956828,Hook_1498
1,32,0,0.579027653,0.483119965,972927,904955,1945854,Hook_1498
1,32,1,0.766993284,0.575075388,972927,904955,1945854,Hook_1498
1,32,2,0.667998075,0.476209641,972927,904955,1945854,Hook_1498
1,32,3,0.672997952,0.481064558,972927,904955,1945854,Hook_1498
1,32,4,0.671994448,0.479680777,972927,904955,1945854,Hook_1498
1,32,5,0.482999563,0.385210276,972927,904955,1945854,Hook_1498
1,32,6,0.576006413,0.480159998,972927,904955,1945854,Hook_1498
1,32,7,0.483794928,0.385564804,972927,904955,1945854,Hook_1498
1,32,8,0.575995922,0.386574030,972927,904955,1945854,Hook_1498
1,32,9,0.577004433,0.387969732,972927,904955,1945854,Hook_1498
2,32,0,0.575000048,0.479110479,972581,904745,1945162,Hook_1498
2,32,1,0.766990900,0.575060606,972581,904745,1945162,Hook_1498
2,32,2,0.671989441,0.480202913,972581,904745,1945162,Hook_1498
2,32,3,0.672993660,0.481700420,972581,904745,1945162,Hook_1498
2,32,4,0.671996117,0.481588364,972581,904745,1945162,Hook_1498
2,32,5,0.483016729,0.389311552,972581,904745,1945162,Hook_1498
2,32,6,0.575981855,0.384267092,972581,904745,1945162,Hook_1498
2,32,7,0.480000019,0.384180069,972581,904745,1945162,Hook_1498
2,32,8,0.575990200,0.386142731,972581,904745,1945162,Hook_1498
2,32,9,0.577000141,0.387376547,972581,904745,1945162,Hook_1498
5,32,0,0.571004629,0.475139380,974330,906534,1948660,Hook_1498
5,32,1,0.671995640,0.480052710,974330,906534,1948660,Hook_1498
5,32,2,0.484015226,0.388180494,974330,906534,1948660,Hook_1498
5,32,3,0.672998428,0.481055737,974330,906534,1948660,Hook_1498
5,32,4,0.575987101,0.385176659,974330,906534,1948660,Hook_1498
5,32,5,0.482997656,0.393180132,974330,906534,1948660,Hook_1498
5,32,6,0.480002403,0.384181976,974330,906534,1948660,Hook_1498
5,32,7,0.480003119,0.384220123,974330,906534,1948660,Hook_1498
5,32,8,0.575988293,0.384386778,974330,906534,1948660,Hook_1498
5,32,9,0.576992512,0.386906385,974330,906534,1948660,Hook_1498
10,32,0,0.572988272,0.477039576,974666,906565,1949332,Hook_1498
10,32,1,0.667990685,0.476067781,974666,906565,1949332,Hook_1498
10,32,2,0.480000734,0.384146929,974666,906565,1949332,Hook_1498
10,32,3,0.481003523,0.385105133,974666,906565,1949332,Hook_1498
10,32,4,0.575997591,0.384604216,974666,906565,1949332,Hook_1498
10,32,5,0.572000504,0.479018927,974666,906565,1949332,Hook_1498
10,32,6,0.480017185,0.384143829,974666,906565,1949332,Hook_1498
10,32,7,0.576014757,0.480052471,974666,906565,1949332,Hook_1498
10,32,8,0.479989529,0.288180590,974666,906565,1949332,Hook_1498
10,32,9,0.480015755,0.288197994,974666,906565,1949332,Hook_1498
15,32,0,0.383991480,0.288137197,976435,908276,1952870,Hook_1498
15,32,1,0.383998394,0.288441658,976435,908276,1952870,Hook_1498
15,32,2,0.383985758,0.287988663,976435,908276,1952870,Hook_1498
15,32,3,0.383991480,0.192620039,976435,908276,1952870,Hook_1498
15,32,4,0.385006428,0.289082766,976435,908276,1952870,Hook_1498
15,32,5,0.479993582,0.292465448,976435,908276,1952870,Hook_1498
15,32,6,0.480011463,0.384107590,976435,908276,1952870,Hook_1498
15,32,7,0.480005741,0.384065151,976435,908276,1952870,Hook_1498
15,32,8,0.479989290,0.288192272,976435,908276,1952870,Hook_1498
15,32,9,0.480019093,0.384177923,976435,908276,1952870,Hook_1498
16,32,0,0.672992468,0.577063560,975839,907720,1951678,Hook_1498
16,32,1,0.671003819,0.575063705,975839,907720,1951678,Hook_1498
16,32,2,0.576018810,0.480265141,975839,907720,1951678,Hook_1498
16,32,3,0.673000097,0.481152534,975839,907720,1951678,Hook_1498
16,32,4,0.671995401,0.480900764,975839,907720,1951678,Hook_1498
16,32,5,0.575994015,0.388818979,975839,907720,1951678,Hook_1498
16,32,6,0.672031641,0.576241016,975839,907720,1951678,Hook_1498
16,32,7,0.576004505,0.480011463,975839,907720,1951678,Hook_1498
16,32,8,0.576010466,0.480136871,975839,907720,1951678,Hook_1498
16,32,9,0.577000141,0.385285378,975839,907720,1951678,Hook_1498
18,32,0,0.677002430,0.581038713,973588,905772,1947176,Hook_1498
18,32,1,0.671010733,0.575047493,973588,905772,1947176,Hook_1498
18,32,2,0.576007128,0.480112791,973588,905772,1947176,Hook_1498
18,32,3,0.577015400,0.481076717,973588,905772,1947176,Hook_1498
18,32,4,0.671988010,0.480636120,973588,905772,1947176,Hook_1498
18,32,5,0.479015827,0.384827852,973588,905772,1947176,Hook_1498
18,32,6,0.671983004,0.480154514,973588,905772,1947176,Hook_1498
18,32,7,0.480007410,0.384249687,973588,905772,1947176,Hook_1498
18,32,8,0.575992584,0.384082556,973588,905772,1947176,Hook_1498
18,32,9,0.575982094,0.384213924,973588,905772,1947176,Hook_1498
13,32,0,0.481013298,0.385044813,977237,909137,1954474,Hook_1498
13,32,1,0.480010509,0.384041071,977237,909137,1954474,Hook_1498
13,32,2,0.384014845,0.288097858,977237,909137,1954474,Hook_1498
13,32,3,0.384004593,0.288048506,977237,909137,1954474,Hook_1498
13,32,4,0.479978085,0.287192106,977237,909137,1954474,Hook_1498
13,32,5,0.478997946,0.384874582,977237,909137,1954474,Hook_1498
13,32,6,0.575981140,0.384245157,977237,909137,1954474,Hook_1498
13,32,7,0.575990677,0.480121613,977237,909137,1954474,Hook_1498
13,32,8,0.475992441,0.288068295,977237,909137,1954474,Hook_1498
13,32,9,0.479995966,0.288137913,977237,909137,1954474,Hook_1498
19,32,0,0.577001095,0.481056213,974147,906298,1948294,Hook_1498
19,32,1,0.671992064,0.576022625,974147,906298,1948294,Hook_1498
19,32,2,0.576010227,0.480037689,974147,906298,1948294,Hook_1498
19,32,3,0.573003054,0.477112293,974147,906298,1948294,Hook_1498
19,32,4,0.578010798,0.480046988,974147,906298,1948294,Hook_1498
19,32,5,0.468914986,0.383080482,974147,906298,1948294,Hook_1498
19,32,6,0.671983242,0.480129719,974147,906298,1948294,Hook_1498
19,32,7,0.576026678,0.480016708,974147,906298,1948294,Hook_1498
19,32,8,0.575995684,0.384061813,974147,906298,1948294,Hook_1498
19,32,9,0.571998358,0.384170294,974147,906298,1948294,Hook_1498
21,32,0,0.597012758,0.501001835,976498,908510,1952996,Hook_1498
21,32,1,0.671988487,0.480026484,976498,908510,1952996,Hook_1498
21,32,2,0.384022474,0.288165808,976498,908510,1952996,Hook_1498
21,32,3,0.480997324,0.385016680,976498,908510,1952996,Hook_1498
21,32,4,0.479993582,0.288352489,976498,908510,1952996,Hook_1498
21,32,5,0.387001038,0.292495966,976498,908510,1952996,Hook_1498
21,32,6,0.576010227,0.480055809,976498,908510,1952996,Hook_1498
21,32,7,0.384013653,0.288361073,976498,908510,1952996,Hook_1498
21,32,8,0.479988575,0.288176060,976498,908510,1952996,Hook_1498
21,32,9,0.479994535,0.384042263,976498,908510,1952996,Hook_1498
20,32,0,0.672995567,0.577000141,975513,907386,1951026,Hook_1498
20,32,1,0.675019741,0.579027176,975513,907386,1951026,Hook_1498
20,32,2,0.575985670,0.384020090,975513,907386,1951026,Hook_1498
20,32,3,0.576032639,0.477026224,975513,907386,1951026,Hook_1498
20,32,4,0.575989246,0.383025646,975513,907386,1951026,Hook_1498
20,32,5,0.478998423,0.385091543,975513,907386,1951026,Hook_1498
20,32,6,0.671988249,0.480129004,975513,907386,1951026,Hook_1498
20,32,7,0.480019093,0.384154081,975513,907386,1951026,Hook_1498
20,32,8,0.575992346,0.384067774,975513,907386,1951026,Hook_1498
20,32,9,0.575995922,0.385997772,975513,907386,1951026,Hook_1498
17,32,0,0.673004627,0.577024221,973218,905425,1946436,Hook_1498
17,32,1,0.674989700,0.579052210,973218,905425,1946436,Hook_1498
17,32,2,0.576020718,0.480053425,973218,905425,1946436,Hook_1498
17,32,3,0.573029757,0.477069616,973218,905425,1946436,Hook_1498
17,32,4,0.671988964,0.479092598,973218,905425,1946436,Hook_1498
17,32,5,0.478996038,0.383567333,973218,905425,1946436,Hook_1498
17,32,6,0.671984911,0.480189085,973218,905425,1946436,Hook_1498
17,32,7,0.672017097,0.576026917,973218,905425,1946436,Hook_1498
17,32,8,0.576006413,0.384070635,973218,905425,1946436,Hook_1498
17,32,9,0.576003551,0.384133101,973218,905425,1946436,Hook_1498
8,32,0,0.672987461,0.481149673,975096,906823,1950192,Hook_1498
8,32,1,0.672015190,0.576066494,975096,906823,1950192,Hook_1498
8,32,2,0.576021194,0.480065107,975096,906823,1950192,Hook_1498
8,32,3,0.573012590,0.477074385,975096,906823,1950192,Hook_1498
8,32,4,0.576005936,0.480167389,975096,906823,1950192,Hook_1498
8,32,5,0.564427614,0.387212992,975096,906823,1950192,Hook_1498
8,32,6,0.671994448,0.480131626,975096,906823,1950192,Hook_1498
8,32,7,0.576023340,0.480046511,975096,906823,1950192,Hook_1498
8,32,8,0.575999737,0.384141684,975096,906823,1950192,Hook_1498
8,32,9,0.575998783,0.384136200,975096,906823,1950192,Hook_1498
9,32,0,0.576994896,0.481049061,973981,905835,1947962,Hook_1498
9,32,1,0.576016426,0.480055809,973981,905835,1947962,Hook_1498
9,32,2,0.575997114,0.384058237,973981,905835,1947962,Hook_1498
9,32,3,0.480022192,0.384063005,973981,905835,1947962,Hook_1498
9,32,4,0.480000496,0.383134365,973981,905835,1947962,Hook_1498
9,32,5,0.551027060,0.289339542,973981,905835,1947962,Hook_1498
9,32,6,0.671994686,0.576029301,973981,905835,1947962,Hook_1498
9,32,7,0.671998024,0.576053143,973981,905835,1947962,Hook_1498
9,32,8,0.480024815,0.384128332,973981,905835,1947962,Hook_1498
9,32,9,0.576001883,0.384112597,973981,905835,1947962,Hook_1498
23,32,0,0.480980158,0.385061026,976083,907837,1952166,Hook_1498
23,32,1,0.576021433,0.480007410,976083,907837,1952166,Hook_1498
23,32,2,0.479995728,0.383998632,976083,907837,1952166,Hook_1498
23,32,3,0.513010979,0.417015791,976083,907837,1952166,Hook_1498
23,32,4,0.480003834,0.384006262,976083,907837,1952166,Hook_1498
23,32,5,0.372021914,0.287036180,976083,907837,1952166,Hook_1498
23,32,6,0.384019136,0.288236380,976083,907837,1952166,Hook_1498
23,32,7,0.384035587,0.288413525,976083,907837,1952166,Hook_1498
23,32,8,0.383994818,0.288186073,976083,907837,1952166,Hook_1498
23,32,9,0.479998350,0.288121223,976083,907837,1952166,Hook_1498
12,32,0,0.576973915,0.385076284,977977,909709,1955954,Hook_1498
12,32,1,0.480027199,0.384064436,977977,909709,1955954,Hook_1498
12,32,2,0.480010271,0.384050608,977977,909709,1955954,Hook_1498
12,32,3,0.479991436,0.384055614,977977,909709,1955954,Hook_1498
12,32,4,0.580014229,0.484047890,977977,909709,1955954,Hook_1498
12,32,5,0.571985722,0.379223347,977977,909709,1955954,Hook_1498
12,32,6,0.576005936,0.480149984,977977,909709,1955954,Hook_1498
12,32,7,0.576002836,0.480052471,977977,909709,1955954,Hook_1498
12,32,8,0.481021643,0.384089947,977977,909709,1955954,Hook_1498
12,32,9,0.483929396,0.384174585,977977,909709,1955954,Hook_1498
5,64,0,0.862994671,0.767100334,488199,459905,976398,Hook_1498
5,64,1,0.768006563,0.672041178,488199,459905,976398,Hook_1498
5,64,2,0.865899324,0.863057375,488199,459905,976398,Hook_1498
5,64,3,0.866919994,0.864056110,488199,459905,976398,Hook_1498
5,64,4,0.866837502,0.864036798,488199,459905,976398,Hook_1498
5,64,5,0.861765385,0.859023333,488199,459905,976398,Hook_1498
5,64,6,0.770809174,0.768090010,488199,459905,976398,Hook_1498
5,64,7,0.848767757,0.846065760,488199,459905,976398,Hook_1498
5,64,8,0.770477772,0.767612457,488199,459905,976398,Hook_1498
5,64,9,0.771305084,0.768629313,488199,459905,976398,Hook_1498
14,64,0,0.862999916,0.767215252,487818,459452,975636,Hook_1498
14,64,1,0.674906492,0.672061920,487818,459452,975636,Hook_1498
14,64,2,0.958018780,0.863133907,487818,459452,975636,Hook_1498
14,64,3,0.864016771,0.768583298,487818,459452,975636,Hook_1498
14,64,4,0.771311522,0.768554926,487818,459452,975636,Hook_1498
14,64,5,0.863009930,0.767236471,487818,459452,975636,Hook_1498
14,64,6,0.675320864,0.672592163,487818,459452,975636,Hook_1498
14,64,7,0.862022400,0.766087294,487818,459452,975636,Hook_1498
14,64,8,0.867003202,0.771264315,487818,459452,975636,Hook_1498
14,64,9,0.771258593,0.768604994,487818,459452,975636,Hook_1498
10,64,0,0.863022804,0.767044306,487460,459020,974920,Hook_1498
10,64,1,0.672008038,0.576254845,487460,459020,974920,Hook_1498
10,64,2,0.770083666,0.767257690,487460,459020,974920,Hook_1498
10,64,3,0.771148920,0.768266678,487460,459020,974920,Hook_1498
10,64,4,0.771111727,0.768259048,487460,459020,974920,Hook_1498
10,64,5,0.867001772,0.771111012,487460,459020,974920,Hook_1498
10,64,6,0.768007517,0.672296762,487460,459020,974920,Hook_1498
10,64,7,0.862012863,0.766117334,487460,459020,974920,Hook_1498
10,64,8,0.867025375,0.771317959,487460,459020,974920,Hook_1498
10,64,9,0.771076441,0.768392086,487460,459020,974920,Hook_1498
18,64,0,0.964991570,0.773566246,486517,458183,973034,Hook_1498
18,64,1,0.678163767,0.675274372,486517,458183,973034,Hook_1498
18,64,2,0.862102032,0.859316587,486517,458183,973034,Hook_1498
18,64,3,0.867031336,0.864293098,486517,458183,973034,Hook_1498
18,64,4,0.867036104,0.864285946,486517,458183,973034,Hook_1498
18,64,5,0.870178938,0.867167234,486517,458183,973034,Hook_1498
18,64,6,0.770846844,0.768202782,486517,458183,973034,Hook_1498
18,64,7,0.934013844,0.838067770,486517,458183,973034,Hook_1498
18,64,8,0.867016077,0.771156549,486517,458183,973034,Hook_1498
18,64,9,0.771054268,0.768303156,486517,458183,973034,Hook_1498
16,64,0,0.957023144,0.861116648,487463,459055,974926,Hook_1498
16,64,1,0.674464941,0.671607733,487463,459055,974926,Hook_1498
16,64,2,0.962311268,0.959051609,487463,459055,974926,Hook_1498
16,64,3,0.867526770,0.864670992,487463,459055,974926,Hook_1498
16,64,4,0.867380857,0.864661455,487463,459055,974926,Hook_1498
16,64,5,0.962024927,0.863243103,487463,459055,974926,Hook_1498
16,64,6,0.863998652,0.768316507,487463,459055,974926,Hook_1498
16,64,7,0.773476839,0.770660639,487463,459055,974926,Hook_1498
16,64,8,0.964020014,0.868160248,487463,459055,974926,Hook_1498
16,64,9,0.867129087,0.864367962,487463,459055,974926,Hook_1498
20,64,0,0.968568087,0.965053797,487302,458968,974604,Hook_1498
20,64,1,0.773942471,0.771063566,487302,458968,974604,Hook_1498
20,64,2,0.969874859,0.967067957,487302,458968,974604,Hook_1498
20,64,3,1.059993029,0.964070559,487302,458968,974604,Hook_1498
20,64,4,0.958801508,0.956066847,487302,458968,974604,Hook_1498
20,64,5,0.961777449,0.959069252,487302,458968,974604,Hook_1498
20,64,6,0.770879745,0.768202543,487302,458968,974604,Hook_1498
20,64,7,0.768985987,0.766275406,487302,458968,974604,Hook_1498
20,64,8,0.960004330,0.864104033,487302,458968,974604,Hook_1498
20,64,9,0.867510080,0.864202261,487302,458968,974604,Hook_1498
51,64,0,0.882992983,0.873066187,487554,459285,975108,Hook_1498
51,64,1,0.712494612,0.709118843,487554,459285,975108,Hook_1498
51,64,2,0.868496418,0.865150690,487554,459285,975108,Hook_1498
51,64,3,0.894983292,0.889131308,487554,459285,975108,Hook_1498
51,64,4,0.868810177,0.866139650,487554,459285,975108,Hook_1498
51,64,5,0.891995907,0.885073423,487554,459285,975108,Hook_1498
51,64,6,0.712308407,0.708341599,487554,459285,975108,Hook_1498
51,64,7,0.871990919,0.868117094,487554,459285,975108,Hook_1498
51,64,8,0.808809042,0.806170464,487554,459285,975108,Hook_1498
51,64,9,0.713407755,0.711992979,487554,459285,975108,Hook_1498
19,64,0,0.862998962,0.767093897,486593,458265,973186,Hook_1498
19,64,1,0.579625130,0.576465368,486593,458265,973186,Hook_1498
19,64,2,0.865874767,0.863036394,486593,458265,973186,Hook_1498
19,64,3,0.960015774,0.864111900,486593,458265,973186,Hook_1498
19,64,4,0.867192984,0.864083767,486593,458265,973186,Hook_1498
19,64,5,0.862995863,0.767335415,486593,458265,973186,Hook_1498
19,64,6,0.675203800,0.672526360,486593,458265,973186,Hook_1498
19,64,7,0.768988609,0.766278505,486593,458265,973186,Hook_1498
19,64,8,0.862974644,0.767029762,486593,458265,973186,Hook_1498
19,64,9,0.771652937,0.768120527,486593,458265,973186,Hook_1498
11,64,0,0.862991333,0.767013073,487617,459112,975234,Hook_1498
11,64,1,0.672018290,0.576042414,487617,459112,975234,Hook_1498
11,64,2,0.846013308,0.751044035,487617,459112,975234,Hook_1498
11,64,3,0.770959854,0.768043756,487617,459112,975234,Hook_1498
11,64,4,0.675629616,0.672706842,487617,459112,975234,Hook_1498
11,64,5,0.769839764,0.767035723,487617,459112,975234,Hook_1498
11,64,6,0.675699234,0.672054052,487617,459112,975234,Hook_1498
11,64,7,0.676828146,0.674132586,487617,459112,975234,Hook_1498
11,64,8,0.862998724,0.767053366,487617,459112,975234,Hook_1498
11,64,9,0.771775484,0.768165350,487617,459112,975234,Hook_1498
9,64,0,0.862986565,0.767154932,487018,458576,974036,Hook_1498
9,64,1,0.768018961,0.672054291,487018,458576,974036,Hook_1498
9,64,2,0.866969347,0.863068819,487018,458576,974036,Hook_1498
9,64,3,0.771459818,0.768660545,487018,458576,974036,Hook_1498
9,64,4,0.960000515,0.864057064,487018,458576,974036,Hook_1498
9,64,5,0.770391226,0.767674685,487018,458576,974036,Hook_1498
9,64,6,0.771670341,0.768071890,487018,458576,974036,Hook_1498
9,64,7,0.866013288,0.770098686,487018,458576,974036,Hook_1498
9,64,8,0.770485163,0.767662764,487018,458576,974036,Hook_1498
9,64,9,0.867782116,0.864179850,487018,458576,974036,Hook_1498
62,64,0,0.964988470,0.801054478,487023,458699,974046,Hook_1498
62,64,1,0.528990746,0.521222115,487023,458699,974046,Hook_1498
62,64,2,0.711559534,0.710151911,487023,458699,974046,Hook_1498
62,64,3,0.720990658,0.715073824,487023,458699,974046,Hook_1498
62,64,4,0.868795395,0.866108656,487023,458699,974046,Hook_1498
62,64,5,0.701789618,0.698120832,487023,458699,974046,Hook_1498
62,64,6,0.524733543,0.523368835,487023,458699,974046,Hook_1498
62,64,7,0.700993061,0.693083048,487023,458699,974046,Hook_1498
62,64,8,0.715568542,0.714179754,487023,458699,974046,Hook_1498
62,64,9,0.785022020,0.780682802,487023,458699,974046,Hook_1498
2,64,0,0.961001396,0.866517544,485637,457315,971274,Hook_1498
2,64,1,0.866006136,0.863073111,485637,457315,971274,Hook_1498
2,64,2,1.060844421,1.058051586,485637,457315,971274,Hook_1498
2,64,3,1.062816858,1.060064554,485637,457315,971274,Hook_1498
2,64,4,1.058764935,1.056052685,485637,457315,971274,Hook_1498
2,64,5,0.962683201,0.959069252,485637,457315,971274,Hook_1498
2,64,6,0.866797209,0.864127874,485637,457315,971274,Hook_1498
2,64,7,0.962022066,0.867061853,485637,457315,971274,Hook_1498
2,64,8,1.051012754,0.956086159,485637,457315,971274,Hook_1498
2,64,9,0.963715792,0.960112095,485637,457315,971274,Hook_1498
7,64,0,0.866977692,0.771050215,487961,459577,975922,Hook_1498
7,64,1,0.675282478,0.672059774,487961,459577,975922,Hook_1498
7,64,2,0.793856859,0.791073084,487961,459577,975922,Hook_1498
7,64,3,0.866875410,0.864081144,487961,459577,975922,Hook_1498
7,64,4,0.770814419,0.768079758,487961,459577,975922,Hook_1498
7,64,5,0.673819304,0.671115637,487961,459577,975922,Hook_1498
7,64,6,0.675680399,0.672089815,487961,459577,975922,Hook_1498
7,64,7,0.672850847,0.670175552,487961,459577,975922,Hook_1498
7,64,8,0.674309969,0.671288967,487961,459577,975922,Hook_1498
7,64,9,0.771672726,0.768065453,487961,459577,975922,Hook_1498
15,64,0,0.763002634,0.667326689,487168,458754,974336,Hook_1498
15,64,1,0.579023123,0.576167345,487168,458754,974336,Hook_1498
15,64,2,0.773986101,0.771163225,487168,458754,974336,Hook_1498
15,64,3,0.863999605,0.768087626,487168,458754,974336,Hook_1498
15,64,4,0.770746469,0.768048525,487168,458754,974336,Hook_1498
15,64,5,0.770297050,0.767039061,487168,458754,974336,Hook_1498
15,64,6,0.674752712,0.672084570,487168,458754,974336,Hook_1498
15,64,7,0.672824621,0.670122385,487168,458754,974336,Hook_1498
15,64,8,0.767014503,0.671292543,487168,458754,974336,Hook_1498
15,64,9,0.770911932,0.768057108,487168,458754,974336,Hook_1498
63,64,0,0.533556938,0.532152891,486981,458660,973962,Hook_1498
63,64,1,0.683994055,0.515193224,486981,458660,973962,Hook_1498
63,64,2,0.732947826,0.725092411,486981,458660,973962,Hook_1498
63,64,3,0.612485409,0.611120939,486981,458660,973962,Hook_1498
63,64,4,0.703783035,0.701127768,486981,458660,973962,Hook_1498
63,64,5,0.712033749,0.709083319,486981,458660,973962,Hook_1498
63,64,6,0.353766203,0.352412701,486981,458660,973962,Hook_1498
63,64,7,0.672991514,0.500238419,486981,458660,973962,Hook_1498
63,64,8,0.705193281,0.701070070,486981,458660,973962,Hook_1498
63,64,9,0.698604584,0.697182417,486981,458660,973962,Hook_1498
6,64,0,0.964967489,0.869043827,488044,459734,976088,Hook_1498
6,64,1,0.774279833,0.771053314,488044,459734,976088,Hook_1498
6,64,2,0.933871269,0.931070328,488044,459734,976088,Hook_1498
6,64,3,0.963373899,0.960064888,488044,459734,976088,Hook_1498
6,64,4,0.866784096,0.864048719,488044,459734,976088,Hook_1498
6,64,5,0.957979918,0.767058611,488044,459734,976088,Hook_1498
6,64,6,0.674837112,0.672171593,488044,459734,976088,Hook_1498
6,64,7,0.861997128,0.766062021,488044,459734,976088,Hook_1498
6,64,8,0.867023230,0.771281719,488044,459734,976088,Hook_1498
6,64,9,0.858989000,0.768361568,488044,459734,976088,Hook_1498
17,64,0,0.863020420,0.767132044,486753,458374,973506,Hook_1498
17,64,1,0.768010616,0.672054291,486753,458374,973506,Hook_1498
17,64,2,0.865870476,0.863081217,486753,458374,973506,Hook_1498
17,64,3,0.867270947,0.864058256,486753,458374,973506,Hook_1498
17,64,4,0.867207527,0.864052773,486753,458374,973506,Hook_1498
17,64,5,0.770094872,0.767248631,486753,458374,973506,Hook_1498
17,64,6,0.768003702,0.672336102,486753,458374,973506,Hook_1498
17,64,7,0.862006187,0.766051769,486753,458374,973506,Hook_1498
17,64,8,0.867009163,0.771163702,486753,458374,973506,Hook_1498
17,64,9,0.860281229,0.768259048,486753,458374,973506,Hook_1498
58,64,0,0.712443590,0.708133221,488679,460409,977358,Hook_1498
58,64,1,0.715465784,0.713090658,488679,460409,977358,Hook_1498
58,64,2,0.868512392,0.865111828,488679,460409,977358,Hook_1498
58,64,3,0.880556583,0.879163265,488679,460409,977358,Hook_1498
58,64,4,0.890808821,0.888100624,488679,460409,977358,Hook_1498
58,64,5,0.708214521,0.704241991,488679,460409,977358,Hook_1498
58,64,6,0.699833393,0.697446346,488679,460409,977358,Hook_1498
58,64,7,0.981991053,0.975069761,488679,460409,977358,Hook_1498
58,64,8,0.887211084,0.883071899,488679,460409,977358,Hook_1498
58,64,9,0.881846428,0.879244328,488679,460409,977358,Hook_1498
60,64,0,0.721342087,0.719147205,488595,460317,977190,Hook_1498
60,64,1,0.624469519,0.621142864,488595,460317,977190,Hook_1498
60,64,2,0.977479458,0.974085093,488595,460317,977190,Hook_1498
60,64,3,0.890443563,0.889067650,488595,460317,977190,Hook_1498
60,64,4,0.967778206,0.965060234,488595,460317,977190,Hook_1498
60,64,5,0.697178602,0.693177462,488595,460317,977190,Hook_1498
60,64,6,0.727987766,0.721176624,488595,460317,977190,Hook_1498
60,64,7,0.724989414,0.720252991,488595,460317,977190,Hook_1498
60,64,8,0.727087259,0.725192070,488595,460317,977190,Hook_1498
60,64,9,0.881320953,0.879825592,488595,460317,977190,Hook_1498
8,64,0,0.957010269,0.861057281,487482,459110,974964,Hook_1498
8,64,1,0.767013550,0.671074629,487482,459110,974964,Hook_1498
8,64,2,0.866001129,0.863107204,487482,459110,974964,Hook_1498
8,64,3,0.960019588,0.864139795,487482,459110,974964,Hook_1498
8,64,4,0.960019588,0.864118814,487482,459110,974964,Hook_1498
8,64,5,0.770454884,0.767730951,487482,459110,974964,Hook_1498
8,64,6,0.864014626,0.768240929,487482,459110,974964,Hook_1498
8,64,7,0.869998217,0.774319172,487482,459110,974964,Hook_1498
8,64,8,0.960021019,0.864235640,487482,459110,974964,Hook_1498
8,64,9,0.956014395,0.864358187,487482,459110,974964,Hook_1498
12,64,0,0.772717237,0.769688606,488443,459957,976886,Hook_1498
12,64,1,0.677998543,0.675108433,488443,459957,976886,Hook_1498
12,64,2,0.866603374,0.863745451,488443,459957,976886,Hook_1498
12,64,3,0.862836599,0.860114574,488443,459957,976886,Hook_1498
12,64,4,0.870790243,0.868057251,488443,459957,976886,Hook_1498
12,64,5,0.865818262,0.863105297,488443,459957,976886,Hook_1498
12,64,6,0.864021778,0.768186092,488443,459957,976886,Hook_1498
12,64,7,0.773962498,0.770250320,488443,459957,976886,Hook_1498
12,64,8,0.959999800,0.864211082,488443,459957,976886,Hook_1498
12,64,9,0.956018448,0.864274025,488443,459957,976886,Hook_1498
3,64,0,0.957000494,0.861116886,487042,458557,974084,Hook_1498
3,64,1,0.769914627,0.767085552,487042,458557,974084,Hook_1498
3,64,2,0.961922646,0.959096432,487042,458557,974084,Hook_1498
3,64,3,0.962905169,0.960090399,487042,458557,974084,Hook_1498
3,64,4,0.962804079,0.960086584,487042,458557,974084,Hook_1498
3,64,5,0.869825125,0.867119312,487042,458557,974084,Hook_1498
3,64,6,0.866787195,0.864089966,487042,458557,974084,Hook_1498
3,64,7,0.868753433,0.866088867,487042,458557,974084,Hook_1498
3,64,8,0.960018635,0.864226580,487042,458557,974084,Hook_1498
3,64,9,0.956027985,0.864255905,487042,458557,974084,Hook_1498
4,64,0,0.964985132,0.869048357,487679,459310,975358,Hook_1498
4,64,1,0.774330378,0.771082878,487679,459310,975358,Hook_1498
4,64,2,0.961867809,0.959095955,487679,459310,975358,Hook_1498
4,64,3,0.963238478,0.960103512,487679,459310,975358,Hook_1498
4,64,4,0.962815762,0.960096121,487679,459310,975358,Hook_1498
4,64,5,0.870212317,0.867090464,487679,459310,975358,Hook_1498
4,64,6,0.866758347,0.864070892,487679,459310,975358,Hook_1498
4,64,7,0.868727922,0.866070986,487679,459310,975358,Hook_1498
4,64,8,0.960013866,0.864077806,487679,459310,975358,Hook_1498
4,64,9,0.956011534,0.864190578,487679,459310,975358,Hook_1498
52,64,0,0.882990837,0.873082638,488211,459748,976422,Hook_1498
52,64,1,0.887085676,0.885049343,488211,459748,976422,Hook_1498
52,64,2,0.863966942,0.856223345,488211,459748,976422,Hook_1498
52,64,3,0.861187696,0.857236624,488211,459748,976422,Hook_1498
52,64,4,0.898859739,0.897397041,488211,459748,976422,Hook_1498
52,64,5,0.923244953,0.921838045,488211,459748,976422,Hook_1498
52,64,6,0.984992981,0.978083849,488211,459748,976422,Hook_1498
52,64,7,0.887292624,0.879160643,488211,459748,976422,Hook_1498
52,64,8,0.887192965,0.883063078,488211,459748,976422,Hook_1498
52,64,9,0.883621693,0.879199743,488211,459748,976422,Hook_1498
1,64,0,1.009015083,0.913108349,485798,457454,971596,Hook_1498
1,64,1,0.769974470,0.767085314,485798,457454,971596,Hook_1498
1,64,2,0.965946198,0.963110924,485798,457454,971596,Hook_1498
1,64,3,0.963858366,0.960096598,485798,457454,971596,Hook_1498
1,64,4,0.962826252,0.960085630,485798,457454,971596,Hook_1498
1,64,5,0.870140076,0.867122412,485798,457454,971596,Hook_1498
1,64,6,0.867701769,0.864054441,485798,457454,971596,Hook_1498
1,64,7,0.864750624,0.862100363,485798,457454,971596,Hook_1498
1,64,8,0.959983587,0.864198446,485798,457454,971596,Hook_1498
1,64,9,0.959989786,0.864235640,485798,457454,971596,Hook_1498
59,64,0,0.700984955,0.691055775,488382,460031,976764,Hook_1498
59,64,1,0.693120718,0.691065788,488382,460031,976764,Hook_1498
59,64,2,0.705128908,0.703150511,488382,460031,976764,Hook_1498
59,64,3,0.894982815,0.889108658,488382,460031,976764,Hook_1498
59,64,4,0.692810059,0.690124035,488382,460031,976764,Hook_1498
59,64,5,0.717980146,0.711064339,488382,460031,976764,Hook_1498
59,64,6,0.699825287,0.697378635,488382,460031,976764,Hook_1498
59,64,7,0.867994070,0.808094501,488382,460031,976764,Hook_1498
59,64,8,0.672595739,0.670219421,488382,460031,976764,Hook_1498
59,64,9,0.883257151,0.879142046,488382,460031,976764,Hook_1498
22,64,0,0.944240093,0.941070795,488612,460139,977224,Hook_1498
22,64,1,0.773990393,0.771082401,488612,460139,977224,Hook_1498
22,64,2,0.965908527,0.963078022,488612,460139,977224,Hook_1498
22,64,3,1.055994987,0.960080862,488612,460139,977224,Hook_1498
22,64,4,1.056005478,0.960072041,488612,460139,977224,Hook_1498
22,64,5,0.961748123,0.959080458,488612,460139,977224,Hook_1498
22,64,6,0.770948410,0.768279076,488612,460139,977224,Hook_1498
22,64,7,0.958022356,0.862081528,488612,460139,977224,Hook_1498
22,64,8,0.960000753,0.864220142,488612,460139,977224,Hook_1498
22,64,9,0.866770744,0.864093065,488612,460139,977224,Hook_1498
0,64,0,0.964146852,0.961065292,485623,457392,971246,Hook_1498
0,64,1,0.865926504,0.863044262,485623,457392,971246,Hook_1498
0,64,2,1.056854963,1.054088831,485623,457392,971246,Hook_1498
0,64,3,1.151979446,1.056056976,485623,457392,971246,Hook_1498
0,64,4,1.059858084,1.056061745,485623,457392,971246,Hook_1498
0,64,5,0.961726189,0.959053993,485623,457392,971246,Hook_1498
0,64,6,0.959902525,0.866268635,485623,457392,971246,Hook_1498
0,64,7,1.054005146,0.958082438,485623,457392,971246,Hook_1498
0,64,8,1.055992842,0.960155487,485623,457392,971246,Hook_1498
0,64,9,1.056994438,0.961185694,485623,457392,971246,Hook_1498
61,64,0,0.701186419,0.697083712,488304,460081,976608,Hook_1498
61,64,1,0.518481255,0.515126944,488304,460081,976608,Hook_1498
61,64,2,0.879420280,0.876010180,488304,460081,976608,Hook_1498
61,64,3,0.720490694,0.719115257,488304,460081,976608,Hook_1498
61,64,4,0.890785217,0.888067007,488304,460081,976608,Hook_1498
61,64,5,0.521781445,0.519164324,488304,460081,976608,Hook_1498
61,64,6,0.527165413,0.523216486,488304,460081,976608,Hook_1498
61,64,7,0.696988583,0.690066338,488304,460081,976608,Hook_1498
61,64,8,0.627499342,0.626103163,488304,460081,976608,Hook_1498
61,64,9,0.811218977,0.807154179,488304,460081,976608,Hook_1498
13,64,0,0.862976313,0.767153978,487820,459433,975640,Hook_1498
13,64,1,0.579524517,0.576611996,487820,459433,975640,Hook_1498
13,64,2,0.865913391,0.863055468,487820,459433,975640,Hook_1498
13,64,3,0.866847754,0.864042282,487820,459433,975640,Hook_1498
13,64,4,0.864022970,0.768696785,487820,459433,975640,Hook_1498
13,64,5,0.865753174,0.863056898,487820,459433,975640,Hook_1498
13,64,6,0.675610304,0.672742605,487820,459433,975640,Hook_1498
13,64,7,0.866016150,0.770101547,487820,459433,975640,Hook_1498
13,64,8,0.863007069,0.767343998,487820,459433,975640,Hook_1498
13,64,9,0.960006475,0.864168882,487820,459433,975640,Hook_1498
49,64,0,1.025991440,0.846206903,486465,458116,972930,Hook_1498
49,64,1,1.009009838,0.845285892,486465,458116,972930,Hook_1498
49,64,2,1.057987452,0.888268709,486465,458116,972930,Hook_1498
49,64,3,0.885190487,0.879284620,486465,458116,972930,Hook_1498
49,64,4,1.063992500,0.888329029,486465,458116,972930,Hook_1498
49,64,5,1.209998131,1.034167767,486465,458116,972930,Hook_1498
49,64,6,0.836825132,0.829298496,486465,458116,972930,Hook_1498
49,64,7,0.896380186,0.894259214,486465,458116,972930,Hook_1498
49,64,8,1.001505375,1.000087023,486465,458116,972930,Hook_1498
49,64,9,0.894232512,0.890304565,486465,458116,972930,Hook_1498
53,64,0,0.795195103,0.791116714,487794,459434,975588,Hook_1498
53,64,1,0.639496088,0.636131525,487794,459434,975588,Hook_1498
53,64,2,0.880123854,0.878186226,487794,459434,975588,Hook_1498
53,64,3,0.966499805,0.961086750,487794,459434,975588,Hook_1498
53,64,4,1.064003468,0.888282299,487794,459434,975588,Hook_1498
53,64,5,0.878996372,0.869217634,487794,459434,975588,Hook_1498
53,64,6,0.901995897,0.895188093,487794,459434,975588,Hook_1498
53,64,7,0.875994921,0.868156672,487794,459434,975588,Hook_1498
53,64,8,0.804201603,0.800103188,487794,459434,975588,Hook_1498
53,64,9,0.894216299,0.890141726,487794,459434,975588,Hook_1498
55,64,0,0.701164484,0.697096348,486765,458402,973530,Hook_1498
55,64,1,0.715118170,0.713099480,486765,458402,973530,Hook_1498
55,64,2,0.869111300,0.867148638,486765,458402,973530,Hook_1498
55,64,3,0.718993664,0.713157892,486765,458402,973530,Hook_1498
55,64,4,0.868810654,0.866153240,486765,458402,973530,Hook_1498
55,64,5,0.855036974,0.852097750,486765,458402,973530,Hook_1498
55,64,6,0.824992657,0.818067789,486765,458402,973530,Hook_1498
55,64,7,0.713980913,0.709319353,486765,458402,973530,Hook_1498
55,64,8,0.694807529,0.692131042,486765,458402,973530,Hook_1498
55,64,9,0.877229691,0.873165131,486765,458402,973530,Hook_1498
21,64,0,0.870077848,0.867064476,488704,460352,977408,Hook_1498
21,64,1,0.838069201,0.835085154,488704,460352,977408,Hook_1498
21,64,2,0.968986273,0.966069698,488704,460352,977408,Hook_1498
21,64,3,0.867560148,0.864092588,488704,460352,977408,Hook_1498
21,64,4,0.866815567,0.864080906,488704,460352,977408,Hook_1498
21,64,5,0.849826097,0.847090006,488704,460352,977408,Hook_1498
21,64,6,0.768015623,0.672393799,488704,460352,977408,Hook_1498
21,64,7,0.862001657,0.766083479,488704,460352,977408,Hook_1498
21,64,8,0.835023403,0.739241362,488704,460352,977408,Hook_1498
21,64,9,0.962815523,0.960099936,488704,460352,977408,Hook_1498
23,64,0,0.863024235,0.767386198,489318,460893,978636,Hook_1498
23,64,1,0.675272703,0.672348976,489318,460893,978636,Hook_1498
23,64,2,0.960907936,0.958068609,489318,460893,978636,Hook_1498
23,64,3,0.867028952,0.864249706,489318,460893,978636,Hook_1498
23,64,4,0.866946697,0.864216566,489318,460893,978636,Hook_1498
23,64,5,0.863014698,0.767452717,489318,460893,978636,Hook_1498
23,64,6,0.771791935,0.768173933,489318,460893,978636,Hook_1498
23,64,7,0.862016201,0.766256094,489318,460893,978636,Hook_1498
23,64,8,0.866993189,0.771394253,489318,460893,978636,Hook_1498
23,64,9,0.860060930,0.763092279,489318,460893,978636,Hook_1498
54,64,0,0.712306261,0.708192110,487350,459041,974700,Hook_1498
54,64,1,0.712483168,0.709121227,487350,459041,974700,Hook_1498
54,64,2,0.956490278,0.953072309,487350,459041,974700,Hook_1498
54,64,3,0.806996107,0.801072836,487350,459041,974700,Hook_1498
54,64,4,0.978806019,0.976130962,487350,459041,974700,Hook_1498
54,64,5,0.878947496,0.869117022,487350,459041,974700,Hook_1498
54,64,6,0.809133291,0.807351112,487350,459041,974700,Hook_1498
54,64,7,0.872300625,0.868112564,487350,459041,974700,Hook_1498
54,64,8,0.705582380,0.703195810,487350,459041,974700,Hook_1498
54,64,9,0.899225712,0.895142317,487350,459041,974700,Hook_1498
48,64,0,0.890108347,0.888351202,488376,459934,976752,Hook_1498
48,64,1,0.871087313,0.867878914,488376,459934,976752,Hook_1498
48,64,2,1.060461044,1.057064056,488376,459934,976752,Hook_1498
48,64,3,0.968496323,0.967123032,488376,459934,976752,Hook_1498
48,64,4,1.045975924,1.037345648,488376,459934,976752,Hook_1498
48,64,5,1.099031448,1.096187830,488376,459934,976752,Hook_1498
48,64,6,1.056841135,1.055122137,488376,459934,976752,Hook_1498
48,64,7,1.053973913,1.047245264,488376,459934,976752,Hook_1498
48,64,8,1.067503214,1.066073656,488376,459934,976752,Hook_1498
48,64,9,1.059211969,1.055192232,488376,459934,976752,Hook_1498
56,64,0,0.882992506,0.873057604,487437,459113,974874,Hook_1498
56,64,1,0.700647116,0.699231625,487437,459113,974874,Hook_1498
56,64,2,0.908987761,0.899266720,487437,459113,974874,Hook_1498
56,64,3,1.064992905,1.060060501,487437,459113,974874,Hook_1498
56,64,4,0.896996498,0.888250351,487437,459113,974874,Hook_1498
56,64,5,0.878995180,0.869182110,487437,459113,974874,Hook_1498
56,64,6,0.890995502,0.884190083,487437,459113,974874,Hook_1498
56,64,7,0.876996279,0.874293566,487437,459113,974874,Hook_1498
56,64,8,0.876816511,0.872093678,487437,459113,974874,Hook_1498
56,64,9,1.025999069,1.022573709,487437,459113,974874,Hook_1498
57,64,0,0.712195158,0.708168983,487743,459458,975486,Hook_1498
57,64,1,0.712503195,0.709115028,487743,459458,975486,Hook_1498
57,64,2,0.869122267,0.867131710,487743,459458,975486,Hook_1498
57,64,3,0.841534615,0.840149879,487743,459458,975486,Hook_1498
57,64,4,0.879812479,0.877163172,487743,459458,975486,Hook_1498
57,64,5,0.791815281,0.787212849,487743,459458,975486,Hook_1498
57,64,6,0.690188408,0.686291933,487743,459458,975486,Hook_1498
57,64,7,0.833327532,0.831898451,487743,459458,975486,Hook_1498
57,64,8,0.693581343,0.692142248,487743,459458,975486,Hook_1498
57,64,9,0.898981094,0.896198034,487743,459458,975486,Hook_1498
50,64,0,0.857784748,0.855297804,487071,458748,974142,Hook_1498
50,64,1,0.796999693,0.693261147,487071,458748,974142,Hook_1498
50,64,2,0.895993948,0.888273716,487071,458748,974142,Hook_1498
50,64,3,0.871845245,0.870456934,487071,458748,974142,Hook_1498
50,64,4,1.033788204,1.031080961,487071,458748,974142,Hook_1498
50,64,5,0.982048988,0.979184389,487071,458748,974142,Hook_1498
50,64,6,0.879980326,0.873147011,487071,458748,974142,Hook_1498
50,64,7,1.064534187,1.063093901,487071,458748,974142,Hook_1498
50,64,8,0.887192011,0.883109093,487071,458748,974142,Hook_1498
50,64,9,1.043695688,1.041410685,487071,458748,974142,Hook_1498
25,64,0,0.790849924,0.789385080,487895,459539,975790,Hook_1498
25,64,1,0.795965433,0.791105747,487895,459539,975790,Hook_1498
25,64,2,1.059992552,1.055119038,487895,459539,975790,Hook_1498
25,64,3,1.057807207,1.055036783,487895,459539,975790,Hook_1498
25,64,4,1.059184790,1.055034876,487895,459539,975790,Hook_1498
25,64,5,0.792912006,0.791436434,487895,459539,975790,Hook_1498
25,64,6,0.784882545,0.783440113,487895,459539,975790,Hook_1498
25,64,7,0.792894602,0.791434526,487895,459539,975790,Hook_1498
25,64,8,0.790899992,0.789438725,487895,459539,975790,Hook_1498
25,64,9,0.793884039,0.792381048,487895,459539,975790,Hook_1498
47,64,0,0.792671680,0.791035414,489267,460798,978534,Hook_1498
47,64,1,0.795984030,0.792068720,489267,460798,978534,Hook_1498
47,64,2,0.795988560,0.791067839,489267,460798,978534,Hook_1498
47,64,3,0.793787479,0.791072130,489267,460798,978534,Hook_1498
47,64,4,0.787168503,0.783069611,489267,460798,978534,Hook_1498
47,64,5,0.794475317,0.791047335,489267,460798,978534,Hook_1498
47,64,6,0.830092430,0.826990843,489267,460798,978534,Hook_1498
47,64,7,0.793689489,0.791017294,489267,460798,978534,Hook_1498
47,64,8,0.530805826,0.528233528,489267,460798,978534,Hook_1498
47,64,9,0.531375885,0.529878616,489267,460798,978534,Hook_1498
45,64,0,1.043983459,0.780134201,489417,460999,978834,Hook_1498
45,64,1,1.061991453,1.055033445,489417,460999,978834,Hook_1498
45,64,2,1.056990623,1.055033684,489417,460999,978834,Hook_1498
45,64,3,1.058991432,1.055032492,489417,460999,978834,Hook_1498
45,64,4,0.992992640,0.989070892,489417,460999,978834,Hook_1498
45,64,5,0.792971134,0.791038036,489417,460999,978834,Hook_1498
45,64,6,0.532801628,0.530214310,489417,460999,978834,Hook_1498
45,64,7,0.529803753,0.527202368,489417,460999,978834,Hook_1498
45,64,8,0.521089315,0.519212723,489417,460999,978834,Hook_1498
45,64,9,0.531645775,0.530231476,489417,460999,978834,Hook_1498
41,64,0,1.063989639,1.055014849,486963,458594,973926,Hook_1498
41,64,1,1.059993267,1.055059671,486963,458594,973926,Hook_1498
41,64,2,1.068894863,1.066075325,486963,458594,973926,Hook_1498
41,64,3,1.057811260,1.055093765,486963,458594,973926,Hook_1498
41,64,4,1.069993019,1.066089392,486963,458594,973926,Hook_1498
41,64,5,1.057122469,1.055060387,486963,458594,973926,Hook_1498
41,64,6,0.796116352,0.794190645,486963,458594,973926,Hook_1498
41,64,7,0.793111563,0.791189671,486963,458594,973926,Hook_1498
41,64,8,0.782802820,0.780179739,486963,458594,973926,Hook_1498
41,64,9,0.796627522,0.795189381,486963,458594,973926,Hook_1498
26,64,0,0.790793180,0.789339304,486678,458305,973356,Hook_1498
26,64,1,1.059989214,1.055034637,486678,458305,973356,Hook_1498
26,64,2,1.005991220,1.000032187,486678,458305,973356,Hook_1498
26,64,3,1.035807133,1.033031464,486678,458305,973356,Hook_1498
26,64,4,1.059178591,1.055033684,486678,458305,973356,Hook_1498
26,64,5,0.793676615,0.791414976,486678,458305,973356,Hook_1498
26,64,6,0.795855522,0.794422865,486678,458305,973356,Hook_1498
26,64,7,0.792878866,0.791423082,486678,458305,973356,Hook_1498
26,64,8,0.846003532,0.789423227,486678,458305,973356,Hook_1498
26,64,9,0.798218489,0.796428442,486678,458305,973356,Hook_1498
31,64,0,0.802986860,0.794053555,487673,459317,975346,Hook_1498
31,64,1,0.795991898,0.791103840,487673,459317,975346,Hook_1498
31,64,2,0.809991121,0.802073240,487673,459317,975346,Hook_1498
31,64,3,0.793789387,0.791077852,487673,459317,975346,Hook_1498
31,64,4,0.797988892,0.794073820,487673,459317,975346,Hook_1498
31,64,5,0.793870926,0.791399717,487673,459317,975346,Hook_1498
31,64,6,0.797021627,0.794128180,487673,459317,975346,Hook_1498
31,64,7,0.762079716,0.758134842,487673,459317,975346,Hook_1498
31,64,8,0.533366680,0.530154467,487673,459317,975346,Hook_1498
31,64,9,0.533135414,0.531260014,487673,459317,975346,Hook_1498
36,64,0,1.043986082,0.780204535,486028,457784,972056,Hook_1498
36,64,1,0.794871807,0.792420387,486028,457784,972056,Hook_1498
36,64,2,0.782875299,0.780418158,486028,457784,972056,Hook_1498
36,64,3,0.793398380,0.791428328,486028,457784,972056,Hook_1498
36,64,4,0.796880960,0.794428349,486028,457784,972056,Hook_1498
36,64,5,0.794039011,0.791198254,486028,457784,972056,Hook_1498
36,64,6,0.797853708,0.794212580,486028,457784,972056,Hook_1498
36,64,7,0.805478334,0.802209139,486028,457784,972056,Hook_1498
36,64,8,0.793795824,0.791188478,486028,457784,972056,Hook_1498
36,64,9,0.798285246,0.796743393,486028,457784,972056,Hook_1498
38,64,0,0.802974701,0.794017553,487122,458746,974244,Hook_1498
38,64,1,0.795977831,0.791063309,487122,458746,974244,Hook_1498
38,64,2,0.809985161,0.802088737,487122,458746,974244,Hook_1498
38,64,3,0.793787718,0.791061401,487122,458746,974244,Hook_1498
38,64,4,0.797988176,0.794067144,487122,458746,974244,Hook_1498
38,64,5,0.793094158,0.791019201,487122,458746,974244,Hook_1498
38,64,6,0.797027826,0.794161320,487122,458746,974244,Hook_1498
38,64,7,0.805485487,0.802171469,487122,458746,974244,Hook_1498
38,64,8,0.793805838,0.791133881,487122,458746,974244,Hook_1498
38,64,9,0.799322367,0.797775745,487122,458746,974244,Hook_1498
30,64,0,1.043991327,0.780369997,487831,459539,975662,Hook_1498
30,64,1,1.061984777,1.055043936,487831,459539,975662,Hook_1498
30,64,2,1.056994438,1.055055618,487831,459539,975662,Hook_1498
30,64,3,1.058992624,1.055059433,487831,459539,975662,Hook_1498
30,64,4,1.069992781,1.066052198,487831,459539,975662,Hook_1498
30,64,5,0.792841911,0.791398525,487831,459539,975662,Hook_1498
30,64,6,0.797032833,0.794152021,487831,459539,975662,Hook_1498
30,64,7,0.805485964,0.802150488,487831,459539,975662,Hook_1498
30,64,8,0.793749332,0.791107655,487831,459539,975662,Hook_1498
30,64,9,0.800319910,0.798832178,487831,459539,975662,Hook_1498
44,64,0,0.791810274,0.789227247,489534,461052,979068,Hook_1498
44,64,1,1.059985399,1.055033684,489534,461052,979068,Hook_1498
44,64,2,1.056990623,1.055050373,489534,461052,979068,Hook_1498
44,64,3,1.056460619,1.055040359,489534,461052,979068,Hook_1498
44,64,4,1.069994211,1.066042900,489534,461052,979068,Hook_1498
44,64,5,0.793133020,0.791188717,489534,461052,979068,Hook_1498
44,64,6,0.796990156,0.794123173,489534,461052,979068,Hook_1498
44,64,7,0.794500113,0.791153908,489534,461052,979068,Hook_1498
44,64,8,0.793811083,0.791145802,489534,461052,979068,Hook_1498
44,64,9,0.801322699,0.799811363,489534,461052,979068,Hook_1498
46,64,0,1.043995142,0.780188799,490596,462194,981192,Hook_1498
46,64,1,1.062031031,1.055036306,490596,462194,981192,Hook_1498
46,64,2,1.056988239,1.055038452,490596,462194,981192,Hook_1498
46,64,3,1.059776545,1.055035830,490596,462194,981192,Hook_1498
46,64,4,1.069986820,1.066037178,490596,462194,981192,Hook_1498
46,64,5,0.794919014,0.791139126,490596,462194,981192,Hook_1498
46,64,6,0.797027588,0.794100523,490596,462194,981192,Hook_1498
46,64,7,0.794478416,0.791104317,490596,462194,981192,Hook_1498
46,64,8,0.793800116,0.791104794,490596,462194,981192,Hook_1498
46,64,9,0.802349806,0.800811291,490596,462194,981192,Hook_1498
24,64,0,1.307964087,1.044157028,487495,459139,974990,Hook_1498
24,64,1,1.056709290,1.055247307,487495,459139,974990,Hook_1498
24,64,2,1.055938721,1.054472208,487495,459139,974990,Hook_1498
24,64,3,1.056857347,1.055409431,487495,459139,974990,Hook_1498
24,64,4,1.056864023,1.055409908,487495,459139,974990,Hook_1498
24,64,5,1.058041096,1.055160999,487495,459139,974990,Hook_1498
24,64,6,0.803848743,0.802415371,487495,459139,974990,Hook_1498
24,64,7,0.792866945,0.791408777,487495,459139,974990,Hook_1498
24,64,8,0.790968895,0.789495230,487495,459139,974990,Hook_1498
24,64,9,1.066336393,1.064848900,487495,459139,974990,Hook_1498
40,64,0,1.318992615,1.055128336,487614,459131,975228,Hook_1498
40,64,1,1.059549093,1.055175781,487614,459131,975228,Hook_1498
40,64,2,1.060624361,1.055206060,487614,459131,975228,Hook_1498
40,64,3,1.059991598,1.055179358,487614,459131,975228,Hook_1498
40,64,4,1.048527479,1.044168949,487614,459131,975228,Hook_1498
40,64,5,1.058054209,1.055128098,487614,459131,975228,Hook_1498
40,64,6,1.060340166,1.058073282,487614,459131,975228,Hook_1498
40,64,7,1.057120323,1.055070639,487614,459131,975228,Hook_1498
40,64,8,1.001643181,1.000108480,487614,459131,975228,Hook_1498
40,64,9,1.068439960,1.066117048,487614,459131,975228,Hook_1498
39,64,0,0.782992840,0.519204617,488139,459719,976278,Hook_1498
39,64,1,0.797012568,0.791026831,488139,459719,976278,Hook_1498
39,64,2,0.795993805,0.794045925,488139,459719,976278,Hook_1498
39,64,3,0.794991255,0.791024685,488139,459719,976278,Hook_1498
39,64,4,0.797987700,0.794019938,488139,459719,976278,Hook_1498
39,64,5,0.530039787,0.527202606,488139,459719,976278,Hook_1498
39,64,6,0.797037601,0.794129848,488139,459719,976278,Hook_1498
39,64,7,0.793713808,0.791138411,488139,459719,976278,Hook_1498
39,64,8,0.804123163,0.802109480,488139,459719,976278,Hook_1498
39,64,9,0.806354284,0.804868937,488139,459719,976278,Hook_1498
27,64,0,1.043987989,0.780079603,488479,460162,976958,Hook_1498
27,64,1,1.060990095,1.055028439,488479,460162,976958,Hook_1498
27,64,2,1.045975685,1.044017076,488479,460162,976958,Hook_1498
27,64,3,1.058987856,1.055023193,488479,460162,976958,Hook_1498
27,64,4,1.061990499,1.058025599,488479,460162,976958,Hook_1498
27,64,5,0.794048071,0.791089296,488479,460162,976958,Hook_1498
27,64,6,0.797035694,0.794076443,488479,460162,976958,Hook_1498
27,64,7,0.793126822,0.791069269,488479,460162,976958,Hook_1498
27,64,8,0.804117441,0.802060843,488479,460162,976958,Hook_1498
27,64,9,0.807636261,0.805665731,488479,460162,976958,Hook_1498
43,64,0,0.606999159,0.528234482,488187,459822,976374,Hook_1498
43,64,1,0.530138254,0.528211117,488187,459822,976374,Hook_1498
43,64,2,0.521128893,0.519201279,488187,459822,976374,Hook_1498
43,64,3,0.529126644,0.527198076,488187,459822,976374,Hook_1498
43,64,4,0.532128572,0.530200243,488187,459822,976374,Hook_1498
43,64,5,0.794049501,0.791136026,488187,459822,976374,Hook_1498
43,64,6,0.796428680,0.794121027,488187,459822,976374,Hook_1498
43,64,7,0.793131113,0.791131496,488187,459822,976374,Hook_1498
43,64,8,0.804123878,0.802097082,488187,459822,976374,Hook_1498
43,64,9,0.809505701,0.807059050,488187,459822,976374,Hook_1498
29,64,0,0.795989037,0.791075468,488730,460404,977460,Hook_1498
29,64,1,0.795981646,0.792119503,488730,460404,977460,Hook_1498
29,64,2,0.795992851,0.791124105,488730,460404,977460,Hook_1498
29,64,3,0.793861151,0.791121006,488730,460404,977460,Hook_1498
29,64,4,0.786990404,0.783119678,488730,460404,977460,Hook_1498
29,64,5,0.794028997,0.791084290,488730,460404,977460,Hook_1498
29,64,6,0.796316862,0.794082880,488730,460404,977460,Hook_1498
29,64,7,0.793097734,0.791077852,488730,460404,977460,Hook_1498
29,64,8,0.804994822,0.802080393,488730,460404,977460,Hook_1498
29,64,9,0.809022427,0.806112766,488730,460404,977460,Hook_1498
33,64,0,1.054981947,0.791178703,487129,458777,974258,Hook_1498
33,64,1,0.795448303,0.792194128,487129,458777,974258,Hook_1498
33,64,2,0.848825693,0.846064568,487129,458777,974258,Hook_1498
33,64,3,0.796245813,0.791127682,487129,458777,974258,Hook_1498
33,64,4,0.786420822,0.783178806,487129,458777,974258,Hook_1498
33,64,5,0.793998241,0.791136265,487129,458777,974258,Hook_1498
33,64,6,0.796291828,0.794090986,487129,458777,974258,Hook_1498
33,64,7,0.793085337,0.791100740,487129,458777,974258,Hook_1498
33,64,8,0.805974722,0.802095413,487129,458777,974258,Hook_1498
33,64,9,0.810202360,0.808449745,487129,458777,974258,Hook_1498
34,64,0,0.795991898,0.791133642,486944,458706,973888,Hook_1498
34,64,1,0.795992374,0.792156696,486944,458706,973888,Hook_1498
34,64,2,0.795989990,0.791194201,486944,458706,973888,Hook_1498
34,64,3,0.795992613,0.791160822,486944,458706,973888,Hook_1498
34,64,4,0.787167788,0.783130884,486944,458706,973888,Hook_1498
34,64,5,0.794493914,0.791131973,486944,458706,973888,Hook_1498
34,64,6,0.796313763,0.794079542,486944,458706,973888,Hook_1498
34,64,7,0.793106318,0.791072607,486944,458706,973888,Hook_1498
34,64,8,0.796981812,0.794060707,486944,458706,973888,Hook_1498
34,64,9,0.812838793,0.809684038,486944,458706,973888,Hook_1498
42,64,0,1.054990053,0.791138649,487206,458849,974412,Hook_1498
42,64,1,0.794727325,0.792127609,487206,458849,974412,Hook_1498
42,64,2,0.783460617,0.780212164,487206,458849,974412,Hook_1498
42,64,3,0.794129610,0.791201830,487206,458849,974412,Hook_1498
42,64,4,0.853183270,0.849148989,487206,458849,974412,Hook_1498
42,64,5,1.058441162,1.055035830,487206,458849,974412,Hook_1498
42,64,6,1.049337387,1.047052145,487206,458849,974412,Hook_1498
42,64,7,1.057126999,1.055051088,487206,458849,974412,Hook_1498
42,64,8,1.057991028,1.055031538,487206,458849,974412,Hook_1498
42,64,9,1.076283693,1.073100567,487206,458849,974412,Hook_1498
32,64,0,1.031757832,1.022097349,487122,458801,974244,Hook_1498
32,64,1,1.317991018,1.054130793,487122,458801,974244,Hook_1498
32,64,2,1.061805487,1.055128574,487122,458801,974244,Hook_1498
32,64,3,1.068780422,1.066135168,487122,458801,974244,Hook_1498
32,64,4,1.059159756,1.055119514,487122,458801,974244,Hook_1498
32,64,5,1.056944609,1.055081606,487122,458801,974244,Hook_1498
32,64,6,1.049315929,1.047066927,487122,458801,974244,Hook_1498
32,64,7,1.057100296,1.055065155,487122,458801,974244,Hook_1498
32,64,8,1.057987928,1.055065632,487122,458801,974244,Hook_1498
32,64,9,1.076265812,1.073137283,487122,458801,974244,Hook_1498
35,64,0,0.810985804,0.802058697,486609,458436,973218,Hook_1498
35,64,1,0.795993805,0.791096210,486609,458436,973218,Hook_1498
35,64,2,0.796993732,0.791120052,486609,458436,973218,Hook_1498
35,64,3,0.804798603,0.802097082,486609,458436,973218,Hook_1498
35,64,4,0.798175573,0.794079542,486609,458436,973218,Hook_1498
35,64,5,0.793535233,0.791055202,486609,458436,973218,Hook_1498
35,64,6,0.796713114,0.794023275,486609,458436,973218,Hook_1498
35,64,7,0.793666363,0.791021347,486609,458436,973218,Hook_1498
35,64,8,0.785899878,0.783023834,486609,458436,973218,Hook_1498
35,64,9,0.790286064,0.787113190,486609,458436,973218,Hook_1498
37,64,0,0.810983181,0.802044630,486131,457909,972262,Hook_1498
37,64,1,0.795985937,0.791098595,486131,457909,972262,Hook_1498
37,64,2,0.810055494,0.802109003,486131,457909,972262,Hook_1498
37,64,3,0.793790102,0.791097164,486131,457909,972262,Hook_1498
37,64,4,0.798168898,0.794090033,486131,457909,972262,Hook_1498
37,64,5,0.793313026,0.791046143,486131,457909,972262,Hook_1498
37,64,6,0.796321630,0.794025183,486131,457909,972262,Hook_1498
37,64,7,0.793315649,0.791016579,486131,457909,972262,Hook_1498
37,64,8,0.785387516,0.783010960,486131,457909,972262,Hook_1498
37,64,9,0.790014744,0.787070990,486131,457909,972262,Hook_1498
28,64,0,1.074987411,1.066033363,488144,459838,976288,Hook_1498
28,64,1,1.069990873,1.065101624,488144,459838,976288,Hook_1498
28,64,2,1.073988438,1.066066027,488144,459838,976288,Hook_1498
28,64,3,1.057795286,1.055059671,488144,459838,976288,Hook_1498
28,64,4,1.059192657,1.055084944,488144,459838,976288,Hook_1498
28,64,5,0.792822838,0.791364431,488144,459838,976288,Hook_1498
28,64,6,0.795846224,0.794384003,488144,459838,976288,Hook_1498
28,64,7,0.792821407,0.791355610,488144,459838,976288,Hook_1498
28,64,8,0.781905174,0.780367613,488144,459838,976288,Hook_1498
28,64,9,1.078590631,1.076059818,488144,459838,976288,Hook_1498
117,128,0,1.537992716,1.346150875,243537,230673,487074,Hook_1498
117,128,1,1.346041918,1.344223738,243537,230673,487074,Hook_1498
117,128,2,1.536000013,1.344098568,243537,230673,487074,Hook_1498
117,128,3,1.535997868,1.344113588,243537,230673,487074,Hook_1498
117,128,4,1.348844528,1.347227573,243537,230673,487074,Hook_1498
117,128,5,1.535002232,1.344035864,243537,230673,487074,Hook_1498
117,128,6,1.345870733,1.344282866,243537,230673,487074,Hook_1498
117,128,7,1.346246243,1.344288349,243537,230673,487074,Hook_1498
117,128,8,1.156836271,1.155185461,243537,230673,487074,Hook_1498
117,128,9,1.154064178,1.152252197,243537,230673,487074,Hook_1498
96,128,0,1.729995012,1.538074255,243915,231081,487830,Hook_1498
96,128,1,1.728000641,1.536227703,243915,231081,487830,Hook_1498
96,128,2,1.536005974,1.344365358,243915,231081,487830,Hook_1498
96,128,3,1.535992861,1.344168425,243915,231081,487830,Hook_1498
96,128,4,1.348943710,1.347312927,243915,231081,487830,Hook_1498
96,128,5,1.154273510,1.152411699,243915,231081,487830,Hook_1498
96,128,6,1.535996437,1.344450474,243915,231081,487830,Hook_1498
96,128,7,1.346125603,1.344353199,243915,231081,487830,Hook_1498
96,128,8,1.350596666,1.347186089,243915,231081,487830,Hook_1498
96,128,9,1.345972061,1.344240189,243915,231081,487830,Hook_1498
110,128,0,1.537997007,1.346055031,245412,232549,490824,Hook_1498
110,128,1,1.537636042,1.536033630,245412,232549,490824,Hook_1498
110,128,2,1.346679449,1.344160795,245412,232549,490824,Hook_1498
110,128,3,1.534978628,1.344125748,245412,232549,490824,Hook_1498
110,128,4,1.540588617,1.539038181,245412,232549,490824,Hook_1498
110,128,5,1.345817804,1.344035864,245412,232549,490824,Hook_1498
110,128,6,1.345955610,1.344035864,245412,232549,490824,Hook_1498
110,128,7,1.533993244,1.344034910,245412,232549,490824,Hook_1498
110,128,8,1.346997499,1.155109644,245412,232549,490824,Hook_1498
110,128,9,1.345804930,1.344253540,245412,232549,490824,Hook_1498
86,128,0,1.855895042,1.855019331,244431,231541,488862,Hook_1498
86,128,1,1.320983648,1.318104744,244431,231541,488862,Hook_1498
86,128,2,1.589984655,1.586042881,244431,231541,488862,Hook_1498
86,128,3,1.584550858,1.583126307,244431,231541,488862,Hook_1498
86,128,4,1.325987339,1.323114872,244431,231541,488862,Hook_1498
86,128,5,1.576537609,1.575231075,244431,231541,488862,Hook_1498
86,128,6,1.331985950,1.329039574,244431,231541,488862,Hook_1498
86,128,7,1.328989983,1.326039791,244431,231541,488862,Hook_1498
86,128,8,1.586988211,1.579031706,244431,231541,488862,Hook_1498
86,128,9,1.315133572,1.314239979,244431,231541,488862,Hook_1498
16,128,0,1.921995163,1.730103731,243752,230860,487504,Hook_1498
16,128,1,1.916000843,1.724173307,243752,230860,487504,Hook_1498
16,128,2,1.345889330,1.344239712,243752,230860,487504,Hook_1498
16,128,3,1.726998806,1.536114216,243752,230860,487504,Hook_1498
16,128,4,1.731002808,1.539120913,243752,230860,487504,Hook_1498
16,128,5,1.346757650,1.344212055,243752,230860,487504,Hook_1498
16,128,6,1.538202047,1.536108732,243752,230860,487504,Hook_1498
16,128,7,1.537865400,1.536210537,243752,230860,487504,Hook_1498
16,128,8,1.537997723,1.535037279,243752,230860,487504,Hook_1498
16,128,9,1.537841797,1.536202908,243752,230860,487504,Hook_1498
4,128,0,1.921988726,1.730116367,243509,230638,487018,Hook_1498
4,128,1,1.725824356,1.724165916,243509,230638,487018,Hook_1498
4,128,2,1.346081972,1.344246626,243509,230638,487018,Hook_1498
4,128,3,1.726999283,1.536103964,243509,230638,487018,Hook_1498
4,128,4,1.731002331,1.539169550,243509,230638,487018,Hook_1498
4,128,5,1.535997152,1.344241858,243509,230638,487018,Hook_1498
4,128,6,1.538518429,1.536121845,243509,230638,487018,Hook_1498
4,128,7,1.542832375,1.540201902,243509,230638,487018,Hook_1498
4,128,8,1.538001776,1.535031796,243509,230638,487018,Hook_1498
4,128,9,1.538320303,1.536669493,243509,230638,487018,Hook_1498
8,128,0,1.921997070,1.730108023,243330,230418,486660,Hook_1498
8,128,1,1.730538607,1.728170872,243330,230418,486660,Hook_1498
8,128,2,1.538320303,1.536042213,243330,230418,486660,Hook_1498
8,128,3,1.727001905,1.536062479,243330,230418,486660,Hook_1498
8,128,4,1.722997427,1.531120300,243330,230418,486660,Hook_1498
8,128,5,1.542034626,1.540042162,243330,230418,486660,Hook_1498
8,128,6,1.538243055,1.536122084,243330,230418,486660,Hook_1498
8,128,7,1.543253422,1.540191412,243330,230418,486660,Hook_1498
8,128,8,1.534002304,1.531032324,243330,230418,486660,Hook_1498
8,128,9,1.535605907,1.532209396,243330,230418,486660,Hook_1498
112,128,0,1.348386288,1.346273184,243924,231055,487848,Hook_1498
112,128,1,1.542627096,1.540057659,243924,231055,487848,Hook_1498
112,128,2,1.537705898,1.536079884,243924,231055,487848,Hook_1498
112,128,3,1.535999060,1.344332695,243924,231055,487848,Hook_1498
112,128,4,1.723000526,1.531124115,243924,231055,487848,Hook_1498
112,128,5,1.350505114,1.348208666,243924,231055,487848,Hook_1498
112,128,6,1.537885904,1.536170959,243924,231055,487848,Hook_1498
112,128,7,1.538996458,1.536212921,243924,231055,487848,Hook_1498
112,128,8,1.350001335,1.347034931,243924,231055,487848,Hook_1498
112,128,9,1.347896338,1.344256401,243924,231055,487848,Hook_1498
120,128,0,1.406878233,1.405414343,242844,230026,485688,Hook_1498
120,128,1,1.409823895,1.408423424,242844,230026,485688,Hook_1498
120,128,2,1.409808397,1.408412695,242844,230026,485688,Hook_1498
120,128,3,1.409873962,1.408473492,242844,230026,485688,Hook_1498
120,128,4,1.409887314,1.408488750,242844,230026,485688,Hook_1498
120,128,5,1.409850836,1.408463478,242844,230026,485688,Hook_1498
120,128,6,1.405921459,1.404513597,242844,230026,485688,Hook_1498
120,128,7,1.416903019,1.415494442,242844,230026,485688,Hook_1498
120,128,8,1.409924030,1.408513546,242844,230026,485688,Hook_1498
120,128,9,1.409826994,1.408456564,242844,230026,485688,Hook_1498
92,128,0,1.830991983,1.828024387,243615,230804,487230,Hook_1498
92,128,1,1.331991673,1.329066277,243615,230804,487230,Hook_1498
92,128,2,1.588990688,1.586135864,243615,230804,487230,Hook_1498
92,128,3,1.848515272,1.847018719,243615,230804,487230,Hook_1498
92,128,4,1.578990459,1.576039553,243615,230804,487230,Hook_1498
92,128,5,1.575982332,1.575114727,243615,230804,487230,Hook_1498
92,128,6,1.858519793,1.857030153,243615,230804,487230,Hook_1498
92,128,7,1.855988264,1.853023291,243615,230804,487230,Hook_1498
92,128,8,1.575994015,1.568033695,243615,230804,487230,Hook_1498
92,128,9,1.316057920,1.315204859,243615,230804,487230,Hook_1498
104,128,0,1.917992115,1.726014853,244128,231199,488256,Hook_1498
104,128,1,1.726666927,1.724053621,244128,231199,488256,Hook_1498
104,128,2,1.734088659,1.732084751,244128,231199,488256,Hook_1498
104,128,3,1.914993763,1.724026918,244128,231199,488256,Hook_1498
104,128,4,1.918998957,1.727052450,244128,231199,488256,Hook_1498
104,128,5,1.882997990,1.728018522,244128,231199,488256,Hook_1498
104,128,6,1.538997650,1.536209822,244128,231199,488256,Hook_1498
104,128,7,1.538268089,1.536207438,244128,231199,488256,Hook_1498
104,128,8,1.537996531,1.535058260,244128,231199,488256,Hook_1498
104,128,9,1.537746191,1.536166191,244128,231199,488256,Hook_1498
101,128,0,1.721993685,1.530027866,242796,229977,485592,Hook_1498
101,128,1,1.542468071,1.540040016,242796,229977,485592,Hook_1498
101,128,2,1.345767498,1.344147205,242796,229977,485592,Hook_1498
101,128,3,1.535004616,1.344038010,242796,229977,485592,Hook_1498
101,128,4,1.534999132,1.343110561,242796,229977,485592,Hook_1498
101,128,5,1.345581532,1.344036341,242796,229977,485592,Hook_1498
101,128,6,1.346189499,1.344223022,242796,229977,485592,Hook_1498
101,128,7,1.347003222,1.344216108,242796,229977,485592,Hook_1498
101,128,8,1.345996618,1.343035460,242796,229977,485592,Hook_1498
101,128,9,1.346069574,1.344489574,242796,229977,485592,Hook_1498
89,128,0,1.599278927,1.597172976,243606,230744,487212,Hook_1498
89,128,1,1.309131622,1.308235884,243606,230744,487212,Hook_1498
89,128,2,1.587130785,1.586255312,243606,230744,487212,Hook_1498
89,128,3,1.848528147,1.847023726,243606,230744,487212,Hook_1498
89,128,4,1.325265408,1.323154449,243606,230744,487212,Hook_1498
89,128,5,1.595102072,1.594223738,243606,230744,487212,Hook_1498
89,128,6,1.859990358,1.857032776,243606,230744,487212,Hook_1498
89,128,7,1.844992161,1.842040300,243606,230744,487212,Hook_1498
89,128,8,1.597992420,1.590052366,243606,230744,487212,Hook_1498
89,128,9,1.395588398,1.394246817,243606,230744,487212,Hook_1498
20,128,0,1.917997122,1.726104498,243441,230572,486882,Hook_1498
20,128,1,1.734595776,1.732113361,243441,230572,486882,Hook_1498
20,128,2,1.537655830,1.536044836,243441,230572,486882,Hook_1498
20,128,3,1.727003098,1.536060572,243441,230572,486882,Hook_1498
20,128,4,1.730994225,1.539117336,243441,230572,486882,Hook_1498
20,128,5,1.341645002,1.340131998,243441,230572,486882,Hook_1498
20,128,6,1.538466454,1.536047459,243441,230572,486882,Hook_1498
20,128,7,1.538999081,1.536116123,243441,230572,486882,Hook_1498
20,128,8,1.538449764,1.535039902,243441,230572,486882,Hook_1498
20,128,9,1.537861109,1.536177397,243441,230572,486882,Hook_1498
12,128,0,1.917994022,1.726086617,244348,231403,488696,Hook_1498
12,128,1,1.726634264,1.724093437,244348,231403,488696,Hook_1498
12,128,2,1.346706629,1.344119549,244348,231403,488696,Hook_1498
12,128,3,1.345815897,1.344205379,244348,231403,488696,Hook_1498
12,128,4,1.726999283,1.535104275,244348,231403,488696,Hook_1498
12,128,5,1.345690012,1.344165802,244348,231403,488696,Hook_1498
12,128,6,1.539019823,1.536040545,244348,231403,488696,Hook_1498
12,128,7,1.535001516,1.532120705,244348,231403,488696,Hook_1498
12,128,8,1.538001776,1.535039902,244348,231403,488696,Hook_1498
12,128,9,1.538191795,1.536639452,244348,231403,488696,Hook_1498
13,128,0,1.725990057,1.534111261,243398,230511,486796,Hook_1498
13,128,1,1.538446903,1.536127329,243398,230511,486796,Hook_1498
13,128,2,1.153869867,1.152220249,243398,230511,486796,Hook_1498
13,128,3,1.534993410,1.344039679,243398,230511,486796,Hook_1498
13,128,4,1.534993172,1.343126535,243398,230511,486796,Hook_1498
13,128,5,1.346463442,1.344032526,243398,230511,486796,Hook_1498
13,128,6,1.346996546,1.344064236,243398,230511,486796,Hook_1498
13,128,7,1.378999233,1.376101732,243398,230511,486796,Hook_1498
13,128,8,1.538000107,1.535036802,243398,230511,486796,Hook_1498
13,128,9,1.537857294,1.536187887,243398,230511,486796,Hook_1498
102,128,0,1.725996733,1.534029961,243324,230463,486648,Hook_1498
102,128,1,1.350448370,1.348379135,243324,230463,486648,Hook_1498
102,128,2,1.341835737,1.340065956,243324,230463,486648,Hook_1498
102,128,3,1.154052973,1.152330637,243324,230463,486648,Hook_1498
102,128,4,1.153247356,1.151408672,243324,230463,486648,Hook_1498
102,128,5,1.153844118,1.152214527,243324,230463,486648,Hook_1498
102,128,6,1.347298622,1.344177723,243324,230463,486648,Hook_1498
102,128,7,1.346998930,1.344140053,243324,230463,486648,Hook_1498
102,128,8,1.153038263,1.151347160,243324,230463,486648,Hook_1498
102,128,9,1.346221685,1.344532013,243324,230463,486648,Hook_1498
99,128,0,1.533997297,1.342033625,243783,230954,487566,Hook_1498
99,128,1,1.345749140,1.344035864,243783,230954,487566,Hook_1498
99,128,2,1.153963566,1.152107716,243783,230954,487566,Hook_1498
99,128,3,1.342995167,1.152034998,243783,230954,487566,Hook_1498
99,128,4,1.534995317,1.343038321,243783,230954,487566,Hook_1498
99,128,5,1.154503345,1.152178049,243783,230954,487566,Hook_1498
99,128,6,1.345818281,1.344207764,243783,230954,487566,Hook_1498
99,128,7,1.346994400,1.344175577,243783,230954,487566,Hook_1498
99,128,8,1.154683828,1.151371717,243783,230954,487566,Hook_1498
99,128,9,1.345687866,1.344118834,243783,230954,487566,Hook_1498
94,128,0,1.576552391,1.575201988,244545,231714,489090,Hook_1498
94,128,1,1.320914507,1.317965269,244545,231714,489090,Hook_1498
94,128,2,1.588990688,1.586128712,244545,231714,489090,Hook_1498
94,128,3,1.595040321,1.594162941,244545,231714,489090,Hook_1498
94,128,4,1.313109636,1.312235117,244545,231714,489090,Hook_1498
94,128,5,1.577207088,1.575090885,244545,231714,489090,Hook_1498
94,128,6,1.588052511,1.587185860,244545,231714,489090,Hook_1498
94,128,7,1.583096027,1.582206249,244545,231714,489090,Hook_1498
94,128,8,1.310094118,1.309199572,244545,231714,489090,Hook_1498
94,128,9,1.329042435,1.328145027,244545,231714,489090,Hook_1498
116,128,0,1.725987196,1.534051418,243693,230772,487386,Hook_1498
116,128,1,1.537761211,1.536056042,243693,230772,487386,Hook_1498
116,128,2,1.347079039,1.345335245,243693,230772,487386,Hook_1498
116,128,3,1.726999521,1.536059141,243693,230772,487386,Hook_1498
116,128,4,1.726998568,1.535060167,243693,230772,487386,Hook_1498
116,128,5,1.342920303,1.340151310,243693,230772,487386,Hook_1498
116,128,6,1.538177252,1.536150217,243693,230772,487386,Hook_1498
116,128,7,1.539001942,1.536134005,243693,230772,487386,Hook_1498
116,128,8,1.344675303,1.343058825,243693,230772,487386,Hook_1498
116,128,9,1.346069813,1.344435215,243693,230772,487386,Hook_1498
19,128,0,1.725987196,1.534099102,242807,229948,485614,Hook_1498
19,128,1,1.537777185,1.536114693,242807,229948,485614,Hook_1498
19,128,2,1.153883934,1.152172804,242807,229948,485614,Hook_1498
19,128,3,1.534996748,1.344063759,242807,229948,485614,Hook_1498
19,128,4,1.534990788,1.343119383,242807,229948,485614,Hook_1498
19,128,5,1.159339905,1.156127453,242807,229948,485614,Hook_1498
19,128,6,1.346073866,1.344030142,242807,229948,485614,Hook_1498
19,128,7,1.342995167,1.340055943,242807,229948,485614,Hook_1498
19,128,8,1.344764233,1.343034029,242807,229948,485614,Hook_1498
19,128,9,1.345664501,1.344093084,242807,229948,485614,Hook_1498
2,128,0,1.917993546,1.726061344,242322,229477,484644,Hook_1498
2,128,1,1.729712248,1.728036880,242322,229477,484644,Hook_1498
2,128,2,1.728002310,1.536152601,242322,229477,484644,Hook_1498
2,128,3,1.537786245,1.536197662,242322,229477,484644,Hook_1498
2,128,4,1.918996096,1.727039099,242322,229477,484644,Hook_1498
2,128,5,1.539752960,1.536126852,242322,229477,484644,Hook_1498
2,128,6,1.537898302,1.536279440,242322,229477,484644,Hook_1498
2,128,7,1.733993530,1.731055498,242322,229477,484644,Hook_1498
2,128,8,1.536849499,1.535254240,242322,229477,484644,Hook_1498
2,128,9,1.729892731,1.728304625,242322,229477,484644,Hook_1498
119,128,0,1.533997297,1.342026949,243099,230230,486198,Hook_1498
119,128,1,1.345733404,1.344033957,243099,230230,486198,Hook_1498
119,128,2,1.343999147,1.152156830,243099,230230,486198,Hook_1498
119,128,3,1.154654503,1.152170897,243099,230230,486198,Hook_1498
119,128,4,1.538998127,1.347034216,243099,230230,486198,Hook_1498
119,128,5,1.342999220,1.152039528,243099,230230,486198,Hook_1498
119,128,6,1.346265793,1.344120026,243099,230230,486198,Hook_1498
119,128,7,1.346999407,1.344114304,243099,230230,486198,Hook_1498
119,128,8,1.153049469,1.151037693,243099,230230,486198,Hook_1498
119,128,9,1.155292988,1.152680397,243099,230230,486198,Hook_1498
118,128,0,1.533990860,1.342045784,243141,230325,486282,Hook_1498
118,128,1,1.350647449,1.348061562,243141,230325,486282,Hook_1498
118,128,2,1.345689774,1.344066381,243141,230325,486282,Hook_1498
118,128,3,1.534994364,1.344030380,243141,230325,486282,Hook_1498
118,128,4,1.534974098,1.343035460,243141,230325,486282,Hook_1498
118,128,5,1.345563173,1.344022274,243141,230325,486282,Hook_1498
118,128,6,1.537799358,1.536117792,243141,230325,486282,Hook_1498
118,128,7,1.539283276,1.536086798,243141,230325,486282,Hook_1498
118,128,8,1.344996214,1.343027592,243141,230325,486282,Hook_1498
118,128,9,1.347001076,1.344086885,243141,230325,486282,Hook_1498
5,128,0,1.917998791,1.726068497,243945,231096,487890,Hook_1498
5,128,1,1.729735613,1.728063345,243945,231096,487890,Hook_1498
5,128,2,1.536002398,1.344151974,243945,231096,487890,Hook_1498
5,128,3,1.346430063,1.344213963,243945,231096,487890,Hook_1498
5,128,4,1.727002621,1.535062075,243945,231096,487890,Hook_1498
5,128,5,1.351002932,1.348140240,243945,231096,487890,Hook_1498
5,128,6,1.533964157,1.532031775,243945,231096,487890,Hook_1498
5,128,7,1.539000034,1.536058903,243945,231096,487890,Hook_1498
5,128,8,1.344810963,1.343219995,243945,231096,487890,Hook_1498
5,128,9,1.538996935,1.536308765,243945,231096,487890,Hook_1498
22,128,0,1.726001263,1.537678957,244181,231293,488362,Hook_1498
22,128,1,1.538320303,1.536259413,244181,231293,488362,Hook_1498
22,128,2,1.537074327,1.344144344,244181,231293,488362,Hook_1498
22,128,3,1.346756935,1.344169617,244181,231293,488362,Hook_1498
22,128,4,1.344867468,1.343206406,244181,231293,488362,Hook_1498
22,128,5,1.535001278,1.344077110,244181,231293,488362,Hook_1498
22,128,6,1.345837593,1.344186068,244181,231293,488362,Hook_1498
22,128,7,1.538998604,1.536037922,244181,231293,488362,Hook_1498
22,128,8,1.345920563,1.343180656,244181,231293,488362,Hook_1498
22,128,9,1.538014889,1.536064863,244181,231293,488362,Hook_1498
77,128,0,1.855887175,1.855023861,244422,231544,488844,Hook_1498
77,128,1,1.595986605,1.593033552,244422,231544,488844,Hook_1498
77,128,2,1.655257463,1.652199030,244422,231544,488844,Hook_1498
77,128,3,1.851556540,1.850200891,244422,231544,488844,Hook_1498
77,128,4,1.849022388,1.595370054,244422,231544,488844,Hook_1498
77,128,5,1.852244854,1.850135803,244422,231544,488844,Hook_1498
77,128,6,1.539083481,1.538215399,244422,231544,488844,Hook_1498
77,128,7,1.581138372,1.578268766,244422,231544,488844,Hook_1498
77,128,8,1.845994473,1.843031645,244422,231544,488844,Hook_1498
77,128,9,1.591137648,1.590254784,244422,231544,488844,Hook_1498
105,128,0,1.617994070,1.426210165,243720,230848,487440,Hook_1498
105,128,1,1.729695559,1.728027821,243720,230848,487440,Hook_1498
105,128,2,1.728003263,1.536301374,243720,230848,487440,Hook_1498
105,128,3,1.539044142,1.536262035,243720,230848,487440,Hook_1498
105,128,4,1.537043571,1.535308361,243720,230848,487440,Hook_1498
105,128,5,1.726996660,1.536032438,243720,230848,487440,Hook_1498
105,128,6,1.537944555,1.536075115,243720,230848,487440,Hook_1498
105,128,7,1.538001060,1.536036968,243720,230848,487440,Hook_1498
105,128,8,1.346198797,1.343241930,243720,230848,487440,Hook_1498
105,128,9,1.538039923,1.536063194,243720,230848,487440,Hook_1498
115,128,0,1.533999681,1.342034817,244233,231348,488466,Hook_1498
115,128,1,1.345762014,1.344062805,244233,231348,488466,Hook_1498
115,128,2,1.343995571,1.152186155,244233,231348,488466,Hook_1498
115,128,3,1.345712662,1.344042063,244233,231348,488466,Hook_1498
115,128,4,1.344691753,1.343062162,244233,231348,488466,Hook_1498
115,128,5,1.343008757,1.152067661,244233,231348,488466,Hook_1498
115,128,6,1.345818520,1.344134331,244233,231348,488466,Hook_1498
115,128,7,1.346002102,1.344056129,244233,231348,488466,Hook_1498
115,128,8,1.152647495,1.151063442,244233,231348,488466,Hook_1498
115,128,9,1.155828238,1.152681351,244233,231348,488466,Hook_1498
14,128,0,1.725993872,1.534133434,243756,230853,487512,Hook_1498
14,128,1,1.728001118,1.536236763,243756,230853,487512,Hook_1498
14,128,2,1.346456289,1.344027758,243756,230853,487512,Hook_1498
14,128,3,1.345770121,1.344169855,243756,230853,487512,Hook_1498
14,128,4,1.349876165,1.347235203,243756,230853,487512,Hook_1498
14,128,5,1.345755339,1.344060898,243756,230853,487512,Hook_1498
14,128,6,1.347680092,1.344172478,243756,230853,487512,Hook_1498
14,128,7,1.345909119,1.344270468,243756,230853,487512,Hook_1498
14,128,8,1.538999081,1.347116709,243756,230853,487512,Hook_1498
14,128,9,1.488029003,1.344902515,243756,230853,487512,Hook_1498
15,128,0,1.348157167,1.346222639,243313,230443,486626,Hook_1498
15,128,1,1.537736416,1.536035299,243313,230443,486626,Hook_1498
15,128,2,1.343999624,1.152119875,243313,230443,486626,Hook_1498
15,128,3,1.538997173,1.344042540,243313,230443,486626,Hook_1498
15,128,4,1.344623327,1.343041182,243313,230443,486626,Hook_1498
15,128,5,1.343002796,1.152129412,243313,230443,486626,Hook_1498
15,128,6,1.345753908,1.344076633,243313,230443,486626,Hook_1498
15,128,7,1.345995426,1.344037056,243313,230443,486626,Hook_1498
15,128,8,1.152761459,1.151205301,243313,230443,486626,Hook_1498
15,128,9,1.350509644,1.348043442,243313,230443,486626,Hook_1498
114,128,0,1.349386454,1.346154451,244185,231310,488370,Hook_1498
114,128,1,1.538086891,1.536037207,244185,231310,488370,Hook_1498
114,128,2,1.540001154,1.348178148,244185,231310,488370,Hook_1498
114,128,3,1.345851660,1.344200611,244185,231310,488370,Hook_1498
114,128,4,1.536664724,1.535032749,244185,231310,488370,Hook_1498
114,128,5,1.535000324,1.344056845,244185,231310,488370,Hook_1498
114,128,6,1.537879229,1.536095619,244185,231310,488370,Hook_1498
114,128,7,1.537997007,1.536053658,244185,231310,488370,Hook_1498
114,128,8,1.344639778,1.343032837,244185,231310,488370,Hook_1498
114,128,9,1.350415468,1.348097801,244185,231310,488370,Hook_1498
79,128,0,1.819191933,1.817018509,243855,230994,487710,Hook_1498
79,128,1,1.311480761,1.307108879,243855,230994,487710,Hook_1498
79,128,2,1.588984489,1.586163044,243855,230994,487710,Hook_1498
79,128,3,1.851544380,1.850158215,243855,230994,487710,Hook_1498
79,128,4,1.598244190,1.596177578,243855,230994,487710,Hook_1498
79,128,5,1.595984697,1.586261988,243855,230994,487710,Hook_1498
79,128,6,1.584990501,1.582032681,243855,230994,487710,Hook_1498
79,128,7,1.306991100,1.304108381,243855,230994,487710,Hook_1498
79,128,8,1.333994865,1.331118822,243855,230994,487710,Hook_1498
79,128,9,1.327094316,1.326207638,243855,230994,487710,Hook_1498
48,128,0,1.834945917,1.832173586,244452,231569,488904,Hook_1498
48,128,1,1.853240490,1.851277351,244452,231569,488904,Hook_1498
48,128,2,1.869020700,1.868189096,244452,231569,488904,Hook_1498
48,128,3,1.847221136,1.845219851,244452,231569,488904,Hook_1498
48,128,4,1.929056644,1.928208828,244452,231569,488904,Hook_1498
48,128,5,1.782521963,1.781206608,244452,231569,488904,Hook_1498
48,128,6,1.838240862,1.836223125,244452,231569,488904,Hook_1498
48,128,7,1.872234106,1.870264292,244452,231569,488904,Hook_1498
48,128,8,1.852092266,1.851241827,244452,231569,488904,Hook_1498
48,128,9,1.845107794,1.844260454,244452,231569,488904,Hook_1498
6,128,0,1.729993820,1.538203478,243241,230382,486482,Hook_1498
6,128,1,1.730035067,1.728042603,243241,230382,486482,Hook_1498
6,128,2,1.535999537,1.344090939,243241,230382,486482,Hook_1498
6,128,3,1.346866846,1.344163656,243241,230382,486482,Hook_1498
6,128,4,1.536638260,1.535034418,243241,230382,486482,Hook_1498
6,128,5,1.535001755,1.344112873,243241,230382,486482,Hook_1498
6,128,6,1.345908403,1.344231367,243241,230382,486482,Hook_1498
6,128,7,1.725998640,1.536044359,243241,230382,486482,Hook_1498
6,128,8,1.344841242,1.343181133,243241,230382,486482,Hook_1498
6,128,9,1.542620420,1.540337086,243241,230382,486482,Hook_1498
125,128,0,1.406655312,1.405307531,243153,230340,486306,Hook_1498
125,128,1,1.405614853,1.404272556,243153,230340,486306,Hook_1498
125,128,2,1.410550594,1.408256531,243153,230340,486306,Hook_1498
125,128,3,1.410808802,1.408269405,243153,230340,486306,Hook_1498
125,128,4,1.409642696,1.408272505,243153,230340,486306,Hook_1498
125,128,5,1.409641981,1.408279419,243153,230340,486306,Hook_1498
125,128,6,1.405685186,1.404347658,243153,230340,486306,Hook_1498
125,128,7,1.405594110,1.404257298,243153,230340,486306,Hook_1498
125,128,8,1.409693241,1.408366442,243153,230340,486306,Hook_1498
125,128,9,1.399584293,1.398227930,243153,230340,486306,Hook_1498
111,128,0,1.537991047,1.346023798,244140,231269,488280,Hook_1498
111,128,1,1.345794201,1.344174862,244140,231269,488280,Hook_1498
111,128,2,1.346745491,1.344123363,244140,231269,488280,Hook_1498
111,128,3,1.534998894,1.344112158,244140,231269,488280,Hook_1498
111,128,4,1.493030787,1.491054535,244140,231269,488280,Hook_1498
111,128,5,1.342993975,1.152060032,244140,231269,488280,Hook_1498
111,128,6,1.154496431,1.152058125,244140,231269,488280,Hook_1498
111,128,7,1.154002428,1.151059389,244140,231269,488280,Hook_1498
111,128,8,1.152575970,1.151035070,244140,231269,488280,Hook_1498
111,128,9,1.350069523,1.348125935,244140,231269,488280,Hook_1498
11,128,0,1.540034771,1.538179874,243483,230558,486966,Hook_1498
11,128,1,1.730138779,1.728034973,243483,230558,486966,Hook_1498
11,128,2,1.536001682,1.344115734,243483,230558,486966,Hook_1498
11,128,3,1.347212553,1.344115019,243483,230558,486966,Hook_1498
11,128,4,1.540998697,1.539031506,243483,230558,486966,Hook_1498
11,128,5,1.534996510,1.344122410,243483,230558,486966,Hook_1498
11,128,6,1.345824242,1.344194174,243483,230558,486966,Hook_1498
11,128,7,1.539005041,1.536064625,243483,230558,486966,Hook_1498
11,128,8,1.152706146,1.151170731,243483,230558,486966,Hook_1498
11,128,9,1.350008011,1.348064899,243483,230558,486966,Hook_1498
85,128,0,1.587074041,1.586153746,244710,231853,489420,Hook_1498
85,128,1,1.605889559,1.604062319,244710,231853,489420,Hook_1498
85,128,2,1.842990875,1.839021683,244710,231853,489420,Hook_1498
85,128,3,1.847146511,1.846026897,244710,231853,489420,Hook_1498
85,128,4,1.599518299,1.598026514,244710,231853,489420,Hook_1498
85,128,5,1.588265419,1.586121321,244710,231853,489420,Hook_1498
85,128,6,1.308040857,1.307157516,244710,231853,489420,Hook_1498
85,128,7,1.328997374,1.326165199,244710,231853,489420,Hook_1498
85,128,8,1.321572542,1.320190191,244710,231853,489420,Hook_1498
85,128,9,1.317279577,1.315206289,244710,231853,489420,Hook_1498
68,128,0,1.575989246,1.570139170,244170,231363,488340,Hook_1498
68,128,1,1.601572037,1.600226402,244170,231363,488340,Hook_1498
68,128,2,1.571996450,1.569120884,244170,231363,488340,Hook_1498
68,128,3,1.584275961,1.582161427,244170,231363,488340,Hook_1498
68,128,4,1.827991486,1.825074434,244170,231363,488340,Hook_1498
68,128,5,1.590998650,1.588104010,244170,231363,488340,Hook_1498
68,128,6,1.578078032,1.577233315,244170,231363,488340,Hook_1498
68,128,7,1.581548452,1.580102921,244170,231363,488340,Hook_1498
68,128,8,1.479278326,1.477194786,244170,231363,488340,Hook_1498
68,128,9,1.580286026,1.578207493,244170,231363,488340,Hook_1498
17,128,0,1.729985237,1.538168430,243075,230207,486150,Hook_1498
17,128,1,1.730001926,1.728038073,243075,230207,486150,Hook_1498
17,128,2,1.539997578,1.348095417,243075,230207,486150,Hook_1498
17,128,3,1.347493410,1.344173908,243075,230207,486150,Hook_1498
17,128,4,1.344843388,1.343211412,243075,230207,486150,Hook_1498
17,128,5,1.535004139,1.344042778,243075,230207,486150,Hook_1498
17,128,6,1.343526602,1.340189934,243075,230207,486150,Hook_1498
17,128,7,1.538997412,1.536038160,243075,230207,486150,Hook_1498
17,128,8,1.345437050,1.343159437,243075,230207,486150,Hook_1498
17,128,9,1.542488098,1.540655851,243075,230207,486150,Hook_1498
121,128,0,1.418822289,1.416073084,243477,230662,486954,Hook_1498
121,128,1,1.406860828,1.404088497,243477,230662,486954,Hook_1498
121,128,2,1.409591913,1.408168316,243477,230662,486954,Hook_1498
121,128,3,1.409540653,1.408091545,243477,230662,486954,Hook_1498
121,128,4,1.409544945,1.408092976,243477,230662,486954,Hook_1498
121,128,5,1.409539938,1.408091545,243477,230662,486954,Hook_1498
121,128,6,1.274904490,1.272381306,243477,230662,486954,Hook_1498
121,128,7,1.406858921,1.404244184,243477,230662,486954,Hook_1498
121,128,8,1.410853148,1.408423185,243477,230662,486954,Hook_1498
121,128,9,1.423163891,1.421286345,243477,230662,486954,Hook_1498
108,128,0,1.352359056,1.350383759,245025,232129,490050,Hook_1498
108,128,1,1.539253712,1.536162138,245025,232129,490050,Hook_1498
108,128,2,1.538484812,1.536135674,245025,232129,490050,Hook_1498
108,128,3,1.726997852,1.536082029,245025,232129,490050,Hook_1498
108,128,4,1.542513609,1.539193153,245025,232129,490050,Hook_1498
108,128,5,1.535997868,1.344275236,245025,232129,490050,Hook_1498
108,128,6,1.533854485,1.532038927,245025,232129,490050,Hook_1498
108,128,7,1.345974207,1.344249964,245025,232129,490050,Hook_1498
108,128,8,1.484884739,1.483057499,245025,232129,490050,Hook_1498
108,128,9,1.542574644,1.540389538,245025,232129,490050,Hook_1498
109,128,0,1.537992716,1.346147537,244761,231868,489522,Hook_1498
109,128,1,1.538078070,1.536048412,244761,231868,489522,Hook_1498
109,128,2,1.531997681,1.340216160,244761,231868,489522,Hook_1498
109,128,3,1.347833157,1.344213009,244761,231868,489522,Hook_1498
109,128,4,1.544607162,1.543047905,244761,231868,489522,Hook_1498
109,128,5,1.535001755,1.344059944,244761,231868,489522,Hook_1498
109,128,6,1.351479053,1.348051310,244761,231868,489522,Hook_1498
109,128,7,1.347240925,1.344056129,244761,231868,489522,Hook_1498
109,128,8,1.349385500,1.347026110,244761,231868,489522,Hook_1498
109,128,9,1.542162895,1.540041208,244761,231868,489522,Hook_1498
90,128,0,1.839912415,1.839040279,243207,230337,486414,Hook_1498
90,128,1,1.320995331,1.318038464,243207,230337,486414,Hook_1498
90,128,2,1.590647221,1.586112738,243207,230337,486414,Hook_1498
90,128,3,1.584549904,1.583112240,243207,230337,486414,Hook_1498
90,128,4,1.324546814,1.323110580,243207,230337,486414,Hook_1498
90,128,5,1.764238596,1.762023926,243207,230337,486414,Hook_1498
90,128,6,1.837251186,1.835150480,243207,230337,486414,Hook_1498
90,128,7,1.855972528,1.853135586,243207,230337,486414,Hook_1498
90,128,8,1.587240934,1.584149361,243207,230337,486414,Hook_1498
90,128,9,1.580568790,1.579182148,243207,230337,486414,Hook_1498
18,128,0,1.917994022,1.726078749,243301,230486,486602,Hook_1498
18,128,1,1.729747534,1.728063583,243301,230486,486602,Hook_1498
18,128,2,1.536000252,1.344122410,243301,230486,486602,Hook_1498
18,128,3,1.537608147,1.536033392,243301,230486,486602,Hook_1498
18,128,4,1.726996183,1.535033464,243301,230486,486602,Hook_1498
18,128,5,1.535001278,1.344031811,243301,230486,486602,Hook_1498
18,128,6,1.346486330,1.344135761,243301,230486,486602,Hook_1498
18,128,7,1.538053036,1.536038399,243301,230486,486602,Hook_1498
18,128,8,1.348706722,1.347123146,243301,230486,486602,Hook_1498
18,128,9,1.541938543,1.540038586,243301,230486,486602,Hook_1498
95,128,0,1.576049566,1.575170517,244149,231312,488298,Hook_1498
95,128,1,1.320988655,1.318029881,244149,231312,488298,Hook_1498
95,128,2,1.589985132,1.586040258,244149,231312,488298,Hook_1498
95,128,3,1.584517479,1.583040714,244149,231312,488298,Hook_1498
95,128,4,1.326221228,1.323050261,244149,231312,488298,Hook_1498
95,128,5,1.579888582,1.579026461,244149,231312,488298,Hook_1498
95,128,6,1.572517395,1.571049452,244149,231312,488298,Hook_1498
95,128,7,1.591994047,1.589056253,244149,231312,488298,Hook_1498
95,128,8,1.322988987,1.320106983,244149,231312,488298,Hook_1498
95,128,9,1.318285227,1.315066099,244149,231312,488298,Hook_1498
3,128,0,1.729993582,1.538168192,243466,230565,486932,Hook_1498
3,128,1,1.729721785,1.728027821,243466,230565,486932,Hook_1498
3,128,2,1.538684845,1.536070108,243466,230565,486932,Hook_1498
3,128,3,1.727003813,1.536121845,243466,230565,486932,Hook_1498
3,128,4,1.732582569,1.731025934,243466,230565,486932,Hook_1498
3,128,5,1.537845612,1.536035061,243466,230565,486932,Hook_1498
3,128,6,1.537824392,1.536191225,243466,230565,486932,Hook_1498
3,128,7,1.920994282,1.731039286,243466,230565,486932,Hook_1498
3,128,8,1.731002808,1.539062023,243466,230565,486932,Hook_1498
3,128,9,1.714029074,1.712448835,243466,230565,486932,Hook_1498
69,128,0,1.329065084,1.328187227,244254,231418,488508,Hook_1498
69,128,1,1.586995602,1.581128836,244254,231418,488508,Hook_1498
69,128,2,1.312998533,1.310123205,244254,231418,488508,Hook_1498
69,128,3,1.238054991,1.237193346,244254,231418,488508,Hook_1498
69,128,4,1.590275288,1.588118076,244254,231418,488508,Hook_1498
69,128,5,1.526999235,1.524092197,244254,231418,488508,Hook_1498
69,128,6,1.449994802,1.447024584,244254,231418,488508,Hook_1498
69,128,7,1.315564394,1.312192917,244254,231418,488508,Hook_1498
69,128,8,1.335038662,1.334171057,244254,231418,488508,Hook_1498
69,128,9,1.591013908,1.590141058,244254,231418,488508,Hook_1498
75,128,0,1.592992783,1.586197615,244134,231205,488268,Hook_1498
75,128,1,1.573982477,1.571128607,244134,231205,488268,Hook_1498
75,128,2,1.827986479,1.824100733,244134,231205,488268,Hook_1498
75,128,3,1.848555326,1.847130537,244134,231205,488268,Hook_1498
75,128,4,1.578984499,1.576133490,244134,231205,488268,Hook_1498
75,128,5,1.576571465,1.575228214,244134,231205,488268,Hook_1498
75,128,6,1.599190474,1.598304987,244134,231205,488268,Hook_1498
75,128,7,1.888996363,1.886092901,244134,231205,488268,Hook_1498
75,128,8,1.487988234,1.485186577,244134,231205,488268,Hook_1498
75,128,9,1.319265842,1.316330433,244134,231205,488268,Hook_1498
98,128,0,1.537990808,1.346184254,244086,231286,488172,Hook_1498
98,128,1,1.538013935,1.536024570,244086,231286,488172,Hook_1498
98,128,2,1.341785908,1.340032816,244086,231286,488172,Hook_1498
98,128,3,1.154311895,1.152276516,244086,231286,488172,Hook_1498
98,128,4,1.348921061,1.347262859,244086,231286,488172,Hook_1498
98,128,5,1.345864296,1.344045162,244086,231286,488172,Hook_1498
98,128,6,1.537668228,1.536037922,244086,231286,488172,Hook_1498
98,128,7,1.725995302,1.536044121,244086,231286,488172,Hook_1498
98,128,8,1.539003372,1.347132444,244086,231286,488172,Hook_1498
98,128,9,1.530389071,1.528047800,244086,231286,488172,Hook_1498
49,128,0,1.814048290,1.811020374,243186,230328,486372,Hook_1498
49,128,1,1.852998257,1.847129822,243186,230328,486372,Hook_1498
49,128,2,1.831992626,1.829098225,243186,230328,486372,Hook_1498
49,128,3,2.108002901,1.844170570,243186,230328,486372,Hook_1498
49,128,4,1.968020201,1.966020584,243186,230328,486372,Hook_1498
49,128,5,1.860998631,1.857170343,243186,230328,486372,Hook_1498
49,128,6,1.871993065,1.869146109,243186,230328,486372,Hook_1498
49,128,7,1.924544811,1.923151255,243186,230328,486372,Hook_1498
49,128,8,1.842270136,1.840239763,243186,230328,486372,Hook_1498
49,128,9,1.851477861,1.849945784,243186,230328,486372,Hook_1498
91,128,0,1.585984468,1.583054066,243738,230905,487476,Hook_1498
91,128,1,1.068727732,1.065085649,243738,230905,487476,Hook_1498
91,128,2,1.321283817,1.319192171,243738,230905,487476,Hook_1498
91,128,3,1.320565939,1.319149256,243738,230905,487476,Hook_1498
91,128,4,1.318909407,1.318024635,243738,230905,487476,Hook_1498
91,128,5,1.331095219,1.330204487,243738,230905,487476,Hook_1498
91,128,6,1.837992907,1.835036993,243738,230905,487476,Hook_1498
91,128,7,1.844987631,1.842037678,243738,230905,487476,Hook_1498
91,128,8,1.597996712,1.595122576,243738,230905,487476,Hook_1498
91,128,9,1.583142996,1.581398726,243738,230905,487476,Hook_1498
9,128,0,1.730001450,1.538119078,243370,230457,486740,Hook_1498
9,128,1,1.725711346,1.724025249,243370,230457,486740,Hook_1498
9,128,2,1.346251726,1.344049692,243370,230457,486740,Hook_1498
9,128,3,1.535001755,1.344054937,243370,230457,486740,Hook_1498
9,128,4,1.345682621,1.343196154,243370,230457,486740,Hook_1498
9,128,5,1.345795155,1.344053984,243370,230457,486740,Hook_1498
9,128,6,1.345737457,1.344114304,243370,230457,486740,Hook_1498
9,128,7,1.729999304,1.536057234,243370,230457,486740,Hook_1498
9,128,8,1.349998236,1.347052574,243370,230457,486740,Hook_1498
9,128,9,1.533624649,1.532038212,243370,230457,486740,Hook_1498
127,128,0,1.407513857,1.405020952,243336,230472,486672,Hook_1498
127,128,1,1.406282187,1.404031038,243336,230472,486672,Hook_1498
127,128,2,1.411015034,1.408034563,243336,230472,486672,Hook_1498
127,128,3,1.057533026,1.056152344,243336,230472,486672,Hook_1498
127,128,4,1.057524681,1.056136370,243336,230472,486672,Hook_1498
127,128,5,1.057549715,1.056175709,243336,230472,486672,Hook_1498
127,128,6,1.057554722,1.056185484,243336,230472,486672,Hook_1498
127,128,7,1.053512573,1.052141666,243336,230472,486672,Hook_1498
127,128,8,1.053577423,1.052196980,243336,230472,486672,Hook_1498
127,128,9,1.060543299,1.059147596,243336,230472,486672,Hook_1498
53,128,0,1.327983856,1.322270155,244257,231373,488514,Hook_1498
53,128,1,1.852992058,1.847127914,244257,231373,488514,Hook_1498
53,128,2,1.846131563,1.844027996,244257,231373,488514,Hook_1498
53,128,3,1.921997547,1.796192646,244257,231373,488514,Hook_1498
53,128,4,1.859229565,1.857018471,244257,231373,488514,Hook_1498
53,128,5,1.590988636,1.588199139,244257,231373,488514,Hook_1498
53,128,6,1.601991177,1.599154711,244257,231373,488514,Hook_1498
53,128,7,1.841518641,1.840034962,244257,231373,488514,Hook_1498
53,128,8,1.845998526,1.837042570,244257,231373,488514,Hook_1498
53,128,9,1.712601662,1.711327076,244257,231373,488514,Hook_1498
1,128,0,1.725986004,1.534111738,242636,229786,485272,Hook_1498
1,128,1,1.539673328,1.536167383,242636,229786,485272,Hook_1498
1,128,2,1.538386822,1.536028862,242636,229786,485272,Hook_1498
1,128,3,1.726993322,1.536094427,242636,229786,485272,Hook_1498
1,128,4,1.542932272,1.539163828,242636,229786,485272,Hook_1498
1,128,5,1.537568092,1.536028147,242636,229786,485272,Hook_1498
1,128,6,1.537747383,1.536103249,242636,229786,485272,Hook_1498
1,128,7,1.729674816,1.728063583,242636,229786,485272,Hook_1498
1,128,8,1.538003445,1.535038233,242636,229786,485272,Hook_1498
1,128,9,1.729624271,1.728037119,242636,229786,485272,Hook_1498
74,128,0,1.841985226,1.839102983,243957,231078,487914,Hook_1498
74,128,1,1.595995665,1.593191385,243957,231078,487914,Hook_1498
74,128,2,1.836589575,1.835220098,243957,231078,487914,Hook_1498
74,128,3,1.851567984,1.850182772,243957,231078,487914,Hook_1498
74,128,4,1.597102880,1.596188545,243957,231078,487914,Hook_1498
74,128,5,1.861957550,1.861076832,243957,231078,487914,Hook_1498
74,128,6,1.837991714,1.835109234,243957,231078,487914,Hook_1498
74,128,7,1.844993830,1.842126608,243957,231078,487914,Hook_1498
74,128,8,1.597982883,1.595128059,243957,231078,487914,Hook_1498
74,128,9,1.583054781,1.581180811,243957,231078,487914,Hook_1498
33,128,0,1.771752834,1.768115759,243211,230296,486422,Hook_1498
33,128,1,1.746520996,1.745129824,243211,230296,486422,Hook_1498
33,128,2,2.115041256,2.112077951,243211,230296,486422,Hook_1498
33,128,3,2.114066839,2.112017632,243211,230296,486422,Hook_1498
33,128,4,1.761524200,1.760137081,243211,230296,486422,Hook_1498
33,128,5,1.761505365,1.760127544,243211,230296,486422,Hook_1498
33,128,6,1.768528700,1.767132521,243211,230296,486422,Hook_1498
33,128,7,1.757517099,1.756118774,243211,230296,486422,Hook_1498
33,128,8,1.757507801,1.756133795,243211,230296,486422,Hook_1498
33,128,9,1.766163826,1.764340401,243211,230296,486422,Hook_1498
7,128,0,1.725988865,1.534116983,243773,230874,487546,Hook_1498
7,128,1,1.538667917,1.536111116,243773,230874,487546,Hook_1498
7,128,2,1.153898239,1.152197838,243773,230874,487546,Hook_1498
7,128,3,1.534996510,1.344062328,243773,230874,487546,Hook_1498
7,128,4,1.530999660,1.339128971,243773,230874,487546,Hook_1498
7,128,5,1.153715134,1.152184248,243773,230874,487546,Hook_1498
7,128,6,1.346736431,1.344068766,243773,230874,487546,Hook_1498
7,128,7,1.294181824,1.292224884,243773,230874,487546,Hook_1498
7,128,8,1.345996141,1.343060493,243773,230874,487546,Hook_1498
7,128,9,1.532002211,1.344359159,243773,230874,487546,Hook_1498
88,128,0,1.982902765,1.982030392,243843,230928,487686,Hook_1498
88,128,1,1.584996462,1.582030535,243843,230928,487686,Hook_1498
88,128,2,1.860992193,1.857024431,243843,230928,487686,Hook_1498
88,128,3,1.848535776,1.847082376,243843,230928,487686,Hook_1498
88,128,4,1.729998350,1.466217756,243843,230928,487686,Hook_1498
88,128,5,1.852248669,1.850105286,243843,230928,487686,Hook_1498
88,128,6,2.099917412,2.099034786,243843,230928,487686,Hook_1498
88,128,7,1.856190205,1.853175879,243843,230928,487686,Hook_1498
88,128,8,1.586272001,1.584166050,243843,230928,487686,Hook_1498
88,128,9,1.660081387,1.658228397,243843,230928,487686,Hook_1498
59,128,0,1.812990427,1.809134483,244677,231819,489354,Hook_1498
59,128,1,1.584991217,1.582218885,244677,231819,489354,Hook_1498
59,128,2,1.804239750,1.802024364,244677,231819,489354,Hook_1498
59,128,3,1.495098591,1.494256496,244677,231819,489354,Hook_1498
59,128,4,1.847872972,1.847013235,244677,231819,489354,Hook_1498
59,128,5,1.592989922,1.589134693,244677,231819,489354,Hook_1498
59,128,6,1.601989508,1.599128962,244677,231819,489354,Hook_1498
59,128,7,1.584974289,1.582197905,244677,231819,489354,Hook_1498
59,128,8,1.555543184,1.554186106,244677,231819,489354,Hook_1498
59,128,9,1.420246840,1.417971373,244677,231819,489354,Hook_1498
100,128,0,1.729991913,1.538059950,242973,230142,485946,Hook_1498
100,128,1,1.538481236,1.536117792,242973,230142,485946,Hook_1498
100,128,2,1.345859051,1.344216347,242973,230142,485946,Hook_1498
100,128,3,1.534995317,1.344116449,242973,230142,485946,Hook_1498
100,128,4,1.539001226,1.347163677,242973,230142,485946,Hook_1498
100,128,5,1.341845989,1.340044260,242973,230142,485946,Hook_1498
100,128,6,1.345914602,1.344301224,242973,230142,485946,Hook_1498
100,128,7,1.351663828,1.348299026,242973,230142,485946,Hook_1498
100,128,8,1.346003056,1.343045712,242973,230142,485946,Hook_1498
100,128,9,1.532008886,1.344250679,242973,230142,485946,Hook_1498
97,128,0,1.344343185,1.342272282,243918,231099,487836,Hook_1498
97,128,1,1.498229504,1.496100664,243918,231099,487836,Hook_1498
97,128,2,1.345874310,1.344239950,243918,231099,487836,Hook_1498
97,128,3,1.534994841,1.344087124,243918,231099,487836,Hook_1498
97,128,4,1.530989885,1.339147091,243918,231099,487836,Hook_1498
97,128,5,1.153841257,1.152294636,243918,231099,487836,Hook_1498
97,128,6,1.350874186,1.348282814,243918,231099,487836,Hook_1498
97,128,7,1.536002398,1.344273090,243918,231099,487836,Hook_1498
97,128,8,1.346003056,1.343033791,243918,231099,487836,Hook_1498
97,128,9,1.532003164,1.344143152,243918,231099,487836,Hook_1498
72,128,0,1.856533527,1.855636835,244152,231334,488304,Hook_1498
72,128,1,1.845971107,1.843070984,244152,231334,488304,Hook_1498
72,128,2,2.135967255,2.132063627,244152,231334,488304,Hook_1498
72,128,3,2.104543686,2.103121996,244152,231334,488304,Hook_1498
72,128,4,1.840964079,1.838098049,244152,231334,488304,Hook_1498
72,128,5,1.933235884,1.931128740,244152,231334,488304,Hook_1498
72,128,6,1.847558022,1.846176386,244152,231334,488304,Hook_1498
72,128,7,1.855272532,1.853252172,244152,231334,488304,Hook_1498
72,128,8,1.861963987,1.859078646,244152,231334,488304,Hook_1498
72,128,9,1.858047485,1.856197596,244152,231334,488304,Hook_1498
23,128,0,1.729991674,1.538116455,245001,232095,490002,Hook_1498
23,128,1,1.538545132,1.536133051,245001,232095,490002,Hook_1498
23,128,2,1.346070528,1.344059706,245001,232095,490002,Hook_1498
23,128,3,1.534997463,1.344063282,245001,232095,490002,Hook_1498
23,128,4,1.539000750,1.347127914,245001,232095,490002,Hook_1498
23,128,5,1.154587746,1.152175188,245001,232095,490002,Hook_1498
23,128,6,1.342529297,1.340066195,245001,232095,490002,Hook_1498
23,128,7,1.545635700,1.544031858,245001,232095,490002,Hook_1498
23,128,8,1.346000433,1.343104839,245001,232095,490002,Hook_1498
23,128,9,1.533625603,1.532038689,245001,232095,490002,Hook_1498
78,128,0,1.852233887,1.850114584,244062,231181,488124,Hook_1498
78,128,1,1.572808027,1.571139336,244062,231181,488124,Hook_1498
78,128,2,1.851514578,1.850030422,244062,231181,488124,Hook_1498
78,128,3,2.126532793,2.125093937,244062,231181,488124,Hook_1498
78,128,4,1.839530706,1.838099003,244062,231181,488124,Hook_1498
78,128,5,1.845229387,1.843118191,244062,231181,488124,Hook_1498
78,128,6,1.738991261,1.736026287,244062,231181,488124,Hook_1498
78,128,7,1.570992708,1.568108559,244062,231181,488124,Hook_1498
78,128,8,1.597960234,1.590124846,244062,231181,488124,Hook_1498
78,128,9,1.594036818,1.592185497,244062,231181,488124,Hook_1498
21,128,0,1.729998112,1.538118362,243994,231136,487988,Hook_1498
21,128,1,1.538488150,1.536116123,243994,231136,487988,Hook_1498
21,128,2,1.346037149,1.344056368,243994,231136,487988,Hook_1498
21,128,3,1.534997940,1.344057322,243994,231136,487988,Hook_1498
21,128,4,1.534996986,1.343125105,243994,231136,487988,Hook_1498
21,128,5,1.155094862,1.152143717,243994,231136,487988,Hook_1498
21,128,6,1.347002506,1.344055176,243994,231136,487988,Hook_1498
21,128,7,1.349716663,1.348158360,243994,231136,487988,Hook_1498
21,128,8,1.345994473,1.343057871,243994,231136,487988,Hook_1498
21,128,9,1.537611723,1.536036253,243994,231136,487988,Hook_1498
54,128,0,1.566986322,1.563032627,244209,231346,488418,Hook_1498
54,128,1,1.842014074,1.836219072,244209,231346,488418,Hook_1498
54,128,2,1.832589388,1.829146147,244209,231346,488418,Hook_1498
54,128,3,1.869238615,1.867048264,244209,231346,488418,Hook_1498
54,128,4,1.837531805,1.836048365,244209,231346,488418,Hook_1498
54,128,5,1.601520538,1.600038528,244209,231346,488418,Hook_1498
54,128,6,1.573182821,1.572323084,244209,231346,488418,Hook_1498
54,128,7,1.830557823,1.829154491,244209,231346,488418,Hook_1498
54,128,8,1.798997402,1.796219110,244209,231346,488418,Hook_1498
54,128,9,1.862135887,1.861278534,244209,231346,488418,Hook_1498
84,128,0,1.850905895,1.850022316,243861,231014,487722,Hook_1498
84,128,1,1.572515488,1.571047306,243861,231014,487722,Hook_1498
84,128,2,1.851501465,1.850039244,243861,231014,487722,Hook_1498
84,128,3,1.815522194,1.814039230,243861,231014,487722,Hook_1498
84,128,4,1.577538729,1.576107264,243861,231014,487722,Hook_1498
84,128,5,1.595143795,1.594240427,243861,231014,487722,Hook_1498
84,128,6,1.605981112,1.604033232,243861,231014,487722,Hook_1498
84,128,7,1.504999399,1.502026558,243861,231014,487722,Hook_1498
84,128,8,1.597993851,1.590042830,243861,231014,487722,Hook_1498
84,128,9,1.594025612,1.592076063,243861,231014,487722,Hook_1498
122,128,0,1.407861471,1.405076504,244173,231385,488346,Hook_1498
122,128,1,1.406143188,1.404038429,244173,231385,488346,Hook_1498
122,128,2,1.410153627,1.408142567,244173,231385,488346,Hook_1498
122,128,3,1.410151958,1.408039331,244173,231385,488346,Hook_1498
122,128,4,1.762616396,1.760020971,244173,231385,488346,Hook_1498
122,128,5,1.762120724,1.760020256,244173,231385,488346,Hook_1498
122,128,6,1.416653395,1.415176153,244173,231385,488346,Hook_1498
122,128,7,1.405633450,1.404157162,244173,231385,488346,Hook_1498
122,128,8,1.405554295,1.404110432,244173,231385,488346,Hook_1498
122,128,9,1.414580345,1.413074970,244173,231385,488346,Hook_1498
87,128,0,1.584535837,1.583055258,244317,231461,488634,Hook_1498
87,128,1,1.320986986,1.318016291,244317,231461,488634,Hook_1498
87,128,2,1.589925528,1.585956097,244317,231461,488634,Hook_1498
87,128,3,1.320057869,1.319168091,244317,231461,488634,Hook_1498
87,128,4,1.275515556,1.274014950,244317,231461,488634,Hook_1498
87,128,5,1.598543167,1.597026110,244317,231461,488634,Hook_1498
87,128,6,1.047225952,1.044064522,244317,231461,488634,Hook_1498
87,128,7,1.239235878,1.238010168,244317,231461,488634,Hook_1498
87,128,8,1.581991196,1.579018354,244317,231461,488634,Hook_1498
87,128,9,1.319036007,1.317049980,244317,231461,488634,Hook_1498
60,128,0,1.575993061,1.570192337,245178,232337,490356,Hook_1498
60,128,1,1.852988958,1.847076178,245178,232337,490356,Hook_1498
60,128,2,1.867523909,1.866073847,245178,232337,490356,Hook_1498
60,128,3,1.827967167,1.564097881,245178,232337,490356,Hook_1498
60,128,4,1.839000940,1.836137056,245178,232337,490356,Hook_1498
60,128,5,1.841687918,1.840026140,245178,232337,490356,Hook_1498
60,128,6,1.786405563,1.785019875,245178,232337,490356,Hook_1498
60,128,7,1.841541290,1.840137243,245178,232337,490356,Hook_1498
60,128,8,1.822992802,1.814179420,245178,232337,490356,Hook_1498
60,128,9,1.584715366,1.583679199,245178,232337,490356,Hook_1498
73,128,0,1.841957569,1.839112520,243648,230779,487296,Hook_1498
73,128,1,1.594591141,1.593202353,243648,230779,487296,Hook_1498
73,128,2,1.847201586,1.846314907,243648,230779,487296,Hook_1498
73,128,3,2.125883102,2.124112844,243648,230779,487296,Hook_1498
73,128,4,1.839549780,1.838088751,243648,230779,487296,Hook_1498
73,128,5,1.954802752,1.953097582,243648,230779,487296,Hook_1498
73,128,6,1.837988615,1.835106850,243648,230779,487296,Hook_1498
73,128,7,1.844989061,1.842147112,243648,230779,487296,Hook_1498
73,128,8,1.597990036,1.595141172,243648,230779,487296,Hook_1498
73,128,9,1.847055197,1.845172644,243648,230779,487296,Hook_1498
50,128,0,1.845990896,1.843147755,242886,230088,485772,Hook_1498
50,128,1,1.841526747,1.840247869,242886,230088,485772,Hook_1498
50,128,2,1.852539539,1.851148129,242886,230088,485772,Hook_1498
50,128,3,2.250994444,1.987129688,242886,230088,485772,Hook_1498
50,128,4,1.838999033,1.836148977,242886,230088,485772,Hook_1498
50,128,5,1.591583729,1.588022709,242886,230088,485772,Hook_1498
50,128,6,1.837561607,1.836256027,242886,230088,485772,Hook_1498
50,128,7,1.841550350,1.840192080,242886,230088,485772,Hook_1498
50,128,8,1.864991426,1.856147528,242886,230088,485772,Hook_1498
50,128,9,1.842767239,1.841843367,242886,230088,485772,Hook_1498
76,128,0,1.852255821,1.850174189,244095,231219,488190,Hook_1498
76,128,1,1.869521618,1.868036032,244095,231219,488190,Hook_1498
76,128,2,2.102995634,2.099023581,244095,231219,488190,Hook_1498
76,128,3,2.115541935,2.114103317,244095,231219,488190,Hook_1498
76,128,4,1.840027571,1.838095665,244095,231219,488190,Hook_1498
76,128,5,1.844579220,1.843195200,244095,231219,488190,Hook_1498
76,128,6,1.589264154,1.587244034,244095,231219,488190,Hook_1498
76,128,7,1.854676485,1.853083372,244095,231219,488190,Hook_1498
76,128,8,1.839986086,1.832096100,244095,231219,488190,Hook_1498
76,128,9,1.836056232,1.834188700,244095,231219,488190,Hook_1498
67,128,0,1.379545212,1.378122091,243576,230736,487152,Hook_1498
67,128,1,1.586991787,1.581109047,243576,230736,487152,Hook_1498
67,128,2,1.571994543,1.569108248,243576,230736,487152,Hook_1498
67,128,3,1.324992180,1.319164515,243576,230736,487152,Hook_1498
67,128,4,1.589547157,1.588115215,243576,230736,487152,Hook_1498
67,128,5,1.272073030,1.271201849,243576,230736,487152,Hook_1498
67,128,6,1.322959423,1.319092512,243576,230736,487152,Hook_1498
67,128,7,1.323150635,1.321157217,243576,230736,487152,Hook_1498
67,128,8,1.628994465,1.620134830,243576,230736,487152,Hook_1498
67,128,9,1.392001867,1.386788130,243576,230736,487152,Hook_1498
103,128,0,1.541995287,1.350108147,244083,231172,488166,Hook_1498
103,128,1,1.535995245,1.344201803,244083,231172,488166,Hook_1498
103,128,2,1.343999863,1.152228832,244083,231172,488166,Hook_1498
103,128,3,1.478979349,1.152138948,244083,231172,488166,Hook_1498
103,128,4,1.152988195,1.151299000,244083,231172,488166,Hook_1498
103,128,5,1.342997313,1.152051687,244083,231172,488166,Hook_1498
103,128,6,1.539995193,1.348106861,244083,231172,488166,Hook_1498
103,128,7,1.533997536,1.344067812,244083,231172,488166,Hook_1498
103,128,8,1.153636217,1.151268005,244083,231172,488166,Hook_1498
103,128,9,1.530004740,1.344038963,244083,231172,488166,Hook_1498
71,128,0,1.346508741,1.345111609,244188,231370,488376,Hook_1498
71,128,1,1.320578098,1.317145586,244188,231370,488376,Hook_1498
71,128,2,1.069563866,1.068155050,244188,231370,488376,Hook_1498
71,128,3,1.067566633,1.066153049,244188,231370,488376,Hook_1498
71,128,4,1.311002731,1.310132742,244188,231370,488376,Hook_1498
71,128,5,1.333996058,1.330114841,244188,231370,488376,Hook_1498
71,128,6,1.416986227,1.414120674,244188,231370,488376,Hook_1498
71,128,7,1.212561369,1.211115599,244188,231370,488376,Hook_1498
71,128,8,1.330996513,1.322115898,244188,231370,488376,Hook_1498
71,128,9,1.325998306,1.320254087,244188,231370,488376,Hook_1498
24,128,0,2.121406794,2.120015144,243652,230823,487304,Hook_1498
24,128,1,2.110774755,2.108036518,243652,230823,487304,Hook_1498
24,128,2,2.124376297,2.123013735,243652,230823,487304,Hook_1498
24,128,3,2.113380671,2.111998796,243652,230823,487304,Hook_1498
24,128,4,2.113393307,2.112024307,243652,230823,487304,Hook_1498
24,128,5,2.103714228,2.101027012,243652,230823,487304,Hook_1498
24,128,6,2.120393753,2.119037151,243652,230823,487304,Hook_1498
24,128,7,2.109379768,2.108015299,243652,230823,487304,Hook_1498
24,128,8,2.109359026,2.107994318,243652,230823,487304,Hook_1498
24,128,9,2.119376421,2.117994070,243652,230823,487304,Hook_1498
93,128,0,1.367076874,1.366194010,244446,231652,488892,Hook_1498
93,128,1,1.485990763,1.483038187,244446,231652,488892,Hook_1498
93,128,2,1.600990534,1.597047091,244446,231652,488892,Hook_1498
93,128,3,1.584519148,1.583050251,244446,231652,488892,Hook_1498
93,128,4,1.320986509,1.318036795,244446,231652,488892,Hook_1498
93,128,5,1.575881243,1.575018883,244446,231652,488892,Hook_1498
93,128,6,1.518992901,1.516030788,244446,231652,488892,Hook_1498
93,128,7,1.580989838,1.578038454,244446,231652,488892,Hook_1498
93,128,8,1.333992720,1.331031084,244446,231652,488892,Hook_1498
93,128,9,1.319509268,1.317612648,244446,231652,488892,Hook_1498
66,128,0,1.550990582,1.548098803,243315,230461,486630,Hook_1498
66,128,1,1.707996845,1.704113007,243315,230461,486630,Hook_1498
66,128,2,1.693523645,1.692033291,243315,230461,486630,Hook_1498
66,128,3,1.838995457,1.575145245,243315,230461,486630,Hook_1498
66,128,4,1.580268860,1.578180313,243315,230461,486630,Hook_1498
66,128,5,1.578041792,1.577173233,243315,230461,486630,Hook_1498
66,128,6,1.581994772,1.578023672,243315,230461,486630,Hook_1498
66,128,7,1.496990442,1.494199991,243315,230461,486630,Hook_1498
66,128,8,1.669991970,1.661130428,243315,230461,486630,Hook_1498
66,128,9,1.584996223,1.579202890,243315,230461,486630,Hook_1498
34,128,0,1.781780481,1.779113531,242858,229992,485716,Hook_1498
34,128,1,1.757405043,1.756035089,242858,229992,485716,Hook_1498
34,128,2,2.112672567,2.108024836,242858,229992,485716,Hook_1498
34,128,3,2.114107609,2.112024307,242858,229992,485716,Hook_1498
34,128,4,1.762761116,1.760087729,242858,229992,485716,Hook_1498
34,128,5,1.763242960,1.760109186,242858,229992,485716,Hook_1498
34,128,6,1.758784533,1.756151438,242858,229992,485716,Hook_1498
34,128,7,1.769023895,1.767086744,242858,229992,485716,Hook_1498
34,128,8,1.758041382,1.756102562,242858,229992,485716,Hook_1498
34,128,9,1.769059420,1.767115116,242858,229992,485716,Hook_1498
58,128,0,1.724992275,1.722184658,244506,231667,489012,Hook_1498
58,128,1,1.731985331,1.726130724,244506,231667,489012,Hook_1498
58,128,2,1.602284670,1.600205421,244506,231667,489012,Hook_1498
58,128,3,1.856894970,1.856027603,244506,231667,489012,Hook_1498
58,128,4,2.044922590,2.044026613,244506,231667,489012,Hook_1498
58,128,5,1.590985537,1.588204861,244506,231667,489012,Hook_1498
58,128,6,1.841093302,1.840022802,244506,231667,489012,Hook_1498
58,128,7,1.841561079,1.840139389,244506,231667,489012,Hook_1498
58,128,8,1.845975399,1.837108850,244506,231667,489012,Hook_1498
58,128,9,1.584984303,1.579215765,244506,231667,489012,Hook_1498
25,128,0,2.121443033,2.120012760,244289,231498,488578,Hook_1498
25,128,1,2.109517097,2.108024836,244289,231498,488578,Hook_1498
25,128,2,2.112040281,2.108019829,244289,231498,488578,Hook_1498
25,128,3,2.115677118,2.112025738,244289,231498,488578,Hook_1498
25,128,4,2.114488125,2.111992121,244289,231498,488578,Hook_1498
25,128,5,1.773102522,1.771065474,244289,231498,488578,Hook_1498
25,128,6,2.451160192,2.449029684,244289,231498,488578,Hook_1498
25,128,7,1.780829668,1.778112173,244289,231498,488578,Hook_1498
25,128,8,2.110866308,2.108072519,244289,231498,488578,Hook_1498
25,128,9,2.120111227,2.118079424,244289,231498,488578,Hook_1498
65,128,0,1.329030991,1.328184366,243162,230303,486324,Hook_1498
65,128,1,1.583552837,1.582206488,243162,230303,486324,Hook_1498
65,128,2,1.846881628,1.846017599,243162,230303,486324,Hook_1498
65,128,3,1.583699942,1.582828522,243162,230303,486324,Hook_1498
65,128,4,1.838174343,1.836080790,243162,230303,486324,Hook_1498
65,128,5,1.590988636,1.588105679,243162,230303,486324,Hook_1498
65,128,6,1.512087584,1.511247873,243162,230303,486324,Hook_1498
65,128,7,1.581542969,1.580111027,243162,230303,486324,Hook_1498
65,128,8,1.600992680,1.592106104,243162,230303,486324,Hook_1498
65,128,9,1.846986055,1.837380171,243162,230303,486324,Hook_1498
106,128,0,1.729992628,1.538097858,243891,231029,487782,Hook_1498
106,128,1,1.727997541,1.536190271,243891,231029,487782,Hook_1498
106,128,2,1.538742781,1.536176920,243891,231029,487782,Hook_1498
106,128,3,1.727039814,1.536139488,243891,231029,487782,Hook_1498
106,128,4,1.542290449,1.539217710,243891,231029,487782,Hook_1498
106,128,5,1.537751675,1.536020994,243891,231029,487782,Hook_1498
106,128,6,1.535998106,1.344322920,243891,231029,487782,Hook_1498
106,128,7,1.725997925,1.536029577,243891,231029,487782,Hook_1498
106,128,8,1.538995743,1.347169399,243891,231029,487782,Hook_1498
106,128,9,1.690003395,1.536633253,243891,231029,487782,Hook_1498
82,128,0,1.751894236,1.751015902,243216,230335,486432,Hook_1498
82,128,1,1.571851015,1.571037531,243216,230335,486432,Hook_1498
82,128,2,1.854958057,1.850029707,243216,230335,486432,Hook_1498
82,128,3,1.847504616,1.846020699,243216,230335,486432,Hook_1498
82,128,4,1.577519655,1.576033831,243216,230335,486432,Hook_1498
82,128,5,1.852230787,1.850101233,243216,230335,486432,Hook_1498
82,128,6,1.585195303,1.582116365,243216,230335,486432,Hook_1498
82,128,7,1.590571642,1.589216471,243216,230335,486432,Hook_1498
82,128,8,1.575988770,1.568039894,243216,230335,486432,Hook_1498
82,128,9,1.586591244,1.585297108,243216,230335,486432,Hook_1498
107,128,0,1.730001450,1.538029909,244227,231398,488454,Hook_1498
107,128,1,1.538617849,1.536162138,244227,231398,488454,Hook_1498
107,128,2,1.538558722,1.536148071,244227,231398,488454,Hook_1498
107,128,3,1.727001667,1.536110163,244227,231398,488454,Hook_1498
107,128,4,1.542105436,1.539198875,244227,231398,488454,Hook_1498
107,128,5,1.346098661,1.344296932,244227,231398,488454,Hook_1498
107,128,6,1.350235224,1.348307371,244227,231398,488454,Hook_1498
107,128,7,1.533993721,1.344038963,244227,231398,488454,Hook_1498
107,128,8,1.538988829,1.347037554,244227,231398,488454,Hook_1498
107,128,9,1.526002169,1.348077297,244227,231398,488454,Hook_1498
70,128,0,1.594990253,1.592104197,244803,231959,489606,Hook_1498
70,128,1,1.571990967,1.570140123,244803,231959,489606,Hook_1498
70,128,2,1.207089186,1.206226110,244803,231959,489606,Hook_1498
70,128,3,1.315027475,1.314165592,244803,231959,489606,Hook_1498
70,128,4,1.480062008,1.479187489,244803,231959,489606,Hook_1498
70,128,5,1.267105579,1.266215324,244803,231959,489606,Hook_1498
70,128,6,1.581995010,1.578040600,244803,231959,489606,Hook_1498
70,128,7,1.314988375,1.312168121,244803,231959,489606,Hook_1498
70,128,8,1.506983995,1.498028278,244803,231959,489606,Hook_1498
70,128,9,1.573992491,1.564322472,244803,231959,489606,Hook_1498
80,128,0,1.851522684,1.850083113,243711,230853,487422,Hook_1498
80,128,1,1.595076323,1.594198704,243711,230853,487422,Hook_1498
80,128,2,2.102983952,2.099021673,243711,230853,487422,Hook_1498
80,128,3,1.851100445,1.850230694,243711,230853,487422,Hook_1498
80,128,4,1.861207724,1.860018730,243711,230853,487422,Hook_1498
80,128,5,1.845961809,1.843153954,243711,230853,487422,Hook_1498
80,128,6,1.857846498,1.857025385,243711,230853,487422,Hook_1498
80,128,7,1.579157352,1.578260899,243711,230853,487422,Hook_1498
80,128,8,1.576208353,1.573271990,243711,230853,487422,Hook_1498
80,128,9,1.839598656,1.838176727,243711,230853,487422,Hook_1498
52,128,0,1.737988234,1.734087229,244518,231643,489036,Hook_1498
52,128,1,2.041940928,2.041082859,244518,231643,489036,Hook_1498
52,128,2,1.852053404,1.851191998,244518,231643,489036,Hook_1498
52,128,3,1.844998360,1.839224100,244518,231643,489036,Hook_1498
52,128,4,1.869994402,1.867194653,244518,231643,489036,Hook_1498
52,128,5,1.578134298,1.577286482,244518,231643,489036,Hook_1498
52,128,6,1.871997595,1.869165421,244518,231643,489036,Hook_1498
52,128,7,2.103858948,2.102985859,244518,231643,489036,Hook_1498
52,128,8,1.854582310,1.851234913,244518,231643,489036,Hook_1498
52,128,9,1.995995045,1.986196518,244518,231643,489036,Hook_1498
83,128,0,1.598036528,1.597163916,243786,230957,487572,Hook_1498
83,128,1,1.331994534,1.329196930,243786,230957,487572,Hook_1498
83,128,2,1.576093197,1.575197697,243786,230957,487572,Hook_1498
83,128,3,1.585045576,1.583197355,243786,230957,487572,Hook_1498
83,128,4,1.324095249,1.323185921,243786,230957,487572,Hook_1498
83,128,5,1.596979856,1.596111059,243786,230957,487572,Hook_1498
83,128,6,1.518995047,1.516056776,243786,230957,487572,Hook_1498
83,128,7,1.592995644,1.590043306,243786,230957,487572,Hook_1498
83,128,8,1.373122215,1.370013237,243786,230957,487572,Hook_1498
83,128,9,1.578197241,1.575268745,243786,230957,487572,Hook_1498
64,128,0,1.588988543,1.581191301,243090,230222,486180,Hook_1498
64,128,1,1.764074326,1.763229847,243090,230222,486180,Hook_1498
64,128,2,1.934870720,1.934011936,243090,230222,486180,Hook_1498
64,128,3,2.087001801,1.823089123,243090,230222,486180,Hook_1498
64,128,4,1.784563303,1.781122446,243090,230222,486180,Hook_1498
64,128,5,1.842160940,1.840026855,243090,230222,486180,Hook_1498
64,128,6,1.912874222,1.912029982,243090,230222,486180,Hook_1498
64,128,7,1.841535807,1.840091705,243090,230222,486180,Hook_1498
64,128,8,1.834994078,1.826074123,243090,230222,486180,Hook_1498
64,128,9,1.885994673,1.876031637,243090,230222,486180,Hook_1498
35,128,0,1.758387089,1.757091999,242826,230035,485652,Hook_1498
35,128,1,1.757392883,1.756098747,242826,230035,485652,Hook_1498
35,128,2,1.761359215,1.760102272,242826,230035,485652,Hook_1498
35,128,3,1.761376858,1.760092020,242826,230035,485652,Hook_1498
35,128,4,1.761379242,1.760096550,242826,230035,485652,Hook_1498
35,128,5,1.761381865,1.760092258,242826,230035,485652,Hook_1498
35,128,6,1.757272005,1.756011248,242826,230035,485652,Hook_1498
35,128,7,1.768286467,1.767016888,242826,230035,485652,Hook_1498
35,128,8,1.757375956,1.756081104,242826,230035,485652,Hook_1498
35,128,9,1.768354654,1.767088413,242826,230035,485652,Hook_1498
113,128,0,1.537997484,1.346051693,243279,230405,486558,Hook_1498
113,128,1,1.537725687,1.536024094,243279,230405,486558,Hook_1498
113,128,2,1.346732855,1.344164848,243279,230405,486558,Hook_1498
113,128,3,1.534995317,1.344138145,243279,230405,486558,Hook_1498
113,128,4,1.348819733,1.347224236,243279,230405,486558,Hook_1498
113,128,5,1.345838785,1.344057322,243279,230405,486558,Hook_1498
113,128,6,1.537643194,1.536022186,243279,230405,486558,Hook_1498
113,128,7,1.725996733,1.536060572,243279,230405,486558,Hook_1498
113,128,8,1.346998453,1.155170918,243279,230405,486558,Hook_1498
113,128,9,1.533992767,1.344051123,243279,230405,486558,Hook_1498
57,128,0,1.822895765,1.822011709,244266,231376,488532,Hook_1498
57,128,1,1.836027622,1.834047794,244266,231376,488532,Hook_1498
57,128,2,1.601091146,1.600242138,244266,231376,488532,Hook_1498
57,128,3,1.707859278,1.706996918,244266,231376,488532,Hook_1498
57,128,4,1.857910156,1.857029438,244266,231376,488532,Hook_1498
57,128,5,1.885525942,1.884019375,244266,231376,488532,Hook_1498
57,128,6,1.843425035,1.840021372,244266,231376,488532,Hook_1498
57,128,7,1.794097900,1.793251276,244266,231376,488532,Hook_1498
57,128,8,1.860524893,1.859034061,244266,231376,488532,Hook_1498
57,128,9,1.825000763,1.815282583,244266,231376,488532,Hook_1498
10,128,0,1.917997837,1.726059437,243503,230571,487006,Hook_1498
10,128,1,1.730534792,1.728127956,243503,230571,487006,Hook_1498
10,128,2,1.347776651,1.344200850,243503,230571,487006,Hook_1498
10,128,3,1.345995665,1.344250917,243503,230571,487006,Hook_1498
10,128,4,1.726995707,1.535099983,243503,230571,487006,Hook_1498
10,128,5,1.345924616,1.344194651,243503,230571,487006,Hook_1498
10,128,6,1.346165180,1.344334126,243503,230571,487006,Hook_1498
10,128,7,1.869998932,1.536176443,243503,230571,487006,Hook_1498
10,128,8,1.538993597,1.347050428,243503,230571,487006,Hook_1498
10,128,9,1.713999271,1.528249264,243503,230571,487006,Hook_1498
26,128,0,2.111065388,2.109086037,243471,230617,486942,Hook_1498
26,128,1,2.099822283,2.097082376,243471,230617,486942,Hook_1498
26,128,2,2.114789009,2.112098932,243471,230617,486942,Hook_1498
26,128,3,2.114830494,2.112090111,243471,230617,486942,Hook_1498
26,128,4,2.114809513,2.112078190,243471,230617,486942,Hook_1498
26,128,5,2.114796400,2.112088442,243471,230617,486942,Hook_1498
26,128,6,2.110808372,2.108084440,243471,230617,486942,Hook_1498
26,128,7,2.121789932,2.119088650,243471,230617,486942,Hook_1498
26,128,8,2.110798597,2.108086109,243471,230617,486942,Hook_1498
26,128,9,2.122071028,2.120040655,243471,230617,486942,Hook_1498
56,128,0,1.856994390,1.854142666,244593,231698,489186,Hook_1498
56,128,1,1.960987091,1.955013990,244593,231698,489186,Hook_1498
56,128,2,1.722138643,1.721276522,244593,231698,489186,Hook_1498
56,128,3,1.702991724,1.697244883,244593,231698,489186,Hook_1498
56,128,4,2.025044441,2.021063089,244593,231698,489186,Hook_1498
56,128,5,1.860993385,1.857124329,244593,231698,489186,Hook_1498
56,128,6,1.772996902,1.770217657,244593,231698,489186,Hook_1498
56,128,7,1.805177450,1.804308414,244593,231698,489186,Hook_1498
56,128,8,1.842995644,1.840196133,244593,231698,489186,Hook_1498
56,128,9,1.868992567,1.859279394,244593,231698,489186,Hook_1498
81,128,0,1.853069067,1.850016356,243678,230807,487356,Hook_1498
81,128,1,1.662146568,1.659023046,243678,230807,487356,Hook_1498
81,128,2,1.871994972,1.868043661,243678,230807,487356,Hook_1498
81,128,3,1.848543167,1.847128153,243678,230807,487356,Hook_1498
81,128,4,1.577522039,1.576040983,243678,230807,487356,Hook_1498
81,128,5,1.841249228,1.839146376,243678,230807,487356,Hook_1498
81,128,6,1.584253550,1.582186460,243678,230807,487356,Hook_1498
81,128,7,1.590123415,1.589244127,243678,230807,487356,Hook_1498
81,128,8,1.585103035,1.584213972,243678,230807,487356,Hook_1498
81,128,9,1.852070808,1.851211548,243678,230807,487356,Hook_1498
29,128,0,2.112925768,2.109072447,244284,231434,488568,Hook_1498
29,128,1,2.112059116,2.108083487,244284,231434,488568,Hook_1498
29,128,2,2.114007235,2.112076044,244284,231434,488568,Hook_1498
29,128,3,2.116082430,2.112074375,244284,231434,488568,Hook_1498
29,128,4,2.114013910,2.112088442,244284,231434,488568,Hook_1498
29,128,5,2.114006996,2.112076521,244284,231434,488568,Hook_1498
29,128,6,2.110042095,2.108139753,244284,231434,488568,Hook_1498
29,128,7,2.121021271,2.119065285,244284,231434,488568,Hook_1498
29,128,8,2.109994173,2.108071327,244284,231434,488568,Hook_1498
29,128,9,2.121052027,2.119171858,244284,231434,488568,Hook_1498
0,128,0,1.921968699,1.730072737,242533,229699,485066,Hook_1498
0,128,1,1.770480871,1.768085003,242533,229699,485066,Hook_1498
0,128,2,1.727977753,1.536206722,242533,229699,485066,Hook_1498
0,128,3,1.727977037,1.536254883,242533,229699,485066,Hook_1498
0,128,4,1.922972441,1.731070518,242533,229699,485066,Hook_1498
0,128,5,1.533751488,1.532198906,242533,229699,485066,Hook_1498
0,128,6,1.543160439,1.541380405,242533,229699,485066,Hook_1498
0,128,7,1.729975700,1.727083683,242533,229699,485066,Hook_1498
0,128,8,1.537141562,1.535273790,242533,229699,485066,Hook_1498
0,128,9,2.061969995,1.728094816,242533,229699,485066,Hook_1498
62,128,0,1.573543549,1.570133686,243903,231042,487806,Hook_1498
62,128,1,1.599078417,1.598238230,243903,231042,487806,Hook_1498
62,128,2,1.591264009,1.589173794,243903,231042,487806,Hook_1498
62,128,3,1.750993967,1.487093687,243903,231042,487806,Hook_1498
62,128,4,1.827993870,1.825103045,243903,231042,487806,Hook_1498
62,128,5,1.590988874,1.588201284,243903,231042,487806,Hook_1498
62,128,6,1.601993084,1.599183798,243903,231042,487806,Hook_1498
62,128,7,1.590549469,1.589214087,243903,231042,487806,Hook_1498
62,128,8,1.860694170,1.859039068,243903,231042,487806,Hook_1498
62,128,9,1.606992006,1.597283125,243903,231042,487806,Hook_1498
123,128,0,1.408985138,1.405033112,243705,230922,487410,Hook_1498
123,128,1,1.341560364,1.338037729,243705,230922,487410,Hook_1498
123,128,2,1.412082195,1.408118725,243705,230922,487410,Hook_1498
123,128,3,1.410081387,1.408034563,243705,230922,487410,Hook_1498
123,128,4,1.409565449,1.408045292,243705,230922,487410,Hook_1498
123,128,5,1.409376860,1.407934666,243705,230922,487410,Hook_1498
123,128,6,1.409474373,1.408041239,243705,230922,487410,Hook_1498
123,128,7,1.416520596,1.415039539,243705,230922,487410,Hook_1498
123,128,8,1.405513763,1.404038429,243705,230922,487410,Hook_1498
123,128,9,1.409063101,1.405481339,243705,230922,487410,Hook_1498
55,128,0,1.182549477,1.181224346,243666,230803,487332,Hook_1498
55,128,1,1.868551254,1.867018700,243666,230803,487332,Hook_1498
55,128,2,1.776993513,1.774019957,243666,230803,487332,Hook_1498
55,128,3,1.838996649,1.575124741,243666,230803,487332,Hook_1498
55,128,4,1.545099974,1.544248343,243666,230803,487332,Hook_1498
55,128,5,1.601523638,1.600022793,243666,230803,487332,Hook_1498
55,128,6,1.581995964,1.578028440,243666,230803,487332,Hook_1498
55,128,7,1.496991634,1.494133472,243666,230803,487332,Hook_1498
55,128,8,1.841001987,1.840014935,243666,230803,487332,Hook_1498
55,128,9,1.824996233,1.815046072,243666,230803,487332,Hook_1498
51,128,0,1.594986677,1.592162848,243321,230508,486642,Hook_1498
51,128,1,1.831995487,1.829244137,243321,230508,486642,Hook_1498
51,128,2,1.590575218,1.589309216,243321,230508,486642,Hook_1498
51,128,3,1.835016012,1.834020615,243321,230508,486642,Hook_1498
51,128,4,1.601133347,1.600299358,243321,230508,486642,Hook_1498
51,128,5,1.592988729,1.589126825,243321,230508,486642,Hook_1498
51,128,6,1.773572206,1.770240545,243321,230508,486642,Hook_1498
51,128,7,1.788425684,1.785016537,243321,230508,486642,Hook_1498
51,128,8,1.860521078,1.859029531,243321,230508,486642,Hook_1498
51,128,9,1.731226206,1.730045080,243321,230508,486642,Hook_1498
40,128,0,2.111227512,2.109024286,243486,230628,486972,Hook_1498
40,128,1,2.121755362,2.119052172,243486,230628,486972,Hook_1498
40,128,2,2.461477280,2.460039139,243486,230628,486972,Hook_1498
40,128,3,2.466802597,2.464022875,243486,230628,486972,Hook_1498
40,128,4,2.116988897,2.112088919,243486,230628,486972,Hook_1498
40,128,5,2.113485098,2.112082243,243486,230628,486972,Hook_1498
40,128,6,2.109452963,2.108041048,243486,230628,486972,Hook_1498
40,128,7,2.110783577,2.108082771,243486,230628,486972,Hook_1498
40,128,8,2.110841036,2.108072996,243486,230628,486972,Hook_1498
40,128,9,2.123349190,2.121992826,243486,230628,486972,Hook_1498
46,128,0,1.761167049,1.757036448,245184,232325,490368,Hook_1498
46,128,1,1.757694244,1.756036282,245184,232325,490368,Hook_1498
46,128,2,1.773756742,1.771084070,245184,232325,490368,Hook_1498
46,128,3,1.762760162,1.760072470,245184,232325,490368,Hook_1498
46,128,4,1.763150930,1.760033131,245184,232325,490368,Hook_1498
46,128,5,1.762758255,1.760078907,245184,232325,490368,Hook_1498
46,128,6,1.758781195,1.756071091,245184,232325,490368,Hook_1498
46,128,7,1.758064032,1.756079912,245184,232325,490368,Hook_1498
46,128,8,1.758064270,1.756078720,245184,232325,490368,Hook_1498
46,128,9,1.772958279,1.770737886,245184,232325,490368,Hook_1498
41,128,0,1.758631706,1.757245541,243243,230425,486486,Hook_1498
41,128,1,1.768656969,1.767237902,243243,230425,486486,Hook_1498
41,128,2,2.126832962,2.123077631,243243,230425,486486,Hook_1498
41,128,3,2.116139650,2.112076998,243243,230425,486486,Hook_1498
41,128,4,2.114763975,2.112033129,243243,230425,486486,Hook_1498
41,128,5,2.125066996,2.123085260,243243,230425,486486,Hook_1498
41,128,6,2.123420000,2.119018793,243243,230425,486486,Hook_1498
41,128,7,2.111562252,2.108027697,243243,230425,486486,Hook_1498
41,128,8,2.013183117,2.009027719,243243,230425,486486,Hook_1498
41,128,9,2.126199007,2.124475956,243243,230425,486486,Hook_1498
36,128,0,1.761309862,1.757027149,243055,230247,486110,Hook_1498
36,128,1,1.769257545,1.767045498,243055,230247,486110,Hook_1498
36,128,2,1.761502504,1.760082006,243055,230247,486110,Hook_1498
36,128,3,1.761500120,1.760078907,243055,230247,486110,Hook_1498
36,128,4,1.764695644,1.760067463,243055,230247,486110,Hook_1498
36,128,5,1.762277126,1.760062218,243055,230247,486110,Hook_1498
36,128,6,1.758048058,1.756064653,243055,230247,486110,Hook_1498
36,128,7,1.759858131,1.756071091,243055,230247,486110,Hook_1498
36,128,8,1.770477295,1.767064810,243055,230247,486110,Hook_1498
36,128,9,1.775233984,1.773721695,243055,230247,486110,Hook_1498
126,128,0,1.417483330,1.416099548,243120,230255,486240,Hook_1498
126,128,1,1.405484200,1.404081583,243120,230255,486240,Hook_1498
126,128,2,1.409523249,1.408171415,243120,230255,486240,Hook_1498
126,128,3,1.410725594,1.408034801,243120,230255,486240,Hook_1498
126,128,4,1.411989450,1.408037663,243120,230255,486240,Hook_1498
126,128,5,1.411827564,1.408012390,243120,230255,486240,Hook_1498
126,128,6,1.412065506,1.408041000,243120,230255,486240,Hook_1498
126,128,7,1.407006502,1.404034615,243120,230255,486240,Hook_1498
126,128,8,1.418440104,1.415031433,243120,230255,486240,Hook_1498
126,128,9,1.424124956,1.422454357,243120,230255,486240,Hook_1498
32,128,0,2.111243963,2.109027147,243207,230337,486414,Hook_1498
32,128,1,2.121239662,2.119001865,243207,230337,486414,Hook_1498
32,128,2,2.115607738,2.112082958,243207,230337,486414,Hook_1498
32,128,3,2.114078045,2.112083197,243207,230337,486414,Hook_1498
32,128,4,2.115996361,2.112039089,243207,230337,486414,Hook_1498
32,128,5,2.115244389,2.112038374,243207,230337,486414,Hook_1498
32,128,6,2.114167213,2.108043909,243207,230337,486414,Hook_1498
32,128,7,2.111049175,2.108092308,243207,230337,486414,Hook_1498
32,128,8,2.122465849,2.119032145,243207,230337,486414,Hook_1498
32,128,9,2.129199982,2.127564907,243207,230337,486414,Hook_1498
63,128,0,1.594983578,1.592085361,243645,230800,487290,Hook_1498
63,128,1,1.610232115,1.609149218,243645,230800,487290,Hook_1498
63,128,2,1.546503067,1.545017958,243645,230800,487290,Hook_1498
63,128,3,1.565991640,1.302122355,243645,230800,487290,Hook_1498
63,128,4,1.485532999,1.484111786,243645,230800,487290,Hook_1498
63,128,5,1.581991673,1.578118086,243645,230800,487290,Hook_1498
63,128,6,1.581994057,1.579123497,243645,230800,487290,Hook_1498
63,128,7,1.581541777,1.580141783,243645,230800,487290,Hook_1498
63,128,8,1.595999479,1.593166590,243645,230800,487290,Hook_1498
63,128,9,1.587944984,1.587086201,243645,230800,487290,Hook_1498
124,128,0,1.761399984,1.757024527,243417,230666,486834,Hook_1498
124,128,1,1.769241333,1.767018318,243417,230666,486834,Hook_1498
124,128,2,1.409630060,1.408271790,243417,230666,486834,Hook_1498
124,128,3,1.409673214,1.408314228,243417,230666,486834,Hook_1498
124,128,4,1.763981581,1.760022640,243417,230666,486834,Hook_1498
124,128,5,1.763205051,1.760022402,243417,230666,486834,Hook_1498
124,128,6,1.762984991,1.756012678,243417,230666,486834,Hook_1498
124,128,7,1.758992434,1.756027222,243417,230666,486834,Hook_1498
124,128,8,1.770440102,1.767021418,243417,230666,486834,Hook_1498
124,128,9,1.778127909,1.776391506,243417,230666,486834,Hook_1498
61,128,0,1.595498800,1.592120171,245151,232336,490302,Hook_1498
61,128,1,1.597988129,1.592105389,245151,232336,490302,Hook_1498
61,128,2,1.576984406,1.574026108,245151,232336,490302,Hook_1498
61,128,3,1.239262342,1.237231255,245151,232336,490302,Hook_1498
61,128,4,1.579993010,1.577131748,245151,232336,490302,Hook_1498
61,128,5,1.579264879,1.577220201,245151,232336,490302,Hook_1498
61,128,6,1.578072548,1.577223301,245151,232336,490302,Hook_1498
61,128,7,1.852409840,1.851029873,245151,232336,490302,Hook_1498
61,128,8,1.860520124,1.859045029,245151,232336,490302,Hook_1498
61,128,9,1.589478731,1.587882996,245151,232336,490302,Hook_1498
39,128,0,1.408985376,1.405031204,244056,231190,488112,Hook_1498
39,128,1,1.406073332,1.404038668,244056,231190,488112,Hook_1498
39,128,2,1.409486771,1.408081055,244056,231190,488112,Hook_1498
39,128,3,1.409573793,1.408128500,244056,231190,488112,Hook_1498
39,128,4,1.410177946,1.408035278,244056,231190,488112,Hook_1498
39,128,5,1.410367727,1.408026695,244056,231190,488112,Hook_1498
39,128,6,1.409933805,1.408043861,244056,231190,488112,Hook_1498
39,128,7,1.407193422,1.404036522,244056,231190,488112,Hook_1498
39,128,8,1.416421413,1.415035248,244056,231190,488112,Hook_1498
39,128,9,1.405199289,1.403402328,244056,231190,488112,Hook_1498
30,128,0,2.111478806,2.109033823,243286,230444,486572,Hook_1498
30,128,1,2.098998308,2.097040176,243286,230444,486572,Hook_1498
30,128,2,2.102980852,2.101042986,243286,230444,486572,Hook_1498
30,128,3,2.114021778,2.112040758,243286,230444,486572,Hook_1498
30,128,4,2.114697695,2.112046719,243286,230444,486572,Hook_1498
30,128,5,2.113983870,2.112049103,243286,230444,486572,Hook_1498
30,128,6,2.122176170,2.119040251,243286,230444,486572,Hook_1498
30,128,7,2.122253895,2.119041443,243286,230444,486572,Hook_1498
30,128,8,2.111541271,2.108040333,243286,230444,486572,Hook_1498
30,128,9,2.110229015,2.108790874,243286,230444,486572,Hook_1498
31,128,0,2.111541748,2.109023809,243524,230673,487048,Hook_1498
31,128,1,2.110321045,2.108017921,243524,230673,487048,Hook_1498
31,128,2,2.114998102,2.112031937,243524,230673,487048,Hook_1498
31,128,3,2.115493536,2.112027645,243524,230673,487048,Hook_1498
31,128,4,2.114772320,2.112032413,243524,230673,487048,Hook_1498
31,128,5,2.103034735,2.101027966,243524,230673,487048,Hook_1498
31,128,6,2.121042490,2.119026423,243524,230673,487048,Hook_1498
31,128,7,2.099511385,2.097038507,243524,230673,487048,Hook_1498
31,128,8,1.782989025,1.778033257,243524,230673,487048,Hook_1498
31,128,9,2.111154079,2.109494925,243524,230673,487048,Hook_1498
44,128,0,2.111497641,2.109046936,244509,231620,489018,Hook_1498
44,128,1,2.110204697,2.108032703,244509,231620,489018,Hook_1498
44,128,2,2.114989519,2.112038136,244509,231620,489018,Hook_1498
44,128,3,2.114628315,2.112030745,244509,231620,489018,Hook_1498
44,128,4,2.114771128,2.112027884,244509,231620,489018,Hook_1498
44,128,5,2.115282774,2.112039566,244509,231620,489018,Hook_1498
44,128,6,2.120930910,2.119024277,244509,231620,489018,Hook_1498
44,128,7,2.111296892,2.108036995,244509,231620,489018,Hook_1498
44,128,8,2.109318018,2.108023167,244509,231620,489018,Hook_1498
44,128,9,2.101276398,2.099065304,244509,231620,489018,Hook_1498
42,128,0,1.637629747,1.636202335,243315,230504,486630,Hook_1498
42,128,1,1.769836664,1.767155170,243315,230504,486630,Hook_1498
42,128,2,2.115076542,2.112035990,243315,230504,486630,Hook_1498
42,128,3,2.114092827,2.112045765,243315,230504,486630,Hook_1498
42,128,4,2.114877939,2.112029076,243315,230504,486630,Hook_1498
42,128,5,2.113767147,2.112076283,243315,230504,486630,Hook_1498
42,128,6,2.120475531,2.119027376,243315,230504,486630,Hook_1498
42,128,7,2.109455824,2.108033657,243315,230504,486630,Hook_1498
42,128,8,2.109449148,2.108018875,243315,230504,486630,Hook_1498
42,128,9,2.113341570,2.111088276,243315,230504,486630,Hook_1498
45,128,0,2.121442080,2.120019436,244656,231785,489312,Hook_1498
45,128,1,2.109471321,2.108031273,244656,231785,489312,Hook_1498
45,128,2,2.115000248,2.112034321,244656,231785,489312,Hook_1498
45,128,3,2.114060163,2.112023354,244656,231785,489312,Hook_1498
45,128,4,2.114542961,2.112034321,244656,231785,489312,Hook_1498
45,128,5,2.114996672,2.112030268,244656,231785,489312,Hook_1498
45,128,6,2.121743917,2.119014978,244656,231785,489312,Hook_1498
45,128,7,2.110771894,2.108029604,244656,231785,489312,Hook_1498
45,128,8,2.111526728,2.108027935,244656,231785,489312,Hook_1498
45,128,9,2.114239216,2.112636089,244656,231785,489312,Hook_1498
47,128,0,1.408004045,1.405035973,245127,232273,490254,Hook_1498
47,128,1,1.418462992,1.415040493,245127,232273,490254,Hook_1498
47,128,2,1.757395983,1.756017923,245127,232273,490254,Hook_1498
47,128,3,1.761415720,1.760026693,245127,232273,490254,Hook_1498
47,128,4,1.411638737,1.408058405,245127,232273,490254,Hook_1498
47,128,5,1.761402130,1.760021687,245127,232273,490254,Hook_1498
47,128,6,1.761438370,1.760021925,245127,232273,490254,Hook_1498
47,128,7,1.614416122,1.613018751,245127,232273,490254,Hook_1498
47,128,8,1.757415771,1.756038904,245127,232273,490254,Hook_1498
47,128,9,1.762660980,1.761239052,245127,232273,490254,Hook_1498
37,128,0,1.769437075,1.768013477,243335,230500,486670,Hook_1498
37,128,1,1.757453680,1.756040812,243335,230500,486670,Hook_1498
37,128,2,1.759218454,1.756052256,243335,230500,486670,Hook_1498
37,128,3,1.761985779,1.759965181,243335,230500,486670,Hook_1498
37,128,4,1.762522221,1.760036469,243335,230500,486670,Hook_1498
37,128,5,1.764045954,1.760039806,243335,230500,486670,Hook_1498
37,128,6,1.768428326,1.767041922,243335,230500,486670,Hook_1498
37,128,7,1.769748688,1.767035007,243335,230500,486670,Hook_1498
37,128,8,1.758764267,1.756040335,243335,230500,486670,Hook_1498
37,128,9,1.764739513,1.762244940,243335,230500,486670,Hook_1498
38,128,0,1.417548895,1.416111946,243798,230906,487596,Hook_1498
38,128,1,1.405536175,1.404123545,243798,230906,487596,Hook_1498
38,128,2,1.761274815,1.756021976,243798,230906,487596,Hook_1498
38,128,3,1.762082815,1.760027170,243798,230906,487596,Hook_1498
38,128,4,1.762541056,1.760024071,243798,230906,487596,Hook_1498
38,128,5,1.763978958,1.760018110,243798,230906,487596,Hook_1498
38,128,6,1.769782066,1.767024040,243798,230906,487596,Hook_1498
38,128,7,1.769069195,1.767020226,243798,230906,487596,Hook_1498
38,128,8,1.758055449,1.756026745,243798,230906,487596,Hook_1498
38,128,9,1.776443481,1.775026560,243798,230906,487596,Hook_1498
43,128,0,1.417940617,1.416005373,243960,231146,487920,Hook_1498
43,128,1,1.758256912,1.756122112,243960,231146,487920,Hook_1498
43,128,2,2.111985683,2.108019829,243960,231146,487920,Hook_1498
43,128,3,2.116218805,2.112020969,243960,231146,487920,Hook_1498
43,128,4,1.762005091,1.760102034,243960,231146,487920,Hook_1498
43,128,5,1.763813257,1.760123253,243960,231146,487920,Hook_1498
43,128,6,1.758025408,1.756114960,243960,231146,487920,Hook_1498
43,128,7,1.771101236,1.767114878,243960,231146,487920,Hook_1498
43,128,8,1.760137320,1.756112337,243960,231146,487920,Hook_1498
43,128,9,2.117462635,2.116091490,243960,231146,487920,Hook_1498
27,128,0,2.121400833,2.120021105,244741,231871,489482,Hook_1498
27,128,1,2.109407902,2.108018398,244741,231871,489482,Hook_1498
27,128,2,2.111987829,2.108018398,244741,231871,489482,Hook_1498
27,128,3,2.114982843,2.112018824,244741,231871,489482,Hook_1498
27,128,4,2.113383770,2.112016201,244741,231871,489482,Hook_1498
27,128,5,2.113398314,2.112033606,244741,231871,489482,Hook_1498
27,128,6,2.109396219,2.108020782,244741,231871,489482,Hook_1498
27,128,7,2.120359182,2.119012117,244741,231871,489482,Hook_1498
27,128,8,2.109390259,2.108036041,244741,231871,489482,Hook_1498
27,128,9,2.128426790,2.127031088,244741,231871,489482,Hook_1498
28,128,0,2.463754654,2.461026430,244529,231662,489058,Hook_1498
28,128,1,2.462790251,2.460024834,244529,231662,489058,Hook_1498
28,128,2,2.463984966,2.460021257,244529,231662,489058,Hook_1498
28,128,3,2.466989756,2.464029312,244529,231662,489058,Hook_1498
28,128,4,2.466795206,2.464029551,244529,231662,489058,Hook_1498
28,128,5,2.466763258,2.464034796,244529,231662,489058,Hook_1498
28,128,6,2.462774515,2.460026979,244529,231662,489058,Hook_1498
28,128,7,2.473779202,2.471029282,244529,231662,489058,Hook_1498
28,128,8,2.462778568,2.460022449,244529,231662,489058,Hook_1498
28,128,9,2.481986284,2.479739904,244529,231662,489058,Hook_1498
0,1,0,0.009822845,0.000002146,10328399,0,20656798,msdoor
0,1,1,0.009628296,0.000000954,10328399,0,20656798,msdoor
0,1,2,0.009500265,0.000001431,10328399,0,20656798,msdoor
0,1,3,0.009451151,0.000001192,10328399,0,20656798,msdoor
0,1,4,0.009358883,0.000001669,10328399,0,20656798,msdoor
0,1,5,0.009186029,0.000000954,10328399,0,20656798,msdoor
0,1,6,0.009211779,0.000001431,10328399,0,20656798,msdoor
0,1,7,0.009264469,0.000000954,10328399,0,20656798,msdoor
0,1,8,0.009260654,0.000000954,10328399,0,20656798,msdoor
0,1,9,0.009280443,0.000001669,10328399,0,20656798,msdoor
1,2,0,4.039009094,4.012016058,5183476,2545401,10366952,msdoor
1,2,1,4.011384964,4.000018597,5183476,2545401,10366952,msdoor
1,2,2,4.064988375,4.026702881,5183476,2545401,10366952,msdoor
1,2,3,4.017937183,4.006023884,5183476,2545401,10366952,msdoor
1,2,4,4.043938398,4.033029079,5183476,2545401,10366952,msdoor
1,2,5,4.026076317,4.000017643,5183476,2545401,10366952,msdoor
1,2,6,4.055005312,4.013065338,5183476,2545401,10366952,msdoor
1,2,7,4.009207726,3.997020245,5183476,2545401,10366952,msdoor
1,2,8,4.049386978,4.039038897,5183476,2545401,10366952,msdoor
1,2,9,4.033155918,4.021019936,5183476,2545401,10366952,msdoor
0,2,0,4.049050808,4.038053274,5144923,2512743,10289846,msdoor
0,2,1,4.036298513,4.026042938,5144923,2512743,10289846,msdoor
0,2,2,4.059522152,4.028761148,5144923,2512743,10289846,msdoor
0,2,3,4.042463064,4.032041311,5144923,2512743,10289846,msdoor
0,2,4,4.049398184,4.022549629,5144923,2512743,10289846,msdoor
0,2,5,4.035683393,4.025177956,5144923,2512743,10289846,msdoor
0,2,6,4.055027962,4.026330233,5144923,2512743,10289846,msdoor
0,2,7,4.033416748,4.023048401,5144923,2512743,10289846,msdoor
0,2,8,4.054828644,4.028600216,5144923,2512743,10289846,msdoor
0,2,9,4.057097673,4.046807289,5144923,2512743,10289846,msdoor
1,4,0,3.001013517,2.972990990,2576982,1887950,5153964,msdoor
1,4,1,2.922021627,2.893999100,2576982,1887950,5153964,msdoor
1,4,2,2.779914856,2.747007370,2576982,1887950,5153964,msdoor
1,4,3,2.968010187,2.940012217,2576982,1887950,5153964,msdoor
1,4,4,2.942017078,2.914004087,2576982,1887950,5153964,msdoor
1,4,5,2.968003273,2.940015078,2576982,1887950,5153964,msdoor
1,4,6,2.999024391,2.971011639,2576982,1887950,5153964,msdoor
1,4,7,2.884007692,2.856013536,2576982,1887950,5153964,msdoor
1,4,8,2.859017372,2.831011057,2576982,1887950,5153964,msdoor
1,4,9,2.887016535,2.859010935,2576982,1887950,5153964,msdoor
2,4,0,3.036004305,3.008022070,2586179,1899120,5172358,msdoor
2,4,1,2.950004816,2.922014475,2586179,1899120,5172358,msdoor
2,4,2,2.797873497,2.768015385,2586179,1899120,5172358,msdoor
2,4,3,3.052006483,3.024011850,2586179,1899120,5172358,msdoor
2,4,4,2.964232922,2.942010641,2586179,1899120,5172358,msdoor
2,4,5,2.940007687,2.912001610,2586179,1899120,5172358,msdoor
2,4,6,2.971012831,2.943028927,2586179,1899120,5172358,msdoor
2,4,7,2.856019258,2.828029633,2586179,1899120,5172358,msdoor
2,4,8,2.859010696,2.831011772,2586179,1899120,5172358,msdoor
2,4,9,2.915026665,2.887040138,2586179,1899120,5172358,msdoor
3,4,0,2.966001511,2.937990665,2606494,1917833,5212988,msdoor
3,4,1,2.824020386,2.796017647,2606494,1917833,5212988,msdoor
3,4,2,2.779926777,2.740020275,2606494,1917833,5212988,msdoor
3,4,3,3.024012566,2.996009827,2606494,1917833,5212988,msdoor
3,4,4,2.961648941,2.942023039,2606494,1917833,5212988,msdoor
3,4,5,2.884002209,2.856014729,2606494,1917833,5212988,msdoor
3,4,6,3.027009726,2.999030828,2606494,1917833,5212988,msdoor
3,4,7,2.912007332,2.884020329,2606494,1917833,5212988,msdoor
3,4,8,2.831018209,2.803010464,2606494,1917833,5212988,msdoor
3,4,9,2.915016174,2.887021065,2606494,1917833,5212988,msdoor
0,4,0,3.057000875,3.029057980,2558744,1871027,5117488,msdoor
0,4,1,2.880000591,2.859034061,2558744,1871027,5117488,msdoor
0,4,2,2.789029121,2.761050224,2558744,1871027,5117488,msdoor
0,4,3,2.996011734,2.968025684,2558744,1871027,5117488,msdoor
0,4,4,2.995367527,2.970060587,2558744,1871027,5117488,msdoor
0,4,5,2.924633980,2.896665573,2558744,1871027,5117488,msdoor
0,4,6,2.999022722,2.971060514,2558744,1871027,5117488,msdoor
0,4,7,2.884032249,2.856064558,2558744,1871027,5117488,msdoor
0,4,8,2.887016773,2.859026432,2558744,1871027,5117488,msdoor
0,4,9,2.943028450,2.915063620,2558744,1871027,5117488,msdoor
5,8,0,0.927993774,0.896016359,1286241,1100460,2572482,msdoor
5,8,1,0.928008556,0.896028042,1286241,1100460,2572482,msdoor
5,8,2,0.896027565,0.864003897,1286241,1100460,2572482,msdoor
5,8,3,0.832007408,0.800029993,1286241,1100460,2572482,msdoor
5,8,4,0.958018303,0.926026583,1286241,1100460,2572482,msdoor
5,8,5,0.864025593,0.832018137,1286241,1100460,2572482,msdoor
5,8,6,0.928001404,0.896034002,1286241,1100460,2572482,msdoor
5,8,7,0.768012047,0.736025810,1286241,1100460,2572482,msdoor
5,8,8,0.771021605,0.739020348,1286241,1100460,2572482,msdoor
5,8,9,0.832022190,0.800045967,1286241,1100460,2572482,msdoor
6,8,0,0.928012133,0.895999670,1290372,1105085,2580744,msdoor
6,8,1,0.864045382,0.832007885,1290372,1105085,2580744,msdoor
6,8,2,0.864022255,0.832028151,1290372,1105085,2580744,msdoor
6,8,3,0.864009857,0.831999063,1290372,1105085,2580744,msdoor
6,8,4,0.770015240,0.738007545,1290372,1105085,2580744,msdoor
6,8,5,0.832008600,0.800004482,1290372,1105085,2580744,msdoor
6,8,6,0.672012091,0.640026569,1290372,1105085,2580744,msdoor
6,8,7,0.864008188,0.832014322,1290372,1105085,2580744,msdoor
6,8,8,0.895022154,0.863005161,1290372,1105085,2580744,msdoor
6,8,9,0.896023273,0.864027500,1290372,1105085,2580744,msdoor
3,8,0,0.800019026,0.768005848,1305906,1118212,2611812,msdoor
3,8,1,0.800019503,0.768090963,1305906,1118212,2611812,msdoor
3,8,2,0.896012783,0.864089727,1305906,1118212,2611812,msdoor
3,8,3,0.768024921,0.736019850,1305906,1118212,2611812,msdoor
3,8,4,0.830008030,0.798016071,1305906,1118212,2611812,msdoor
3,8,5,0.960010767,0.928036213,1305906,1118212,2611812,msdoor
3,8,6,0.896023273,0.864006281,1305906,1118212,2611812,msdoor
3,8,7,0.896002531,0.864006042,1305906,1118212,2611812,msdoor
3,8,8,0.767017841,0.735060930,1305906,1118212,2611812,msdoor
3,8,9,0.928018570,0.896033525,1305906,1118212,2611812,msdoor
7,8,0,0.927993536,0.895989418,1300588,1114832,2601176,msdoor
7,8,1,0.863994122,0.800044298,1300588,1114832,2601176,msdoor
7,8,2,0.832015514,0.800035954,1300588,1114832,2601176,msdoor
7,8,3,0.800010920,0.768011808,1300588,1114832,2601176,msdoor
7,8,4,0.894013882,0.862006903,1300588,1114832,2601176,msdoor
7,8,5,0.863998652,0.832004547,1300588,1114832,2601176,msdoor
7,8,6,0.736001730,0.704002857,1300588,1114832,2601176,msdoor
7,8,7,0.832014084,0.800002813,1300588,1114832,2601176,msdoor
7,8,8,0.927016258,0.895001650,1300588,1114832,2601176,msdoor
7,8,9,0.896019459,0.864012480,1300588,1114832,2601176,msdoor
1,8,0,0.992008209,0.960009098,1290741,1102943,2581482,msdoor
1,8,1,0.896031857,0.864015579,1290741,1102943,2581482,msdoor
1,8,2,0.800032616,0.768020391,1290741,1102943,2581482,msdoor
1,8,3,0.951006174,0.928017139,1290741,1102943,2581482,msdoor
1,8,4,0.938010216,0.906012535,1290741,1102943,2581482,msdoor
1,8,5,0.896009922,0.864017963,1290741,1102943,2581482,msdoor
1,8,6,0.992003679,0.959992886,1290741,1102943,2581482,msdoor
1,8,7,0.800025702,0.767999887,1290741,1102943,2581482,msdoor
1,8,8,0.959022522,0.927015781,1290741,1102943,2581482,msdoor
1,8,9,0.960010767,0.928011656,1290741,1102943,2581482,msdoor
4,8,0,0.896007776,0.864017963,1277493,1092082,2554986,msdoor
4,8,1,0.864032030,0.832012177,1277493,1092082,2554986,msdoor
4,8,2,0.928004026,0.896007776,1277493,1092082,2554986,msdoor
4,8,3,0.832014799,0.800026655,1277493,1092082,2554986,msdoor
4,8,4,0.906013966,0.874020815,1277493,1092082,2554986,msdoor
4,8,5,1.024026871,0.992025375,1277493,1092082,2554986,msdoor
4,8,6,1.024021387,0.992003679,1277493,1092082,2554986,msdoor
4,8,7,0.960026741,0.928030014,1277493,1092082,2554986,msdoor
4,8,8,0.951011896,0.918999910,1277493,1092082,2554986,msdoor
4,8,9,0.992019176,0.960021496,1277493,1092082,2554986,msdoor
2,8,0,0.896010399,0.863993645,1295807,1108342,2591614,msdoor
2,8,1,0.895998716,0.864082575,1295807,1108342,2591614,msdoor
2,8,2,0.864025116,0.832022667,1295807,1108342,2591614,msdoor
2,8,3,0.895028591,0.863996506,1295807,1108342,2591614,msdoor
2,8,4,0.770019293,0.738063574,1295807,1108342,2591614,msdoor
2,8,5,0.704011679,0.672013521,1295807,1108342,2591614,msdoor
2,8,6,0.736015320,0.704011440,1295807,1108342,2591614,msdoor
2,8,7,0.768013239,0.736004829,1295807,1108342,2591614,msdoor
2,8,8,0.863026857,0.831054211,1295807,1108342,2591614,msdoor
2,8,9,1.024006844,0.992041588,1295807,1108342,2591614,msdoor
0,8,0,0.896026611,0.864009857,1281251,1093631,2562502,msdoor
0,8,1,0.992017746,0.960054159,1281251,1093631,2562502,msdoor
0,8,2,0.927999258,0.895989180,1281251,1093631,2562502,msdoor
0,8,3,0.896036148,0.864059448,1281251,1093631,2562502,msdoor
0,8,4,0.862019777,0.830063820,1281251,1093631,2562502,msdoor
0,8,5,1.024022102,0.992034435,1281251,1093631,2562502,msdoor
0,8,6,0.736009121,0.704118729,1281251,1093631,2562502,msdoor
0,8,7,0.768022299,0.736045837,1281251,1093631,2562502,msdoor
0,8,8,0.835007906,0.803042650,1281251,1093631,2562502,msdoor
0,8,9,1.056032181,1.024020672,1281251,1093631,2562502,msdoor
10,16,0,0.387513638,0.383996725,648933,592642,1297866,msdoor
10,16,1,0.323725700,0.320141792,648933,592642,1297866,msdoor
10,16,2,0.387374878,0.384023428,648933,592642,1297866,msdoor
10,16,3,0.323533773,0.320067167,648933,592642,1297866,msdoor
10,16,4,0.387352467,0.384042501,648933,592642,1297866,msdoor
10,16,5,0.448019743,0.384099007,648933,592642,1297866,msdoor
10,16,6,0.448005915,0.384022474,648933,592642,1297866,msdoor
10,16,7,0.515190125,0.512028456,648933,592642,1297866,msdoor
10,16,8,0.454592228,0.451058149,648933,592642,1297866,msdoor
10,16,9,0.327683687,0.324063540,648933,592642,1297866,msdoor
14,16,0,0.320010900,0.256175041,645998,589805,1291996,msdoor
14,16,1,0.384011745,0.320029259,645998,589805,1291996,msdoor
14,16,2,0.323128700,0.320005417,645998,589805,1291996,msdoor
14,16,3,0.259294987,0.256151438,645998,589805,1291996,msdoor
14,16,4,0.387223721,0.384006739,645998,589805,1291996,msdoor
14,16,5,0.259393930,0.256271362,645998,589805,1291996,msdoor
14,16,6,0.259413004,0.256137133,645998,589805,1291996,msdoor
14,16,7,0.384033918,0.320008755,645998,589805,1291996,msdoor
14,16,8,0.386713028,0.383101225,645998,589805,1291996,msdoor
14,16,9,0.259320736,0.256048203,645998,589805,1291996,msdoor
5,16,0,0.447989464,0.320022106,642166,585473,1284332,msdoor
5,16,1,0.323954344,0.320015192,642166,585473,1284332,msdoor
5,16,2,0.384014606,0.320042133,642166,585473,1284332,msdoor
5,16,3,0.259270668,0.256099701,642166,585473,1284332,msdoor
5,16,4,0.387261391,0.384010315,642166,585473,1284332,msdoor
5,16,5,0.383991480,0.320010662,642166,585473,1284332,msdoor
5,16,6,0.384012222,0.320017338,642166,585473,1284332,msdoor
5,16,7,0.511995792,0.448048353,642166,585473,1284332,msdoor
5,16,8,0.450113773,0.447011709,642166,585473,1284332,msdoor
5,16,9,0.323160648,0.320054293,642166,585473,1284332,msdoor
1,16,0,0.575992107,0.448041916,644599,587876,1289198,msdoor
1,16,1,0.512017727,0.448023796,644599,587876,1289198,msdoor
1,16,2,0.448037863,0.384019375,644599,587876,1289198,msdoor
1,16,3,0.511994600,0.448008299,644599,587876,1289198,msdoor
1,16,4,0.448037624,0.384098768,644599,587876,1289198,msdoor
1,16,5,0.323217392,0.320038557,644599,587876,1289198,msdoor
1,16,6,0.387485981,0.384065628,644599,587876,1289198,msdoor
1,16,7,0.515207052,0.512007713,644599,587876,1289198,msdoor
1,16,8,0.514157057,0.511030197,644599,587876,1289198,msdoor
1,16,9,0.451874256,0.448027372,644599,587876,1289198,msdoor
4,16,0,0.387480259,0.384012699,637904,581739,1275808,msdoor
4,16,1,0.323266268,0.320028305,637904,581739,1275808,msdoor
4,16,2,0.448037863,0.384035110,637904,581739,1275808,msdoor
4,16,3,0.384017229,0.320024729,637904,581739,1275808,msdoor
4,16,4,0.451058865,0.448018551,637904,581739,1275808,msdoor
4,16,5,0.384026527,0.320031404,637904,581739,1275808,msdoor
4,16,6,0.451058626,0.448009491,637904,581739,1275808,msdoor
4,16,7,0.447987556,0.384079456,637904,581739,1275808,msdoor
4,16,8,0.386542797,0.383008003,637904,581739,1275808,msdoor
4,16,9,0.384009361,0.320104361,637904,581739,1275808,msdoor
12,16,0,0.447993040,0.384009361,639589,583237,1279178,msdoor
12,16,1,0.259765863,0.256190538,639589,583237,1279178,msdoor
12,16,2,0.259898186,0.256077528,639589,583237,1279178,msdoor
12,16,3,0.383990526,0.320050478,639589,583237,1279178,msdoor
12,16,4,0.451070547,0.447998285,639589,583237,1279178,msdoor
12,16,5,0.259529829,0.256269217,639589,583237,1279178,msdoor
12,16,6,0.323143959,0.320048809,639589,583237,1279178,msdoor
12,16,7,0.515111446,0.512013197,639589,583237,1279178,msdoor
12,16,8,0.447026253,0.383012772,639589,583237,1279178,msdoor
12,16,9,0.383998871,0.320045710,639589,583237,1279178,msdoor
3,16,0,0.447996855,0.384026051,651848,595039,1303696,msdoor
3,16,1,0.387278318,0.384057760,651848,595039,1303696,msdoor
3,16,2,0.387206316,0.384043455,651848,595039,1303696,msdoor
3,16,3,0.383990049,0.320029020,651848,595039,1303696,msdoor
3,16,4,0.387134314,0.384030104,651848,595039,1303696,msdoor
3,16,5,0.384022474,0.320088625,651848,595039,1303696,msdoor
3,16,6,0.451438904,0.448009014,651848,595039,1303696,msdoor
3,16,7,0.387758255,0.384087801,651848,595039,1303696,msdoor
3,16,8,0.386296272,0.383022785,651848,595039,1303696,msdoor
3,16,9,0.384026051,0.320070505,651848,595039,1303696,msdoor
11,16,0,0.448021650,0.384020090,654058,597239,1308116,msdoor
11,16,1,0.384015322,0.320015430,654058,597239,1308116,msdoor
11,16,2,0.384008646,0.320000887,654058,597239,1308116,msdoor
11,16,3,0.384005070,0.320060253,654058,597239,1308116,msdoor
11,16,4,0.447998762,0.384001255,654058,597239,1308116,msdoor
11,16,5,0.383998394,0.320066929,654058,597239,1308116,msdoor
11,16,6,0.451172113,0.448031902,654058,597239,1308116,msdoor
11,16,7,0.387117624,0.384006739,654058,597239,1308116,msdoor
11,16,8,0.382447958,0.379088640,654058,597239,1308116,msdoor
11,16,9,0.384015560,0.320027113,654058,597239,1308116,msdoor
9,16,0,0.512024641,0.448001385,646142,589291,1292284,msdoor
9,16,1,0.387345076,0.384059191,646142,589291,1292284,msdoor
9,16,2,0.387199402,0.384009361,646142,589291,1292284,msdoor
9,16,3,0.448027611,0.384014606,646142,589291,1292284,msdoor
9,16,4,0.451889515,0.448004723,646142,589291,1292284,msdoor
9,16,5,0.387106657,0.384004116,646142,589291,1292284,msdoor
9,16,6,0.387112141,0.384016275,646142,589291,1292284,msdoor
9,16,7,0.515303373,0.512050390,646142,589291,1292284,msdoor
9,16,8,0.515008688,0.451056004,646142,589291,1292284,msdoor
9,16,9,0.448033571,0.384045839,646142,589291,1292284,msdoor
2,16,0,0.387669563,0.384147406,646874,589801,1293748,msdoor
2,16,1,0.448007822,0.384095192,646874,589801,1293748,msdoor
2,16,2,0.323352098,0.320120811,646874,589801,1293748,msdoor
2,16,3,0.447997808,0.384051085,646874,589801,1293748,msdoor
2,16,4,0.515173435,0.512012720,646874,589801,1293748,msdoor
2,16,5,0.447990894,0.384126425,646874,589801,1293748,msdoor
2,16,6,0.387078762,0.384011030,646874,589801,1293748,msdoor
2,16,7,0.515218258,0.512065649,646874,589801,1293748,msdoor
2,16,8,0.514147043,0.511040688,646874,589801,1293748,msdoor
2,16,9,0.451155663,0.448030472,646874,589801,1293748,msdoor
6,16,0,0.387540579,0.384007692,644374,588238,1288748,msdoor
6,16,1,0.387217522,0.384009123,644374,588238,1288748,msdoor
6,16,2,0.387862921,0.384012938,644374,588238,1288748,msdoor
6,16,3,0.384010792,0.320014715,644374,588238,1288748,msdoor
6,16,4,0.451450109,0.448014259,644374,588238,1288748,msdoor
6,16,5,0.384002209,0.320027351,644374,588238,1288748,msdoor
6,16,6,0.323278189,0.320041895,644374,588238,1288748,msdoor
6,16,7,0.515275955,0.512057304,644374,588238,1288748,msdoor
6,16,8,0.450312138,0.447000980,644374,588238,1288748,msdoor
6,16,9,0.384034395,0.320015430,644374,588238,1288748,msdoor
0,16,0,0.511996984,0.448059797,640437,584179,1280874,msdoor
0,16,1,0.451252222,0.448061466,640437,584179,1280874,msdoor
0,16,2,0.387233019,0.384017944,640437,584179,1280874,msdoor
0,16,3,0.515131712,0.512010336,640437,584179,1280874,msdoor
0,16,4,0.387621880,0.384094238,640437,584179,1280874,msdoor
0,16,5,0.515098095,0.512013912,640437,584179,1280874,msdoor
0,16,6,0.451470613,0.448035002,640437,584179,1280874,msdoor
0,16,7,0.579117537,0.576009512,640437,584179,1280874,msdoor
0,16,8,0.502129078,0.499042749,640437,584179,1280874,msdoor
0,16,9,0.512035370,0.448055983,640437,584179,1280874,msdoor
13,16,0,0.383999825,0.319997072,644075,588125,1288150,msdoor
13,16,1,0.320023537,0.256150961,644075,588125,1288150,msdoor
13,16,2,0.384017944,0.320005894,644075,588125,1288150,msdoor
13,16,3,0.384003401,0.320022821,644075,588125,1288150,msdoor
13,16,4,0.323356628,0.320002079,644075,588125,1288150,msdoor
13,16,5,0.259507418,0.256119013,644075,588125,1288150,msdoor
13,16,6,0.323470592,0.320043564,644075,588125,1288150,msdoor
13,16,7,0.323303223,0.320020437,644075,588125,1288150,msdoor
13,16,8,0.390547514,0.387069225,644075,588125,1288150,msdoor
13,16,9,0.383103848,0.380001783,644075,588125,1288150,msdoor
7,16,0,0.387511730,0.384001493,649472,593567,1298944,msdoor
7,16,1,0.323566437,0.320033550,649472,593567,1298944,msdoor
7,16,2,0.323212385,0.320027590,649472,593567,1298944,msdoor
7,16,3,0.323153496,0.320037365,649472,593567,1298944,msdoor
7,16,4,0.515318632,0.512017012,649472,593567,1298944,msdoor
7,16,5,0.323189974,0.320037127,649472,593567,1298944,msdoor
7,16,6,0.387170553,0.384016991,649472,593567,1298944,msdoor
7,16,7,0.323193312,0.320011854,649472,593567,1298944,msdoor
7,16,8,0.450120926,0.447012663,649472,593567,1298944,msdoor
7,16,9,0.384010792,0.320132732,649472,593567,1298944,msdoor
15,16,0,0.384023905,0.319997549,651116,594354,1302232,msdoor
15,16,1,0.259880543,0.256030083,651116,594354,1302232,msdoor
15,16,2,0.320028067,0.256031513,651116,594354,1302232,msdoor
15,16,3,0.320013762,0.256036282,651116,594354,1302232,msdoor
15,16,4,0.323727131,0.320009470,651116,594354,1302232,msdoor
15,16,5,0.320017338,0.256009817,651116,594354,1302232,msdoor
15,16,6,0.259536028,0.256011248,651116,594354,1302232,msdoor
15,16,7,0.323185205,0.320014000,651116,594354,1302232,msdoor
15,16,8,0.326183796,0.323079109,651116,594354,1302232,msdoor
15,16,9,0.387491226,0.384002924,651116,594354,1302232,msdoor
8,16,0,0.512017488,0.448010206,640814,583523,1281628,msdoor
8,16,1,0.387217045,0.384012938,640814,583523,1281628,msdoor
8,16,2,0.515469074,0.512023926,640814,583523,1281628,msdoor
8,16,3,0.448029280,0.384016275,640814,583523,1281628,msdoor
8,16,4,0.451102495,0.448014021,640814,583523,1281628,msdoor
8,16,5,0.447997332,0.384028196,640814,583523,1281628,msdoor
8,16,6,0.448025465,0.384050608,640814,583523,1281628,msdoor
8,16,7,0.387533426,0.384016037,640814,583523,1281628,msdoor
8,16,8,0.510992050,0.447008848,640814,583523,1281628,msdoor
8,16,9,0.579430580,0.576012135,640814,583523,1281628,msdoor
28,32,0,0.267974138,0.264029026,320303,300160,640606,msdoor
28,32,1,0.176939726,0.176117182,320303,300160,640606,msdoor
28,32,2,0.176899910,0.176049948,320303,300160,640606,msdoor
28,32,3,0.179871798,0.176118851,320303,300160,640606,msdoor
28,32,4,0.177058458,0.176177025,320303,300160,640606,msdoor
28,32,5,0.177000284,0.176150084,320303,300160,640606,msdoor
28,32,6,0.177834749,0.176070213,320303,300160,640606,msdoor
28,32,7,0.177043200,0.176170111,320303,300160,640606,msdoor
28,32,8,0.172966957,0.172109842,320303,300160,640606,msdoor
28,32,9,0.185185909,0.184343338,320303,300160,640606,msdoor
31,32,0,0.179978609,0.176123857,325395,304897,650790,msdoor
31,32,1,0.179547071,0.176112890,325395,304897,650790,msdoor
31,32,2,0.177505493,0.176081419,325395,304897,650790,msdoor
31,32,3,0.090996027,0.088254929,325395,304897,650790,msdoor
31,32,4,0.090992451,0.088358641,325395,304897,650790,msdoor
31,32,5,0.092656374,0.091865063,325395,304897,650790,msdoor
31,32,6,0.089553833,0.088217497,325395,304897,650790,msdoor
31,32,7,0.090251446,0.088346958,325395,304897,650790,msdoor
31,32,8,0.086255789,0.084268093,325395,304897,650790,msdoor
31,32,9,0.097990751,0.088633776,325395,304897,650790,msdoor
5,32,0,0.194213390,0.190999031,321070,300588,642140,msdoor
5,32,1,0.194849253,0.192037344,321070,300588,642140,msdoor
5,32,2,0.098451138,0.096664429,321070,300588,642140,msdoor
5,32,3,0.098678350,0.096939325,321070,300588,642140,msdoor
5,32,4,0.095389366,0.093685150,321070,300588,642140,msdoor
5,32,5,0.098493576,0.096786022,321070,300588,642140,msdoor
5,32,6,0.098599911,0.096911669,321070,300588,642140,msdoor
5,32,7,0.098437548,0.096728325,321070,300588,642140,msdoor
5,32,8,0.098524332,0.096827030,321070,300588,642140,msdoor
5,32,9,0.098424673,0.096681356,321070,300588,642140,msdoor
30,32,0,0.179100037,0.178254366,322632,302237,645264,msdoor
30,32,1,0.177479982,0.176102877,322632,302237,645264,msdoor
30,32,2,0.178206205,0.176082134,322632,302237,645264,msdoor
30,32,3,0.178983927,0.176041126,322632,302237,645264,msdoor
30,32,4,0.177500010,0.176115513,322632,302237,645264,msdoor
30,32,5,0.180993795,0.176123619,322632,302237,645264,msdoor
30,32,6,0.177497625,0.176038980,322632,302237,645264,msdoor
30,32,7,0.177511692,0.176118851,322632,302237,645264,msdoor
30,32,8,0.173502922,0.172083855,322632,302237,645264,msdoor
30,32,9,0.183958769,0.176170111,322632,302237,645264,msdoor
11,32,0,0.098658800,0.096723318,326617,306299,653234,msdoor
11,32,1,0.098497152,0.096722603,326617,306299,653234,msdoor
11,32,2,0.098527193,0.096779585,326617,306299,653234,msdoor
11,32,3,0.098818302,0.097100973,326617,306299,653234,msdoor
11,32,4,0.099506140,0.097774982,326617,306299,653234,msdoor
11,32,5,0.098526478,0.096789837,326617,306299,653234,msdoor
11,32,6,0.098568678,0.096857309,326617,306299,653234,msdoor
11,32,7,0.098476171,0.096789122,326617,306299,653234,msdoor
11,32,8,0.098541021,0.096829414,326617,306299,653234,msdoor
11,32,9,0.098442078,0.096742868,326617,306299,653234,msdoor
14,32,0,0.195563078,0.192457438,323366,303187,646732,msdoor
14,32,1,0.195436954,0.192377329,323366,303187,646732,msdoor
14,32,2,0.195455790,0.192451000,323366,303187,646732,msdoor
14,32,3,0.195829630,0.192529678,323366,303187,646732,msdoor
14,32,4,0.196476698,0.193448305,323366,303187,646732,msdoor
14,32,5,0.195407867,0.192446947,323366,303187,646732,msdoor
14,32,6,0.195532084,0.192478418,323366,303187,646732,msdoor
14,32,7,0.195218563,0.192417383,323366,303187,646732,msdoor
14,32,8,0.195599318,0.192432165,323366,303187,646732,msdoor
14,32,9,0.195303202,0.192550421,323366,303187,646732,msdoor
13,32,0,0.286980391,0.192437649,321644,301434,643288,msdoor
13,32,1,0.288992167,0.192386866,321644,301434,643288,msdoor
13,32,2,0.194231033,0.192399502,321644,301434,643288,msdoor
13,32,3,0.194704294,0.192517281,321644,301434,643288,msdoor
13,32,4,0.195397139,0.193344355,321644,301434,643288,msdoor
13,32,5,0.194103956,0.192409754,321644,301434,643288,msdoor
13,32,6,0.194105864,0.192456007,321644,301434,643288,msdoor
13,32,7,0.194061041,0.192371607,321644,301434,643288,msdoor
13,32,8,0.194496632,0.192395210,321644,301434,643288,msdoor
13,32,9,0.194006920,0.192345381,321644,301434,643288,msdoor
29,32,0,0.176952124,0.176097393,322431,302216,644862,msdoor
29,32,1,0.179593086,0.176065445,322431,302216,644862,msdoor
29,32,2,0.178988695,0.176018238,322431,302216,644862,msdoor
29,32,3,0.178986311,0.176018238,322431,302216,644862,msdoor
29,32,4,0.178987503,0.176068783,322431,302216,644862,msdoor
29,32,5,0.178987026,0.176018476,322431,302216,644862,msdoor
29,32,6,0.177497864,0.176014662,322431,302216,644862,msdoor
29,32,7,0.179991961,0.176076412,322431,302216,644862,msdoor
29,32,8,0.186982393,0.183012962,322431,302216,644862,msdoor
29,32,9,0.176954985,0.176064968,322431,302216,644862,msdoor
16,32,0,0.194226265,0.192304373,320302,300034,640604,msdoor
16,32,1,0.195731401,0.192287207,320302,300034,640604,msdoor
16,32,2,0.195695400,0.192246437,320302,300034,640604,msdoor
16,32,3,0.192972898,0.191297293,320302,300034,640604,msdoor
16,32,4,0.194972038,0.193275928,320302,300034,640604,msdoor
16,32,5,0.194020748,0.192342520,320302,300034,640604,msdoor
16,32,6,0.194005966,0.192330360,320302,300034,640604,msdoor
16,32,7,0.193921804,0.192274570,320302,300034,640604,msdoor
16,32,8,0.194072247,0.192361355,320302,300034,640604,msdoor
16,32,9,0.193999052,0.192310572,320302,300034,640604,msdoor
27,32,0,0.178214550,0.176021576,327441,306959,654882,msdoor
27,32,1,0.178985596,0.176043034,327441,306959,654882,msdoor
27,32,2,0.089089632,0.088251114,327441,306959,654882,msdoor
27,32,3,0.089089632,0.088245392,327441,306959,654882,msdoor
27,32,4,0.178988218,0.176044226,327441,306959,654882,msdoor
27,32,5,0.089137793,0.088269949,327441,306959,654882,msdoor
27,32,6,0.089409351,0.088544369,327441,306959,654882,msdoor
27,32,7,0.098054647,0.097211123,327441,306959,654882,msdoor
27,32,8,0.089430571,0.088564634,327441,306959,654882,msdoor
27,32,9,0.178291321,0.176171064,327441,306959,654882,msdoor
10,32,0,0.194086552,0.192167282,323971,303751,647942,msdoor
10,32,1,0.193885326,0.192137718,323971,303751,647942,msdoor
10,32,2,0.193820238,0.192130327,323971,303751,647942,msdoor
10,32,3,0.192909002,0.191183567,323971,303751,647942,msdoor
10,32,4,0.194843054,0.193115950,323971,303751,647942,msdoor
10,32,5,0.193813562,0.192130089,323971,303751,647942,msdoor
10,32,6,0.193870306,0.192177534,323971,303751,647942,msdoor
10,32,7,0.193801641,0.192129135,323971,303751,647942,msdoor
10,32,8,0.193917274,0.192236900,323971,303751,647942,msdoor
10,32,9,0.193830013,0.192160845,323971,303751,647942,msdoor
25,32,0,0.267981529,0.264085770,323361,302950,646722,msdoor
25,32,1,0.266992569,0.264407873,323361,302950,646722,msdoor
25,32,2,0.265536070,0.264065266,323361,302950,646722,msdoor
25,32,3,0.177723408,0.176756620,323361,302950,646722,msdoor
25,32,4,0.266980410,0.264830351,323361,302950,646722,msdoor
25,32,5,0.265539885,0.264075279,323361,302950,646722,msdoor
25,32,6,0.177673578,0.176554680,323361,302950,646722,msdoor
25,32,7,0.266994715,0.264066935,323361,302950,646722,msdoor
25,32,8,0.262788057,0.260069609,323361,302950,646722,msdoor
25,32,9,0.267761946,0.266773939,323361,302950,646722,msdoor
6,32,0,0.263008356,0.192094803,322055,301668,644110,msdoor
6,32,1,0.194877625,0.192136526,322055,301668,644110,msdoor
6,32,2,0.194830656,0.192125320,322055,301668,644110,msdoor
6,32,3,0.192997932,0.191226244,322055,301668,644110,msdoor
6,32,4,0.194896460,0.193161249,322055,301668,644110,msdoor
6,32,5,0.193902969,0.192212343,322055,301668,644110,msdoor
6,32,6,0.193936348,0.192259550,322055,301668,644110,msdoor
6,32,7,0.193851709,0.192162514,322055,301668,644110,msdoor
6,32,8,0.195232630,0.192099810,322055,301668,644110,msdoor
6,32,9,0.194924831,0.192091465,322055,301668,644110,msdoor
8,32,0,0.289240122,0.287122250,320048,299530,640096,msdoor
8,32,1,0.289855242,0.288144588,320048,299530,640096,msdoor
8,32,2,0.289837837,0.288147926,320048,299530,640096,msdoor
8,32,3,0.288896799,0.287200689,320048,299530,640096,msdoor
8,32,4,0.290809393,0.289129496,320048,299530,640096,msdoor
8,32,5,0.289796829,0.288136005,320048,299530,640096,msdoor
8,32,6,0.289845705,0.288191557,320048,299530,640096,msdoor
8,32,7,0.289804697,0.288136959,320048,299530,640096,msdoor
8,32,8,0.289828300,0.288142443,320048,299530,640096,msdoor
8,32,9,0.289819002,0.288134336,320048,299530,640096,msdoor
3,32,0,0.288922071,0.287019491,325977,305527,651954,msdoor
3,32,1,0.290776968,0.289028883,325977,305527,651954,msdoor
3,32,2,0.289710760,0.288022995,325977,305527,651954,msdoor
3,32,3,0.266838789,0.263025761,325977,305527,651954,msdoor
3,32,4,0.286652565,0.285025120,325977,305527,651954,msdoor
3,32,5,0.289701223,0.288027048,325977,305527,651954,msdoor
3,32,6,0.289694786,0.288026333,325977,305527,651954,msdoor
3,32,7,0.289690018,0.288033247,325977,305527,651954,msdoor
3,32,8,0.289684296,0.288026810,325977,305527,651954,msdoor
3,32,9,0.290803194,0.288082123,325977,305527,651954,msdoor
7,32,0,0.193984747,0.191056013,324351,304094,648702,msdoor
7,32,1,0.194901705,0.192060471,324351,304094,648702,msdoor
7,32,2,0.194789171,0.192106485,324351,304094,648702,msdoor
7,32,3,0.193856001,0.191165447,324351,304094,648702,msdoor
7,32,4,0.190817118,0.189117193,324351,304094,648702,msdoor
7,32,5,0.193844318,0.192122459,324351,304094,648702,msdoor
7,32,6,0.193875551,0.192168713,324351,304094,648702,msdoor
7,32,7,0.193807840,0.192109108,324351,304094,648702,msdoor
7,32,8,0.193805218,0.192116261,324351,304094,648702,msdoor
7,32,9,0.193814278,0.192122936,324351,304094,648702,msdoor
19,32,0,0.190981627,0.095542192,325871,305493,651742,msdoor
19,32,1,0.095780849,0.092533112,325871,305493,651742,msdoor
19,32,2,0.099802732,0.096508026,325871,305493,651742,msdoor
19,32,3,0.098814964,0.095488310,325871,305493,651742,msdoor
19,32,4,0.098265648,0.096503019,325871,305493,651742,msdoor
19,32,5,0.098285198,0.096564054,325871,305493,651742,msdoor
19,32,6,0.098337173,0.096612692,325871,305493,651742,msdoor
19,32,7,0.098243237,0.096561432,325871,305493,651742,msdoor
19,32,8,0.098276138,0.096572638,325871,305493,651742,msdoor
19,32,9,0.098297596,0.096585035,325871,305493,651742,msdoor
15,32,0,0.193287849,0.191036940,325721,305257,651442,msdoor
15,32,1,0.284992695,0.189060926,325721,305257,651442,msdoor
15,32,2,0.287995100,0.192054987,325721,305257,651442,msdoor
15,32,3,0.286996126,0.191055536,325721,305257,651442,msdoor
15,32,4,0.192001343,0.189049959,325721,305257,651442,msdoor
15,32,5,0.195005894,0.192056179,325721,305257,651442,msdoor
15,32,6,0.195000887,0.192050695,325721,305257,651442,msdoor
15,32,7,0.194994926,0.192051888,325721,305257,651442,msdoor
15,32,8,0.195110798,0.192051172,325721,305257,651442,msdoor
15,32,9,0.195211887,0.192200661,325721,305257,651442,msdoor
17,32,0,0.286980867,0.191020727,322001,301680,644002,msdoor
17,32,1,0.190744877,0.189024210,322001,301680,644002,msdoor
17,32,2,0.195522070,0.192028522,322001,301680,644002,msdoor
17,32,3,0.290990114,0.195022345,322001,301680,644002,msdoor
17,32,4,0.191045761,0.189026833,322001,301680,644002,msdoor
17,32,5,0.194096327,0.192026138,322001,301680,644002,msdoor
17,32,6,0.194077492,0.192033291,322001,301680,644002,msdoor
17,32,7,0.194576502,0.192027330,322001,301680,644002,msdoor
17,32,8,0.194422483,0.192028284,322001,301680,644002,msdoor
17,32,9,0.193876743,0.192025900,322001,301680,644002,msdoor
26,32,0,0.268678188,0.267567158,324962,304682,649924,msdoor
26,32,1,0.266987801,0.264813185,324962,304682,649924,msdoor
26,32,2,0.265284061,0.264066935,324962,304682,649924,msdoor
26,32,3,0.178239822,0.176124811,324962,304682,649924,msdoor
26,32,4,0.266991854,0.265755177,324962,304682,649924,msdoor
26,32,5,0.265830278,0.264064074,324962,304682,649924,msdoor
26,32,6,0.178242683,0.176124573,324962,304682,649924,msdoor
26,32,7,0.266401291,0.265561104,324962,304682,649924,msdoor
26,32,8,0.228526115,0.227057695,324962,304682,649924,msdoor
26,32,9,0.268046618,0.267084599,324962,304682,649924,msdoor
12,32,0,0.288979769,0.287137747,319286,298847,638572,msdoor
12,32,1,0.289851665,0.288141489,319286,298847,638572,msdoor
12,32,2,0.289852142,0.288171530,319286,298847,638572,msdoor
12,32,3,0.288917065,0.287228823,319286,298847,638572,msdoor
12,32,4,0.319442511,0.317051649,319286,298847,638572,msdoor
12,32,5,0.290028572,0.288052797,319286,298847,638572,msdoor
12,32,6,0.286197901,0.284039974,319286,298847,638572,msdoor
12,32,7,0.290998936,0.288060188,319286,298847,638572,msdoor
12,32,8,0.291156292,0.288054466,319286,298847,638572,msdoor
12,32,9,0.293691397,0.292058229,319286,298847,638572,msdoor
9,32,0,0.194190741,0.192235231,322781,302270,645562,msdoor
9,32,1,0.193973064,0.192255020,322781,302270,645562,msdoor
9,32,2,0.193952799,0.192239285,322781,302270,645562,msdoor
9,32,3,0.290997505,0.192499399,322781,302270,645562,msdoor
9,32,4,0.288992882,0.193279505,322781,302270,645562,msdoor
9,32,5,0.287991762,0.192335129,322781,302270,645562,msdoor
9,32,6,0.288000584,0.192419052,322781,302270,645562,msdoor
9,32,7,0.287992477,0.192335844,322781,302270,645562,msdoor
9,32,8,0.287999153,0.192345619,322781,302270,645562,msdoor
9,32,9,0.283986092,0.192288637,322781,302270,645562,msdoor
24,32,0,0.347217321,0.346324205,320766,300194,641532,msdoor
24,32,1,0.265509129,0.264121771,320766,300194,641532,msdoor
24,32,2,0.267883539,0.265793562,320766,300194,641532,msdoor
24,32,3,0.266965628,0.264082432,320766,300194,641532,msdoor
24,32,4,0.267027617,0.265371561,320766,300194,641532,msdoor
24,32,5,0.267476559,0.265845537,320766,300194,641532,msdoor
24,32,6,0.265503883,0.264077902,320766,300194,641532,msdoor
24,32,7,0.268298626,0.265300274,320766,300194,641532,msdoor
24,32,8,0.275357723,0.272745371,320766,300194,641532,msdoor
24,32,9,0.357328176,0.355315685,320766,300194,641532,msdoor
4,32,0,0.382994175,0.287016869,318486,298128,636972,msdoor
4,32,1,0.312991142,0.292033911,318486,298128,636972,msdoor
4,32,2,0.289778233,0.288009405,318486,298128,636972,msdoor
4,32,3,0.292685509,0.291012287,318486,298128,636972,msdoor
4,32,4,0.290701866,0.289028168,318486,298128,636972,msdoor
4,32,5,0.289680958,0.288024187,318486,298128,636972,msdoor
4,32,6,0.289671183,0.288021803,318486,298128,636972,msdoor
4,32,7,0.289687157,0.288031101,318486,298128,636972,msdoor
4,32,8,0.289700508,0.288022995,318486,298128,636972,msdoor
4,32,9,0.289687872,0.288034439,318486,298128,636972,msdoor
21,32,0,0.193914652,0.191028833,321096,300616,642192,msdoor
21,32,1,0.194726229,0.193025112,321096,300616,642192,msdoor
21,32,2,0.194598198,0.192030907,321096,300616,642192,msdoor
21,32,3,0.192697763,0.191034794,321096,300616,642192,msdoor
21,32,4,0.194668293,0.193021059,321096,300616,642192,msdoor
21,32,5,0.193739176,0.192037344,321096,300616,642192,msdoor
21,32,6,0.193697453,0.192024946,321096,300616,642192,msdoor
21,32,7,0.193729162,0.192034721,321096,300616,642192,msdoor
21,32,8,0.193706036,0.192038059,321096,300616,642192,msdoor
21,32,9,0.193701506,0.192034006,321096,300616,642192,msdoor
1,32,0,0.292950392,0.291012049,322598,302140,645196,msdoor
1,32,1,0.290790319,0.289026976,322598,302140,645196,msdoor
1,32,2,0.289763689,0.288043737,322598,302140,645196,msdoor
1,32,3,0.288789511,0.287126541,322598,302140,645196,msdoor
1,32,4,0.290683031,0.289009809,322598,302140,645196,msdoor
1,32,5,0.289695024,0.288009644,322598,302140,645196,msdoor
1,32,6,0.289768457,0.288101673,322598,302140,645196,msdoor
1,32,7,0.289689779,0.288014650,322598,302140,645196,msdoor
1,32,8,0.289838076,0.288139820,322598,302140,645196,msdoor
1,32,9,0.289723158,0.288022518,322598,302140,645196,msdoor
0,32,0,0.389655828,0.387017488,320135,299847,640270,msdoor
0,32,1,0.386767626,0.385020494,320135,299847,640270,msdoor
0,32,2,0.385705233,0.384019375,320135,299847,640270,msdoor
0,32,3,0.384796619,0.383126020,320135,299847,640270,msdoor
0,32,4,0.386678934,0.385015965,320135,299847,640270,msdoor
0,32,5,0.385686159,0.384019136,320135,299847,640270,msdoor
0,32,6,0.385792255,0.384114742,320135,299847,640270,msdoor
0,32,7,0.385702610,0.384020090,320135,299847,640270,msdoor
0,32,8,0.386930704,0.384104967,320135,299847,640270,msdoor
0,32,9,0.385831833,0.384015799,320135,299847,640270,msdoor
23,32,0,0.198701382,0.195023060,325121,304819,650242,msdoor
23,32,1,0.195691586,0.193034172,325121,304819,650242,msdoor
23,32,2,0.194744825,0.192031622,325121,304819,650242,msdoor
23,32,3,0.193729877,0.191032648,325121,304819,650242,msdoor
23,32,4,0.195672989,0.193020582,325121,304819,650242,msdoor
23,32,5,0.194712400,0.192026615,325121,304819,650242,msdoor
23,32,6,0.194608927,0.192035675,325121,304819,650242,msdoor
23,32,7,0.194628716,0.192036152,325121,304819,650242,msdoor
23,32,8,0.195925713,0.192024469,325121,304819,650242,msdoor
23,32,9,0.193934202,0.192133904,325121,304819,650242,msdoor
2,32,0,0.482983589,0.387026548,323864,303467,647728,msdoor
2,32,1,0.388569593,0.385028839,323864,303467,647728,msdoor
2,32,2,0.387629747,0.384028673,323864,303467,647728,msdoor
2,32,3,0.386704922,0.383027792,323864,303467,647728,msdoor
2,32,4,0.388639688,0.385026932,323864,303467,647728,msdoor
2,32,5,0.387671709,0.384021282,323864,303467,647728,msdoor
2,32,6,0.387414455,0.384024382,323864,303467,647728,msdoor
2,32,7,0.387506008,0.384032488,323864,303467,647728,msdoor
2,32,8,0.479998827,0.384035826,323864,303467,647728,msdoor
2,32,9,0.386084318,0.384033918,323864,303467,647728,msdoor
20,32,0,0.289495468,0.287041664,319418,299106,638836,msdoor
20,32,1,0.290769100,0.289051771,319418,299106,638836,msdoor
20,32,2,0.289734364,0.288051128,319418,299106,638836,msdoor
20,32,3,0.288730621,0.287060976,319418,299106,638836,msdoor
20,32,4,0.290690660,0.289050102,319418,299106,638836,msdoor
20,32,5,0.289722681,0.288049698,319418,299106,638836,msdoor
20,32,6,0.289725304,0.288062811,319418,299106,638836,msdoor
20,32,7,0.289710283,0.288059473,319418,299106,638836,msdoor
20,32,8,0.289723396,0.288054943,319418,299106,638836,msdoor
20,32,9,0.289721966,0.288043737,319418,299106,638836,msdoor
22,32,0,0.288888693,0.287035465,322319,302070,644638,msdoor
22,32,1,0.290778160,0.289034605,322319,302070,644638,msdoor
22,32,2,0.289728880,0.288049936,322319,302070,644638,msdoor
22,32,3,0.288756132,0.287052155,322319,302070,644638,msdoor
22,32,4,0.290696383,0.289038658,322319,302070,644638,msdoor
22,32,5,0.289725542,0.288053989,322319,302070,644638,msdoor
22,32,6,0.289691210,0.288037539,322319,302070,644638,msdoor
22,32,7,0.289724588,0.288041115,322319,302070,644638,msdoor
22,32,8,0.289754391,0.288041115,322319,302070,644638,msdoor
22,32,9,0.285712004,0.284047604,322319,302070,644638,msdoor
18,32,0,0.193319082,0.191059828,323010,302564,646020,msdoor
18,32,1,0.284979105,0.189061642,323010,302564,646020,msdoor
18,32,2,0.193753004,0.192058802,323010,302564,646020,msdoor
18,32,3,0.192807913,0.191087008,323010,302564,646020,msdoor
18,32,4,0.192867041,0.189080477,323010,302564,646020,msdoor
18,32,5,0.195867300,0.192071915,323010,302564,646020,msdoor
18,32,6,0.195868969,0.192068338,323010,302564,646020,msdoor
18,32,7,0.195822716,0.192079306,323010,302564,646020,msdoor
18,32,8,0.287992716,0.192075491,323010,302564,646020,msdoor
18,32,9,0.283996344,0.192065954,323010,302564,646020,msdoor
15,64,0,0.767997980,0.672065496,162830,154577,325660,msdoor
15,64,1,0.481726646,0.480726242,162830,154577,325660,msdoor
15,64,2,0.714013577,0.713016987,162830,154577,325660,msdoor
15,64,3,0.769612074,0.768544436,162830,154577,325660,msdoor
15,64,4,0.769522190,0.768559933,162830,154577,325660,msdoor
15,64,5,0.673632622,0.672656775,162830,154577,325660,msdoor
15,64,6,0.673625469,0.672656536,162830,154577,325660,msdoor
15,64,7,0.673630476,0.672611237,162830,154577,325660,msdoor
15,64,8,0.673649073,0.672642231,162830,154577,325660,msdoor
15,64,9,0.576720238,0.575654268,162830,154577,325660,msdoor
19,64,0,0.865131617,0.864115238,163460,155356,326920,msdoor
19,64,1,0.768977404,0.768066883,163460,155356,326920,msdoor
19,64,2,0.769921780,0.769032955,163460,155356,326920,msdoor
19,64,3,0.769166708,0.768065691,163460,155356,326920,msdoor
19,64,4,0.769025803,0.768078566,163460,155356,326920,msdoor
19,64,5,0.673693419,0.672721148,163460,155356,326920,msdoor
19,64,6,0.673601627,0.672679424,163460,155356,326920,msdoor
19,64,7,0.673538685,0.672642231,163460,155356,326920,msdoor
19,64,8,0.768916368,0.768018007,163460,155356,326920,msdoor
19,64,9,0.576635122,0.575710297,163460,155356,326920,msdoor
20,64,0,0.865164757,0.864069700,159971,151686,319942,msdoor
20,64,1,0.769001007,0.768012047,159971,151686,319942,msdoor
20,64,2,0.865965605,0.865032434,159971,151686,319942,msdoor
20,64,3,0.865038395,0.864066601,159971,151686,319942,msdoor
20,64,4,0.864961386,0.864065409,159971,151686,319942,msdoor
20,64,5,0.864006758,0.768113852,159971,151686,319942,msdoor
20,64,6,0.770821333,0.768089533,159971,151686,319942,msdoor
20,64,7,0.769597292,0.768648148,159971,151686,319942,msdoor
20,64,8,0.864951372,0.864019394,159971,151686,319942,msdoor
20,64,9,0.672564268,0.671645164,159971,151686,319942,msdoor
17,64,0,0.865226984,0.864128351,161420,153157,322840,msdoor
17,64,1,0.773025513,0.772050619,161420,153157,322840,msdoor
17,64,2,0.869906425,0.869010687,161420,153157,322840,msdoor
17,64,3,0.910944939,0.910040617,161420,153157,322840,msdoor
17,64,4,0.864940405,0.864043474,161420,153157,322840,msdoor
17,64,5,0.770898342,0.768066883,161420,153157,322840,msdoor
17,64,6,0.768926144,0.768066883,161420,153157,322840,msdoor
17,64,7,0.768898249,0.768051386,161420,153157,322840,msdoor
17,64,8,0.769676208,0.768632650,161420,153157,322840,msdoor
17,64,9,0.671906710,0.671055079,161420,153157,322840,msdoor
22,64,0,0.865029335,0.864012241,161365,153281,322730,msdoor
22,64,1,0.673730612,0.672754765,161365,153281,322730,msdoor
22,64,2,0.862516642,0.860026360,161365,153281,322730,msdoor
22,64,3,0.866053581,0.864032984,161365,153281,322730,msdoor
22,64,4,0.865860939,0.864036322,161365,153281,322730,msdoor
22,64,5,0.768919230,0.768049717,161365,153281,322730,msdoor
22,64,6,0.768974066,0.768066645,161365,153281,322730,msdoor
22,64,7,0.768980980,0.768068790,161365,153281,322730,msdoor
22,64,8,0.769694567,0.768647909,161365,153281,322730,msdoor
22,64,9,0.676013708,0.675110340,161365,153281,322730,msdoor
18,64,0,0.865209579,0.864137650,161910,153708,323820,msdoor
18,64,1,0.771435976,0.768083811,161910,153708,323820,msdoor
18,64,2,0.860886097,0.860015154,161910,153708,323820,msdoor
18,64,3,0.864953518,0.864042521,161910,153708,323820,msdoor
18,64,4,0.864916801,0.864045382,161910,153708,323820,msdoor
18,64,5,0.768893719,0.768066406,161910,153708,323820,msdoor
18,64,6,0.768923521,0.768058777,161910,153708,323820,msdoor
18,64,7,0.768905163,0.768038988,161910,153708,323820,msdoor
18,64,8,0.768920183,0.768069744,161910,153708,323820,msdoor
18,64,9,0.675923109,0.675054789,161910,153708,323820,msdoor
16,64,0,0.865873098,0.864798784,160412,152131,320824,msdoor
16,64,1,0.769011021,0.768076658,160412,152131,320824,msdoor
16,64,2,0.861976385,0.861029625,160412,152131,320824,msdoor
16,64,3,0.962913275,0.962014914,160412,152131,320824,msdoor
16,64,4,0.960877895,0.960015535,160412,152131,320824,msdoor
16,64,5,0.864904642,0.864018679,160412,152131,320824,msdoor
16,64,6,0.864903927,0.864017010,160412,152131,320824,msdoor
16,64,7,0.864884615,0.864016533,160412,152131,320824,msdoor
16,64,8,0.864867687,0.864012480,160412,152131,320824,msdoor
16,64,9,0.767896175,0.767017365,160412,152131,320824,msdoor
23,64,0,0.769217253,0.768085957,162907,154814,325814,msdoor
23,64,1,0.673054695,0.672043085,162907,154814,325814,msdoor
23,64,2,0.773978710,0.773046970,162907,154814,325814,msdoor
23,64,3,0.769024611,0.768106461,162907,154814,325814,msdoor
23,64,4,0.769022942,0.768105984,162907,154814,325814,msdoor
23,64,5,0.677680254,0.676728725,162907,154814,325814,msdoor
23,64,6,0.673039198,0.672143936,162907,154814,325814,msdoor
23,64,7,0.764977932,0.764016390,162907,154814,325814,msdoor
23,64,8,0.769006491,0.768069029,162907,154814,325814,msdoor
23,64,9,0.676011562,0.675036907,162907,154814,325814,msdoor
21,64,0,0.866640568,0.864062548,160648,152434,321296,msdoor
21,64,1,0.767998934,0.672787428,160648,152434,321296,msdoor
21,64,2,0.849942684,0.849030495,160648,152434,321296,msdoor
21,64,3,0.866396189,0.864058018,160648,152434,321296,msdoor
21,64,4,0.866921186,0.864048719,160648,152434,321296,msdoor
21,64,5,0.863997936,0.768077135,160648,152434,321296,msdoor
21,64,6,0.863997698,0.768088579,160648,152434,321296,msdoor
21,64,7,0.863999128,0.768075228,160648,152434,321296,msdoor
21,64,8,0.866189241,0.864012003,160648,152434,321296,msdoor
21,64,9,0.766998053,0.671629190,160648,152434,321296,msdoor
11,64,0,0.864994049,0.864035606,162970,154728,325940,msdoor
11,64,1,0.769082785,0.768028736,162970,154728,325940,msdoor
11,64,2,0.863060951,0.860044241,162970,154728,325940,msdoor
11,64,3,0.865505457,0.864046335,162970,154728,325940,msdoor
11,64,4,0.865443230,0.864038229,162970,154728,325940,msdoor
11,64,5,0.865056515,0.864033699,162970,154728,325940,msdoor
11,64,6,0.865051031,0.864040852,162970,154728,325940,msdoor
11,64,7,0.864957094,0.864032030,162970,154728,325940,msdoor
11,64,8,0.864953279,0.864045620,162970,154728,325940,msdoor
11,64,9,0.772028923,0.771041155,162970,154728,325940,msdoor
13,64,0,0.865707397,0.864027739,160883,152622,321766,msdoor
13,64,1,0.768998623,0.768039227,160883,152622,321766,msdoor
13,64,2,0.861440659,0.860025883,160883,152622,321766,msdoor
13,64,3,0.865486145,0.864021778,160883,152622,321766,msdoor
13,64,4,0.865409613,0.864026070,160883,152622,321766,msdoor
13,64,5,0.864905357,0.864035606,160883,152622,321766,msdoor
13,64,6,0.864920139,0.864029884,160883,152622,321766,msdoor
13,64,7,0.864936352,0.864024639,160883,152622,321766,msdoor
13,64,8,0.864924431,0.864025354,160883,152622,321766,msdoor
13,64,9,0.771919727,0.771026850,160883,152622,321766,msdoor
14,64,0,0.867136002,0.864028692,161712,153457,323424,msdoor
14,64,1,0.863996029,0.768027306,161712,153457,323424,msdoor
14,64,2,0.860939980,0.860030890,161712,153457,323424,msdoor
14,64,3,0.864953995,0.864031315,161712,153457,323424,msdoor
14,64,4,0.865831614,0.864030600,161712,153457,323424,msdoor
14,64,5,0.865622759,0.864037752,161712,153457,323424,msdoor
14,64,6,0.865787745,0.864037514,161712,153457,323424,msdoor
14,64,7,0.959997892,0.864032984,161712,153457,323424,msdoor
14,64,8,0.864932060,0.864030123,161712,153457,323424,msdoor
14,64,9,0.769103527,0.767026901,161712,153457,323424,msdoor
6,64,0,1.055993319,0.960039139,160798,152426,321596,msdoor
6,64,1,0.959998369,0.864049196,160798,152426,321596,msdoor
6,64,2,1.052950859,1.052034378,160798,152426,321596,msdoor
6,64,3,1.058974743,1.058030128,160798,152426,321596,msdoor
6,64,4,1.059067965,1.056034803,160798,152426,321596,msdoor
6,64,5,0.962040186,0.960053444,160798,152426,321596,msdoor
6,64,6,0.962213993,0.960060835,160798,152426,321596,msdoor
6,64,7,1.055999517,0.960072756,160798,152426,321596,msdoor
6,64,8,1.056944132,1.056040287,160798,152426,321596,msdoor
6,64,9,0.865542650,0.863072634,160798,152426,321596,msdoor
7,64,0,0.961093426,0.960029840,161977,153689,323954,msdoor
7,64,1,0.865999222,0.864035845,161977,153689,323954,msdoor
7,64,2,0.961000443,0.960055351,161977,153689,323954,msdoor
7,64,3,1.058918953,1.058023930,161977,153689,323954,msdoor
7,64,4,1.056916952,1.056027174,161977,153689,323954,msdoor
7,64,5,0.960950613,0.960060120,161977,153689,323954,msdoor
7,64,6,0.960946083,0.960068941,161977,153689,323954,msdoor
7,64,7,0.961051226,0.960051537,161977,153689,323954,msdoor
7,64,8,0.960935831,0.960066557,161977,153689,323954,msdoor
7,64,9,0.863948345,0.863068819,161977,153689,323954,msdoor
12,64,0,0.961003065,0.960033178,159418,151042,318836,msdoor
12,64,1,0.861102343,0.860030174,159418,151042,318836,msdoor
12,64,2,0.956913710,0.956022263,159418,151042,318836,msdoor
12,64,3,0.962923527,0.962027550,159418,151042,318836,msdoor
12,64,4,0.960907936,0.960031986,159418,151042,318836,msdoor
12,64,5,0.961486578,0.960028172,159418,151042,318836,msdoor
12,64,6,0.961428642,0.960028648,159418,151042,318836,msdoor
12,64,7,0.961481810,0.960045338,159418,151042,318836,msdoor
12,64,8,0.962650061,0.960030794,159418,151042,318836,msdoor
12,64,9,0.864425898,0.863034248,159418,151042,318836,msdoor
24,64,0,0.799017429,0.798531532,160792,152550,321584,msdoor
24,64,1,0.800988197,0.800477505,160792,152550,321584,msdoor
24,64,2,0.791946411,0.791467667,160792,152550,321584,msdoor
24,64,3,0.789907455,0.789427996,160792,152550,321584,msdoor
24,64,4,0.791958094,0.791481733,160792,152550,321584,msdoor
24,64,5,0.792002916,0.791490078,160792,152550,321584,msdoor
24,64,6,0.791992664,0.791477919,160792,152550,321584,msdoor
24,64,7,0.794947147,0.794464588,160792,152550,321584,msdoor
24,64,8,0.791993380,0.791469097,160792,152550,321584,msdoor
24,64,9,0.783945084,0.783445120,160792,152550,321584,msdoor
54,64,0,0.731992245,0.720135927,160954,152653,321908,msdoor
54,64,1,1.064995050,0.896070004,160954,152653,321908,msdoor
54,64,2,1.019423723,1.011050940,160954,152653,321908,msdoor
54,64,3,1.068993568,1.059109926,160954,152653,321908,msdoor
54,64,4,0.893986940,0.889087915,160954,152653,321908,msdoor
54,64,5,0.725993872,0.720099211,160954,152653,321908,msdoor
54,64,6,0.891994238,0.883058786,160954,152653,321908,msdoor
54,64,7,0.876994610,0.873098612,160954,152653,321908,msdoor
54,64,8,0.699457884,0.698948622,160954,152653,321908,msdoor
54,64,9,0.699720144,0.699208021,160954,152653,321908,msdoor
4,64,0,1.057014704,1.056039572,159363,150946,318726,msdoor
4,64,1,0.962068081,0.960033178,159363,150946,318726,msdoor
4,64,2,1.056969881,1.056053638,159363,150946,318726,msdoor
4,64,3,1.151281357,1.150034189,159363,150946,318726,msdoor
4,64,4,1.153743029,1.152034521,159363,150946,318726,msdoor
4,64,5,1.057417631,1.056071758,159363,150946,318726,msdoor
4,64,6,1.057415247,1.056068182,159363,150946,318726,msdoor
4,64,7,1.057404041,1.056063175,159363,150946,318726,msdoor
4,64,8,1.058424473,1.057546139,159363,150946,318726,msdoor
4,64,9,0.960624695,0.959732533,159363,150946,318726,msdoor
36,64,0,0.532989502,0.528165340,159123,151007,318246,msdoor
36,64,1,0.532408714,0.528105021,159123,151007,318246,msdoor
36,64,2,0.792160034,0.791025162,159123,151007,318246,msdoor
36,64,3,0.761075497,0.758034468,159123,151007,318246,msdoor
36,64,4,0.797122002,0.791038275,159123,151007,318246,msdoor
36,64,5,0.533291817,0.530556440,159123,151007,318246,msdoor
36,64,6,0.530251741,0.527524710,159123,151007,318246,msdoor
36,64,7,0.803063869,0.794028759,159123,151007,318246,msdoor
36,64,8,0.793121338,0.791014194,159123,151007,318246,msdoor
36,64,9,0.521013260,0.519692659,159123,151007,318246,msdoor
2,64,0,1.056958199,1.056025505,161704,153262,323408,msdoor
2,64,1,1.055995464,0.960039139,161704,153262,323408,msdoor
2,64,2,1.058695316,1.056086302,161704,153262,323408,msdoor
2,64,3,1.153060198,1.150027037,161704,153262,323408,msdoor
2,64,4,1.155131340,1.152030945,161704,153262,323408,msdoor
2,64,5,1.058253527,1.056080818,161704,153262,323408,msdoor
2,64,6,1.053828478,1.052072048,161704,153262,323408,msdoor
2,64,7,1.062247992,1.060063124,161704,153262,323408,msdoor
2,64,8,1.054869890,1.052097797,161704,153262,323408,msdoor
2,64,9,0.961377382,0.959113359,161704,153262,323408,msdoor
10,64,0,0.865419626,0.864334583,161462,153172,322924,msdoor
10,64,1,0.769039154,0.768037081,161462,153172,322924,msdoor
10,64,2,0.961803913,0.960028648,161462,153172,322924,msdoor
10,64,3,1.056020260,0.963546515,161462,153172,322924,msdoor
10,64,4,1.058619261,1.056033850,161462,153172,322924,msdoor
10,64,5,0.961835384,0.960029125,161462,153172,322924,msdoor
10,64,6,0.966249943,0.964033127,161462,153172,322924,msdoor
10,64,7,0.957824469,0.956043959,161462,153172,322924,msdoor
10,64,8,0.967303991,0.964032412,161462,153172,322924,msdoor
10,64,9,0.866122484,0.863252401,161462,153172,322924,msdoor
52,64,0,0.995992661,0.815079927,159447,151265,318894,msdoor
52,64,1,0.884033203,0.880149841,159447,151265,318894,msdoor
52,64,2,1.063995600,1.055106640,159447,151265,318894,msdoor
52,64,3,1.079960346,1.070100546,159447,151265,318894,msdoor
52,64,4,1.055993080,1.054043770,159447,151265,318894,msdoor
52,64,5,0.858422995,0.855132341,159447,151265,318894,msdoor
52,64,6,0.870607138,0.867148638,159447,151265,318894,msdoor
52,64,7,0.877023935,0.873147011,159447,151265,318894,msdoor
52,64,8,0.881996393,0.872102976,159447,151265,318894,msdoor
52,64,9,0.777000189,0.774189472,159447,151265,318894,msdoor
45,64,0,0.536992073,0.528065920,160761,152642,321522,msdoor
45,64,1,0.528994083,0.519066811,160761,152642,321522,msdoor
45,64,2,0.264992476,0.263198853,160761,152642,321522,msdoor
45,64,3,0.265993118,0.264199018,160761,152642,321522,msdoor
45,64,4,0.264995813,0.263203382,160761,152642,321522,msdoor
45,64,5,0.268992662,0.266202688,160761,152642,321522,msdoor
45,64,6,0.278808832,0.274203777,160761,152642,321522,msdoor
45,64,7,0.265994549,0.264196157,160761,152642,321522,msdoor
45,64,8,0.264992952,0.263189554,160761,152642,321522,msdoor
45,64,9,0.266333103,0.265740633,160761,152642,321522,msdoor
8,64,0,0.961138964,0.960065365,159751,151367,319502,msdoor
8,64,1,0.960964203,0.960044146,159751,151367,319502,msdoor
8,64,2,1.060929537,1.060039282,159751,151367,319502,msdoor
8,64,3,1.055008650,1.054054737,159751,151367,319502,msdoor
8,64,4,1.059278965,1.058327675,159751,151367,319502,msdoor
8,64,5,1.054671288,1.052048445,159751,151367,319502,msdoor
8,64,6,1.058667421,1.056046486,159751,151367,319502,msdoor
8,64,7,1.060898066,1.060046196,159751,151367,319502,msdoor
8,64,8,1.056919098,1.056056738,159751,151367,319502,msdoor
8,64,9,0.958648443,0.955177784,159751,151367,319502,msdoor
50,64,0,1.049996853,0.875080109,161100,152838,322200,msdoor
50,64,1,1.042988777,0.874096632,161100,152838,322200,msdoor
50,64,2,1.053716421,1.044086695,161100,152838,322200,msdoor
50,64,3,1.221997023,1.048156261,161100,152838,322200,msdoor
50,64,4,0.882987499,0.878182888,161100,152838,322200,msdoor
50,64,5,0.890995026,0.885131121,161100,152838,322200,msdoor
50,64,6,0.979992628,0.971099138,161100,152838,322200,msdoor
50,64,7,0.882993221,0.880917788,161100,152838,322200,msdoor
50,64,8,0.881993532,0.878105164,161100,152838,322200,msdoor
50,64,9,0.891186714,0.890189171,161100,152838,322200,msdoor
47,64,0,0.265990257,0.264203548,162891,154647,325782,msdoor
47,64,1,0.265999079,0.264190197,162891,154647,325782,msdoor
47,64,2,0.530976534,0.527028322,162891,154647,325782,msdoor
47,64,3,0.538977385,0.530028582,162891,154647,325782,msdoor
47,64,4,0.546992302,0.538045168,162891,154647,325782,msdoor
47,64,5,0.538991690,0.530013800,162891,154647,325782,msdoor
47,64,6,0.531993866,0.527016401,162891,154647,325782,msdoor
47,64,7,0.535991192,0.528020382,162891,154647,325782,msdoor
47,64,8,0.790994406,0.527024508,162891,154647,325782,msdoor
47,64,9,0.324004650,0.322866917,162891,154647,325782,msdoor
3,64,0,0.961023092,0.960062981,163071,154651,326142,msdoor
3,64,1,0.959998608,0.864082813,163071,154651,326142,msdoor
3,64,2,1.064972639,1.064049482,163071,154651,326142,msdoor
3,64,3,1.055023909,1.054071188,163071,154651,326142,msdoor
3,64,4,1.057037115,1.056066513,163071,154651,326142,msdoor
3,64,5,1.056972742,1.056059122,163071,154651,326142,msdoor
3,64,6,1.056961060,1.056051493,163071,154651,326142,msdoor
3,64,7,1.056932688,1.056040049,163071,154651,326142,msdoor
3,64,8,1.056969643,1.056060791,163071,154651,326142,msdoor
3,64,9,0.960007906,0.959077597,163071,154651,326142,msdoor
55,64,0,0.967992783,0.792084455,162214,153924,324428,msdoor
55,64,1,0.717916012,0.712095737,162214,153924,324428,msdoor
55,64,2,0.897938967,0.895053625,162214,153924,324428,msdoor
55,64,3,1.234999180,1.057045221,162214,153924,324428,msdoor
55,64,4,0.890989304,0.889041901,162214,153924,324428,msdoor
55,64,5,0.705998898,0.700066805,162214,153924,324428,msdoor
55,64,6,0.792995930,0.790143251,162214,153924,324428,msdoor
55,64,7,0.722993612,0.719131708,162214,153924,324428,msdoor
55,64,8,0.711567163,0.707143545,162214,153924,324428,msdoor
55,64,9,0.700162411,0.697158098,162214,153924,324428,msdoor
9,64,0,1.055986404,0.960049152,161097,152699,322194,msdoor
9,64,1,0.960914850,0.960033178,161097,152699,322194,msdoor
9,64,2,1.065577745,1.064047337,161097,152699,322194,msdoor
9,64,3,1.055553913,1.054041862,161097,152699,322194,msdoor
9,64,4,1.059430838,1.056047440,161097,152699,322194,msdoor
9,64,5,1.056041479,0.963571548,161097,152699,322194,msdoor
9,64,6,0.962527037,0.961544275,161097,152699,322194,msdoor
9,64,7,0.960956573,0.960052967,161097,152699,322194,msdoor
9,64,8,1.057498217,1.056045771,161097,152699,322194,msdoor
9,64,9,0.961913824,0.959044218,161097,152699,322194,msdoor
34,64,0,0.532990694,0.528179169,162160,154115,324320,msdoor
34,64,1,0.530996799,0.528140783,162160,154115,324320,msdoor
34,64,2,0.792169333,0.791028976,162160,154115,324320,msdoor
34,64,3,0.814996719,0.813033342,162160,154115,324320,msdoor
34,64,4,0.797904491,0.791027784,162160,154115,324320,msdoor
34,64,5,0.534006119,0.530139208,162160,154115,324320,msdoor
34,64,6,0.530991554,0.527150154,162160,154115,324320,msdoor
34,64,7,0.531153679,0.530135155,162160,154115,324320,msdoor
34,64,8,0.531044960,0.527182579,162160,154115,324320,msdoor
34,64,9,0.534284830,0.532601833,162160,154115,324320,msdoor
5,64,0,0.962419510,0.960062504,160501,152102,321002,msdoor
5,64,1,0.959994793,0.864043951,160501,152102,321002,msdoor
5,64,2,1.052967310,1.052031755,160501,152102,321002,msdoor
5,64,3,1.058942318,1.058024883,160501,152102,321002,msdoor
5,64,4,1.060958862,1.060034990,160501,152102,321002,msdoor
5,64,5,0.957200766,0.956059456,160501,152102,321002,msdoor
5,64,6,0.961376190,0.960077763,160501,152102,321002,msdoor
5,64,7,0.962827444,0.960075378,160501,152102,321002,msdoor
5,64,8,1.056926727,1.056030512,160501,152102,321002,msdoor
5,64,9,0.939908266,0.939058304,160501,152102,321002,msdoor
60,64,0,1.068993330,0.888116598,160274,152054,320548,msdoor
60,64,1,1.147996664,0.979052067,160274,152054,320548,msdoor
60,64,2,1.333992958,1.154082298,160274,152054,320548,msdoor
60,64,3,1.279993534,1.048093319,160274,152054,320548,msdoor
60,64,4,1.079997540,0.900067091,160274,152054,320548,msdoor
60,64,5,1.066993713,0.883124828,160274,152054,320548,msdoor
60,64,6,0.848439693,0.847949505,160274,152054,320548,msdoor
60,64,7,1.223992109,1.048041582,160274,152054,320548,msdoor
60,64,8,0.688995600,0.685123920,160274,152054,320548,msdoor
60,64,9,0.699992657,0.697506189,160274,152054,320548,msdoor
32,64,0,0.800990105,0.792040110,160245,152163,320490,msdoor
32,64,1,0.789996147,0.780034781,160245,152163,320490,msdoor
32,64,2,0.793994188,0.791123867,160245,152163,320490,msdoor
32,64,3,0.786996603,0.780115128,160245,152163,320490,msdoor
32,64,4,0.795995474,0.791130781,160245,152163,320490,msdoor
32,64,5,0.802953959,0.793997765,160245,152163,320490,msdoor
32,64,6,0.795992136,0.791030169,160245,152163,320490,msdoor
32,64,7,0.797037363,0.794137478,160245,152163,320490,msdoor
32,64,8,0.794037342,0.791144848,160245,152163,320490,msdoor
32,64,9,0.799288511,0.798059464,160245,152163,320490,msdoor
1,64,0,1.057136297,1.056080103,161210,152826,322420,msdoor
1,64,1,1.055997849,0.960083008,161210,152826,322420,msdoor
1,64,2,1.052981377,1.052071333,161210,152826,322420,msdoor
1,64,3,1.058998823,1.058079481,161210,152826,322420,msdoor
1,64,4,1.056956053,1.056080103,161210,152826,322420,msdoor
1,64,5,1.056927443,1.056030989,161210,152826,322420,msdoor
1,64,6,1.056928635,1.056028843,161210,152826,322420,msdoor
1,64,7,1.056936026,1.056040764,161210,152826,322420,msdoor
1,64,8,1.056964636,1.056051493,161210,152826,322420,msdoor
1,64,9,0.963929892,0.963042498,161210,152826,322420,msdoor
57,64,0,1.050973415,0.875071049,160966,152677,321932,msdoor
57,64,1,1.064995050,0.896085501,160966,152677,321932,msdoor
57,64,2,0.880986452,0.879131556,160966,152677,321932,msdoor
57,64,3,0.980993271,0.971079350,160966,152677,321932,msdoor
57,64,4,0.880990982,0.878128052,160966,152677,321932,msdoor
57,64,5,0.890994787,0.885106087,160966,152677,321932,msdoor
57,64,6,0.880991936,0.872101784,160966,152677,321932,msdoor
57,64,7,0.887996435,0.884093046,160966,152677,321932,msdoor
57,64,8,0.892992496,0.883050680,160966,152677,321932,msdoor
57,64,9,0.699991703,0.697246552,160966,152677,321932,msdoor
30,64,0,0.536989689,0.528084517,161554,153492,323108,msdoor
30,64,1,0.528991222,0.519029140,161554,153492,323108,msdoor
30,64,2,0.527933836,0.527465343,161554,153492,323108,msdoor
30,64,3,0.528944492,0.528458834,161554,153492,323108,msdoor
30,64,4,0.527959824,0.527473688,161554,153492,323108,msdoor
30,64,5,0.534990549,0.530068636,161554,153492,323108,msdoor
30,64,6,0.530992746,0.527090073,161554,153492,323108,msdoor
30,64,7,0.532998562,0.530113459,161554,153492,323108,msdoor
30,64,8,0.520082712,0.516128778,161554,153492,323108,msdoor
30,64,9,0.535003424,0.533781052,161554,153492,323108,msdoor
53,64,0,0.708988667,0.699143648,160448,152171,320896,msdoor
53,64,1,0.809994459,0.808144808,160448,152171,320896,msdoor
53,64,2,0.808190107,0.807140350,160448,152171,320896,msdoor
53,64,3,1.057984352,1.048071623,160448,152171,320896,msdoor
53,64,4,0.893988132,0.889078140,160448,152171,320896,msdoor
53,64,5,0.873991966,0.690164804,160448,152171,320896,msdoor
53,64,6,0.880996943,0.872106552,160448,152171,320896,msdoor
53,64,7,0.953996658,0.950067759,160448,152171,320896,msdoor
53,64,8,0.787992477,0.778071880,160448,152171,320896,msdoor
53,64,9,0.809996367,0.807176828,160448,152171,320896,msdoor
42,64,0,0.532992601,0.528189421,162509,154318,325018,msdoor
42,64,1,0.532371998,0.528164387,162509,154318,325018,msdoor
42,64,2,0.792340517,0.791035175,162509,154318,325018,msdoor
42,64,3,0.793595791,0.791022778,162509,154318,325018,msdoor
42,64,4,0.796994686,0.791024923,162509,154318,325018,msdoor
42,64,5,0.533994675,0.530158043,162509,154318,325018,msdoor
42,64,6,0.530994415,0.527152061,162509,154318,325018,msdoor
42,64,7,0.532995939,0.530159235,162509,154318,325018,msdoor
42,64,8,0.541993141,0.538156986,162509,154318,325018,msdoor
42,64,9,0.538908482,0.534723043,162509,154318,325018,msdoor
51,64,0,0.885993242,0.804111004,162411,154068,324822,msdoor
51,64,1,0.990960121,0.822050333,162411,154068,324822,msdoor
51,64,2,1.124998331,1.055040359,162411,154068,324822,msdoor
51,64,3,1.334002018,1.156050444,162411,154068,324822,msdoor
51,64,4,0.891100883,0.889064550,162411,154068,324822,msdoor
51,64,5,0.879999161,0.874094725,162411,154068,324822,msdoor
51,64,6,0.880987406,0.872120857,162411,154068,324822,msdoor
51,64,7,0.887995958,0.884125710,162411,154068,324822,msdoor
51,64,8,0.783000469,0.779123068,162411,154068,324822,msdoor
51,64,9,0.875997543,0.873342514,162411,154068,324822,msdoor
29,64,0,0.536992788,0.528026581,161274,153199,322548,msdoor
29,64,1,0.531996727,0.528051853,161274,153199,322548,msdoor
29,64,2,0.527939796,0.527451515,161274,153199,322548,msdoor
29,64,3,0.529099464,0.528610229,161274,153199,322548,msdoor
29,64,4,0.527934551,0.527456522,161274,153199,322548,msdoor
29,64,5,0.533992767,0.530106783,161274,153199,322548,msdoor
29,64,6,0.532923937,0.527079344,161274,153199,322548,msdoor
29,64,7,0.535048008,0.530093908,161274,153199,322548,msdoor
29,64,8,0.530993462,0.527115822,161274,153199,322548,msdoor
29,64,9,0.537992001,0.534423590,161274,153199,322548,msdoor
59,64,0,0.626461029,0.625916958,163491,155133,326982,msdoor
59,64,1,0.527511835,0.527012825,163491,155133,326982,msdoor
59,64,2,1.057993650,1.055080891,163491,155133,326982,msdoor
59,64,3,1.090993643,1.081112623,163491,155133,326982,msdoor
59,64,4,0.707051277,0.702112675,163491,155133,326982,msdoor
59,64,5,0.711484194,0.710953951,163491,155133,326982,msdoor
59,64,6,0.889190912,0.888043880,163491,155133,326982,msdoor
59,64,7,1.041995287,0.866046906,163491,155133,326982,msdoor
59,64,8,0.710991859,0.707115412,163491,155133,326982,msdoor
59,64,9,0.721993923,0.719118595,163491,155133,326982,msdoor
0,64,0,1.058775902,1.055813789,159890,151608,319780,msdoor
0,64,1,1.130987167,1.035047770,159890,151608,319780,msdoor
0,64,2,1.153006315,1.152019978,159890,151608,319780,msdoor
0,64,3,1.150990009,1.150046110,159890,151608,319780,msdoor
0,64,4,1.152941227,1.152044773,159890,151608,319780,msdoor
0,64,5,1.056965113,1.056072950,159890,151608,319780,msdoor
0,64,6,1.056963921,1.056079626,159890,151608,319780,msdoor
0,64,7,1.056936026,1.056068182,159890,151608,319780,msdoor
0,64,8,1.152944565,1.152019262,159890,151608,319780,msdoor
0,64,9,1.055943012,1.055032730,159890,151608,319780,msdoor
44,64,0,0.537166357,0.528135538,159868,151687,319736,msdoor
44,64,1,0.619996548,0.528072119,159868,151687,319736,msdoor
44,64,2,0.529989719,0.527125835,159868,151687,319736,msdoor
44,64,3,0.782987833,0.519145489,159868,151687,319736,msdoor
44,64,4,0.532095909,0.527167082,159868,151687,319736,msdoor
44,64,5,0.538973093,0.530042410,159868,151687,319736,msdoor
44,64,6,0.531994820,0.527068853,159868,151687,319736,msdoor
44,64,7,0.534990072,0.530064106,159868,151687,319736,msdoor
44,64,8,0.530994892,0.527126789,159868,151687,319736,msdoor
44,64,9,0.537994623,0.534145594,159868,151687,319736,msdoor
62,64,0,0.881988287,0.875047922,161078,152706,322156,msdoor
62,64,1,0.888990879,0.885090351,161078,152706,322156,msdoor
62,64,2,1.041996002,1.033073187,161078,152706,322156,msdoor
62,64,3,0.908995152,0.899085999,161078,152706,322156,msdoor
62,64,4,0.617454767,0.616974115,161078,152706,322156,msdoor
62,64,5,0.896997213,0.894087553,161078,152706,322156,msdoor
62,64,6,0.719993114,0.718139648,161078,152706,322156,msdoor
62,64,7,0.881529331,0.881018400,161078,152706,322156,msdoor
62,64,8,0.699993372,0.696073532,161078,152706,322156,msdoor
62,64,9,0.711987495,0.709175110,161078,152706,322156,msdoor
33,64,0,0.536988497,0.528112173,161388,153336,322776,msdoor
33,64,1,0.782996893,0.519071817,161388,153336,322776,msdoor
33,64,2,0.792873859,0.791014910,161388,153336,322776,msdoor
33,64,3,0.801072121,0.794007063,161388,153336,322776,msdoor
33,64,4,0.795752525,0.791017532,161388,153336,322776,msdoor
33,64,5,0.535904646,0.530103922,161388,153336,322776,msdoor
33,64,6,0.531987429,0.527036190,161388,153336,322776,msdoor
33,64,7,0.798996210,0.794096947,161388,153336,322776,msdoor
33,64,8,0.794996023,0.791087151,161388,153336,322776,msdoor
33,64,9,0.801993847,0.798095226,161388,153336,322776,msdoor
56,64,0,1.068999529,0.888130903,159974,151726,319948,msdoor
56,64,1,0.883989096,0.880130053,159974,151726,319948,msdoor
56,64,2,1.079995394,1.077122211,159974,151726,319948,msdoor
56,64,3,1.405998707,1.227056980,159974,151726,319948,msdoor
56,64,4,1.066996813,1.062078953,159974,151726,319948,msdoor
56,64,5,1.039995193,1.034042120,159974,151726,319948,msdoor
56,64,6,1.045996189,1.037056684,159974,151726,319948,msdoor
56,64,7,1.136001348,1.066066504,159974,151726,319948,msdoor
56,64,8,0.881991625,0.872066498,159974,151726,319948,msdoor
56,64,9,0.886994123,0.884438753,159974,151726,319948,msdoor
26,64,0,0.800956249,0.791979551,162802,154734,325604,msdoor
26,64,1,0.789992809,0.780017376,162802,154734,325604,msdoor
26,64,2,0.792192936,0.791157246,162802,154734,325604,msdoor
26,64,3,0.790195704,0.789176464,162802,154734,325604,msdoor
26,64,4,0.792193651,0.791158199,162802,154734,325604,msdoor
26,64,5,0.798986912,0.794061661,162802,154734,325604,msdoor
26,64,6,0.795990705,0.791014194,162802,154734,325604,msdoor
26,64,7,0.798990011,0.794066429,162802,154734,325604,msdoor
26,64,8,0.794994116,0.791025162,162802,154734,325604,msdoor
26,64,9,0.801995516,0.798050404,162802,154734,325604,msdoor
61,64,0,1.057998419,0.877092361,161157,152893,322314,msdoor
61,64,1,0.888991117,0.885098219,161157,152893,322314,msdoor
61,64,2,0.969995499,0.967120171,161157,152893,322314,msdoor
61,64,3,0.908997297,0.899110079,161157,152893,322314,msdoor
61,64,4,0.706996202,0.702103138,161157,152893,322314,msdoor
61,64,5,0.890998125,0.885076761,161157,152893,322314,msdoor
61,64,6,0.891996384,0.883064270,161157,152893,322314,msdoor
61,64,7,0.876991749,0.873068810,161157,152893,322314,msdoor
61,64,8,0.533987999,0.532122612,161157,152893,322314,msdoor
61,64,9,0.623999357,0.621126175,161157,152893,322314,msdoor
38,64,0,0.536991358,0.528038263,161257,153103,322514,msdoor
38,64,1,0.528991222,0.519041777,161257,153103,322514,msdoor
38,64,2,0.529991865,0.527153254,161257,153103,322514,msdoor
38,64,3,0.782993317,0.519158363,161257,153103,322514,msdoor
38,64,4,0.530038118,0.527162552,161257,153103,322514,msdoor
38,64,5,0.539320946,0.530052662,161257,153103,322514,msdoor
38,64,6,0.531988859,0.527059078,161257,153103,322514,msdoor
38,64,7,0.534993649,0.530053139,161257,153103,322514,msdoor
38,64,8,0.530988693,0.527055979,161257,153103,322514,msdoor
38,64,9,0.540325403,0.534125328,161257,153103,322514,msdoor
49,64,0,0.794088125,0.792907953,160581,152427,321162,msdoor
49,64,1,1.235994816,1.056051254,160581,152427,321162,msdoor
49,64,2,1.025593758,1.022140741,160581,152427,321162,msdoor
49,64,3,1.405996561,1.227078676,160581,152427,321162,msdoor
49,64,4,1.033992529,1.029105663,160581,152427,321162,msdoor
49,64,5,0.809986830,0.800170898,160581,152427,321162,msdoor
49,64,6,0.879170656,0.878187656,160581,152427,321162,msdoor
49,64,7,0.981998444,0.978083611,160581,152427,321162,msdoor
49,64,8,1.068997383,1.059040785,160581,152427,321162,msdoor
49,64,9,0.887001276,0.884473324,160581,152427,321162,msdoor
31,64,0,0.269114733,0.264256239,162864,154780,325728,msdoor
31,64,1,0.539971590,0.529991388,162864,154780,325728,msdoor
31,64,2,0.496988297,0.494032383,162864,154780,325728,msdoor
31,64,3,0.536994696,0.530042887,162864,154780,325728,msdoor
31,64,4,0.533970118,0.527034521,162864,154780,325728,msdoor
31,64,5,0.527988672,0.519006491,162864,154780,325728,msdoor
31,64,6,0.531994343,0.527015209,162864,154780,325728,msdoor
31,64,7,0.534991503,0.530015469,162864,154780,325728,msdoor
31,64,8,0.530996323,0.527020216,162864,154780,325728,msdoor
31,64,9,0.540177584,0.535665274,162864,154780,325728,msdoor
48,64,0,1.053947210,1.047001839,159890,151776,319780,msdoor
48,64,1,0.960964203,0.957047462,159890,151776,319780,msdoor
48,64,2,1.204972744,1.196056843,159890,151776,319780,msdoor
48,64,3,1.372977972,1.229059935,159890,151776,319780,msdoor
48,64,4,1.066940069,1.062056780,159890,151776,319780,msdoor
48,64,5,1.050943375,1.045003414,159890,151776,319780,msdoor
48,64,6,1.071511269,1.070023537,159890,151776,319780,msdoor
48,64,7,1.058962822,1.055119276,159890,151776,319780,msdoor
48,64,8,1.068946600,1.059026480,159890,151776,319780,msdoor
48,64,9,1.046959877,1.044548512,159890,151776,319780,msdoor
39,64,0,0.536980629,0.528019190,162374,154189,324748,msdoor
39,64,1,0.528990269,0.519035816,162374,154189,324748,msdoor
39,64,2,0.529996157,0.527135372,162374,154189,324748,msdoor
39,64,3,0.525996685,0.519117832,162374,154189,324748,msdoor
39,64,4,0.531994343,0.527124882,162374,154189,324748,msdoor
39,64,5,0.538995028,0.530042648,162374,154189,324748,msdoor
39,64,6,0.531991243,0.527045488,162374,154189,324748,msdoor
39,64,7,0.534990072,0.530044794,162374,154189,324748,msdoor
39,64,8,0.530992270,0.527044058,162374,154189,324748,msdoor
39,64,9,0.539994955,0.535835505,162374,154189,324748,msdoor
63,64,0,0.881985903,0.875050783,162531,154118,325062,msdoor
63,64,1,0.845993519,0.841081858,162531,154118,325062,msdoor
63,64,2,0.879580498,0.879098177,162531,154118,325062,msdoor
63,64,3,0.889986277,0.880056620,162531,154118,325062,msdoor
63,64,4,0.612994909,0.608073473,162531,154118,325062,msdoor
63,64,5,0.791995287,0.786056995,162531,154118,325062,msdoor
63,64,6,0.698993206,0.696094036,162531,154118,325062,msdoor
63,64,7,0.799993277,0.796090126,162531,154118,325062,msdoor
63,64,8,0.710995674,0.701039791,162531,154118,325062,msdoor
63,64,9,0.701004267,0.698089600,162531,154118,325062,msdoor
27,64,0,0.800991297,0.792012930,163950,155886,327900,msdoor
27,64,1,0.789997339,0.780020475,163950,155886,327900,msdoor
27,64,2,0.794037819,0.791146994,163950,155886,327900,msdoor
27,64,3,0.845997095,0.789186001,163950,155886,327900,msdoor
27,64,4,0.795994997,0.791033268,163950,155886,327900,msdoor
27,64,5,0.791995764,0.783015966,163950,155886,327900,msdoor
27,64,6,0.795958281,0.790976763,163950,155886,327900,msdoor
27,64,7,0.798995733,0.794030905,163950,155886,327900,msdoor
27,64,8,0.794993162,0.791029215,163950,155886,327900,msdoor
27,64,9,0.803995371,0.799545050,163950,155886,327900,msdoor
58,64,0,0.723976612,0.720121384,162160,153905,324320,msdoor
58,64,1,0.693997383,0.690140486,162160,153905,324320,msdoor
58,64,2,1.057997942,1.055084705,162160,153905,324320,msdoor
58,64,3,1.069510698,1.068999529,162160,153905,324320,msdoor
58,64,4,0.882993460,0.878093958,162160,153905,324320,msdoor
58,64,5,0.868992329,0.863072872,162160,153905,324320,msdoor
58,64,6,0.880953550,0.872057199,162160,153905,324320,msdoor
58,64,7,0.808985949,0.807114124,162160,153905,324320,msdoor
58,64,8,0.721988916,0.718117952,162160,153905,324320,msdoor
58,64,9,0.875997066,0.873556852,162160,153905,324320,msdoor
28,64,0,1.047994614,0.784008265,160029,151929,320058,msdoor
28,64,1,0.798992872,0.791008711,160029,151929,320058,msdoor
28,64,2,0.804992914,0.802015066,160029,151929,320058,msdoor
28,64,3,0.799994946,0.791018963,160029,151929,320058,msdoor
28,64,4,0.797989607,0.791008711,160029,151929,320058,msdoor
28,64,5,0.791993856,0.783012629,160029,151929,320058,msdoor
28,64,6,0.795995712,0.791010857,160029,151929,320058,msdoor
28,64,7,0.798961878,0.793985367,160029,151929,320058,msdoor
28,64,8,0.794992924,0.791015625,160029,151929,320058,msdoor
28,64,9,0.804000139,0.799761057,160029,151929,320058,msdoor
46,64,0,0.783988237,0.520008087,161654,153506,323308,msdoor
46,64,1,0.539994717,0.530039787,161654,153506,323308,msdoor
46,64,2,0.531781435,0.527043819,161654,153506,323308,msdoor
46,64,3,0.538992882,0.530044079,161654,153506,323308,msdoor
46,64,4,0.535993576,0.527068377,161654,153506,323308,msdoor
46,64,5,0.538993597,0.530031204,161654,153506,323308,msdoor
46,64,6,0.531991482,0.527027845,161654,153506,323308,msdoor
46,64,7,0.535990953,0.528027534,161654,153506,323308,msdoor
46,64,8,0.535989761,0.527027369,161654,153506,323308,msdoor
46,64,9,0.538968801,0.535013199,161654,153506,323308,msdoor
35,64,0,0.783988237,0.520003080,162906,154826,325812,msdoor
35,64,1,0.539990902,0.530022383,162906,154826,325812,msdoor
35,64,2,0.530994654,0.527038574,162906,154826,325812,msdoor
35,64,3,0.538995028,0.530047417,162906,154826,325812,msdoor
35,64,4,0.546968699,0.538014889,162906,154826,325812,msdoor
35,64,5,0.538988590,0.530002832,162906,154826,325812,msdoor
35,64,6,0.531992197,0.527004242,162906,154826,325812,msdoor
35,64,7,0.535989761,0.528005123,162906,154826,325812,msdoor
35,64,8,0.535991669,0.527007341,162906,154826,325812,msdoor
35,64,9,0.538996696,0.535024405,162906,154826,325812,msdoor
41,64,0,0.585994005,0.528029442,161684,153492,323368,msdoor
41,64,1,0.811995506,0.802009344,161684,153492,323368,msdoor
41,64,2,0.794998884,0.791035652,161684,153492,323368,msdoor
41,64,3,0.799999475,0.791037560,161684,153492,323368,msdoor
41,64,4,0.777994156,0.769034147,161684,153492,323368,msdoor
41,64,5,0.802995682,0.794025183,161684,153492,323368,msdoor
41,64,6,0.795996666,0.791018724,161684,153492,323368,msdoor
41,64,7,0.790994167,0.783024788,161684,153492,323368,msdoor
41,64,8,0.535993099,0.527022123,161684,153492,323368,msdoor
41,64,9,0.538975716,0.535035610,161684,153492,323368,msdoor
40,64,0,1.047990084,0.784030199,160297,152095,320594,msdoor
40,64,1,0.798994780,0.791033745,160297,152095,320594,msdoor
40,64,2,0.804996014,0.802060127,160297,152095,320594,msdoor
40,64,3,0.799972534,0.791060209,160297,152095,320594,msdoor
40,64,4,0.797992706,0.791056633,160297,152095,320594,msdoor
40,64,5,0.802993774,0.794034004,160297,152095,320594,msdoor
40,64,6,0.796043634,0.791033983,160297,152095,320594,msdoor
40,64,7,0.856955290,0.848981857,160297,152095,320594,msdoor
40,64,8,1.054995537,0.791024446,160297,152095,320594,msdoor
40,64,9,0.791997433,0.788049698,160297,152095,320594,msdoor
25,64,0,0.798995256,0.792235136,162395,154287,324790,msdoor
25,64,1,0.790192127,0.789172888,162395,154287,324790,msdoor
25,64,2,0.792997360,0.791467905,162395,154287,324790,msdoor
25,64,3,0.800935984,0.800455809,162395,154287,324790,msdoor
25,64,4,0.791949511,0.791451931,162395,154287,324790,msdoor
25,64,5,0.803251505,0.802167416,162395,154287,324790,msdoor
25,64,6,0.782995701,0.780152082,162395,154287,324790,msdoor
25,64,7,0.794951916,0.794469595,162395,154287,324790,msdoor
25,64,8,0.791961908,0.791468143,162395,154287,324790,msdoor
25,64,9,0.791997433,0.788075924,162395,154287,324790,msdoor
43,64,0,0.794993639,0.528037548,163647,155411,327294,msdoor
43,64,1,0.793994904,0.530040264,163647,155411,327294,msdoor
43,64,2,0.529995441,0.527116299,163647,155411,327294,msdoor
43,64,3,0.782994986,0.519075632,163647,155411,327294,msdoor
43,64,4,0.531968832,0.527099371,163647,155411,327294,msdoor
43,64,5,0.826976776,0.563023806,163647,155411,327294,msdoor
43,64,6,0.790995836,0.527038574,163647,155411,327294,msdoor
43,64,7,0.538218975,0.530041695,163647,155411,327294,msdoor
43,64,8,0.790995359,0.527042389,163647,155411,327294,msdoor
43,64,9,0.798995733,0.535429001,163647,155411,327294,msdoor
37,64,0,0.783989668,0.520010710,160569,152420,321138,msdoor
37,64,1,0.540038347,0.530025005,160569,152420,321138,msdoor
37,64,2,0.540995359,0.538066387,160569,152420,321138,msdoor
37,64,3,0.538988590,0.530047178,160569,152420,321138,msdoor
37,64,4,0.533995390,0.527066946,160569,152420,321138,msdoor
37,64,5,0.538973093,0.530007362,160569,152420,321138,msdoor
37,64,6,0.531993866,0.527026653,160569,152420,321138,msdoor
37,64,7,0.535986185,0.528021574,160569,152420,321138,msdoor
37,64,8,0.535990477,0.527027369,160569,152420,321138,msdoor
37,64,9,0.799058199,0.535030603,160569,152420,321138,msdoor
124,128,0,2.106983662,1.755056381,80038,76393,160076,msdoor
124,128,1,1.758707762,1.757064819,80038,76393,160076,msdoor
124,128,2,1.410985947,1.408111811,80038,76393,160076,msdoor
124,128,3,1.408409357,1.408087254,80038,76393,160076,msdoor
124,128,4,1.063834667,1.063528776,80038,76393,160076,msdoor
124,128,5,1.056814194,1.056484699,80038,76393,160076,msdoor
124,128,6,1.059501410,1.059177876,80038,76393,160076,msdoor
124,128,7,1.058480978,1.058176041,80038,76393,160076,msdoor
124,128,8,1.063832283,1.063498974,80038,76393,160076,msdoor
124,128,9,1.058463573,1.058157444,80038,76393,160076,msdoor
87,128,0,1.481988192,1.480051041,81541,77910,163082,msdoor
87,128,1,1.580997229,1.579016685,81541,77910,163082,msdoor
87,128,2,1.586994171,1.586056471,81541,77910,163082,msdoor
87,128,3,1.323402166,1.323092699,81541,77910,163082,msdoor
87,128,4,1.333990097,1.326089144,81541,77910,163082,msdoor
87,128,5,1.334995747,1.326062918,81541,77910,163082,msdoor
87,128,6,1.049795866,1.048066378,81541,77910,163082,msdoor
87,128,7,1.058445692,1.058116198,81541,77910,163082,msdoor
87,128,8,1.044991016,1.044065714,81541,77910,163082,msdoor
87,128,9,1.059638023,1.059338331,81541,77910,163082,msdoor
107,128,0,1.347740412,1.347082138,81908,78217,163816,msdoor
107,128,1,1.343209505,1.342035055,81908,78217,163816,msdoor
107,128,2,1.536994457,1.340040445,81908,78217,163816,msdoor
107,128,3,1.538005352,1.343095779,81908,78217,163816,msdoor
107,128,4,1.153002024,1.152113676,81908,78217,163816,msdoor
107,128,5,1.536003828,1.344065189,81908,78217,163816,msdoor
107,128,6,1.727988005,1.537048340,81908,78217,163816,msdoor
107,128,7,1.535988331,1.344097137,81908,78217,163816,msdoor
107,128,8,1.343999863,1.342045546,81908,78217,163816,msdoor
107,128,9,1.351667166,1.351150751,81908,78217,163816,msdoor
116,128,0,1.536272049,1.535050631,79510,75856,159020,msdoor
116,128,1,1.348016024,1.346095562,79510,75856,159020,msdoor
116,128,2,1.736002445,1.536047697,79510,75856,159020,msdoor
116,128,3,1.725997686,1.534082174,79510,75856,159020,msdoor
116,128,4,1.346761703,1.344069719,79510,75856,159020,msdoor
116,128,5,1.728002071,1.536049843,79510,75856,159020,msdoor
116,128,6,1.539630890,1.539122343,79510,75856,159020,msdoor
116,128,7,1.535995007,1.344091654,79510,75856,159020,msdoor
116,128,8,1.150608540,1.150130272,79510,75856,159020,msdoor
116,128,9,1.347669601,1.347137928,79510,75856,159020,msdoor
109,128,0,1.539678335,1.539047718,80510,76849,161020,msdoor
109,128,1,1.342626572,1.342100382,80510,76849,161020,msdoor
109,128,2,1.526068211,1.344117403,80510,76849,161020,msdoor
109,128,3,1.535999298,1.534070730,80510,76849,161020,msdoor
109,128,4,1.345279455,1.344079018,80510,76849,161020,msdoor
109,128,5,1.346876144,1.344143867,80510,76849,161020,msdoor
109,128,6,1.723997593,1.532123566,80510,76849,161020,msdoor
109,128,7,1.535993814,1.344102383,80510,76849,161020,msdoor
109,128,8,1.150631189,1.150146008,80510,76849,161020,msdoor
109,128,9,1.347672462,1.347166538,80510,76849,161020,msdoor
126,128,0,1.754994392,1.403127909,80300,76676,160600,msdoor
126,128,1,1.331051588,1.328161716,80300,76676,160600,msdoor
126,128,2,1.412986994,1.408091545,80300,76676,160600,msdoor
126,128,3,1.408994198,1.408116102,80300,76676,160600,msdoor
126,128,4,1.056795120,1.056479216,80300,76676,160600,msdoor
126,128,5,1.056786537,1.056470394,80300,76676,160600,msdoor
126,128,6,1.056755304,1.056456089,80300,76676,160600,msdoor
126,128,7,1.056790113,1.056474924,80300,76676,160600,msdoor
126,128,8,1.063777685,1.063448429,80300,76676,160600,msdoor
126,128,9,1.056767702,1.056448936,80300,76676,160600,msdoor
93,128,0,1.328988552,1.326087475,81009,77357,162018,msdoor
93,128,1,1.325989962,1.323092699,81009,77357,162018,msdoor
93,128,2,1.565989017,1.564095736,81009,77357,162018,msdoor
93,128,3,1.321411371,1.321104050,81009,77357,162018,msdoor
93,128,4,1.316998482,1.315123796,81009,77357,162018,msdoor
93,128,5,1.831999540,1.568027020,81009,77357,162018,msdoor
93,128,6,1.842995644,1.579093695,81009,77357,162018,msdoor
93,128,7,1.577993155,1.568073750,81009,77357,162018,msdoor
93,128,8,1.334995985,1.334107399,81009,77357,162018,msdoor
93,128,9,1.590450048,1.590133429,81009,77357,162018,msdoor
108,128,0,1.535633087,1.535063982,80240,76557,160480,msdoor
108,128,1,1.349686623,1.346143723,80240,76557,160480,msdoor
108,128,2,1.736001015,1.536044121,80240,76557,160480,msdoor
108,128,3,1.725994825,1.534071684,80240,76557,160480,msdoor
108,128,4,1.345998526,1.344081879,80240,76557,160480,msdoor
108,128,5,1.728002310,1.536045074,80240,76557,160480,msdoor
108,128,6,1.537653446,1.535158873,80240,76557,160480,msdoor
108,128,7,1.727997303,1.536091089,80240,76557,160480,msdoor
108,128,8,1.339569092,1.338147163,80240,76557,160480,msdoor
108,128,9,1.540591955,1.539149761,80240,76557,160480,msdoor
97,128,0,1.484252691,1.483113527,81203,77603,162406,msdoor
97,128,1,1.537999153,1.346193790,81203,77603,162406,msdoor
97,128,2,1.735998392,1.536052227,81203,77603,162406,msdoor
97,128,3,1.725999832,1.534113646,81203,77603,162406,msdoor
97,128,4,1.346002340,1.344144583,81203,77603,162406,msdoor
97,128,5,1.727999687,1.536050081,81203,77603,162406,msdoor
97,128,6,1.727011681,1.538502932,81203,77603,162406,msdoor
97,128,7,1.727998257,1.536119461,81203,77603,162406,msdoor
97,128,8,1.342707396,1.342195034,81203,77603,162406,msdoor
97,128,9,1.537595987,1.535188437,81203,77603,162406,msdoor
26,128,0,2.106991768,1.755120754,81632,77999,163264,msdoor
26,128,1,1.759983778,1.757118464,81632,77999,163264,msdoor
26,128,2,1.764993191,1.760014534,81632,77999,163264,msdoor
26,128,3,1.763182402,1.760347366,81632,77999,163264,msdoor
26,128,4,1.405989647,1.404330730,81632,77999,163264,msdoor
26,128,5,1.409993410,1.408368111,81632,77999,163264,msdoor
26,128,6,1.409990311,1.408364534,81632,77999,163264,msdoor
26,128,7,1.409987211,1.408350229,81632,77999,163264,msdoor
26,128,8,1.416984320,1.415346622,81632,77999,163264,msdoor
26,128,9,1.410118103,1.409564972,81632,77999,163264,msdoor
111,128,0,1.153251171,1.151109457,81004,77351,162008,msdoor
111,128,1,1.150625467,1.150075197,81004,77351,162008,msdoor
111,128,2,1.333997011,1.152096272,81004,77351,162008,msdoor
111,128,3,1.346560955,1.346056461,81004,77351,162008,msdoor
111,128,4,1.152590990,1.152059317,81004,77351,162008,msdoor
111,128,5,1.154780626,1.152094126,81004,77351,162008,msdoor
111,128,6,1.535999060,1.345093012,81004,77351,162008,msdoor
111,128,7,1.536004305,1.344097853,81004,77351,162008,msdoor
111,128,8,1.151624203,1.150116444,81004,77351,162008,msdoor
111,128,9,1.346510649,1.343172789,81004,77351,162008,msdoor
106,128,0,1.535713196,1.535042286,81427,77759,162854,msdoor
106,128,1,1.342670679,1.342106581,81427,77759,162854,msdoor
106,128,2,1.525999784,1.344132900,81427,77759,162854,msdoor
106,128,3,1.534559250,1.534058332,81427,77759,162854,msdoor
106,128,4,1.340591431,1.340048313,81427,77759,162854,msdoor
106,128,5,1.344680071,1.344129562,81427,77759,162854,msdoor
106,128,6,1.727001905,1.536128521,81427,77759,162854,msdoor
106,128,7,1.727998495,1.536058187,81427,77759,162854,msdoor
106,128,8,1.346654654,1.346140385,81427,77759,162854,msdoor
106,128,9,1.535705328,1.535154581,81427,77759,162854,msdoor
122,128,0,1.754992008,1.403184175,80754,77125,161508,msdoor
122,128,1,1.418997526,1.416222572,80754,77125,161508,msdoor
122,128,2,1.412989378,1.408066511,80754,77125,161508,msdoor
122,128,3,1.408450365,1.408109188,80754,77125,161508,msdoor
122,128,4,1.056538582,1.056214809,80754,77125,161508,msdoor
122,128,5,1.056555510,1.056230307,80754,77125,161508,msdoor
122,128,6,1.056538582,1.056220770,80754,77125,161508,msdoor
122,128,7,1.056567430,1.056234121,80754,77125,161508,msdoor
122,128,8,1.053018808,1.052228689,80754,77125,161508,msdoor
122,128,9,1.059031487,1.058242321,80754,77125,161508,msdoor
82,128,0,1.601985931,1.601123571,81243,77526,162486,msdoor
82,128,1,1.591997385,1.590147972,81243,77526,162486,msdoor
82,128,2,1.575468302,1.575154543,81243,77526,162486,msdoor
82,128,3,1.576650858,1.574097395,81243,77526,162486,msdoor
82,128,4,1.575992346,1.568089247,81243,77526,162486,msdoor
82,128,5,1.332501650,1.332175970,81243,77526,162486,msdoor
82,128,6,1.315487623,1.315163612,81243,77526,162486,msdoor
82,128,7,1.324992657,1.323122740,81243,77526,162486,msdoor
82,128,8,1.320993900,1.319059849,81243,77526,162486,msdoor
82,128,9,1.324494839,1.324177742,81243,77526,162486,msdoor
84,128,0,1.470993519,1.469113350,80086,76364,160172,msdoor
84,128,1,1.568455935,1.568140030,80086,76364,160172,msdoor
84,128,2,1.598990440,1.597140312,80086,76364,160172,msdoor
84,128,3,1.597983599,1.596101284,80086,76364,160172,msdoor
84,128,4,1.597993612,1.590075254,80086,76364,160172,msdoor
84,128,5,1.590000391,1.323134661,80086,76364,160172,msdoor
84,128,6,1.316983223,1.315135479,80086,76364,160172,msdoor
84,128,7,1.324988365,1.323109388,80086,76364,160172,msdoor
84,128,8,1.320990086,1.319066525,80086,76364,160172,msdoor
84,128,9,1.326253891,1.325928211,80086,76364,160172,msdoor
127,128,0,1.406991482,1.055132866,80892,77252,161784,msdoor
127,128,1,1.066995621,1.064173698,80892,77252,161784,msdoor
127,128,2,1.412988424,1.408003092,80892,77252,161784,msdoor
127,128,3,1.408410788,1.408080578,80892,77252,161784,msdoor
127,128,4,1.056481123,1.056177855,80892,77252,161784,msdoor
127,128,5,1.056479931,1.056181431,80892,77252,161784,msdoor
127,128,6,1.056505919,1.056178093,80892,77252,161784,msdoor
127,128,7,1.056513548,1.056193829,80892,77252,161784,msdoor
127,128,8,1.052509785,1.052183628,80892,77252,161784,msdoor
127,128,9,1.059534073,1.059202433,80892,77252,161784,msdoor
80,128,0,1.855990648,1.854008675,80464,76740,160928,msdoor
80,128,1,1.657993317,1.656135559,80464,76740,160928,msdoor
80,128,2,1.851991653,1.850149393,80464,76740,160928,msdoor
80,128,3,1.853994370,1.852075815,80464,76740,160928,msdoor
80,128,4,1.839988947,1.832047224,80464,76740,160928,msdoor
80,128,5,1.595992565,1.587126017,80464,76740,160928,msdoor
80,128,6,1.590997696,1.590167284,80464,76740,160928,msdoor
80,128,7,1.588986158,1.579099417,80464,76740,160928,msdoor
80,128,8,1.596920729,1.594068527,80464,76740,160928,msdoor
80,128,9,1.581485748,1.581155539,80464,76740,160928,msdoor
121,128,0,1.754997492,1.403161049,80299,76655,160598,msdoor
121,128,1,1.418993950,1.416187525,80299,76655,160598,msdoor
121,128,2,1.058520317,1.058191299,80299,76655,160598,msdoor
121,128,3,1.408427000,1.408080578,80299,76655,160598,msdoor
121,128,4,1.056520939,1.056184292,80299,76655,160598,msdoor
121,128,5,1.056512117,1.056187630,80299,76655,160598,msdoor
121,128,6,1.056505919,1.056193352,80299,76655,160598,msdoor
121,128,7,1.056525707,1.056199074,80299,76655,160598,msdoor
121,128,8,1.052503586,1.052194595,80299,76655,160598,msdoor
121,128,9,1.059549570,1.059229612,80299,76655,160598,msdoor
27,128,0,2.106990814,1.755004883,81780,78163,163560,msdoor
27,128,1,1.759990454,1.757070541,81780,78163,163560,msdoor
27,128,2,1.411988258,1.408325434,81780,78163,163560,msdoor
27,128,3,1.761996031,1.760286093,81780,78163,163560,msdoor
27,128,4,1.405989170,1.404305696,81780,78163,163560,msdoor
27,128,5,1.409996271,1.408323050,81780,78163,163560,msdoor
27,128,6,1.409992456,1.408316374,81780,78163,163560,msdoor
27,128,7,1.408577204,1.408291578,81780,78163,163560,msdoor
27,128,8,1.404631138,1.404299974,81780,78163,163560,msdoor
27,128,9,1.411676645,1.411376953,81780,78163,163560,msdoor
88,128,0,1.592988729,1.590081215,80384,76667,160768,msdoor
88,128,1,1.592976809,1.590083122,80384,76667,160768,msdoor
88,128,2,1.851997852,1.850120306,80384,76667,160768,msdoor
88,128,3,1.842989683,1.841050148,80384,76667,160768,msdoor
88,128,4,1.579440832,1.579139471,80384,76667,160768,msdoor
88,128,5,2.106993437,1.843065262,80384,76667,160768,msdoor
88,128,6,1.865988016,1.865112543,80384,76667,160768,msdoor
88,128,7,1.841996908,1.832016230,80384,76667,160768,msdoor
88,128,8,1.577990532,1.576108694,80384,76667,160768,msdoor
88,128,9,1.843990326,1.834136486,80384,76667,160768,msdoor
65,128,0,1.844959259,1.838019371,81115,77329,162230,msdoor
65,128,1,1.848992586,1.845082283,81115,77329,162230,msdoor
65,128,2,1.829999447,1.828057289,81115,77329,162230,msdoor
65,128,3,1.864005566,1.587102413,81115,77329,162230,msdoor
65,128,4,1.253993034,1.248093843,81115,77329,162230,msdoor
65,128,5,1.825994015,1.578065157,81115,77329,162230,msdoor
65,128,6,2.104989290,2.099087715,81115,77329,162230,msdoor
65,128,7,1.610987663,1.601053238,81115,77329,162230,msdoor
65,128,8,1.537992001,1.534055471,81115,77329,162230,msdoor
65,128,9,1.828693151,1.828390360,81115,77329,162230,msdoor
39,128,0,1.733000755,1.381010532,80629,76963,161258,msdoor
39,128,1,1.407994270,1.405046701,80629,76963,161258,msdoor
39,128,2,1.410713196,1.408011913,80629,76963,161258,msdoor
39,128,3,1.760329723,1.760013580,80629,76963,161258,msdoor
39,128,4,1.408335686,1.408008337,80629,76963,161258,msdoor
39,128,5,1.415328741,1.415015936,80629,76963,161258,msdoor
39,128,6,1.057066679,1.056355953,80629,76963,161258,msdoor
39,128,7,1.057993650,1.056329727,80629,76963,161258,msdoor
39,128,8,1.053992987,1.052339792,80629,76963,161258,msdoor
39,128,9,1.061766624,1.060290575,80629,76963,161258,msdoor
92,128,0,1.591993332,1.590007544,80361,76708,160722,msdoor
92,128,1,1.577977896,1.575996399,80361,76708,160722,msdoor
92,128,2,1.850986481,1.850016594,80361,76708,160722,msdoor
92,128,3,1.597994328,1.596074820,80361,76708,160722,msdoor
92,128,4,1.414967537,1.414090633,80361,76708,160722,msdoor
92,128,5,2.107002735,1.843013048,80361,76708,160722,msdoor
92,128,6,1.855954170,1.854095459,80361,76708,160722,msdoor
92,128,7,1.841997385,1.832032204,80361,76708,160722,msdoor
92,128,8,1.589969873,1.583116293,80361,76708,160722,msdoor
92,128,9,1.843996048,1.834176779,80361,76708,160722,msdoor
120,128,0,2.117962599,1.766104698,79756,76112,159512,msdoor
120,128,1,1.759995461,1.757169724,79756,76112,159512,msdoor
120,128,2,1.409990549,1.408221960,79756,76112,159512,msdoor
120,128,3,1.761989832,1.760067225,79756,76112,159512,msdoor
120,128,4,1.405995131,1.404155016,79756,76112,159512,msdoor
120,128,5,1.410835981,1.404167414,79756,76112,159512,msdoor
120,128,6,1.410055161,1.408185482,79756,76112,159512,msdoor
120,128,7,1.409018517,1.408174515,79756,76112,159512,msdoor
120,128,8,1.405009747,1.404138088,79756,76112,159512,msdoor
120,128,9,1.414991856,1.411250353,79756,76112,159512,msdoor
86,128,0,1.339997053,1.337120295,80832,77189,161664,msdoor
86,128,1,1.579975843,1.579122305,80832,77189,161664,msdoor
86,128,2,1.586997271,1.586130619,80832,77189,161664,msdoor
86,128,3,1.575983047,1.574067116,80832,77189,161664,msdoor
86,128,4,1.575993061,1.568062067,80832,77189,161664,msdoor
86,128,5,1.331991434,1.323109388,80832,77189,161664,msdoor
86,128,6,1.106993675,1.106144667,80832,77189,161664,msdoor
86,128,7,1.324994087,1.323094606,80832,77189,161664,msdoor
86,128,8,1.061986923,1.055106163,80832,77189,161664,msdoor
86,128,9,1.323989391,1.314197063,80832,77189,161664,msdoor
68,128,0,1.607989788,1.601103067,79640,75820,159280,msdoor
68,128,1,1.848989248,1.847058058,79640,75820,159280,msdoor
68,128,2,1.600997686,1.599075079,79640,75820,159280,msdoor
68,128,3,1.334410429,1.334101439,79640,75820,159280,msdoor
68,128,4,1.493988514,1.486044884,79640,75820,159280,msdoor
68,128,5,1.985976219,1.716043949,79640,75820,159280,msdoor
68,128,6,2.109001160,2.108069897,79640,75820,159280,msdoor
68,128,7,1.476992846,1.475096703,79640,75820,159280,msdoor
68,128,8,1.667997837,1.664071798,79640,75820,159280,msdoor
68,128,9,1.871989489,1.862091303,79640,75820,159280,msdoor
42,128,0,2.106998444,1.755005836,81082,77406,162164,msdoor
42,128,1,1.761846066,1.757024288,81082,77406,162164,msdoor
42,128,2,1.762697935,1.760009050,81082,77406,162164,msdoor
42,128,3,1.760985374,1.760036230,81082,77406,162164,msdoor
42,128,4,1.404990196,1.404120684,81082,77406,162164,msdoor
42,128,5,1.411989927,1.404095888,81082,77406,162164,msdoor
42,128,6,1.412159681,1.408113956,81082,77406,162164,msdoor
42,128,7,1.408988237,1.408035040,81082,77406,162164,msdoor
42,128,8,1.407076359,1.404104710,81082,77406,162164,msdoor
42,128,9,1.412991524,1.411158800,81082,77406,162164,msdoor
90,128,0,1.339982271,1.337104559,81170,77544,162340,msdoor
90,128,1,1.325965166,1.323130608,81170,77544,162340,msdoor
90,128,2,1.588955879,1.586130857,81170,77544,162340,msdoor
90,128,3,1.586985111,1.585058451,81170,77544,162340,msdoor
90,128,4,1.575986147,1.568002224,81170,77544,162340,msdoor
90,128,5,1.595995188,1.587106943,81170,77544,162340,msdoor
90,128,6,1.590988874,1.590120316,81170,77544,162340,msdoor
90,128,7,1.588984013,1.579122782,81170,77544,162340,msdoor
90,128,8,1.323457241,1.323120117,81170,77544,162340,msdoor
90,128,9,1.667985916,1.658142328,81170,77544,162340,msdoor
55,128,0,1.583833218,1.580126524,81386,77666,162772,msdoor
55,128,1,1.582987785,1.573060274,81386,77666,162772,msdoor
55,128,2,1.585997343,1.578122854,81386,77666,162772,msdoor
55,128,3,1.843004704,1.579087019,81386,77666,162772,msdoor
55,128,4,1.209990740,1.202096224,81386,77666,162772,msdoor
55,128,5,1.803993464,1.534076452,81386,77666,162772,msdoor
55,128,6,2.109993935,2.108073950,81386,77666,162772,msdoor
55,128,7,1.467998981,1.458097935,81386,77666,162772,msdoor
55,128,8,1.302994251,1.299061537,81386,77666,162772,msdoor
55,128,9,1.587994099,1.578212023,81386,77666,162772,msdoor
47,128,0,1.754991770,1.403023720,81887,78190,163774,msdoor
47,128,1,1.408053637,1.405033588,81887,78190,163774,msdoor
47,128,2,1.420353651,1.419016123,81887,78190,163774,msdoor
47,128,3,1.059042692,1.056039572,81887,78190,163774,msdoor
47,128,4,1.059050798,1.056108952,81887,78190,163774,msdoor
47,128,5,1.058901072,1.052107573,81887,78190,163774,msdoor
47,128,6,1.059994936,1.056110859,81887,78190,163774,msdoor
47,128,7,1.059068441,1.056058168,81887,78190,163774,msdoor
47,128,8,1.054990053,1.052115917,81887,78190,163774,msdoor
47,128,9,1.063068151,1.059146404,81887,78190,163774,msdoor
85,128,0,1.339993477,1.337107182,80636,76929,161272,msdoor
85,128,1,1.592995882,1.590122461,80636,76929,161272,msdoor
85,128,2,1.587996960,1.586143017,80636,76929,161272,msdoor
85,128,3,1.586988688,1.585058451,80636,76929,161272,msdoor
85,128,4,1.335997105,1.326137066,80636,76929,161272,msdoor
85,128,5,1.568001270,1.304089069,80636,76929,161272,msdoor
85,128,6,1.326995373,1.326108694,80636,76929,161272,msdoor
85,128,7,1.315784693,1.314012527,80636,76929,161272,msdoor
85,128,8,1.061993122,1.055111647,80636,76929,161272,msdoor
85,128,9,1.334984779,1.325209856,80636,76929,161272,msdoor
52,128,0,1.613990545,1.613146305,79937,76282,159874,msdoor
52,128,1,1.804991007,1.801101685,79937,76282,159874,msdoor
52,128,2,1.853989840,1.848112822,79937,76282,159874,msdoor
52,128,3,1.983993530,1.980053663,79937,76282,159874,msdoor
52,128,4,1.609996796,1.604068995,79937,76282,159874,msdoor
52,128,5,2.021994591,1.800098658,79937,76282,159874,msdoor
52,128,6,2.165994167,2.160064459,79937,76282,159874,msdoor
52,128,7,1.522993326,1.519098759,79937,76282,159874,msdoor
52,128,8,1.603997231,1.600072622,79937,76282,159874,msdoor
52,128,9,1.849965096,1.840142488,79937,76282,159874,msdoor
37,128,0,1.614660978,1.612004757,79772,76126,159544,msdoor
37,128,1,1.407983065,1.405025244,79772,76126,159544,msdoor
37,128,2,1.056647778,1.056329489,79772,76126,159544,msdoor
37,128,3,1.413118124,1.408043385,79772,76126,159544,msdoor
37,128,4,1.058995008,1.056124210,79772,76126,159544,msdoor
37,128,5,1.057989120,1.052100182,79772,76126,159544,msdoor
37,128,6,1.059983730,1.056099653,79772,76126,159544,msdoor
37,128,7,1.058989048,1.056045055,79772,76126,159544,msdoor
37,128,8,1.054988623,1.052111149,79772,76126,159544,msdoor
37,128,9,1.062988758,1.059599161,79772,76126,159544,msdoor
79,128,0,1.623000145,1.359080315,81848,78158,163696,msdoor
79,128,1,1.845003605,1.590070724,81848,78158,163696,msdoor
79,128,2,2.114003420,1.850093842,81848,78158,163696,msdoor
79,128,3,1.830997705,1.830065489,81848,78158,163696,msdoor
79,128,4,1.586985111,1.579136133,81848,78158,163696,msdoor
79,128,5,1.842991829,1.579081535,81848,78158,163696,msdoor
79,128,6,1.854988813,1.854102135,81848,78158,163696,msdoor
79,128,7,1.312702656,1.312381268,81848,78158,163696,msdoor
79,128,8,1.319946527,1.319116592,81848,78158,163696,msdoor
79,128,9,1.334986687,1.325140715,81848,78158,163696,msdoor
59,128,0,1.321990490,1.315062046,82120,78353,164240,msdoor
59,128,1,1.337991953,1.334115982,82120,78353,164240,msdoor
59,128,2,1.585991621,1.578125715,82120,78353,164240,msdoor
59,128,3,1.524002075,1.324104548,82120,78353,164240,msdoor
59,128,4,1.308992863,1.303097248,82120,78353,164240,msdoor
59,128,5,1.808998346,1.800116062,82120,78353,164240,msdoor
59,128,6,1.842997074,1.837118864,82120,78353,164240,msdoor
59,128,7,1.346996546,1.337095976,82120,78353,164240,msdoor
59,128,8,1.313990593,1.310048580,82120,78353,164240,msdoor
59,128,9,1.587956190,1.578114748,82120,78353,164240,msdoor
29,128,0,1.767993212,1.766016245,80265,76639,160530,msdoor
29,128,1,1.759996176,1.757023096,80265,76639,160530,msdoor
29,128,2,1.409992218,1.408112049,80265,76639,160530,msdoor
29,128,3,1.764991522,1.760047674,80265,76639,160530,msdoor
29,128,4,1.406991243,1.404121876,80265,76639,160530,msdoor
29,128,5,1.409990549,1.404109955,80265,76639,160530,msdoor
29,128,6,1.414044380,1.408096075,80265,76639,160530,msdoor
29,128,7,1.410987616,1.408038616,80265,76639,160530,msdoor
29,128,8,1.406996727,1.404113770,80265,76639,160530,msdoor
29,128,9,1.414995432,1.411442518,80265,76639,160530,msdoor
91,128,0,1.314981461,1.312062502,82170,78540,164340,msdoor
91,128,1,1.325997591,1.323082924,82170,78540,164340,msdoor
91,128,2,1.587996483,1.586097240,82170,78540,164340,msdoor
91,128,3,1.321419954,1.321108103,82170,78540,164340,msdoor
91,128,4,1.333994865,1.326116085,82170,78540,164340,msdoor
91,128,5,1.573989868,1.568000793,82170,78540,164340,msdoor
91,128,6,1.590990305,1.590065241,82170,78540,164340,msdoor
91,128,7,1.323441029,1.323130846,82170,78540,164340,msdoor
91,128,8,1.319993734,1.319086075,82170,78540,164340,msdoor
91,128,9,1.598986626,1.589112282,82170,78540,164340,msdoor
58,128,0,1.311058044,1.310116529,81406,77683,162812,msdoor
58,128,1,1.446996212,1.443121672,81406,77683,162812,msdoor
58,128,2,1.741999626,1.741091251,81406,77683,162812,msdoor
58,128,3,1.710988998,1.574093580,81406,77683,162812,msdoor
58,128,4,1.603994846,1.596063852,81406,77683,162812,msdoor
58,128,5,2.255003929,1.985066175,81406,77683,162812,msdoor
58,128,6,2.111909866,2.108066559,81406,77683,162812,msdoor
58,128,7,1.312874079,1.310137272,81406,77683,162812,msdoor
58,128,8,1.323992014,1.320114613,81406,77683,162812,msdoor
58,128,9,1.849998951,1.840196609,81406,77683,162812,msdoor
102,128,0,1.538998127,1.347061396,81056,77415,162112,msdoor
102,128,1,1.152669430,1.150134563,81056,77415,162112,msdoor
102,128,2,1.337016344,1.152169466,81056,77415,162112,msdoor
102,128,3,1.344000816,1.342069864,81056,77415,162112,msdoor
102,128,4,1.152597427,1.152107477,81056,77415,162112,msdoor
102,128,5,1.536000490,1.344041348,81056,77415,162112,msdoor
102,128,6,1.533002377,1.341175318,81056,77415,162112,msdoor
102,128,7,1.535997152,1.344093561,81056,77415,162112,msdoor
102,128,8,1.156428099,1.154139280,81056,77415,162112,msdoor
102,128,9,1.685998917,1.535137177,81056,77415,162112,msdoor
44,128,0,1.767993450,1.766002893,79628,75951,159256,msdoor
44,128,1,1.759994745,1.757033110,79628,75951,159256,msdoor
44,128,2,1.409046650,1.408364058,79628,75951,159256,msdoor
44,128,3,1.764988661,1.760034800,79628,75951,159256,msdoor
44,128,4,1.406986475,1.404094696,79628,75951,159256,msdoor
44,128,5,1.409988165,1.404033899,79628,75951,159256,msdoor
44,128,6,1.413991451,1.408102751,79628,75951,159256,msdoor
44,128,7,1.410989761,1.408034801,79628,75951,159256,msdoor
44,128,8,1.406990767,1.404041767,79628,75951,159256,msdoor
44,128,9,1.414993763,1.411361217,79628,75951,159256,msdoor
7,128,0,1.530731916,1.530084610,81100,77436,162200,msdoor
7,128,1,1.545119286,1.542026520,81100,77436,162200,msdoor
7,128,2,1.927996397,1.724039078,81100,77436,162200,msdoor
7,128,3,1.918004513,1.726046324,81100,77436,162200,msdoor
7,128,4,1.534002542,1.532069921,81100,77436,162200,msdoor
7,128,5,1.920002222,1.728051662,81100,77436,162200,msdoor
7,128,6,1.728640318,1.727075338,81100,77436,162200,msdoor
7,128,7,1.920004606,1.728055954,81100,77436,162200,msdoor
7,128,8,1.534566402,1.534055471,81100,77436,162200,msdoor
7,128,9,1.734595299,1.734053373,81100,77436,162200,msdoor
89,128,0,1.339991808,1.337109327,81096,77451,162192,msdoor
89,128,1,1.325935602,1.323070288,81096,77451,162192,msdoor
89,128,2,1.587989807,1.586113930,81096,77451,162192,msdoor
89,128,3,1.586983919,1.585042000,81096,77451,162192,msdoor
89,128,4,1.304706097,1.304398298,81096,77451,162192,msdoor
89,128,5,1.595995188,1.587100267,81096,77451,162192,msdoor
89,128,6,1.590997934,1.590125799,81096,77451,162192,msdoor
89,128,7,1.599991322,1.590066910,81096,77451,162192,msdoor
89,128,8,1.323419094,1.323106527,81096,77451,162192,msdoor
89,128,9,1.667992353,1.658138514,81096,77451,162192,msdoor
60,128,0,1.591663361,1.591373205,80236,76555,160472,msdoor
60,128,1,1.579996824,1.578054428,80236,76555,160472,msdoor
60,128,2,1.557011843,1.556087971,80236,76555,160472,msdoor
60,128,3,1.581992626,1.573083878,80236,76555,160472,msdoor
60,128,4,1.592999697,1.585081816,80236,76555,160472,msdoor
60,128,5,1.842990160,1.590421438,80236,76555,160472,msdoor
60,128,6,1.928998947,1.923109055,80236,76555,160472,msdoor
60,128,7,1.610996485,1.601089001,80236,76555,160472,msdoor
60,128,8,1.335762978,1.335466146,80236,76555,160472,msdoor
60,128,9,1.849994659,1.840162039,80236,76555,160472,msdoor
125,128,0,1.415990114,1.414077044,80222,76582,160444,msdoor
125,128,1,1.407994270,1.405104876,80222,76582,160444,msdoor
125,128,2,1.059092045,1.056172609,80222,76582,160444,msdoor
125,128,3,1.056747437,1.056446552,80222,76582,160444,msdoor
125,128,4,1.058999300,1.056082726,80222,76582,160444,msdoor
125,128,5,1.057986021,1.052088976,80222,76582,160444,msdoor
125,128,6,1.061988592,1.056127310,80222,76582,160444,msdoor
125,128,7,1.058992386,1.056105852,80222,76582,160444,msdoor
125,128,8,1.054989815,1.052099705,80222,76582,160444,msdoor
125,128,9,1.062988281,1.059553623,80222,76582,160444,msdoor
83,128,0,1.592993259,1.590097427,82082,78423,164164,msdoor
83,128,1,1.592989922,1.590098858,82082,78423,164164,msdoor
83,128,2,1.576990128,1.575135946,82082,78423,164164,msdoor
83,128,3,1.586990356,1.585063219,82082,78423,164164,msdoor
83,128,4,1.315477133,1.315178871,82082,78423,164164,msdoor
83,128,5,1.413998127,1.323095798,82082,78423,164164,msdoor
83,128,6,1.326995611,1.326086760,82082,78423,164164,msdoor
83,128,7,1.059998035,1.058144331,82082,78423,164164,msdoor
83,128,8,1.055991650,1.055099726,82082,78423,164164,msdoor
83,128,9,1.334995985,1.325128794,82082,78423,164164,msdoor
71,128,0,1.579353571,1.579043388,80877,77144,161754,msdoor
71,128,1,1.313998222,1.304069042,80877,77144,161754,msdoor
71,128,2,1.075967312,1.068060398,80877,77144,161754,msdoor
71,128,3,1.001998186,1.000088930,80877,77144,161754,msdoor
71,128,4,1.060999155,1.055085659,80877,77144,161754,msdoor
71,128,5,1.489989996,1.481045485,80877,77144,161754,msdoor
71,128,6,1.586997747,1.581096411,80877,77144,161754,msdoor
71,128,7,1.346992970,1.337066174,80877,77144,161754,msdoor
71,128,8,1.055992842,1.048096180,80877,77144,161754,msdoor
71,128,9,1.581985712,1.572112560,80877,77144,161754,msdoor
33,128,0,1.767980814,1.766006470,80185,76545,160370,msdoor
33,128,1,1.759989262,1.757021427,80185,76545,160370,msdoor
33,128,2,1.410952806,1.408058643,80185,76545,160370,msdoor
33,128,3,1.761294127,1.760031700,80185,76545,160370,msdoor
33,128,4,1.406987667,1.404026031,80185,76545,160370,msdoor
33,128,5,1.409991741,1.404036522,80185,76545,160370,msdoor
33,128,6,1.413988590,1.408032894,80185,76545,160370,msdoor
33,128,7,1.410985231,1.408023834,80185,76545,160370,msdoor
33,128,8,1.406962872,1.404004812,80185,76545,160370,msdoor
33,128,9,1.414996862,1.411054373,80185,76545,160370,msdoor
18,128,0,1.348286867,1.347050905,80667,77042,161334,msdoor
18,128,1,1.537997723,1.346038580,80667,77042,161334,msdoor
18,128,2,1.535996675,1.344062805,80667,77042,161334,msdoor
18,128,3,1.725995302,1.534040213,80667,77042,161334,msdoor
18,128,4,1.535997629,1.344051361,80667,77042,161334,msdoor
18,128,5,1.728003740,1.536048174,80667,77042,161334,msdoor
18,128,6,1.723987103,1.532055378,80667,77042,161334,msdoor
18,128,7,1.727986574,1.536038637,80667,77042,161334,msdoor
18,128,8,1.530602455,1.530046463,80667,77042,161334,msdoor
18,128,9,1.730000973,1.535088778,80667,77042,161334,msdoor
61,128,0,1.607989550,1.601105452,80935,77243,161870,msdoor
61,128,1,1.374995947,1.365064144,80935,77243,161870,msdoor
61,128,2,1.216993093,1.211090565,80935,77243,161870,msdoor
61,128,3,1.461992741,1.458057165,80935,77243,161870,msdoor
61,128,4,1.482991457,1.475065708,80935,77243,161870,msdoor
61,128,5,1.804008961,1.534059048,80935,77243,161870,msdoor
61,128,6,2.004921913,2.000057220,80935,77243,161870,msdoor
61,128,7,1.313998938,1.310108185,80935,77243,161870,msdoor
61,128,8,1.323994637,1.322093010,80935,77243,161870,msdoor
61,128,9,1.719995499,1.710159063,80935,77243,161870,msdoor
123,128,0,1.406983614,1.063227892,81371,77740,162742,msdoor
123,128,1,1.054039240,1.053236961,81371,77740,162742,msdoor
123,128,2,1.060985804,1.056088924,81371,77740,162742,msdoor
123,128,3,1.057995319,1.056123257,81371,77740,162742,msdoor
123,128,4,1.058991194,1.056065083,81371,77740,162742,msdoor
123,128,5,1.057987452,1.052067757,81371,77740,162742,msdoor
123,128,6,1.061994553,1.056113958,81371,77740,162742,msdoor
123,128,7,1.058998585,1.056102037,81371,77740,162742,msdoor
123,128,8,1.054985285,1.052071095,81371,77740,162742,msdoor
123,128,9,1.062983751,1.059758186,81371,77740,162742,msdoor
105,128,0,1.539728642,1.539067268,81244,77560,162488,msdoor
105,128,1,1.352128029,1.350151777,81244,77560,162488,msdoor
105,128,2,1.349404573,1.348150969,81244,77560,162488,msdoor
105,128,3,1.536010504,1.534084082,81244,77560,162488,msdoor
105,128,4,1.344608068,1.344103575,81244,77560,162488,msdoor
105,128,5,1.728006601,1.536060333,81244,77560,162488,msdoor
105,128,6,1.535011530,1.532182455,81244,77560,162488,msdoor
105,128,7,1.728002071,1.536089659,81244,77560,162488,msdoor
105,128,8,1.342665672,1.342170000,81244,77560,162488,msdoor
105,128,9,1.730006695,1.535157919,81244,77560,162488,msdoor
100,128,0,1.534985781,1.343159437,79993,76365,159986,msdoor
100,128,1,1.343834162,1.342097759,79993,76365,159986,msdoor
100,128,2,1.529992342,1.344118595,79993,76365,159986,msdoor
100,128,3,1.538555622,1.538037062,79993,76365,159986,msdoor
100,128,4,1.344987154,1.344033241,79993,76365,159986,msdoor
100,128,5,1.536001205,1.344110489,79993,76365,159986,msdoor
100,128,6,1.682984591,1.492078543,79993,76365,159986,msdoor
100,128,7,1.727998018,1.536059380,79993,76365,159986,msdoor
100,128,8,1.299541473,1.298153400,79993,76365,159986,msdoor
100,128,9,1.730008602,1.535139799,79993,76365,159986,msdoor
118,128,0,1.535643578,1.535032749,80444,76774,160888,msdoor
118,128,1,1.342597008,1.342067242,80444,76774,160888,msdoor
118,128,2,1.522854090,1.344073534,80444,76774,160888,msdoor
118,128,3,1.536000967,1.534054279,80444,76774,160888,msdoor
118,128,4,1.344539881,1.344053745,80444,76774,160888,msdoor
118,128,5,1.344650984,1.344102859,80444,76774,160888,msdoor
118,128,6,1.723996639,1.532083750,80444,76774,160888,msdoor
118,128,7,1.535979748,1.344041109,80444,76774,160888,msdoor
118,128,8,1.157406330,1.154084682,80444,76774,160888,msdoor
118,128,9,1.533997536,1.342113733,80444,76774,160888,msdoor
24,128,0,1.766725779,1.766397238,80408,76774,160816,msdoor
24,128,1,1.757660389,1.757333279,80408,76774,160816,msdoor
24,128,2,1.762969494,1.760046244,80408,76774,160816,msdoor
24,128,3,1.760704041,1.760391712,80408,76774,160816,msdoor
24,128,4,1.769966602,1.766989470,80408,76774,160816,msdoor
24,128,5,1.761942148,1.755959034,80408,76774,160816,msdoor
24,128,6,1.765956640,1.759983778,80408,76774,160816,msdoor
24,128,7,1.762973547,1.759998083,80408,76774,160816,msdoor
24,128,8,1.758971930,1.755995750,80408,76774,160816,msdoor
24,128,9,1.766943932,1.763088226,80408,76774,160816,msdoor
1,128,0,1.544536829,1.542075157,80095,76471,160190,msdoor
1,128,1,1.536958456,1.534014940,80095,76471,160190,msdoor
1,128,2,1.720996857,1.536113739,80095,76471,160190,msdoor
1,128,3,1.728002548,1.726050615,80095,76471,160190,msdoor
1,128,4,1.536557674,1.536061287,80095,76471,160190,msdoor
1,128,5,1.730009317,1.728070974,80095,76471,160190,msdoor
1,128,6,1.915003061,1.723093271,80095,76471,160190,msdoor
1,128,7,1.919998884,1.728072405,80095,76471,160190,msdoor
1,128,8,1.733579636,1.733052969,80095,76471,160190,msdoor
1,128,9,1.918002129,1.726083994,80095,76471,160190,msdoor
12,128,0,1.347686529,1.347041130,79598,75945,159196,msdoor
12,128,1,1.150736332,1.150124550,79598,75945,159196,msdoor
12,128,2,1.633760691,1.344085932,79598,75945,159196,msdoor
12,128,3,1.726001501,1.534053802,79598,75945,159196,msdoor
12,128,4,1.536000013,1.344053745,79598,75945,159196,msdoor
12,128,5,1.727998734,1.536050081,79598,75945,159196,msdoor
12,128,6,1.723999023,1.532057762,79598,75945,159196,msdoor
12,128,7,1.727997541,1.536050081,79598,75945,159196,msdoor
12,128,8,1.539466619,1.538038015,79598,75945,159196,msdoor
12,128,9,1.726010799,1.534071445,79598,75945,159196,msdoor
98,128,0,1.539664745,1.539055586,81435,77816,162870,msdoor
98,128,1,1.345238924,1.342165947,81435,77816,162870,msdoor
98,128,2,1.529000044,1.344188929,81435,77816,162870,msdoor
98,128,3,1.536000729,1.534072399,81435,77816,162870,msdoor
98,128,4,1.344788790,1.344095230,81435,77816,162870,msdoor
98,128,5,1.344707251,1.344184399,81435,77816,162870,msdoor
98,128,6,1.723986864,1.532168865,81435,77816,162870,msdoor
98,128,7,1.728002787,1.536098480,81435,77816,162870,msdoor
98,128,8,1.346632004,1.346136093,81435,77816,162870,msdoor
98,128,9,1.726000547,1.534138680,81435,77816,162870,msdoor
30,128,0,1.425990343,1.425195932,80364,76744,160728,msdoor
30,128,1,1.759987354,1.757006645,80364,76744,160728,msdoor
30,128,2,1.410990238,1.408020973,80364,76744,160728,msdoor
30,128,3,1.771985531,1.771012306,80364,76744,160728,msdoor
30,128,4,1.769993067,1.767029047,80364,76744,160728,msdoor
30,128,5,1.409990788,1.404034376,80364,76744,160728,msdoor
30,128,6,1.413988113,1.408021688,80364,76744,160728,msdoor
30,128,7,1.410993576,1.408027649,80364,76744,160728,msdoor
30,128,8,1.406994820,1.404054403,80364,76744,160728,msdoor
30,128,9,1.414993048,1.411111116,80364,76744,160728,msdoor
112,128,0,1.535693407,1.535069227,79716,76080,159432,msdoor
112,128,1,1.539036989,1.538043737,79716,76080,159432,msdoor
112,128,2,1.732994318,1.536059618,79716,76080,159432,msdoor
112,128,3,1.653995991,1.536086321,79716,76080,159432,msdoor
112,128,4,1.731999636,1.540056229,79716,76080,159432,msdoor
112,128,5,1.536623955,1.536103964,79716,76080,159432,msdoor
112,128,6,1.878997803,1.687088966,79716,76080,159432,msdoor
112,128,7,1.727993250,1.536056280,79716,76080,159432,msdoor
112,128,8,1.347588301,1.346084356,79716,76080,159432,msdoor
112,128,9,1.725997210,1.534095049,79716,76080,159432,msdoor
8,128,0,1.542636871,1.542048931,80108,76453,160216,msdoor
8,128,1,1.342728615,1.342129707,80108,76453,160216,msdoor
8,128,2,1.757994175,1.536079884,80108,76453,160216,msdoor
8,128,3,1.537296772,1.536081553,80108,76453,160216,msdoor
8,128,4,1.536998272,1.536048412,80108,76453,160216,msdoor
8,128,5,1.537344694,1.536082745,80108,76453,160216,msdoor
8,128,6,1.917998791,1.727052927,80108,76453,160216,msdoor
8,128,7,1.919996738,1.728047848,80108,76453,160216,msdoor
8,128,8,1.690556765,1.690050125,80108,76453,160216,msdoor
8,128,9,1.918001175,1.726060152,80108,76453,160216,msdoor
57,128,0,1.320154667,1.319845200,80667,76934,161334,msdoor
57,128,1,1.589998245,1.584094524,80667,76934,161334,msdoor
57,128,2,1.574990749,1.569120407,80667,76934,161334,msdoor
57,128,3,1.494991779,1.486091137,80667,76934,161334,msdoor
57,128,4,1.592995882,1.585068226,80667,76934,161334,msdoor
57,128,5,1.969988346,1.711079836,80667,76934,161334,msdoor
57,128,6,2.115989923,2.110083580,80667,76934,161334,msdoor
57,128,7,1.588991404,1.579089403,80667,76934,161334,msdoor
57,128,8,1.318992853,1.311123610,80667,76934,161334,msdoor
57,128,9,1.860985041,1.856116056,80667,76934,161334,msdoor
23,128,0,1.347687721,1.347031832,81366,77718,162732,msdoor
23,128,1,1.150663614,1.150072575,81366,77718,162732,msdoor
23,128,2,1.525997877,1.344063282,81366,77718,162732,msdoor
23,128,3,1.532110691,1.530046225,81366,77718,162732,msdoor
23,128,4,1.345000029,1.344052792,81366,77718,162732,msdoor
23,128,5,1.536573410,1.536049843,81366,77718,162732,msdoor
23,128,6,1.731015921,1.540050268,81366,77718,162732,msdoor
23,128,7,1.727997303,1.536053419,81366,77718,162732,msdoor
23,128,8,1.543484926,1.542048216,81366,77718,162732,msdoor
23,128,9,1.725999355,1.534054041,81366,77718,162732,msdoor
28,128,0,1.769057512,1.766197205,79668,76028,159336,msdoor
28,128,1,1.757649660,1.757341385,79668,76028,159336,msdoor
28,128,2,1.762989044,1.760022163,79668,76028,159336,msdoor
28,128,3,2.102992773,2.101016760,79668,76028,159336,msdoor
28,128,4,1.769982100,1.767008543,79668,76028,159336,msdoor
28,128,5,1.761993885,1.756018877,79668,76028,159336,msdoor
28,128,6,1.765994310,1.760018349,79668,76028,159336,msdoor
28,128,7,1.762994051,1.760024309,79668,76028,159336,msdoor
28,128,8,1.758977413,1.756002665,79668,76028,159336,msdoor
28,128,9,1.766993523,1.763402462,79668,76028,159336,msdoor
2,128,0,1.536387682,1.535044193,80487,76855,160974,msdoor
2,128,1,1.534533501,1.534008026,80487,76855,160974,msdoor
2,128,2,1.717991829,1.536102295,80487,76855,160974,msdoor
2,128,3,1.725987434,1.539961576,80487,76855,160974,msdoor
2,128,4,1.728000402,1.536066294,80487,76855,160974,msdoor
2,128,5,1.920002222,1.728056908,80487,76855,160974,msdoor
2,128,6,1.917996168,1.727075338,80487,76855,160974,msdoor
2,128,7,1.915997744,1.724061728,80487,76855,160974,msdoor
2,128,8,1.547467709,1.546970844,80487,76855,160974,msdoor
2,128,9,1.917994261,1.726067066,80487,76855,160974,msdoor
62,128,0,1.618993521,1.612087488,80778,77019,161556,msdoor
62,128,1,1.324991465,1.315083027,80778,77019,161556,msdoor
62,128,2,1.315989733,1.308108807,80778,77019,161556,msdoor
62,128,3,1.469015360,1.466117382,80778,77019,161556,msdoor
62,128,4,1.328996658,1.323119402,80778,77019,161556,msdoor
62,128,5,1.869987249,1.600048780,80778,77019,161556,msdoor
62,128,6,1.846998453,1.843057632,80778,77019,161556,msdoor
62,128,7,1.591813326,1.590043545,80778,77019,161556,msdoor
62,128,8,1.333942890,1.333104610,80778,77019,161556,msdoor
62,128,9,1.796991825,1.792623997,80778,77019,161556,msdoor
113,128,0,1.536296844,1.535071850,80103,76471,160206,msdoor
113,128,1,1.539488792,1.538051844,80103,76471,160206,msdoor
113,128,2,1.733000994,1.536063910,80103,76471,160206,msdoor
113,128,3,1.729995251,1.535087109,80103,76471,160206,msdoor
113,128,4,1.346096277,1.344064474,80103,76471,160206,msdoor
113,128,5,1.340701103,1.340126038,80103,76471,160206,msdoor
113,128,6,1.726998091,1.536097050,80103,76471,160206,msdoor
113,128,7,1.731996536,1.540068626,80103,76471,160206,msdoor
113,128,8,1.353466034,1.350079060,80103,76471,160206,msdoor
113,128,9,1.726001740,1.534101009,80103,76471,160206,msdoor
75,128,0,1.326730728,1.326420307,81604,77880,163208,msdoor
75,128,1,1.588989019,1.587059259,81604,77880,163208,msdoor
75,128,2,1.850985289,1.850056887,81604,77880,163208,msdoor
75,128,3,1.586017132,1.585136890,81604,77880,163208,msdoor
75,128,4,1.586996317,1.579102755,81604,77880,163208,msdoor
75,128,5,1.862996101,1.854062319,81604,77880,163208,msdoor
75,128,6,1.845877409,1.843052864,81604,77880,163208,msdoor
75,128,7,1.589824677,1.587103128,81604,77880,163208,msdoor
75,128,8,1.585385799,1.583081961,81604,77880,163208,msdoor
75,128,9,1.835204124,1.828093290,81604,77880,163208,msdoor
43,128,0,1.754986525,1.403104305,81739,78026,163478,msdoor
43,128,1,1.429994822,1.427377939,81739,78026,163478,msdoor
43,128,2,1.412983179,1.408016920,81739,78026,163478,msdoor
43,128,3,1.760370731,1.760027647,81739,78026,163478,msdoor
43,128,4,1.408745289,1.408020496,81739,78026,163478,msdoor
43,128,5,1.418288231,1.415020227,81739,78026,163478,msdoor
43,128,6,1.413282156,1.408030033,81739,78026,163478,msdoor
43,128,7,1.410582304,1.408019304,81739,78026,163478,msdoor
43,128,8,1.296933413,1.293977022,81739,78026,163478,msdoor
43,128,9,1.414988995,1.411064148,81739,78026,163478,msdoor
16,128,0,1.536811113,1.535044909,79948,76300,159896,msdoor
16,128,1,1.342638731,1.342096567,79948,76300,159896,msdoor
16,128,2,1.718600273,1.536078691,79948,76300,159896,msdoor
16,128,3,1.726005793,1.536097765,79948,76300,159896,msdoor
16,128,4,1.727995872,1.536048174,79948,76300,159896,msdoor
16,128,5,1.919999838,1.728047848,79948,76300,159896,msdoor
16,128,6,1.917996168,1.727049589,79948,76300,159896,msdoor
16,128,7,1.919994831,1.728058338,79948,76300,159896,msdoor
16,128,8,1.736990690,1.545075178,79948,76300,159896,msdoor
16,128,9,1.918004513,1.726058722,79948,76300,159896,msdoor
10,128,0,1.352254391,1.351050138,80725,77052,161450,msdoor
10,128,1,1.537996054,1.346040487,80725,77052,161450,msdoor
10,128,2,1.629998207,1.344075441,80725,77052,161450,msdoor
10,128,3,1.534003735,1.344113111,80725,77052,161450,msdoor
10,128,4,1.539998293,1.348055363,80725,77052,161450,msdoor
10,128,5,1.728000641,1.536043167,80725,77052,161450,msdoor
10,128,6,1.726983309,1.536049843,80725,77052,161450,msdoor
10,128,7,1.727996826,1.536050558,80725,77052,161450,msdoor
10,128,8,1.350575924,1.350075006,80725,77052,161450,msdoor
10,128,9,1.917998791,1.726057291,80725,77052,161450,msdoor
69,128,0,1.585995436,1.579090834,80088,76288,160176,msdoor
69,128,1,1.589989424,1.586095810,80088,76288,160176,msdoor
69,128,2,1.376990318,1.371100426,80088,76288,160176,msdoor
69,128,3,1.572993279,1.304090023,80088,76288,160176,msdoor
69,128,4,1.330996275,1.323070526,80088,76288,160176,msdoor
69,128,5,1.325805426,1.325495005,80088,76288,160176,msdoor
69,128,6,2.108993769,2.108072042,80088,76288,160176,msdoor
69,128,7,1.310998201,1.310110331,80088,76288,160176,msdoor
69,128,8,1.532988310,1.525074959,80088,76288,160176,msdoor
69,128,9,1.871998072,1.867134571,80088,76288,160176,msdoor
119,128,0,1.346956491,1.343082428,80828,77166,161656,msdoor
119,128,1,1.343284369,1.342065573,80828,77166,161656,msdoor
119,128,2,1.533999205,1.348068476,80828,77166,161656,msdoor
119,128,3,1.538551092,1.538046598,80828,77166,161656,msdoor
119,128,4,1.348865747,1.348055840,80828,77166,161656,msdoor
119,128,5,1.536000490,1.344072342,80828,77166,161656,msdoor
119,128,6,1.734999180,1.544064522,80828,77166,161656,msdoor
119,128,7,1.153593540,1.152096987,80828,77166,161656,msdoor
119,128,8,1.346993685,1.155062199,80828,77166,161656,msdoor
119,128,9,1.533998251,1.342072964,80828,77166,161656,msdoor
36,128,0,1.419162989,1.414159298,79130,75498,158260,msdoor
36,128,1,1.762162924,1.757042170,79130,75498,158260,msdoor
36,128,2,1.410993576,1.408027411,79130,75498,158260,msdoor
36,128,3,1.763046980,1.760030985,79130,75498,158260,msdoor
36,128,4,1.417993069,1.415025711,79130,75498,158260,msdoor
36,128,5,1.409984350,1.404019594,79130,75498,158260,msdoor
36,128,6,1.413987637,1.408022881,79130,75498,158260,msdoor
36,128,7,1.410989523,1.408027411,79130,75498,158260,msdoor
36,128,8,1.417996883,1.415036678,79130,75498,158260,msdoor
36,128,9,1.414988756,1.411269188,79130,75498,158260,msdoor
104,128,0,1.728481770,1.727036715,80780,77103,161560,msdoor
104,128,1,1.534639597,1.534108877,80780,77103,161560,msdoor
104,128,2,1.713991642,1.536125660,80780,77103,161560,msdoor
104,128,3,1.726565599,1.726050377,80780,77103,161560,msdoor
104,128,4,1.536944866,1.536057711,80780,77103,161560,msdoor
104,128,5,1.536649704,1.536125422,80780,77103,161560,msdoor
104,128,6,1.921996355,1.731136560,80780,77103,161560,msdoor
104,128,7,1.919990540,1.728044987,80780,77103,161560,msdoor
104,128,8,1.729993820,1.538100958,80780,77103,161560,msdoor
104,128,9,1.917999744,1.726107359,80780,77103,161560,msdoor
74,128,0,1.592961550,1.590071440,80737,77005,161474,msdoor
74,128,1,1.592991590,1.590133905,80737,77005,161474,msdoor
74,128,2,1.906989813,1.905126095,80737,77005,161474,msdoor
74,128,3,1.841437101,1.841085434,80737,77005,161474,msdoor
74,128,4,1.598633289,1.598326445,80737,77005,161474,msdoor
74,128,5,1.903992176,1.898068905,80737,77005,161474,msdoor
74,128,6,1.909336567,1.909059286,80737,77005,161474,msdoor
74,128,7,1.587993383,1.587128401,80737,77005,161474,msdoor
74,128,8,1.572984934,1.572075844,80737,77005,161474,msdoor
74,128,9,1.874738693,1.873160124,80737,77005,161474,msdoor
6,128,0,1.534759998,1.534111500,80678,77034,161356,msdoor
6,128,1,1.538650990,1.538066626,80678,77034,161356,msdoor
6,128,2,1.924995184,1.728057623,80678,77034,161356,msdoor
6,128,3,1.925984144,1.728047371,80678,77034,161356,msdoor
6,128,4,1.731999159,1.730039835,80678,77034,161356,msdoor
6,128,5,1.920001030,1.728054047,80678,77034,161356,msdoor
6,128,6,2.110002279,1.919048786,80678,77034,161356,msdoor
6,128,7,2.054998875,1.863062143,80678,77034,161356,msdoor
6,128,8,1.730001926,1.538074732,80678,77034,161356,msdoor
6,128,9,1.918004751,1.726058245,80678,77034,161356,msdoor
53,128,0,1.570004702,1.569168568,80258,76548,160516,msdoor
53,128,1,1.714992523,1.705052137,80258,76548,160516,msdoor
53,128,2,1.803995848,1.796102047,80258,76548,160516,msdoor
53,128,3,2.111996889,1.848076582,80258,76548,160516,msdoor
53,128,4,1.327830315,1.327534914,80258,76548,160516,msdoor
53,128,5,1.605999231,1.597119331,80258,76548,160516,msdoor
53,128,6,2.104997635,2.099112511,80258,76548,160516,msdoor
53,128,7,1.313991070,1.310100317,80258,76548,160516,msdoor
53,128,8,1.208998203,1.201069355,80258,76548,160516,msdoor
53,128,9,1.851989985,1.847522259,80258,76548,160516,msdoor
9,128,0,1.535695553,1.535040140,80685,77009,161370,msdoor
9,128,1,1.342673540,1.342090845,80685,77009,161370,msdoor
9,128,2,1.713996410,1.536066771,80685,77009,161370,msdoor
9,128,3,1.344591379,1.344087124,80685,77009,161370,msdoor
9,128,4,1.340572357,1.340048552,80685,77009,161370,msdoor
9,128,5,1.536567926,1.536047220,80685,77009,161370,msdoor
9,128,6,1.730994940,1.540051222,80685,77009,161370,msdoor
9,128,7,1.727969646,1.536017418,80685,77009,161370,msdoor
9,128,8,1.537998915,1.346057177,80685,77009,161370,msdoor
9,128,9,1.918000460,1.726061106,80685,77009,161370,msdoor
41,128,0,1.418983459,1.414134979,80440,76767,160880,msdoor
41,128,1,1.761984587,1.757009506,80440,76767,160880,msdoor
41,128,2,1.410992622,1.408042192,80440,76767,160880,msdoor
41,128,3,1.762992620,1.760031939,80440,76767,160880,msdoor
41,128,4,1.417992115,1.415031910,80440,76767,160880,msdoor
41,128,5,1.409991980,1.404037714,80440,76767,160880,msdoor
41,128,6,1.413986206,1.408031225,80440,76767,160880,msdoor
41,128,7,1.410997152,1.408031464,80440,76767,160880,msdoor
41,128,8,1.417969227,1.415010691,80440,76767,160880,msdoor
41,128,9,1.415022612,1.411477566,80440,76767,160880,msdoor
20,128,0,1.535660267,1.535042048,79885,76239,159770,msdoor
20,128,1,1.339160919,1.338065386,79885,76239,159770,msdoor
20,128,2,1.745996475,1.536060333,79885,76239,159770,msdoor
20,128,3,1.730001211,1.536092758,79885,76239,159770,msdoor
20,128,4,1.727997541,1.536054373,79885,76239,159770,msdoor
20,128,5,1.538072824,1.536075115,79885,76239,159770,msdoor
20,128,6,1.918000460,1.727052212,79885,76239,159770,msdoor
20,128,7,1.919999599,1.728047132,79885,76239,159770,msdoor
20,128,8,1.725996733,1.534054041,79885,76239,159770,msdoor
20,128,9,1.918005466,1.726058245,79885,76239,159770,msdoor
78,128,0,1.570990086,1.568069696,80824,77128,161648,msdoor
78,128,1,1.592994452,1.590080261,80824,77128,161648,msdoor
78,128,2,1.851986170,1.850103855,80824,77128,161648,msdoor
78,128,3,1.841995716,1.841061831,80824,77128,161648,msdoor
78,128,4,1.608988762,1.601148844,80824,77128,161648,msdoor
78,128,5,2.085008144,1.821077347,80824,77128,161648,msdoor
78,128,6,1.854993582,1.854110479,80824,77128,161648,msdoor
78,128,7,1.854370356,1.854052782,80824,77128,161648,msdoor
78,128,8,1.683994293,1.682074785,80824,77128,161648,msdoor
78,128,9,1.563063622,1.562270880,80824,77128,161648,msdoor
115,128,0,1.345903873,1.343078852,80812,77174,161624,msdoor
115,128,1,1.342999220,1.342060804,80812,77174,161624,msdoor
115,128,2,1.525999308,1.344074965,80812,77174,161624,msdoor
115,128,3,1.538549185,1.538053751,80812,77174,161624,msdoor
115,128,4,1.344583750,1.344057322,80812,77174,161624,msdoor
115,128,5,1.347495317,1.344089031,80812,77174,161624,msdoor
115,128,6,1.726998568,1.536069393,80812,77174,161624,msdoor
115,128,7,1.152621746,1.152121782,80812,77174,161624,msdoor
115,128,8,1.343997717,1.152078390,80812,77174,161624,msdoor
115,128,9,1.534003019,1.342077732,80812,77174,161624,msdoor
50,128,0,1.743995190,1.743124723,80763,77056,161526,msdoor
50,128,1,1.848997593,1.843115568,80763,77056,161526,msdoor
50,128,2,1.978994131,1.977080107,80763,77056,161526,msdoor
50,128,3,1.856993914,1.853055954,80763,77056,161526,msdoor
50,128,4,1.576992750,1.571118116,80763,77056,161526,msdoor
50,128,5,2.089992762,1.842087507,80763,77056,161526,msdoor
50,128,6,2.126996756,2.121093035,80763,77056,161526,msdoor
50,128,7,1.856959820,1.847034693,80763,77056,161526,msdoor
50,128,8,1.570998192,1.567107201,80763,77056,161526,msdoor
50,128,9,2.120005846,2.115350723,80763,77056,161526,msdoor
0,128,0,1.725369692,1.722022533,79377,75744,158754,msdoor
0,128,1,1.727535963,1.725992918,79377,75744,158754,msdoor
0,128,2,1.905984163,1.724085808,79377,75744,158754,msdoor
0,128,3,1.728972673,1.728058577,79377,75744,158754,msdoor
0,128,4,1.730558395,1.730040073,79377,75744,158754,msdoor
0,128,5,1.919982910,1.728082895,79377,75744,158754,msdoor
0,128,6,2.113987684,1.923077106,79377,75744,158754,msdoor
0,128,7,1.919533253,1.919025660,79377,75744,158754,msdoor
0,128,8,1.912966967,1.721041441,79377,75744,158754,msdoor
0,128,9,2.105985165,1.914063215,79377,75744,158754,msdoor
32,128,0,1.770980835,1.766144514,79807,76167,159614,msdoor
32,128,1,1.757660627,1.757348776,79807,76167,159614,msdoor
32,128,2,1.762992382,1.760021448,79807,76167,159614,msdoor
32,128,3,2.114995480,2.112029791,79807,76167,159614,msdoor
32,128,4,1.769989014,1.767020702,79807,76167,159614,msdoor
32,128,5,1.762015820,1.756024361,79807,76167,159614,msdoor
32,128,6,1.765993357,1.760029554,79807,76167,159614,msdoor
32,128,7,1.762990236,1.760020494,79807,76167,159614,msdoor
32,128,8,1.769996405,1.767021179,79807,76167,159614,msdoor
32,128,9,1.766990662,1.763586998,79807,76167,159614,msdoor
94,128,0,1.313988686,1.312018394,81190,77536,162380,msdoor
94,128,1,1.313994169,1.312070847,81190,77536,162380,msdoor
94,128,2,1.586980581,1.586002350,81190,77536,162380,msdoor
94,128,3,1.324995518,1.323075056,81190,77536,162380,msdoor
94,128,4,1.322990656,1.315076828,81190,77536,162380,msdoor
94,128,5,1.595967770,1.587073565,81190,77536,162380,msdoor
94,128,6,1.854991674,1.854067802,81190,77536,162380,msdoor
94,128,7,1.587994576,1.587124109,81190,77536,162380,msdoor
94,128,8,1.583995104,1.583073854,81190,77536,162380,msdoor
94,128,9,1.950035095,1.856093168,81190,77536,162380,msdoor
114,128,0,1.535692930,1.535052538,80337,76703,160674,msdoor
114,128,1,1.538619757,1.538039446,80337,76703,160674,msdoor
114,128,2,1.732992887,1.536056280,80337,76703,160674,msdoor
114,128,3,1.729994297,1.535073280,80337,76703,160674,msdoor
114,128,4,1.345004797,1.344099283,80337,76703,160674,msdoor
114,128,5,1.727997065,1.536050558,80337,76703,160674,msdoor
114,128,6,1.853994131,1.663066149,80337,76703,160674,msdoor
114,128,7,1.345613956,1.344109297,80337,76703,160674,msdoor
114,128,8,1.538002968,1.346067429,80337,76703,160674,msdoor
114,128,9,1.725999594,1.534067631,80337,76703,160674,msdoor
22,128,0,1.534995794,1.343105793,80533,76911,161066,msdoor
22,128,1,1.346617460,1.346050501,80533,76911,161066,msdoor
22,128,2,1.726002693,1.536059380,80533,76911,161066,msdoor
22,128,3,1.536579847,1.536080599,80533,76911,161066,msdoor
22,128,4,1.536583900,1.536049604,80533,76911,161066,msdoor
22,128,5,1.728003502,1.536069632,80533,76911,161066,msdoor
22,128,6,1.921998024,1.731050491,80533,76911,161066,msdoor
22,128,7,1.728571653,1.728055239,80533,76911,161066,msdoor
22,128,8,1.725997210,1.534045935,80533,76911,161066,msdoor
22,128,9,1.917998314,1.726057053,80533,76911,161066,msdoor
35,128,0,1.418988466,1.414130211,81032,77391,162064,msdoor
35,128,1,1.407799006,1.405357838,81032,77391,162064,msdoor
35,128,2,1.410981894,1.408013344,81032,77391,162064,msdoor
35,128,3,1.762991428,1.760027409,81032,77391,162064,msdoor
35,128,4,1.417993069,1.415020943,81032,77391,162064,msdoor
35,128,5,1.409995556,1.404021025,81032,77391,162064,msdoor
35,128,6,1.413993359,1.408024549,81032,77391,162064,msdoor
35,128,7,1.410998106,1.408018589,81032,77391,162064,msdoor
35,128,8,1.417995453,1.415032625,81032,77391,162064,msdoor
35,128,9,1.414987803,1.411075115,81032,77391,162064,msdoor
103,128,0,1.157845497,1.155074596,81745,78096,163490,msdoor
103,128,1,1.044126272,1.042097330,81745,78096,163490,msdoor
103,128,2,1.338000298,1.152107477,81745,78096,163490,msdoor
103,128,3,1.346546412,1.346039534,81745,78096,163490,msdoor
103,128,4,1.152997971,1.152045250,81745,78096,163490,msdoor
103,128,5,1.344005585,1.152109623,81745,78096,163490,msdoor
103,128,6,1.531996012,1.341090202,81745,78096,163490,msdoor
103,128,7,1.148649931,1.148152590,81745,78096,163490,msdoor
103,128,8,1.343999863,1.152091503,81745,78096,163490,msdoor
103,128,9,1.725999355,1.534084558,81745,78096,163490,msdoor
101,128,0,1.343793631,1.343162298,80797,77172,161594,msdoor
101,128,1,1.348404169,1.346106052,80797,77172,161594,msdoor
101,128,2,1.525990725,1.340122700,80797,77172,161594,msdoor
101,128,3,1.346554995,1.346049547,80797,77172,161594,msdoor
101,128,4,1.152881384,1.152044296,80797,77172,161594,msdoor
101,128,5,1.152626991,1.152114630,80797,77172,161594,msdoor
101,128,6,1.535997868,1.345114470,80797,77172,161594,msdoor
101,128,7,1.348643541,1.348151684,80797,77172,161594,msdoor
101,128,8,1.534002781,1.342091322,80797,77172,161594,msdoor
101,128,9,1.726000547,1.534080744,80797,77172,161594,msdoor
76,128,0,1.603969336,1.601145506,79820,76047,159640,msdoor
76,128,1,1.592984200,1.590099096,79820,76047,159640,msdoor
76,128,2,1.840993404,1.839137077,79820,76047,159640,msdoor
76,128,3,1.853996754,1.852078676,79820,76047,159640,msdoor
76,128,4,1.845058680,1.843063354,79820,76047,159640,msdoor
76,128,5,2.106987476,1.843121052,79820,76047,159640,msdoor
76,128,6,2.117999792,1.854164362,79820,76047,159640,msdoor
76,128,7,1.909658194,1.909066200,79820,76047,159640,msdoor
76,128,8,1.847376585,1.847048998,79820,76047,159640,msdoor
76,128,9,1.843810320,1.841831923,79820,76047,159640,msdoor
64,128,0,1.853988647,1.847056627,80513,76782,161026,msdoor
64,128,1,1.815991640,1.812109232,80513,76782,161026,msdoor
64,128,2,1.840989590,1.839059353,80513,76782,161026,msdoor
64,128,3,1.995995998,1.732076406,80513,76782,161026,msdoor
64,128,4,1.581995726,1.576075315,80513,76782,161026,msdoor
64,128,5,1.733992338,1.725096703,80513,76782,161026,msdoor
64,128,6,2.110990763,2.105102301,80513,76782,161026,msdoor
64,128,7,1.735997200,1.732070446,80513,76782,161026,msdoor
64,128,8,1.602839470,1.600084782,80513,76782,161026,msdoor
64,128,9,2.108995676,2.104148388,80513,76782,161026,msdoor
4,128,0,1.535587549,1.534847498,79723,76076,159446,msdoor
4,128,1,1.534683943,1.534071922,79723,76076,159446,msdoor
4,128,2,1.913978338,1.724061012,79723,76076,159446,msdoor
4,128,3,1.728580236,1.728062153,79723,76076,159446,msdoor
4,128,4,1.925999641,1.734061718,79723,76076,159446,msdoor
4,128,5,1.920008183,1.728082895,79723,76076,159446,msdoor
4,128,6,2.109992743,1.919066668,79723,76076,159446,msdoor
4,128,7,1.729538441,1.727087975,79723,76076,159446,msdoor
4,128,8,1.917002678,1.725057840,79723,76076,159446,msdoor
4,128,9,2.110000134,1.918064594,79723,76076,159446,msdoor
96,128,0,1.535715580,1.535181522,80438,76802,160876,msdoor
96,128,1,1.540681124,1.538104057,80438,76802,160876,msdoor
96,128,2,1.729997396,1.540119886,80438,76802,160876,msdoor
96,128,3,1.535236835,1.534680843,80438,76802,160876,msdoor
96,128,4,1.532996178,1.532042503,80438,76802,160876,msdoor
96,128,5,1.728005171,1.536112070,80438,76802,160876,msdoor
96,128,6,1.913996696,1.723099470,80438,76802,160876,msdoor
96,128,7,1.543495417,1.540203094,80438,76802,160876,msdoor
96,128,8,1.725987434,1.534056664,80438,76802,160876,msdoor
96,128,9,1.917989969,1.726076126,80438,76802,160876,msdoor
72,128,0,1.845836163,1.843035936,79643,75849,159286,msdoor
72,128,1,1.910952330,1.909010172,79643,75849,159286,msdoor
72,128,2,2.114959717,2.114037037,79643,75849,159286,msdoor
72,128,3,1.842973232,1.841115236,79643,75849,159286,msdoor
72,128,4,1.942924261,1.942024469,79643,75849,159286,msdoor
72,128,5,1.859955311,1.851109982,79643,75849,159286,msdoor
72,128,6,1.854965687,1.854138851,79643,75849,159286,msdoor
72,128,7,1.841957569,1.832088947,79643,75849,159286,msdoor
72,128,8,1.859965563,1.858041048,79643,75849,159286,msdoor
72,128,9,2.083926201,1.855894804,79643,75849,159286,msdoor
3,128,0,1.343678951,1.343067408,81318,77682,162636,msdoor
3,128,1,1.343832731,1.342010260,81318,77682,162636,msdoor
3,128,2,1.340683699,1.340088367,81318,77682,162636,msdoor
3,128,3,1.678000212,1.535054684,81318,77682,162636,msdoor
3,128,4,1.542001724,1.540048599,81318,77682,162636,msdoor
3,128,5,1.727996111,1.536065817,81318,77682,162636,msdoor
3,128,6,1.913997889,1.723068237,81318,77682,162636,msdoor
3,128,7,1.542995214,1.540091276,81318,77682,162636,msdoor
3,128,8,1.726000309,1.534070492,81318,77682,162636,msdoor
3,128,9,1.913996220,1.722070217,81318,77682,162636,msdoor
56,128,0,1.580397844,1.580111980,80218,76504,160436,msdoor
56,128,1,1.580982447,1.577134132,80218,76504,160436,msdoor
56,128,2,1.818988562,1.817070961,80218,76504,160436,msdoor
56,128,3,1.768996000,1.760061264,80218,76504,160436,msdoor
56,128,4,1.862998247,1.855058193,80218,76504,160436,msdoor
56,128,5,1.841994286,1.833130121,80218,76504,160436,msdoor
56,128,6,2.303996325,2.301065683,80218,76504,160436,msdoor
56,128,7,1.593699694,1.589131117,80218,76504,160436,msdoor
56,128,8,1.581994295,1.578105688,80218,76504,160436,msdoor
56,128,9,2.102987289,2.099930525,80218,76504,160436,msdoor
38,128,0,1.404525757,1.403120995,80201,76536,160402,msdoor
38,128,1,1.405656815,1.405354500,80201,76536,160402,msdoor
38,128,2,1.410989523,1.408025026,80201,76536,160402,msdoor
38,128,3,1.761281729,1.760020733,80201,76536,160402,msdoor
38,128,4,1.416455507,1.415017128,80201,76536,160402,msdoor
38,128,5,1.409988403,1.404013872,80201,76536,160402,msdoor
38,128,6,1.413227558,1.408006430,80201,76536,160402,msdoor
38,128,7,1.408936501,1.408016920,80201,76536,160402,msdoor
38,128,8,1.416560650,1.415022850,80201,76536,160402,msdoor
38,128,9,1.413037777,1.411044598,80201,76536,160402,msdoor
110,128,0,1.347697973,1.347059488,80555,76888,161110,msdoor
110,128,1,1.155431032,1.154127359,80555,76888,161110,msdoor
110,128,2,1.549001455,1.348046780,80555,76888,161110,msdoor
110,128,3,1.351865292,1.348090172,80555,76888,161110,msdoor
110,128,4,1.154158354,1.153536558,80555,76888,161110,msdoor
110,128,5,1.536000967,1.344071388,80555,76888,161110,msdoor
110,128,6,1.726995230,1.536053658,80555,76888,161110,msdoor
110,128,7,1.531993151,1.340123653,80555,76888,161110,msdoor
110,128,8,1.533996582,1.342040539,80555,76888,161110,msdoor
110,128,9,1.726002455,1.534060240,80555,76888,161110,msdoor
15,128,0,0.961418152,0.959098339,80982,77314,161964,msdoor
15,128,1,0.959712744,0.958052397,80982,77314,161964,msdoor
15,128,2,1.348995686,1.152061701,80982,77314,161964,msdoor
15,128,3,1.349998474,1.152066469,80982,77314,161964,msdoor
15,128,4,0.962227345,0.961658955,80982,77314,161964,msdoor
15,128,5,1.344004393,1.152050018,80982,77314,161964,msdoor
15,128,6,1.532003403,1.341048241,80982,77314,161964,msdoor
15,128,7,1.343999863,1.152059078,80982,77314,161964,msdoor
15,128,8,1.343996763,1.152050495,80982,77314,161964,msdoor
15,128,9,1.534010887,1.342067719,80982,77314,161964,msdoor
66,128,0,1.740994930,1.738993883,81217,77396,162434,msdoor
66,128,1,1.578994751,1.575127602,81217,77396,162434,msdoor
66,128,2,1.464998484,1.457100391,81217,77396,162434,msdoor
66,128,3,1.559997559,1.551083326,81217,77396,162434,msdoor
66,128,4,1.515998363,1.510083437,81217,77396,162434,msdoor
66,128,5,2.136003017,1.866059780,81217,77396,162434,msdoor
66,128,6,1.908989191,1.901101589,81217,77396,162434,msdoor
66,128,7,1.583992243,1.580083847,81217,77396,162434,msdoor
66,128,8,1.581989288,1.578056574,81217,77396,162434,msdoor
66,128,9,1.923029900,1.807121754,81217,77396,162434,msdoor
117,128,0,1.344388247,1.343055248,80190,76531,160380,msdoor
117,128,1,1.346594810,1.346053839,80190,76531,160380,msdoor
117,128,2,1.540996790,1.344065189,80190,76531,160380,msdoor
117,128,3,1.541999578,1.344077349,80190,76531,160380,msdoor
117,128,4,1.155000925,1.152096510,80190,76531,160380,msdoor
117,128,5,1.536002874,1.344060898,80190,76531,160380,msdoor
117,128,6,1.730995178,1.540057898,80190,76531,160380,msdoor
117,128,7,1.343995094,1.152088404,80190,76531,160380,msdoor
117,128,8,0.964651585,0.964145660,80190,76531,160380,msdoor
117,128,9,1.534000635,1.342073679,80190,76531,160380,msdoor
99,128,0,1.343784809,1.343151093,81874,78234,163748,msdoor
99,128,1,1.346600771,1.346064329,81874,78234,163748,msdoor
99,128,2,1.541002035,1.344106436,81874,78234,163748,msdoor
99,128,3,1.541998386,1.344146967,81874,78234,163748,msdoor
99,128,4,1.343999147,1.152156353,81874,78234,163748,msdoor
99,128,5,1.540005207,1.348075390,81874,78234,163748,msdoor
99,128,6,1.731000185,1.540074348,81874,78234,163748,msdoor
99,128,7,1.536000252,1.344155550,81874,78234,163748,msdoor
99,128,8,1.533995867,1.342060566,81874,78234,163748,msdoor
99,128,9,1.725999832,1.534070730,81874,78234,163748,msdoor
34,128,0,2.117990255,1.766003847,80725,77097,161450,msdoor
34,128,1,1.759984970,1.757021189,80725,77097,161450,msdoor
34,128,2,1.408669710,1.408370972,80725,77097,161450,msdoor
34,128,3,1.760642290,1.760327101,80725,77097,161450,msdoor
34,128,4,1.404655933,1.404357433,80725,77097,161450,msdoor
34,128,5,1.408683062,1.408349276,80725,77097,161450,msdoor
34,128,6,1.775991678,1.771021128,80725,77097,161450,msdoor
34,128,7,1.763101101,1.760018826,80725,77097,161450,msdoor
34,128,8,1.771374702,1.767059326,80725,77097,161450,msdoor
34,128,9,1.769109726,1.765329361,80725,77097,161450,msdoor
21,128,0,1.348244667,1.347079515,80012,76375,160024,msdoor
21,128,1,1.344512939,1.342044353,80012,76375,160024,msdoor
21,128,2,1.736001253,1.540054083,80012,76375,160024,msdoor
21,128,3,1.725997210,1.534048796,80012,76375,160024,msdoor
21,128,4,1.346004009,1.344070911,80012,76375,160024,msdoor
21,128,5,1.728000402,1.536051989,80012,76375,160024,msdoor
21,128,6,1.882000923,1.691054821,80012,76375,160024,msdoor
21,128,7,1.728001118,1.536057472,80012,76375,160024,msdoor
21,128,8,1.726000309,1.534050226,80012,76375,160024,msdoor
21,128,9,1.926004648,1.734063148,80012,76375,160024,msdoor
51,128,0,1.585988283,1.579077244,81599,77861,163198,msdoor
51,128,1,1.852997065,1.843060255,81599,77861,163198,msdoor
51,128,2,1.862996817,1.861117601,81599,77861,163198,msdoor
51,128,3,1.582996368,1.579075098,81599,77861,163198,msdoor
51,128,4,1.328995705,1.323138475,81599,77861,163198,msdoor
51,128,5,1.495999575,1.487154245,81599,77861,163198,msdoor
51,128,6,1.843834162,1.843532562,81599,77861,163198,msdoor
51,128,7,1.583982944,1.580098867,81599,77861,163198,msdoor
51,128,8,1.323992729,1.320096016,81599,77861,163198,msdoor
51,128,9,2.100562811,2.099166632,81599,77861,163198,msdoor
5,128,0,1.536186934,1.535044909,80413,76768,160826,msdoor
5,128,1,1.536002398,1.534008026,80413,76768,160826,msdoor
5,128,2,1.718003511,1.536094427,80413,76768,160826,msdoor
5,128,3,1.732002497,1.730055571,80413,76768,160826,msdoor
5,128,4,1.537001610,1.536051989,80413,76768,160826,msdoor
5,128,5,1.734460115,1.732053757,80413,76768,160826,msdoor
5,128,6,1.914995909,1.723064184,80413,76768,160826,msdoor
5,128,7,1.920009375,1.728060007,80413,76768,160826,msdoor
5,128,8,1.729562998,1.729062557,80413,76768,160826,msdoor
5,128,9,2.070004225,1.878067017,80413,76768,160826,msdoor
14,128,0,1.151740313,1.151106358,80888,77239,161776,msdoor
14,128,1,1.154630184,1.154042482,80888,77239,161776,msdoor
14,128,2,1.540997028,1.344050884,80888,77239,161776,msdoor
14,128,3,1.537998438,1.343070745,80888,77239,161776,msdoor
14,128,4,1.344000816,1.152085543,80888,77239,161776,msdoor
14,128,5,1.535999298,1.344047785,80888,77239,161776,msdoor
14,128,6,1.731001377,1.540047646,80888,77239,161776,msdoor
14,128,7,1.535994768,1.344049454,80888,77239,161776,msdoor
14,128,8,1.344002724,1.342047215,80888,77239,161776,msdoor
14,128,9,1.730001688,1.538052797,80888,77239,161776,msdoor
25,128,0,1.756006479,1.755164862,81299,77670,162598,msdoor
25,128,1,1.758990288,1.757138491,81299,77670,162598,msdoor
25,128,2,1.765181065,1.760017395,81299,77670,162598,msdoor
25,128,3,1.760645628,1.760326147,81299,77670,162598,msdoor
25,128,4,1.767991304,1.767007351,81299,77670,162598,msdoor
25,128,5,1.768799782,1.767017841,81299,77670,162598,msdoor
25,128,6,1.764991760,1.760010719,81299,77670,162598,msdoor
25,128,7,1.762994051,1.760012150,81299,77670,162598,msdoor
25,128,8,1.770995378,1.767013550,81299,77670,162598,msdoor
25,128,9,1.769011736,1.765208960,81299,77670,162598,msdoor
19,128,0,1.155686378,1.155051708,81378,77742,162756,msdoor
19,128,1,1.345995665,1.154047728,81378,77742,162756,msdoor
19,128,2,1.152675390,1.152077198,81378,77742,162756,msdoor
19,128,3,1.533998728,1.342049360,81378,77742,162756,msdoor
19,128,4,1.343995333,1.152057171,81378,77742,162756,msdoor
19,128,5,1.536002874,1.344054461,81378,77742,162756,msdoor
19,128,6,1.730996132,1.540052652,81378,77742,162756,msdoor
19,128,7,1.535996914,1.344052792,81378,77742,162756,msdoor
19,128,8,1.344001293,1.342060328,81378,77742,162756,msdoor
19,128,9,1.729999065,1.538056374,81378,77742,162756,msdoor
49,128,0,1.582994461,1.580170155,80478,76825,160956,msdoor
49,128,1,1.852996349,1.843083143,80478,76825,160956,msdoor
49,128,2,1.745093584,1.744763613,80478,76825,160956,msdoor
49,128,3,1.851996660,1.843106270,80478,76825,160956,msdoor
49,128,4,1.862996101,1.855071068,80478,76825,160956,msdoor
49,128,5,1.841997623,1.833112478,80478,76825,160956,msdoor
49,128,6,2.082994223,2.077100754,80478,76825,160956,msdoor
49,128,7,1.693989992,1.684072018,80478,76825,160956,msdoor
49,128,8,1.744997501,1.741101027,80478,76825,160956,msdoor
49,128,9,2.078117132,2.077492714,80478,76825,160956,msdoor
17,128,0,1.343652725,1.343081236,80337,76700,160674,msdoor
17,128,1,1.348529577,1.346047163,80337,76700,160674,msdoor
17,128,2,1.732997179,1.536060572,80337,76700,160674,msdoor
17,128,3,1.729998112,1.535072803,80337,76700,160674,msdoor
17,128,4,1.535996199,1.344070911,80337,76700,160674,msdoor
17,128,5,1.728002548,1.536052465,80337,76700,160674,msdoor
17,128,6,1.925999880,1.735052586,80337,76700,160674,msdoor
17,128,7,1.727993011,1.536048412,80337,76700,160674,msdoor
17,128,8,1.536002636,1.534050941,80337,76700,160674,msdoor
17,128,9,1.921998024,1.730056524,80337,76700,160674,msdoor
13,128,0,1.151668787,1.151079178,80378,76733,160756,msdoor
13,128,1,1.158589363,1.158019781,80378,76733,160756,msdoor
13,128,2,1.544994354,1.348048925,80378,76733,160756,msdoor
13,128,3,1.538002014,1.343062639,80378,76733,160756,msdoor
13,128,4,1.153005600,1.152071714,80378,76733,160756,msdoor
13,128,5,1.536001444,1.344051600,80378,76733,160756,msdoor
13,128,6,1.728001356,1.537052631,80378,76733,160756,msdoor
13,128,7,1.535997868,1.344054222,80378,76733,160756,msdoor
13,128,8,1.344001770,1.342052698,80378,76733,160756,msdoor
13,128,9,1.726005554,1.534059048,80378,76733,160756,msdoor
81,128,0,1.570987940,1.568079948,81083,77348,162166,msdoor
81,128,1,1.592966318,1.590066671,81083,77348,162166,msdoor
81,128,2,1.840991497,1.839109898,81083,77348,162166,msdoor
81,128,3,1.637533903,1.637231112,81083,77348,162166,msdoor
81,128,4,1.597997904,1.590120792,81083,77348,162166,msdoor
81,128,5,1.598994017,1.590075970,81083,77348,162166,msdoor
81,128,6,1.568997383,1.568059206,81083,77348,162166,msdoor
81,128,7,1.324992657,1.323117256,81083,77348,162166,msdoor
81,128,8,1.595991850,1.594057560,81083,77348,162166,msdoor
81,128,9,1.852002382,1.581161976,81083,77348,162166,msdoor
48,128,0,1.884953976,1.878048658,80174,76544,160348,msdoor
48,128,1,1.837956429,1.836106539,80174,76544,160348,msdoor
48,128,2,2.099956036,2.098017693,80174,76544,160348,msdoor
48,128,3,1.886972189,1.856112480,80174,76544,160348,msdoor
48,128,4,1.851963758,1.844049215,80174,76544,160348,msdoor
48,128,5,1.885946035,1.877083302,80174,76544,160348,msdoor
48,128,6,2.121938944,2.116081953,80174,76544,160348,msdoor
48,128,7,1.845965862,1.836072683,80174,76544,160348,msdoor
48,128,8,1.585966587,1.578108311,80174,76544,160348,msdoor
48,128,9,2.255718946,2.255028725,80174,76544,160348,msdoor
11,128,0,1.151727915,1.151077986,81366,77725,162732,msdoor
11,128,1,1.155120850,1.154020548,81366,77725,162732,msdoor
11,128,2,1.536993504,1.340054512,81366,77725,162732,msdoor
11,128,3,1.537994385,1.343060255,81366,77725,162732,msdoor
11,128,4,1.153003454,1.152065516,81366,77725,162732,msdoor
11,128,5,1.536003351,1.344061613,81366,77725,162732,msdoor
11,128,6,1.728002310,1.537054062,81366,77725,162732,msdoor
11,128,7,1.535998583,1.344053984,81366,77725,162732,msdoor
11,128,8,1.344001770,1.342057943,81366,77725,162732,msdoor
11,128,9,1.922005892,1.730052948,81366,77725,162732,msdoor
40,128,0,2.106976271,1.755080462,79517,75844,159034,msdoor
40,128,1,1.770982981,1.768109083,79517,75844,159034,msdoor
40,128,2,1.764990807,1.760021448,79517,75844,159034,msdoor
40,128,3,2.112325668,2.112015247,79517,75844,159034,msdoor
40,128,4,1.756376028,1.756025791,79517,75844,159034,msdoor
40,128,5,1.768104792,1.767025709,79517,75844,159034,msdoor
40,128,6,1.763169289,1.760012865,79517,75844,159034,msdoor
40,128,7,1.763949871,1.760017872,79517,75844,159034,msdoor
40,128,8,1.759467363,1.756018162,79517,75844,159034,msdoor
40,128,9,1.755675793,1.753975868,79517,75844,159034,msdoor
67,128,0,1.578315258,1.578003645,81753,77938,163506,msdoor
67,128,1,1.507007599,1.497077465,81753,77938,163506,msdoor
67,128,2,1.315991402,1.308110237,81753,77938,163506,msdoor
67,128,3,1.312994957,1.304073572,81753,77938,163506,msdoor
67,128,4,1.582000017,1.574067831,81753,77938,163506,msdoor
67,128,5,1.600998878,1.592102766,81753,77938,163506,msdoor
67,128,6,1.853994131,1.848103523,81753,77938,163506,msdoor
67,128,7,1.583995819,1.580093384,81753,77938,163506,msdoor
67,128,8,1.581999540,1.578090668,81753,77938,163506,msdoor
67,128,9,1.870003462,1.600140572,81753,77938,163506,msdoor
31,128,0,1.754987717,1.403077364,81073,77437,162146,msdoor
31,128,1,1.418985605,1.416094780,81073,77437,162146,msdoor
31,128,2,1.412986279,1.408004045,81073,77437,162146,msdoor
31,128,3,1.760374069,1.760058880,81073,77437,162146,msdoor
31,128,4,1.756354094,1.756029606,81073,77437,162146,msdoor
31,128,5,1.415558815,1.415011644,81073,77437,162146,msdoor
31,128,6,1.413110256,1.408012152,81073,77437,162146,msdoor
31,128,7,1.411835194,1.408012629,81073,77437,162146,msdoor
31,128,8,1.407147646,1.404013634,81073,77437,162146,msdoor
31,128,9,1.397076130,1.393059969,81073,77437,162146,msdoor
46,128,0,1.404988050,1.403538942,81099,77438,162198,msdoor
46,128,1,1.760873079,1.757016659,81099,77438,162198,msdoor
46,128,2,1.410987139,1.408038378,81099,77438,162198,msdoor
46,128,3,1.408727884,1.408026695,81099,77438,162198,msdoor
46,128,4,1.417994261,1.415050268,81099,77438,162198,msdoor
46,128,5,1.409994602,1.404039383,81099,77438,162198,msdoor
46,128,6,1.413960695,1.408010960,81099,77438,162198,msdoor
46,128,7,1.410004616,1.407953024,81099,77438,162198,msdoor
46,128,8,1.406101465,1.404009342,81099,77438,162198,msdoor
46,128,9,1.374995232,1.371556520,81099,77438,162198,msdoor
45,128,0,1.767992496,1.766010046,80251,76585,160502,msdoor
45,128,1,1.759944439,1.756982088,80251,76585,160502,msdoor
45,128,2,1.410997868,1.408054113,80251,76585,160502,msdoor
45,128,3,1.761995316,1.760012627,80251,76585,160502,msdoor
45,128,4,1.409991264,1.408062220,80251,76585,160502,msdoor
45,128,5,1.418048143,1.415016174,80251,76585,160502,msdoor
45,128,6,1.412989378,1.408005238,80251,76585,160502,msdoor
45,128,7,1.412044764,1.408011198,80251,76585,160502,msdoor
45,128,8,1.406937838,1.403960228,80251,76585,160502,msdoor
45,128,9,1.419384003,1.415027142,80251,76585,160502,msdoor
77,128,0,1.570990324,1.568080425,80505,76799,161010,msdoor
77,128,1,1.592998981,1.590078115,80505,76799,161010,msdoor
77,128,2,1.851472378,1.850083590,80505,76799,161010,msdoor
77,128,3,1.853641510,1.852052450,80505,76799,161010,msdoor
77,128,4,1.597989798,1.590131998,80505,76799,161010,msdoor
77,128,5,1.859992504,1.854078054,80505,76799,161010,msdoor
77,128,6,1.843998432,1.843101263,80505,76799,161010,msdoor
77,128,7,1.855997324,1.854070187,80505,76799,161010,msdoor
77,128,8,1.572995424,1.572112560,80505,76799,161010,msdoor
77,128,9,1.855643988,1.583148241,80505,76799,161010,msdoor
54,128,0,1.734996080,1.728095531,80510,76797,161020,msdoor
54,128,1,1.586900949,1.586581945,80510,76797,161020,msdoor
54,128,2,1.862991571,1.861064434,80510,76797,161020,msdoor
54,128,3,1.812998295,1.809068918,80510,76797,161020,msdoor
54,128,4,1.308991432,1.303109884,80510,76797,161020,msdoor
54,128,5,1.826917887,1.578092813,80510,76797,161020,msdoor
54,128,6,2.126990557,2.121090412,80510,76797,161020,msdoor
54,128,7,1.522991896,1.519069433,80510,76797,161020,msdoor
54,128,8,1.208998442,1.201136589,80510,76797,161020,msdoor
54,128,9,2.065991163,1.803095102,80510,76797,161020,msdoor
95,128,0,1.049989939,1.048068762,81791,78144,163582,msdoor
95,128,1,1.050854683,1.048062801,81791,78144,163582,msdoor
95,128,2,1.320989370,1.320019007,81791,78144,163582,msdoor
95,128,3,1.059392214,1.059086323,81791,78144,163582,msdoor
95,128,4,1.066993952,1.059087515,81791,78144,163582,msdoor
95,128,5,1.323448420,1.323132992,81791,78144,163582,msdoor
95,128,6,1.843988657,1.843052864,81791,78144,163582,msdoor
95,128,7,1.587413788,1.587098360,81791,78144,163582,msdoor
95,128,8,1.572998047,1.572070122,81791,78144,163582,msdoor
95,128,9,2.124001503,1.850084305,81791,78144,163582,msdoor
63,128,0,1.531995296,1.530115128,81639,77880,163278,msdoor
63,128,1,1.058989763,1.055107594,81639,77880,163278,msdoor
63,128,2,1.310996532,1.309063435,81639,77880,163278,msdoor
63,128,3,1.323997259,1.323111057,81639,77880,163278,msdoor
63,128,4,1.330953360,1.325029612,81639,77880,163278,msdoor
63,128,5,1.599990606,1.330051661,81639,77880,163278,msdoor
63,128,6,1.570987701,1.568056107,81639,77880,163278,msdoor
63,128,7,1.310813189,1.310500145,81639,77880,163278,msdoor
63,128,8,1.057997227,1.048115492,81639,77880,163278,msdoor
63,128,9,1.879039764,1.616101742,81639,77880,163278,msdoor
73,128,0,1.844988108,1.843056679,80412,76622,160824,msdoor
73,128,1,1.844995737,1.843072176,80412,76622,160824,msdoor
73,128,2,1.850987196,1.850073099,80412,76622,160824,msdoor
73,128,3,1.849352598,1.849030972,80412,76622,160824,msdoor
73,128,4,1.597990990,1.590129375,80412,76622,160824,msdoor
73,128,5,1.862992764,1.854063034,80412,76622,160824,msdoor
73,128,6,2.106986046,1.843076944,80412,76622,160824,msdoor
73,128,7,1.854381561,1.854060411,80412,76622,160824,msdoor
73,128,8,1.574764967,1.572098255,80412,76622,160824,msdoor
73,128,9,2.125665188,1.850124598,80412,76622,160824,msdoor
70,128,0,1.787330389,1.787004709,80120,76325,160240,msdoor
70,128,1,1.836004257,1.578056574,80120,76325,160240,msdoor
70,128,2,1.585993767,1.308076620,80120,76325,160240,msdoor
70,128,3,1.583999395,1.320054531,80120,76325,160240,msdoor
70,128,4,1.063002586,1.055087566,80120,76325,160240,msdoor
70,128,5,1.919997454,1.597072124,80120,76325,160240,msdoor
70,128,6,2.103994846,1.849073172,80120,76325,160240,msdoor
70,128,7,1.848037720,1.590069532,80120,76325,160240,msdoor
70,128,8,1.597995043,1.333091497,80120,76325,160240,msdoor
70,128,9,2.099000692,1.847632408,80120,76325,160240,msdoor
0,1,0,0.006323338,0.000002384,2903837,0,5807674,tmt_sym
0,1,1,0.005023718,0.000000954,2903837,0,5807674,tmt_sym
0,1,2,0.004688025,0.000000477,2903837,0,5807674,tmt_sym
0,1,3,0.004505396,0.000000477,2903837,0,5807674,tmt_sym
0,1,4,0.004408598,0.000000715,2903837,0,5807674,tmt_sym
0,1,5,0.004358530,0.000000954,2903837,0,5807674,tmt_sym
0,1,6,0.004353762,0.000000715,2903837,0,5807674,tmt_sym
0,1,7,0.004311323,0.000000715,2903837,0,5807674,tmt_sym
0,1,8,0.004300356,0.000000954,2903837,0,5807674,tmt_sym
0,1,9,0.004245043,0.000001192,2903837,0,5807674,tmt_sym
1,2,0,1.182699919,1.174000502,1451661,725736,2903322,tmt_sym
1,2,1,1.182673216,1.174991369,1451661,725736,2903322,tmt_sym
1,2,2,1.171068907,1.163997173,1451661,725736,2903322,tmt_sym
1,2,3,1.177092791,1.170003176,1451661,725736,2903322,tmt_sym
1,2,4,1.167054176,1.159000635,1451661,725736,2903322,tmt_sym
1,2,5,1.176765203,1.169997931,1451661,725736,2903322,tmt_sym
1,2,6,1.176752329,1.169995308,1451661,725736,2903322,tmt_sym
1,2,7,1.201896667,1.179019213,1451661,725736,2903322,tmt_sym
1,2,8,1.177087545,1.169999599,1451661,725736,2903322,tmt_sym
1,2,9,1.177497864,1.169999123,1451661,725736,2903322,tmt_sym
0,2,0,1.208501577,1.200016737,1452176,725992,2904352,tmt_sym
0,2,1,1.198085546,1.191503048,1452176,725992,2904352,tmt_sym
0,2,2,1.189706802,1.183409452,1452176,725992,2904352,tmt_sym
0,2,3,1.195923328,1.189694881,1452176,725992,2904352,tmt_sym
0,2,4,1.185175180,1.178761244,1452176,725992,2904352,tmt_sym
0,2,5,1.195542574,1.189576864,1452176,725992,2904352,tmt_sym
0,2,6,1.196083069,1.190022230,1452176,725992,2904352,tmt_sym
0,2,7,1.220913410,1.186179399,1452176,725992,2904352,tmt_sym
0,2,8,1.202045918,1.196001768,1452176,725992,2904352,tmt_sym
0,2,9,1.196166515,1.189952135,1452176,725992,2904352,tmt_sym
3,4,0,0.507703543,0.504068375,725817,453313,1451634,tmt_sym
3,4,1,0.479863644,0.476024389,725817,453313,1451634,tmt_sym
3,4,2,0.535423517,0.532018185,725817,453313,1451634,tmt_sym
3,4,3,0.563064098,0.560014486,725817,453313,1451634,tmt_sym
3,4,4,0.563040495,0.560003519,725817,453313,1451634,tmt_sym
3,4,5,0.562098980,0.559015989,725817,453313,1451634,tmt_sym
3,4,6,0.563257933,0.560029268,725817,453313,1451634,tmt_sym
3,4,7,0.507418394,0.504010916,725817,453313,1451634,tmt_sym
3,4,8,0.507740974,0.504008532,725817,453313,1451634,tmt_sym
3,4,9,0.563368082,0.560024977,725817,453313,1451634,tmt_sym
1,4,0,0.480468512,0.476029873,725844,453588,1451688,tmt_sym
1,4,1,0.535490990,0.532022715,725844,453588,1451688,tmt_sym
1,4,2,0.535228491,0.532027483,725844,453588,1451688,tmt_sym
1,4,3,0.535381794,0.532013893,725844,453588,1451688,tmt_sym
1,4,4,0.563420773,0.560005665,725844,453588,1451688,tmt_sym
1,4,5,0.569651127,0.566018820,725844,453588,1451688,tmt_sym
1,4,6,0.590982914,0.588036299,725844,453588,1451688,tmt_sym
1,4,7,0.619116068,0.616058588,725844,453588,1451688,tmt_sym
1,4,8,0.563154697,0.560048819,725844,453588,1451688,tmt_sym
1,4,9,0.591054916,0.588032246,725844,453588,1451688,tmt_sym
2,4,0,0.535493612,0.532055378,726056,453802,1452112,tmt_sym
2,4,1,0.507216692,0.504035234,726056,453802,1452112,tmt_sym
2,4,2,0.562995911,0.560037851,726056,453802,1452112,tmt_sym
2,4,3,0.563057423,0.560017586,726056,453802,1452112,tmt_sym
2,4,4,0.591024399,0.588017464,726056,453802,1452112,tmt_sym
2,4,5,0.617954493,0.615033627,726056,453802,1452112,tmt_sym
2,4,6,0.535010815,0.532028675,726056,453802,1452112,tmt_sym
2,4,7,0.591458321,0.588022947,726056,453802,1452112,tmt_sym
2,4,8,0.534942150,0.532027721,726056,453802,1452112,tmt_sym
2,4,9,0.591021538,0.588045120,726056,453802,1452112,tmt_sym
0,4,0,0.507905960,0.504076242,726120,453905,1452240,tmt_sym
0,4,1,0.563502789,0.560047150,726120,453905,1452240,tmt_sym
0,4,2,0.563152075,0.560046196,726120,453905,1452240,tmt_sym
0,4,3,0.590981483,0.588023901,726120,453905,1452240,tmt_sym
0,4,4,0.615979671,0.613030672,726120,453905,1452240,tmt_sym
0,4,5,0.607936621,0.605065584,726120,453905,1452240,tmt_sym
0,4,6,0.535500765,0.532076836,726120,453905,1452240,tmt_sym
0,4,7,0.535176516,0.532023191,726120,453905,1452240,tmt_sym
0,4,8,0.535738230,0.532032251,726120,453905,1452240,tmt_sym
0,4,9,0.619026661,0.616048574,726120,453905,1452240,tmt_sym
3,8,0,0.161903381,0.160122633,362540,249164,725080,tmt_sym
3,8,1,0.226284027,0.224009991,362540,249164,725080,tmt_sym
3,8,2,0.129806042,0.128067732,362540,249164,725080,tmt_sym
3,8,3,0.194694042,0.192012072,362540,249164,725080,tmt_sym
3,8,4,0.225661993,0.224079847,362540,249164,725080,tmt_sym
3,8,5,0.129791498,0.128093481,362540,249164,725080,tmt_sym
3,8,6,0.258198738,0.256042719,362540,249164,725080,tmt_sym
3,8,7,0.129868984,0.128094673,362540,249164,725080,tmt_sym
3,8,8,0.161806822,0.160079241,362540,249164,725080,tmt_sym
3,8,9,0.130866766,0.129096746,362540,249164,725080,tmt_sym
1,8,0,0.193849087,0.192036629,363031,249543,726062,tmt_sym
1,8,1,0.225884199,0.224054337,363031,249543,726062,tmt_sym
1,8,2,0.161692858,0.160054922,363031,249543,726062,tmt_sym
1,8,3,0.193827152,0.192056894,363031,249543,726062,tmt_sym
1,8,4,0.225735903,0.224068880,363031,249543,726062,tmt_sym
1,8,5,0.193717003,0.192041397,363031,249543,726062,tmt_sym
1,8,6,0.258424759,0.256057024,363031,249543,726062,tmt_sym
1,8,7,0.194413185,0.192054987,363031,249543,726062,tmt_sym
1,8,8,0.161825895,0.160054922,363031,249543,726062,tmt_sym
1,8,9,0.161875486,0.160063267,363031,249543,726062,tmt_sym
2,8,0,0.194802999,0.192084551,363275,247632,726550,tmt_sym
2,8,1,0.194216013,0.192105293,363275,247632,726550,tmt_sym
2,8,2,0.191994905,0.160050154,363275,247632,726550,tmt_sym
2,8,3,0.223994255,0.192079306,363275,247632,726550,tmt_sym
2,8,4,0.257645130,0.256038189,363275,247632,726550,tmt_sym
2,8,5,0.161799192,0.160090923,363275,247632,726550,tmt_sym
2,8,6,0.225847244,0.224056721,363275,247632,726550,tmt_sym
2,8,7,0.161858559,0.160109997,363275,247632,726550,tmt_sym
2,8,8,0.193618536,0.192047834,363275,247632,726550,tmt_sym
2,8,9,0.160906553,0.159086704,363275,247632,726550,tmt_sym
7,8,0,0.226296425,0.224012375,363277,249681,726554,tmt_sym
7,8,1,0.194022179,0.192013025,363277,249681,726554,tmt_sym
7,8,2,0.131583691,0.128058195,363277,249681,726554,tmt_sym
7,8,3,0.162939548,0.160063267,363277,249681,726554,tmt_sym
7,8,4,0.193891287,0.192255497,363277,249681,726554,tmt_sym
7,8,5,0.130996704,0.128071070,363277,249681,726554,tmt_sym
7,8,6,0.193741322,0.192011356,363277,249681,726554,tmt_sym
7,8,7,0.161549091,0.160009623,363277,249681,726554,tmt_sym
7,8,8,0.193633318,0.192016602,363277,249681,726554,tmt_sym
7,8,9,0.125998497,0.123092890,363277,249681,726554,tmt_sym
0,8,0,0.319992781,0.288029432,362930,251661,725860,tmt_sym
0,8,1,0.258825064,0.256016493,362930,251661,725860,tmt_sym
0,8,2,0.195867300,0.192028761,362930,251661,725860,tmt_sym
0,8,3,0.227232695,0.224038839,362930,251661,725860,tmt_sym
0,8,4,0.194149256,0.192134142,362930,251661,725860,tmt_sym
0,8,5,0.257677555,0.256037474,362930,251661,725860,tmt_sym
0,8,6,0.286309958,0.254342794,362930,251661,725860,tmt_sym
0,8,7,0.226204157,0.224025249,362930,251661,725860,tmt_sym
0,8,8,0.285782099,0.253819942,362930,251661,725860,tmt_sym
0,8,9,0.190323591,0.187039852,362930,251661,725860,tmt_sym
6,8,0,0.193894863,0.192053080,362781,247182,725562,tmt_sym
6,8,1,0.193846703,0.192047596,362781,247182,725562,tmt_sym
6,8,2,0.161628246,0.160047531,362781,247182,725562,tmt_sym
6,8,3,0.225709200,0.224062204,362781,247182,725562,tmt_sym
6,8,4,0.226474285,0.224055052,362781,247182,725562,tmt_sym
6,8,5,0.161590815,0.160036325,362781,247182,725562,tmt_sym
6,8,6,0.225607872,0.224050283,362781,247182,725562,tmt_sym
6,8,7,0.161604881,0.160041571,362781,247182,725562,tmt_sym
6,8,8,0.193644285,0.192051888,362781,247182,725562,tmt_sym
6,8,9,0.164590359,0.163051367,362781,247182,725562,tmt_sym
4,8,0,0.162181139,0.160069466,363190,251766,726380,tmt_sym
4,8,1,0.257624149,0.256016016,363190,251766,726380,tmt_sym
4,8,2,0.193554401,0.192047119,363190,251766,726380,tmt_sym
4,8,3,0.225561380,0.224024534,363190,251766,726380,tmt_sym
4,8,4,0.257919550,0.256024599,363190,251766,726380,tmt_sym
4,8,5,0.162080050,0.160066366,363190,251766,726380,tmt_sym
4,8,6,0.257613659,0.256086111,363190,251766,726380,tmt_sym
4,8,7,0.161622524,0.160069704,363190,251766,726380,tmt_sym
4,8,8,0.193905830,0.192050934,363190,251766,726380,tmt_sym
4,8,9,0.198992252,0.167081833,363190,251766,726380,tmt_sym
5,8,0,0.225934505,0.224058390,362813,249458,725626,tmt_sym
5,8,1,0.225653410,0.224057674,362813,249458,725626,tmt_sym
5,8,2,0.191995144,0.160104275,362813,249458,725626,tmt_sym
5,8,3,0.257793903,0.256058216,362813,249458,725626,tmt_sym
5,8,4,0.191988230,0.160091162,362813,249458,725626,tmt_sym
5,8,5,0.161782742,0.160049677,362813,249458,725626,tmt_sym
5,8,6,0.257600546,0.256036997,362813,249458,725626,tmt_sym
5,8,7,0.161612034,0.160062790,362813,249458,725626,tmt_sym
5,8,8,0.255997896,0.224063635,362813,249458,725626,tmt_sym
5,8,9,0.190998316,0.159065008,362813,249458,725626,tmt_sym
1,16,0,0.129271746,0.128065348,181630,131157,363260,tmt_sym
1,16,1,0.129085779,0.128068209,181630,131157,363260,tmt_sym
1,16,2,0.129085302,0.128059149,181630,131157,363260,tmt_sym
1,16,3,0.128979445,0.128062248,181630,131157,363260,tmt_sym
1,16,4,0.195852041,0.192023039,181630,131157,363260,tmt_sym
1,16,5,0.129009724,0.128050089,181630,131157,363260,tmt_sym
1,16,6,0.127948761,0.127066374,181630,131157,363260,tmt_sym
1,16,7,0.128942966,0.128060579,181630,131157,363260,tmt_sym
1,16,8,0.128011942,0.127063036,181630,131157,363260,tmt_sym
1,16,9,0.129977942,0.129063845,181630,131157,363260,tmt_sym
3,16,0,0.129230738,0.128057718,181131,129518,362262,tmt_sym
3,16,1,0.128949404,0.128061533,181131,129518,362262,tmt_sym
3,16,2,0.128865719,0.128040075,181131,129518,362262,tmt_sym
3,16,3,0.128870726,0.128053904,181131,129518,362262,tmt_sym
3,16,4,0.128881693,0.128050566,181131,129518,362262,tmt_sym
3,16,5,0.128825188,0.128051758,181131,129518,362262,tmt_sym
3,16,6,0.128818989,0.128048420,181131,129518,362262,tmt_sym
3,16,7,0.128844976,0.128052711,181131,129518,362262,tmt_sym
3,16,8,0.175763845,0.175023079,181131,129518,362262,tmt_sym
3,16,9,0.129967928,0.129064560,181131,129518,362262,tmt_sym
4,16,0,0.193124294,0.192034006,181624,130619,363248,tmt_sym
4,16,1,0.192934990,0.192027569,181624,130619,363248,tmt_sym
4,16,2,0.192846775,0.192039728,181624,130619,363248,tmt_sym
4,16,3,0.192821264,0.192043781,181624,130619,363248,tmt_sym
4,16,4,0.192803860,0.192036390,181624,130619,363248,tmt_sym
4,16,5,0.257323742,0.256042957,181624,130619,363248,tmt_sym
4,16,6,0.256811619,0.255038261,181624,130619,363248,tmt_sym
4,16,7,0.257441044,0.256031275,181624,130619,363248,tmt_sym
4,16,8,0.260291338,0.259036779,181624,130619,363248,tmt_sym
4,16,9,0.189826727,0.189023018,181624,130619,363248,tmt_sym
9,16,0,0.193108559,0.192015648,181401,131012,362802,tmt_sym
9,16,1,0.128950357,0.128075361,181401,131012,362802,tmt_sym
9,16,2,0.192865133,0.192031622,181401,131012,362802,tmt_sym
9,16,3,0.129293203,0.128056288,181401,131012,362802,tmt_sym
9,16,4,0.130404472,0.128045797,181401,131012,362802,tmt_sym
9,16,5,0.192772388,0.192014217,181401,131012,362802,tmt_sym
9,16,6,0.192792177,0.192027807,181401,131012,362802,tmt_sym
9,16,7,0.129291296,0.128058434,181401,131012,362802,tmt_sym
9,16,8,0.193556309,0.192002773,181401,131012,362802,tmt_sym
9,16,9,0.126166582,0.125050783,181401,131012,362802,tmt_sym
5,16,0,0.193446398,0.192024708,181466,129753,362932,tmt_sym
5,16,1,0.129162550,0.128062010,181466,129753,362932,tmt_sym
5,16,2,0.129170656,0.128072500,181466,129753,362932,tmt_sym
5,16,3,0.128988504,0.128051043,181466,129753,362932,tmt_sym
5,16,4,0.128976107,0.128071308,181466,129753,362932,tmt_sym
5,16,5,0.192001581,0.128080368,181466,129753,362932,tmt_sym
5,16,6,0.131947756,0.131063461,181466,129753,362932,tmt_sym
5,16,7,0.128941536,0.128048897,181466,129753,362932,tmt_sym
5,16,8,0.131973267,0.131065845,181466,129753,362932,tmt_sym
5,16,9,0.149793625,0.149042130,181466,129753,362932,tmt_sym
2,16,0,0.255991697,0.192030191,181722,130102,363444,tmt_sym
2,16,1,0.193032026,0.192025423,181722,130102,363444,tmt_sym
2,16,2,0.193204403,0.192027807,181722,130102,363444,tmt_sym
2,16,3,0.193310261,0.192031384,181722,130102,363444,tmt_sym
2,16,4,0.319997549,0.256028652,181722,130102,363444,tmt_sym
2,16,5,0.194800377,0.192034483,181722,130102,363444,tmt_sym
2,16,6,0.193798780,0.191023350,181722,130102,363444,tmt_sym
2,16,7,0.192812443,0.192021608,181722,130102,363444,tmt_sym
2,16,8,0.254992962,0.191030741,181722,130102,363444,tmt_sym
2,16,9,0.193827391,0.193026304,181722,130102,363444,tmt_sym
7,16,0,0.193105221,0.192009449,181639,131128,363278,tmt_sym
7,16,1,0.130800486,0.128061056,181639,131128,363278,tmt_sym
7,16,2,0.130897760,0.128026247,181639,131128,363278,tmt_sym
7,16,3,0.129727840,0.128045559,181639,131128,363278,tmt_sym
7,16,4,0.128911257,0.128044128,181639,131128,363278,tmt_sym
7,16,5,0.191994667,0.128055811,181639,131128,363278,tmt_sym
7,16,6,0.192838430,0.192027092,181639,131128,363278,tmt_sym
7,16,7,0.129199743,0.128060579,181639,131128,363278,tmt_sym
7,16,8,0.191981077,0.128041506,181639,131128,363278,tmt_sym
7,16,9,0.131752253,0.129049540,181639,131128,363278,tmt_sym
8,16,0,0.257525206,0.256027460,181660,131605,363320,tmt_sym
8,16,1,0.195228100,0.192023039,181660,131605,363320,tmt_sym
8,16,2,0.195346594,0.192048788,181660,131605,363320,tmt_sym
8,16,3,0.194187880,0.192022324,181660,131605,363320,tmt_sym
8,16,4,0.193237305,0.192016363,181660,131605,363320,tmt_sym
8,16,5,0.255997419,0.192032814,181660,131605,363320,tmt_sym
8,16,6,0.256126881,0.255031824,181660,131605,363320,tmt_sym
8,16,7,0.193491459,0.192030668,181660,131605,363320,tmt_sym
8,16,8,0.254978418,0.191017628,181660,131605,363320,tmt_sym
8,16,9,0.196102381,0.193144083,181660,131605,363320,tmt_sym
13,16,0,0.129693270,0.128027916,181347,129728,362694,tmt_sym
13,16,1,0.129086494,0.128051758,181347,129728,362694,tmt_sym
13,16,2,0.128947020,0.128047705,181347,129728,362694,tmt_sym
13,16,3,0.128896475,0.128063202,181347,129728,362694,tmt_sym
13,16,4,0.192883968,0.192023993,181347,129728,362694,tmt_sym
13,16,5,0.128836870,0.128060579,181347,129728,362694,tmt_sym
13,16,6,0.128871679,0.128049612,181347,129728,362694,tmt_sym
13,16,7,0.128821135,0.128057957,181347,129728,362694,tmt_sym
13,16,8,0.192861795,0.192022324,181347,129728,362694,tmt_sym
13,16,9,0.129841328,0.129063129,181347,129728,362694,tmt_sym
6,16,0,0.194041252,0.192037344,181348,129810,362696,tmt_sym
6,16,1,0.129099607,0.128067732,181348,129810,362696,tmt_sym
6,16,2,0.128978729,0.128058195,181348,129810,362696,tmt_sym
6,16,3,0.128882647,0.128066063,181348,129810,362696,tmt_sym
6,16,4,0.128942251,0.128048420,181348,129810,362696,tmt_sym
6,16,5,0.128968000,0.128071070,181348,129810,362696,tmt_sym
6,16,6,0.191978216,0.128047943,181348,129810,362696,tmt_sym
6,16,7,0.128936052,0.128069878,181348,129810,362696,tmt_sym
6,16,8,0.134876490,0.131065607,181348,129810,362696,tmt_sym
6,16,9,0.189823866,0.189046621,181348,129810,362696,tmt_sym
0,16,0,0.258322954,0.256045818,181270,131233,362540,tmt_sym
0,16,1,0.321162224,0.320027590,181270,131233,362540,tmt_sym
0,16,2,0.255835056,0.254875183,181270,131233,362540,tmt_sym
0,16,3,0.256928444,0.256056547,181270,131233,362540,tmt_sym
0,16,4,0.256933689,0.256046057,181270,131233,362540,tmt_sym
0,16,5,0.256909609,0.256051779,181270,131233,362540,tmt_sym
0,16,6,0.255905151,0.255047083,181270,131233,362540,tmt_sym
0,16,7,0.256886244,0.256045103,181270,131233,362540,tmt_sym
0,16,8,0.259877920,0.259043217,181270,131233,362540,tmt_sym
0,16,9,0.254241228,0.253045559,181270,131233,362540,tmt_sym
12,16,0,0.193448067,0.192044020,181566,130493,363132,tmt_sym
12,16,1,0.193065882,0.192033052,181566,130493,363132,tmt_sym
12,16,2,0.193282366,0.192025423,181566,130493,363132,tmt_sym
12,16,3,0.192835331,0.192042828,181566,130493,363132,tmt_sym
12,16,4,0.256894112,0.256026506,181566,130493,363132,tmt_sym
12,16,5,0.193233013,0.192046881,181566,130493,363132,tmt_sym
12,16,6,0.193087816,0.192043304,181566,130493,363132,tmt_sym
12,16,7,0.256900549,0.256036997,181566,130493,363132,tmt_sym
12,16,8,0.193862200,0.192042112,181566,130493,363132,tmt_sym
12,16,9,0.189795494,0.189032316,181566,130493,363132,tmt_sym
10,16,0,0.193115234,0.192035198,181553,129899,363106,tmt_sym
10,16,1,0.128963232,0.128061295,181553,129899,363106,tmt_sym
10,16,2,0.128890276,0.128051519,181553,129899,363106,tmt_sym
10,16,3,0.128848553,0.128068209,181553,129899,363106,tmt_sym
10,16,4,0.128833294,0.128066540,181553,129899,363106,tmt_sym
10,16,5,0.193621874,0.192027330,181553,129899,363106,tmt_sym
10,16,6,0.193375587,0.192079782,181553,129899,363106,tmt_sym
10,16,7,0.128816843,0.128057480,181553,129899,363106,tmt_sym
10,16,8,0.194157362,0.192040443,181553,129899,363106,tmt_sym
10,16,9,0.193799257,0.193027973,181553,129899,363106,tmt_sym
14,16,0,0.193369865,0.192003727,181433,129838,362866,tmt_sym
14,16,1,0.192958355,0.192020655,181433,129838,362866,tmt_sym
14,16,2,0.192859888,0.192018032,181433,129838,362866,tmt_sym
14,16,3,0.192814112,0.192021370,181433,129838,362866,tmt_sym
14,16,4,0.256886721,0.256033182,181433,129838,362866,tmt_sym
14,16,5,0.194050312,0.192029715,181433,129838,362866,tmt_sym
14,16,6,0.193655729,0.192044497,181433,129838,362866,tmt_sym
14,16,7,0.192808151,0.192007065,181433,129838,362866,tmt_sym
14,16,8,0.256978273,0.256032228,181433,129838,362866,tmt_sym
14,16,9,0.194294691,0.193062782,181433,129838,362866,tmt_sym
11,16,0,0.129214525,0.128078461,181409,129769,362818,tmt_sym
11,16,1,0.128970385,0.128082037,181409,129769,362818,tmt_sym
11,16,2,0.128922462,0.128071547,181409,129769,362818,tmt_sym
11,16,3,0.128848553,0.128050327,181409,129769,362818,tmt_sym
11,16,4,0.192858696,0.192024946,181409,129769,362818,tmt_sym
11,16,5,0.128908157,0.128075600,181409,129769,362818,tmt_sym
11,16,6,0.128895521,0.128076553,181409,129769,362818,tmt_sym
11,16,7,0.195234060,0.192009449,181409,129769,362818,tmt_sym
11,16,8,0.128877878,0.128060579,181409,129769,362818,tmt_sym
11,16,9,0.194617033,0.193049908,181409,129769,362818,tmt_sym
15,16,0,0.129122734,0.128016472,181638,131171,363276,tmt_sym
15,16,1,0.192931652,0.192004919,181638,131171,363276,tmt_sym
15,16,2,0.131623983,0.128048658,181638,131171,363276,tmt_sym
15,16,3,0.130612612,0.128057718,181638,131171,363276,tmt_sym
15,16,4,0.131104231,0.128042221,181638,131171,363276,tmt_sym
15,16,5,0.191987753,0.128049850,181638,131171,363276,tmt_sym
15,16,6,0.193412542,0.192034483,181638,131171,363276,tmt_sym
15,16,7,0.129789591,0.128057003,181638,131171,363276,tmt_sym
15,16,8,0.191995621,0.128055334,181638,131171,363276,tmt_sym
15,16,9,0.193814278,0.193036556,181638,131171,363276,tmt_sym
25,32,0,0.272994280,0.264018774,90648,66787,181296,tmt_sym
25,32,1,0.176997185,0.175040007,90648,66787,181296,tmt_sym
25,32,2,0.183997631,0.176049709,90648,66787,181296,tmt_sym
25,32,3,0.185997009,0.184024334,90648,66787,181296,tmt_sym
25,32,4,0.167997837,0.167023182,90648,66787,181296,tmt_sym
25,32,5,0.183491945,0.176053286,90648,66787,181296,tmt_sym
25,32,6,0.177997112,0.176021814,90648,66787,181296,tmt_sym
25,32,7,0.179997444,0.176054001,90648,66787,181296,tmt_sym
25,32,8,0.176999569,0.176030397,90648,66787,181296,tmt_sym
25,32,9,0.089513063,0.089205027,90648,66787,181296,tmt_sym
20,32,0,0.288722277,0.288062334,90769,66710,181538,tmt_sym
20,32,1,0.288628578,0.288061857,90769,66710,181538,tmt_sym
20,32,2,0.289589405,0.289046526,90769,66710,181538,tmt_sym
20,32,3,0.385994434,0.288068295,90769,66710,181538,tmt_sym
20,32,4,0.192628384,0.192097664,90769,66710,181538,tmt_sym
20,32,5,0.192650080,0.192081690,90769,66710,181538,tmt_sym
20,32,6,0.192683697,0.192119360,90769,66710,181538,tmt_sym
20,32,7,0.192652464,0.192084312,90769,66710,181538,tmt_sym
20,32,8,0.192676067,0.192122698,90769,66710,181538,tmt_sym
20,32,9,0.192701578,0.192147255,90769,66710,181538,tmt_sym
13,32,0,0.193417549,0.192004442,90682,66527,181364,tmt_sym
13,32,1,0.192579031,0.192011356,90682,66527,181364,tmt_sym
13,32,2,0.192483902,0.192005157,90682,66527,181364,tmt_sym
13,32,3,0.096735239,0.096149445,90682,66527,181364,tmt_sym
13,32,4,0.096680403,0.096159220,90682,66527,181364,tmt_sym
13,32,5,0.096701384,0.096133232,90682,66527,181364,tmt_sym
13,32,6,0.096743584,0.096179485,90682,66527,181364,tmt_sym
13,32,7,0.096701622,0.096139431,90682,66527,181364,tmt_sym
13,32,8,0.096702814,0.096150875,90682,66527,181364,tmt_sym
13,32,9,0.096776962,0.096200943,90682,66527,181364,tmt_sym
26,32,0,0.176990747,0.176030636,90734,66482,181468,tmt_sym
26,32,1,0.176993847,0.176030874,90734,66482,181468,tmt_sym
26,32,2,0.091482639,0.091211081,90734,66482,181468,tmt_sym
26,32,3,0.173996687,0.173030138,90734,66482,181468,tmt_sym
26,32,4,0.178991079,0.178019285,90734,66482,181468,tmt_sym
26,32,5,0.182993889,0.176024675,90734,66482,181468,tmt_sym
26,32,6,0.176993370,0.176020145,90734,66482,181468,tmt_sym
26,32,7,0.177996159,0.176029205,90734,66482,181468,tmt_sym
26,32,8,0.178937674,0.176026344,90734,66482,181468,tmt_sym
26,32,9,0.090995789,0.088103533,90734,66482,181468,tmt_sym
22,32,0,0.192993641,0.192064762,90783,66576,181566,tmt_sym
22,32,1,0.194657803,0.192077637,90783,66576,181566,tmt_sym
22,32,2,0.193942308,0.192079782,90783,66576,181566,tmt_sym
22,32,3,0.287996292,0.192088604,90783,66576,181566,tmt_sym
22,32,4,0.287994385,0.192115784,90783,66576,181566,tmt_sym
22,32,5,0.192575932,0.192097664,90783,66576,181566,tmt_sym
22,32,6,0.194996119,0.192129850,90783,66576,181566,tmt_sym
22,32,7,0.194999933,0.192101717,90783,66576,181566,tmt_sym
22,32,8,0.192629337,0.192111731,90783,66576,181566,tmt_sym
22,32,9,0.192672968,0.192149162,90783,66576,181566,tmt_sym
24,32,0,0.266880512,0.264280558,90959,67087,181918,tmt_sym
24,32,1,0.263992071,0.263067722,90959,67087,181918,tmt_sym
24,32,2,0.181534290,0.176036358,90959,67087,181918,tmt_sym
24,32,3,0.261989594,0.261017084,90959,67087,181918,tmt_sym
24,32,4,0.178317785,0.178025246,90959,67087,181918,tmt_sym
24,32,5,0.269085407,0.262109995,90959,67087,181918,tmt_sym
24,32,6,0.176354408,0.176065683,90959,67087,181918,tmt_sym
24,32,7,0.256083965,0.253113985,90959,67087,181918,tmt_sym
24,32,8,0.264987946,0.264013052,90959,67087,181918,tmt_sym
24,32,9,0.176977634,0.176021814,90959,67087,181918,tmt_sym
6,32,0,0.287990332,0.192065716,90565,66295,181130,tmt_sym
6,32,1,0.195282698,0.192069769,90565,66295,181130,tmt_sym
6,32,2,0.192609310,0.192125320,90565,66295,181130,tmt_sym
6,32,3,0.192513466,0.192050695,90565,66295,181130,tmt_sym
6,32,4,0.096689224,0.096146345,90565,66295,181130,tmt_sym
6,32,5,0.096567631,0.096112967,90565,66295,181130,tmt_sym
6,32,6,0.097999334,0.096125126,90565,66295,181130,tmt_sym
6,32,7,0.096581936,0.096128702,90565,66295,181130,tmt_sym
6,32,8,0.096578836,0.096124172,90565,66295,181130,tmt_sym
6,32,9,0.093633652,0.093170166,90565,66295,181130,tmt_sym
23,32,0,0.191990137,0.096134663,90692,66634,181384,tmt_sym
23,32,1,0.191994905,0.096125841,90692,66634,181384,tmt_sym
23,32,2,0.097001314,0.096074104,90692,66634,181384,tmt_sym
23,32,3,0.194483757,0.192012072,90692,66634,181384,tmt_sym
23,32,4,0.192983389,0.192052841,90692,66634,181384,tmt_sym
23,32,5,0.192852974,0.192015409,90692,66634,181384,tmt_sym
23,32,6,0.193997622,0.192045450,90692,66634,181384,tmt_sym
23,32,7,0.192867756,0.192028761,90692,66634,181384,tmt_sym
23,32,8,0.192862749,0.192032337,90692,66634,181384,tmt_sym
23,32,9,0.190004587,0.189074039,90692,66634,181384,tmt_sym
7,32,0,0.193623781,0.192003489,90947,66907,181894,tmt_sym
7,32,1,0.194933891,0.192010880,90947,66907,181894,tmt_sym
7,32,2,0.194005251,0.192007542,90947,66907,181894,tmt_sym
7,32,3,0.096652031,0.096112967,90947,66907,181894,tmt_sym
7,32,4,0.097269535,0.096119404,90947,66907,181894,tmt_sym
7,32,5,0.097001314,0.096100330,90947,66907,181894,tmt_sym
7,32,6,0.097999573,0.096112251,90947,66907,181894,tmt_sym
7,32,7,0.096993685,0.096108198,90947,66907,181894,tmt_sym
7,32,8,0.097146273,0.096109629,90947,66907,181894,tmt_sym
7,32,9,0.093996525,0.093149185,90947,66907,181894,tmt_sym
10,32,0,0.192995548,0.192003727,90819,66572,181638,tmt_sym
10,32,1,0.195209026,0.192002058,90819,66572,181638,tmt_sym
10,32,2,0.193998814,0.192009211,90819,66572,181638,tmt_sym
10,32,3,0.191996574,0.096108437,90819,66572,181638,tmt_sym
10,32,4,0.191998482,0.096120358,90819,66572,181638,tmt_sym
10,32,5,0.097000599,0.096088648,90819,66572,181638,tmt_sym
10,32,6,0.192001343,0.096146345,90819,66572,181638,tmt_sym
10,32,7,0.191991568,0.096091032,90819,66572,181638,tmt_sym
10,32,8,0.097002029,0.096116543,90819,66572,181638,tmt_sym
10,32,9,0.112998724,0.096155643,90819,66572,181638,tmt_sym
2,32,0,0.287989378,0.192082405,90959,66699,181918,tmt_sym
2,32,1,0.287999153,0.192086220,90959,66699,181918,tmt_sym
2,32,2,0.192999125,0.192114592,90959,66699,181918,tmt_sym
2,32,3,0.193989515,0.192071676,90959,66699,181918,tmt_sym
2,32,4,0.193566084,0.192094088,90959,66699,181918,tmt_sym
2,32,5,0.193001270,0.192080975,90959,66699,181918,tmt_sym
2,32,6,0.193998337,0.192087173,90959,66699,181918,tmt_sym
2,32,7,0.192999601,0.192084312,90959,66699,181918,tmt_sym
2,32,8,0.193413734,0.192075491,90959,66699,181918,tmt_sym
2,32,9,0.193557024,0.193116188,90959,66699,181918,tmt_sym
29,32,0,0.177992582,0.176026583,90665,66497,181330,tmt_sym
29,32,1,0.176996469,0.176024199,90665,66497,181330,tmt_sym
29,32,2,0.094996691,0.088091612,90665,66497,181330,tmt_sym
29,32,3,0.173997879,0.173035622,90665,66497,181330,tmt_sym
29,32,4,0.090995312,0.090093613,90665,66497,181330,tmt_sym
29,32,5,0.182996273,0.176022530,90665,66497,181330,tmt_sym
29,32,6,0.088995457,0.088091135,90665,66497,181330,tmt_sym
29,32,7,0.180938959,0.176018238,90665,66497,181330,tmt_sym
29,32,8,0.088393211,0.088093758,90665,66497,181330,tmt_sym
29,32,9,0.088397503,0.088100910,90665,66497,181330,tmt_sym
19,32,0,0.191978216,0.096101046,90627,66278,181254,tmt_sym
19,32,1,0.191997051,0.096152782,90627,66278,181254,tmt_sym
19,32,2,0.192988873,0.096141100,90627,66278,181254,tmt_sym
19,32,3,0.213989258,0.096101522,90627,66278,181254,tmt_sym
19,32,4,0.287997723,0.192030907,90627,66278,181254,tmt_sym
19,32,5,0.287996769,0.192011833,90627,66278,181254,tmt_sym
19,32,6,0.287991762,0.192024946,90627,66278,181254,tmt_sym
19,32,7,0.287995338,0.192009211,90627,66278,181254,tmt_sym
19,32,8,0.194614410,0.192004204,90627,66278,181254,tmt_sym
19,32,9,0.194743872,0.193057537,90627,66278,181254,tmt_sym
4,32,0,0.287989140,0.192067623,90855,66736,181710,tmt_sym
4,32,1,0.288000822,0.192097902,90855,66736,181710,tmt_sym
4,32,2,0.287997246,0.192113876,90855,66736,181710,tmt_sym
4,32,3,0.301997423,0.192061901,90855,66736,181710,tmt_sym
4,32,4,0.287992239,0.192058325,90855,66736,181710,tmt_sym
4,32,5,0.193004131,0.192067623,90855,66736,181710,tmt_sym
4,32,6,0.193602562,0.192083597,90855,66736,181710,tmt_sym
4,32,7,0.192520142,0.192064285,90855,66736,181710,tmt_sym
4,32,8,0.192520380,0.192068577,90855,66736,181710,tmt_sym
4,32,9,0.193557024,0.193109035,90855,66736,181710,tmt_sym
1,32,0,0.192695618,0.192019701,90818,66786,181636,tmt_sym
1,32,1,0.192523003,0.192020178,90818,66786,181636,tmt_sym
1,32,2,0.192525387,0.192032337,90818,66786,181636,tmt_sym
1,32,3,0.192479849,0.192013741,90818,66786,181636,tmt_sym
1,32,4,0.192482710,0.192028284,90818,66786,181636,tmt_sym
1,32,5,0.192485809,0.192031384,90818,66786,181636,tmt_sym
1,32,6,0.188469887,0.188014269,90818,66786,181636,tmt_sym
1,32,7,0.192462921,0.192013025,90818,66786,181636,tmt_sym
1,32,8,0.192461729,0.192014694,90818,66786,181636,tmt_sym
1,32,9,0.193875551,0.193055868,90818,66786,181636,tmt_sym
31,32,0,0.177990913,0.176032782,90756,66838,181512,tmt_sym
31,32,1,0.090458393,0.090152502,90756,66838,181512,tmt_sym
31,32,2,0.092997313,0.088112116,90756,66838,181512,tmt_sym
31,32,3,0.092453003,0.092167854,90756,66838,181512,tmt_sym
31,32,4,0.090996265,0.090112925,90756,66838,181512,tmt_sym
31,32,5,0.182994604,0.176025152,90756,66838,181512,tmt_sym
31,32,6,0.088998079,0.088108063,90756,66838,181512,tmt_sym
31,32,7,0.179993629,0.176020145,90756,66838,181512,tmt_sym
31,32,8,0.088973045,0.088089466,90756,66838,181512,tmt_sym
31,32,9,0.089997530,0.088072300,90756,66838,181512,tmt_sym
5,32,0,0.096820116,0.096129179,90698,66358,181396,tmt_sym
5,32,1,0.096733570,0.096147299,90698,66358,181396,tmt_sym
5,32,2,0.096752167,0.096168041,90698,66358,181396,tmt_sym
5,32,3,0.225975513,0.096117496,90698,66358,181396,tmt_sym
5,32,4,0.192791939,0.192009926,90698,66358,181396,tmt_sym
5,32,5,0.192786455,0.192014694,90698,66358,181396,tmt_sym
5,32,6,0.192457914,0.192004204,90698,66358,181396,tmt_sym
5,32,7,0.192819357,0.192007780,90698,66358,181396,tmt_sym
5,32,8,0.192744493,0.192009926,90698,66358,181396,tmt_sym
5,32,9,0.193486929,0.193039656,90698,66358,181396,tmt_sym
3,32,0,0.192595959,0.192014933,90504,66172,181008,tmt_sym
3,32,1,0.192806721,0.192017317,90504,66172,181008,tmt_sym
3,32,2,0.192512512,0.192054749,90504,66172,181008,tmt_sym
3,32,3,0.192762613,0.192013025,90504,66172,181008,tmt_sym
3,32,4,0.193071842,0.192004681,90504,66172,181008,tmt_sym
3,32,5,0.193072796,0.192015171,90504,66172,181008,tmt_sym
3,32,6,0.192742348,0.192010641,90504,66172,181008,tmt_sym
3,32,7,0.192999601,0.192008018,90504,66172,181008,tmt_sym
3,32,8,0.193026304,0.192002296,90504,66172,181008,tmt_sym
3,32,9,0.193802834,0.193036318,90504,66172,181008,tmt_sym
15,32,0,0.191990614,0.096109629,90882,67014,181764,tmt_sym
15,32,1,0.192008018,0.096120596,90882,67014,181764,tmt_sym
15,32,2,0.097537041,0.096130371,90882,67014,181764,tmt_sym
15,32,3,0.099485636,0.096111059,90882,67014,181764,tmt_sym
15,32,4,0.097364664,0.096105099,90882,67014,181764,tmt_sym
15,32,5,0.097351313,0.096114397,90882,67014,181764,tmt_sym
15,32,6,0.096997738,0.096094131,90882,67014,181764,tmt_sym
15,32,7,0.097005129,0.096104622,90882,67014,181764,tmt_sym
15,32,8,0.097309828,0.096109629,90882,67014,181764,tmt_sym
15,32,9,0.098000765,0.097144365,90882,67014,181764,tmt_sym
0,32,0,0.288785696,0.288107395,90585,66721,181170,tmt_sym
0,32,1,0.289348602,0.288116693,90585,66721,181170,tmt_sym
0,32,2,0.293694019,0.293154716,90585,66721,181170,tmt_sym
0,32,3,0.288985968,0.288146019,90585,66721,181170,tmt_sym
0,32,4,0.289669752,0.289161444,90585,66721,181170,tmt_sym
0,32,5,0.289927721,0.288126230,90585,66721,181170,tmt_sym
0,32,6,0.288989544,0.288110971,90585,66721,181170,tmt_sym
0,32,7,0.284985781,0.283998728,90585,66721,181170,tmt_sym
0,32,8,0.289581537,0.288109064,90585,66721,181170,tmt_sym
0,32,9,0.289976597,0.289025545,90585,66721,181170,tmt_sym
27,32,0,0.263979197,0.176019669,90618,66448,181236,tmt_sym
27,32,1,0.091995955,0.088079929,90618,66448,181236,tmt_sym
27,32,2,0.175993204,0.088079453,90618,66448,181236,tmt_sym
27,32,3,0.096353769,0.096065760,90618,66448,181236,tmt_sym
27,32,4,0.088986397,0.088069916,90618,66448,181236,tmt_sym
27,32,5,0.093470097,0.093174696,90618,66448,181236,tmt_sym
27,32,6,0.088369846,0.088077068,90618,66448,181236,tmt_sym
27,32,7,0.091497898,0.091209650,90618,66448,181236,tmt_sym
27,32,8,0.088361979,0.088077545,90618,66448,181236,tmt_sym
27,32,9,0.087446690,0.087155104,90618,66448,181236,tmt_sym
9,32,0,0.193037271,0.192013025,90753,66859,181506,tmt_sym
9,32,1,0.193633556,0.192003489,90753,66859,181506,tmt_sym
9,32,2,0.188483477,0.187986135,90753,66859,181506,tmt_sym
9,32,3,0.192756653,0.192006826,90753,66859,181506,tmt_sym
9,32,4,0.193955660,0.192001820,90753,66859,181506,tmt_sym
9,32,5,0.193630695,0.192013264,90753,66859,181506,tmt_sym
9,32,6,0.193005800,0.192013741,90753,66859,181506,tmt_sym
9,32,7,0.193002224,0.192011595,90753,66859,181506,tmt_sym
9,32,8,0.193880081,0.192006350,90753,66859,181506,tmt_sym
9,32,9,0.193996429,0.193041086,90753,66859,181506,tmt_sym
16,32,0,0.288694859,0.288055897,90685,66809,181370,tmt_sym
16,32,1,0.290853262,0.288063049,90685,66809,181370,tmt_sym
16,32,2,0.288584232,0.288070440,90685,66809,181370,tmt_sym
16,32,3,0.385995150,0.288058519,90685,66809,181370,tmt_sym
16,32,4,0.383993864,0.288054705,90685,66809,181370,tmt_sym
16,32,5,0.383995771,0.288072348,90685,66809,181370,tmt_sym
16,32,6,0.383992434,0.288088560,90685,66809,181370,tmt_sym
16,32,7,0.290254831,0.288064957,90685,66809,181370,tmt_sym
16,32,8,0.290215492,0.288054228,90685,66809,181370,tmt_sym
16,32,9,0.290002584,0.289116383,90685,66809,181370,tmt_sym
17,32,0,0.192991734,0.192012072,90812,66784,181624,tmt_sym
17,32,1,0.193949461,0.192033768,90812,66784,181624,tmt_sym
17,32,2,0.193999767,0.192017794,90812,66784,181624,tmt_sym
17,32,3,0.290994644,0.288007259,90812,66784,181624,tmt_sym
17,32,4,0.290001154,0.288009644,90812,66784,181624,tmt_sym
17,32,5,0.288471460,0.288008928,90812,66784,181624,tmt_sym
17,32,6,0.290992975,0.288006544,90812,66784,181624,tmt_sym
17,32,7,0.288467169,0.288015604,90812,66784,181624,tmt_sym
17,32,8,0.288996458,0.288004875,90812,66784,181624,tmt_sym
17,32,9,0.289996862,0.289005518,90812,66784,181624,tmt_sym
14,32,0,0.193019152,0.192056656,90586,66337,181172,tmt_sym
14,32,1,0.194233179,0.192071915,90586,66337,181172,tmt_sym
14,32,2,0.194270849,0.192056894,90586,66337,181172,tmt_sym
14,32,3,0.194999695,0.192039490,90586,66337,181172,tmt_sym
14,32,4,0.193999529,0.192057133,90586,66337,181172,tmt_sym
14,32,5,0.192512989,0.192055702,90586,66337,181172,tmt_sym
14,32,6,0.194994688,0.192050219,90586,66337,181172,tmt_sym
14,32,7,0.192524433,0.192065716,90586,66337,181172,tmt_sym
14,32,8,0.192997694,0.192049265,90586,66337,181172,tmt_sym
14,32,9,0.193999052,0.193057060,90586,66337,181172,tmt_sym
21,32,0,0.097047806,0.096106768,90768,66361,181536,tmt_sym
21,32,1,0.098511934,0.096114159,90768,66361,181536,tmt_sym
21,32,2,0.098563671,0.096119642,90768,66361,181536,tmt_sym
21,32,3,0.194992542,0.192003012,90768,66361,181536,tmt_sym
21,32,4,0.193996668,0.192003012,90768,66361,181536,tmt_sym
21,32,5,0.192790985,0.191998482,90768,66361,181536,tmt_sym
21,32,6,0.194994211,0.192003965,90768,66361,181536,tmt_sym
21,32,7,0.192788363,0.191983461,90768,66361,181536,tmt_sym
21,32,8,0.193001509,0.192003012,90768,66361,181536,tmt_sym
21,32,9,0.194003344,0.193015575,90768,66361,181536,tmt_sym
11,32,0,0.097115278,0.096096992,90791,66647,181582,tmt_sym
11,32,1,0.098783731,0.096090078,90791,66647,181582,tmt_sym
11,32,2,0.098841429,0.096128225,90791,66647,181582,tmt_sym
11,32,3,0.098999023,0.096107960,90791,66647,181582,tmt_sym
11,32,4,0.098001480,0.096121311,90791,66647,181582,tmt_sym
11,32,5,0.097004414,0.096118450,90791,66647,181582,tmt_sym
11,32,6,0.099000692,0.096118450,90791,66647,181582,tmt_sym
11,32,7,0.097000599,0.096122742,90791,66647,181582,tmt_sym
11,32,8,0.097003222,0.096100807,90791,66647,181582,tmt_sym
11,32,9,0.097996712,0.097113371,90791,66647,181582,tmt_sym
18,32,0,0.191989183,0.096123457,90763,66488,181526,tmt_sym
18,32,1,0.099003792,0.096120119,90763,66488,181526,tmt_sym
18,32,2,0.191992521,0.096157312,90763,66488,181526,tmt_sym
18,32,3,0.193003178,0.192012072,90763,66488,181526,tmt_sym
18,32,4,0.195757866,0.192050934,90763,66488,181526,tmt_sym
18,32,5,0.288002253,0.192023039,90763,66488,181526,tmt_sym
18,32,6,0.287994862,0.192053080,90763,66488,181526,tmt_sym
18,32,7,0.287993193,0.192018032,90763,66488,181526,tmt_sym
18,32,8,0.287993908,0.192047358,90763,66488,181526,tmt_sym
18,32,9,0.288996220,0.192075968,90763,66488,181526,tmt_sym
8,32,0,0.192656517,0.192065239,90701,66857,181402,tmt_sym
8,32,1,0.193032742,0.192084789,90701,66857,181402,tmt_sym
8,32,2,0.287997961,0.192114353,90701,66857,181402,tmt_sym
8,32,3,0.282343626,0.192050934,90701,66857,181402,tmt_sym
8,32,4,0.288547516,0.288039923,90701,66857,181402,tmt_sym
8,32,5,0.288512945,0.288048029,90701,66857,181402,tmt_sym
8,32,6,0.289364576,0.288050890,90701,66857,181402,tmt_sym
8,32,7,0.288505316,0.288047791,90701,66857,181402,tmt_sym
8,32,8,0.288508654,0.288045645,90701,66857,181402,tmt_sym
8,32,9,0.285517216,0.285064936,90701,66857,181402,tmt_sym
30,32,0,0.177978039,0.176047087,90847,66638,181694,tmt_sym
30,32,1,0.176973581,0.176043272,90847,66638,181694,tmt_sym
30,32,2,0.183996916,0.176069260,90847,66638,181694,tmt_sym
30,32,3,0.173994541,0.173053026,90847,66638,181694,tmt_sym
30,32,4,0.178965807,0.177994967,90847,66638,181694,tmt_sym
30,32,5,0.182990551,0.176063061,90847,66638,181694,tmt_sym
30,32,6,0.178904057,0.176024914,90847,66638,181694,tmt_sym
30,32,7,0.179971933,0.176051855,90847,66638,181694,tmt_sym
30,32,8,0.178869009,0.176025391,90847,66638,181694,tmt_sym
30,32,9,0.175342560,0.175029755,90847,66638,181694,tmt_sym
28,32,0,0.176763535,0.176484108,90812,66697,181624,tmt_sym
28,32,1,0.176503181,0.176057816,90812,66697,181624,tmt_sym
28,32,2,0.183992386,0.176042795,90812,66697,181624,tmt_sym
28,32,3,0.239831209,0.239024639,90812,66697,181624,tmt_sym
28,32,4,0.200994730,0.200042009,90812,66697,181624,tmt_sym
28,32,5,0.184997082,0.176056862,90812,66697,181624,tmt_sym
28,32,6,0.264318705,0.264029026,90812,66697,181624,tmt_sym
28,32,7,0.267997742,0.264049768,90812,66697,181624,tmt_sym
28,32,8,0.264316797,0.264025927,90812,66697,181624,tmt_sym
28,32,9,0.263331652,0.263029575,90812,66697,181624,tmt_sym
12,32,0,0.288643837,0.288052797,90754,66616,181508,tmt_sym
12,32,1,0.383998156,0.288082123,90754,66616,181508,tmt_sym
12,32,2,0.380997419,0.285073280,90754,66616,181508,tmt_sym
12,32,3,0.286491394,0.286056995,90754,66616,181508,tmt_sym
12,32,4,0.288529158,0.288051844,90754,66616,181508,tmt_sym
12,32,5,0.288530111,0.288051844,90754,66616,181508,tmt_sym
12,32,6,0.292522669,0.292056561,90754,66616,181508,tmt_sym
12,32,7,0.288538456,0.288056850,90754,66616,181508,tmt_sym
12,32,8,0.288544893,0.288057804,90754,66616,181508,tmt_sym
12,32,9,0.289542198,0.289064646,90754,66616,181508,tmt_sym
18,64,0,0.864553690,0.864044905,45413,33624,90826,tmt_sym
18,64,1,0.864534140,0.864051104,45413,33624,90826,tmt_sym
18,64,2,0.960982084,0.960032940,45413,33624,90826,tmt_sym
18,64,3,0.962428808,0.960022449,45413,33624,90826,tmt_sym
18,64,4,0.961389303,0.960021734,45413,33624,90826,tmt_sym
18,64,5,0.868432760,0.868039608,45413,33624,90826,tmt_sym
18,64,6,0.868485212,0.868045092,45413,33624,90826,tmt_sym
18,64,7,0.861465931,0.861050606,45413,33624,90826,tmt_sym
18,64,8,0.864490986,0.864051104,45413,33624,90826,tmt_sym
18,64,9,0.867490053,0.867043734,45413,33624,90826,tmt_sym
16,64,0,0.963901281,0.960071802,45256,33575,90512,tmt_sym
16,64,1,1.056001186,0.960053921,45256,33575,90512,tmt_sym
16,64,2,1.056003332,0.960046291,45256,33575,90512,tmt_sym
16,64,3,1.152000427,1.056034088,45256,33575,90512,tmt_sym
16,64,4,1.056433201,1.056021690,45256,33575,90512,tmt_sym
16,64,5,0.956444025,0.956053972,45256,33575,90512,tmt_sym
16,64,6,0.960466623,0.960049391,45256,33575,90512,tmt_sym
16,64,7,0.961486578,0.961066008,45256,33575,90512,tmt_sym
16,64,8,0.960484028,0.960054874,45256,33575,90512,tmt_sym
16,64,9,0.960477352,0.960055590,45256,33575,90512,tmt_sym
7,64,0,0.961355209,0.960041285,45387,33742,90774,tmt_sym
7,64,1,0.961082458,0.960034132,45387,33742,90774,tmt_sym
7,64,2,0.960810423,0.960029602,45387,33742,90774,tmt_sym
7,64,3,0.961054564,0.960028410,45387,33742,90774,tmt_sym
7,64,4,0.961012840,0.960034847,45387,33742,90774,tmt_sym
7,64,5,0.956720114,0.956029892,45387,33742,90774,tmt_sym
7,64,6,0.960739374,0.960037708,45387,33742,90774,tmt_sym
7,64,7,0.962756872,0.962028503,45387,33742,90774,tmt_sym
7,64,8,0.960704565,0.960038185,45387,33742,90774,tmt_sym
7,64,9,0.863445282,0.863057137,45387,33742,90774,tmt_sym
12,64,0,0.960470438,0.960016489,45352,33688,90704,tmt_sym
12,64,1,0.960406542,0.960020065,45352,33688,90704,tmt_sym
12,64,2,0.960417986,0.960017204,45352,33688,90704,tmt_sym
12,64,3,0.961845160,0.960069656,45352,33688,90704,tmt_sym
12,64,4,0.960426807,0.960074186,45352,33688,90704,tmt_sym
12,64,5,0.964715004,0.964045048,45352,33688,90704,tmt_sym
12,64,6,1.056796074,1.056024075,45352,33688,90704,tmt_sym
12,64,7,1.149995804,1.054018259,45352,33688,90704,tmt_sym
12,64,8,0.960399866,0.960062504,45352,33688,90704,tmt_sym
12,64,9,0.960454702,0.960077763,45352,33688,90704,tmt_sym
13,64,0,0.959996462,0.864079237,45371,33638,90742,tmt_sym
13,64,1,0.867790461,0.864060879,45371,33638,90742,tmt_sym
13,64,2,0.865278959,0.864058495,45371,33638,90742,tmt_sym
13,64,3,0.960396051,0.960021257,45371,33638,90742,tmt_sym
13,64,4,0.960468054,0.960028172,45371,33638,90742,tmt_sym
13,64,5,0.860473633,0.860065937,45371,33638,90742,tmt_sym
13,64,6,1.055996418,0.960066080,45371,33638,90742,tmt_sym
13,64,7,0.958462238,0.958053350,45371,33638,90742,tmt_sym
13,64,8,0.960474730,0.960080147,45371,33638,90742,tmt_sym
13,64,9,0.959476709,0.959058762,45371,33638,90742,tmt_sym
22,64,0,0.864545345,0.864043951,45328,33650,90656,tmt_sym
22,64,1,0.864498138,0.864043236,45328,33650,90656,tmt_sym
22,64,2,0.864466190,0.864042282,45328,33650,90656,tmt_sym
22,64,3,0.864496231,0.864045858,45328,33650,90656,tmt_sym
22,64,4,0.864484310,0.864045143,45328,33650,90656,tmt_sym
22,64,5,0.860455751,0.860045433,45328,33650,90656,tmt_sym
22,64,6,0.864459991,0.864050388,45328,33650,90656,tmt_sym
22,64,7,0.769490480,0.769040823,45328,33650,90656,tmt_sym
22,64,8,0.864441156,0.864043713,45328,33650,90656,tmt_sym
22,64,9,0.863859177,0.863052845,45328,33650,90656,tmt_sym
20,64,0,0.963636160,0.960047245,45360,33658,90720,tmt_sym
20,64,1,1.056000710,0.960054874,45360,33658,90720,tmt_sym
20,64,2,0.961576939,0.960053444,45360,33658,90720,tmt_sym
20,64,3,1.055992126,0.960043907,45360,33658,90720,tmt_sym
20,64,4,0.960442543,0.960053921,45360,33658,90720,tmt_sym
20,64,5,0.958720684,0.956048489,45360,33658,90720,tmt_sym
20,64,6,0.960379839,0.960041761,45360,33658,90720,tmt_sym
20,64,7,0.960353136,0.958031178,45360,33658,90720,tmt_sym
20,64,8,0.962368011,0.960059643,45360,33658,90720,tmt_sym
20,64,9,0.960245132,0.959058285,45360,33658,90720,tmt_sym
14,64,0,0.864449501,0.864047766,45261,33491,90522,tmt_sym
14,64,1,0.864571571,0.864048958,45261,33491,90522,tmt_sym
14,64,2,0.864457607,0.864053249,45261,33491,90522,tmt_sym
14,64,3,0.866490841,0.864046335,45261,33491,90522,tmt_sym
14,64,4,0.959998369,0.864049673,45261,33491,90522,tmt_sym
14,64,5,0.864466190,0.864059925,45261,33491,90522,tmt_sym
14,64,6,0.960437775,0.960047960,45261,33491,90522,tmt_sym
14,64,7,0.865488529,0.865074396,45261,33491,90522,tmt_sym
14,64,8,0.960461617,0.960055590,45261,33491,90522,tmt_sym
14,64,9,0.959461689,0.959054708,45261,33491,90522,tmt_sym
11,64,0,0.960787773,0.960038900,45426,33697,90852,tmt_sym
11,64,1,0.960794687,0.960020065,45426,33697,90852,tmt_sym
11,64,2,0.960375071,0.960039616,45426,33697,90852,tmt_sym
11,64,3,0.962988853,0.960026264,45426,33697,90852,tmt_sym
11,64,4,0.961966276,0.960021973,45426,33697,90852,tmt_sym
11,64,5,0.968683481,0.968025208,45426,33697,90852,tmt_sym
11,64,6,1.056727886,1.056020737,45426,33697,90852,tmt_sym
11,64,7,1.050354004,1.050022125,45426,33697,90852,tmt_sym
11,64,8,0.960431337,0.960023165,45426,33697,90852,tmt_sym
11,64,9,1.020913601,1.020027161,45426,33697,90852,tmt_sym
6,64,0,1.056499720,1.056011915,45305,33514,90610,tmt_sym
6,64,1,0.960906506,0.960036993,45305,33514,90610,tmt_sym
6,64,2,0.960756540,0.960031986,45305,33514,90610,tmt_sym
6,64,3,1.055999517,0.960029840,45305,33514,90610,tmt_sym
6,64,4,1.056424856,1.056024075,45305,33514,90610,tmt_sym
6,64,5,1.056411982,1.056018591,45305,33514,90610,tmt_sym
6,64,6,1.056408405,1.056017399,45305,33514,90610,tmt_sym
6,64,7,1.058443069,1.058015585,45305,33514,90610,tmt_sym
6,64,8,1.056441545,1.056025267,45305,33514,90610,tmt_sym
6,64,9,0.964299917,0.963054419,45305,33514,90610,tmt_sym
8,64,0,1.057097673,1.056021929,45402,33750,90804,tmt_sym
8,64,1,1.057078123,1.056026459,45402,33750,90804,tmt_sym
8,64,2,1.056662321,1.056024075,45402,33750,90804,tmt_sym
8,64,3,1.059273720,1.056025505,45402,33750,90804,tmt_sym
8,64,4,1.058250189,1.056027174,45402,33750,90804,tmt_sym
8,64,5,1.024410725,1.024032593,45402,33750,90804,tmt_sym
8,64,6,1.056448936,1.056031466,45402,33750,90804,tmt_sym
8,64,7,1.058469534,1.058021784,45402,33750,90804,tmt_sym
8,64,8,1.056450844,1.056025743,45402,33750,90804,tmt_sym
8,64,9,1.061725855,1.060034037,45402,33750,90804,tmt_sym
17,64,0,0.960452795,0.960024834,45488,33850,90976,tmt_sym
17,64,1,0.961187363,0.960030556,45488,33850,90976,tmt_sym
17,64,2,0.961046457,0.960052252,45488,33850,90976,tmt_sym
17,64,3,1.056001663,0.960049391,45488,33850,90976,tmt_sym
17,64,4,0.960714340,0.960060835,45488,33850,90976,tmt_sym
17,64,5,0.968426943,0.968027592,45488,33850,90976,tmt_sym
17,64,6,0.960446119,0.960028410,45488,33850,90976,tmt_sym
17,64,7,0.961820126,0.958027363,45488,33850,90976,tmt_sym
17,64,8,0.960733652,0.960019350,45488,33850,90976,tmt_sym
17,64,9,0.965171337,0.963033676,45488,33850,90976,tmt_sym
15,64,0,0.864899874,0.864018679,45495,33844,90990,tmt_sym
15,64,1,0.864713907,0.864023685,45495,33844,90990,tmt_sym
15,64,2,0.864701986,0.864017963,45495,33844,90990,tmt_sym
15,64,3,0.866136789,0.864040852,45495,33844,90990,tmt_sym
15,64,4,0.864789724,0.864048719,45495,33844,90990,tmt_sym
15,64,5,0.868999481,0.868020058,45495,33844,90990,tmt_sym
15,64,6,0.961085796,0.960022449,45495,33844,90990,tmt_sym
15,64,7,0.861409903,0.861041069,45495,33844,90990,tmt_sym
15,64,8,0.961093187,0.960026741,45495,33844,90990,tmt_sym
15,64,9,0.965630293,0.963023663,45495,33844,90990,tmt_sym
9,64,0,1.056527615,1.056021452,45334,33674,90668,tmt_sym
9,64,1,1.056461096,1.056028843,45334,33674,90668,tmt_sym
9,64,2,1.056464672,1.056027889,45334,33674,90668,tmt_sym
9,64,3,1.056425333,1.056029320,45334,33674,90668,tmt_sym
9,64,4,0.961108685,0.960049152,45334,33674,90668,tmt_sym
9,64,5,0.965347528,0.964027882,45334,33674,90668,tmt_sym
9,64,6,1.057421207,1.056025505,45334,33674,90668,tmt_sym
9,64,7,1.056588650,1.054025412,45334,33674,90668,tmt_sym
9,64,8,1.057375431,1.056022644,45334,33674,90668,tmt_sym
9,64,9,1.063072443,1.060033560,45334,33674,90668,tmt_sym
23,64,0,0.866464376,0.864053488,45390,33680,90780,tmt_sym
23,64,1,0.866399050,0.864050150,45390,33680,90780,tmt_sym
23,64,2,0.864759445,0.864036798,45390,33680,90780,tmt_sym
23,64,3,0.959999084,0.864033222,45390,33680,90780,tmt_sym
23,64,4,0.960000277,0.864037275,45390,33680,90780,tmt_sym
23,64,5,0.862391472,0.860033035,45390,33680,90780,tmt_sym
23,64,6,0.866662502,0.864035130,45390,33680,90780,tmt_sym
23,64,7,0.864996672,0.769043446,45390,33680,90780,tmt_sym
23,64,8,0.864801168,0.864032269,45390,33680,90780,tmt_sym
23,64,9,0.870516777,0.867042542,45390,33680,90780,tmt_sym
19,64,0,0.864533901,0.864043236,45255,33591,90510,tmt_sym
19,64,1,0.864498854,0.864052296,45255,33591,90510,tmt_sym
19,64,2,0.864535809,0.864051819,45255,33591,90510,tmt_sym
19,64,3,0.864507675,0.864051104,45255,33591,90510,tmt_sym
10,64,0,0.960502863,0.960018635,45432,33669,90864,tmt_sym
10,64,1,0.960452318,0.960024118,45432,33669,90864,tmt_sym
10,64,2,0.960414886,0.960022688,45432,33669,90864,tmt_sym
10,64,3,0.962708473,0.960021019,45432,33669,90864,tmt_sym
10,64,4,0.961686373,0.960026264,45432,33669,90864,tmt_sym
10,64,5,0.968386173,0.968022108,45432,33669,90864,tmt_sym
10,64,6,1.056442738,1.056022167,45432,33669,90864,tmt_sym
10,64,7,1.058768988,1.058023214,45432,33669,90864,tmt_sym
10,64,8,1.056793451,1.056025505,45432,33669,90864,tmt_sym
10,64,9,1.060391188,1.060029030,45432,33669,90864,tmt_sym
3,64,0,1.056508780,1.056025982,45289,33444,90578,tmt_sym
3,64,1,1.056464434,1.056024551,45289,33444,90578,tmt_sym
3,64,2,1.056467056,1.056033611,45289,33444,90578,tmt_sym
3,64,3,1.056424141,1.056029558,45289,33444,90578,tmt_sym
3,64,4,1.056463480,1.056029081,45289,33444,90578,tmt_sym
3,64,5,1.056457996,1.056039333,45289,33444,90578,tmt_sym
3,64,6,1.056447268,1.056027651,45289,33444,90578,tmt_sym
3,64,7,0.995065212,0.994033575,45289,33444,90578,tmt_sym
3,64,8,0.961091280,0.960034609,45289,33444,90578,tmt_sym
3,64,9,0.959411383,0.959049702,45289,33444,90578,tmt_sym
5,64,0,1.059120893,1.056024075,45335,33665,90670,tmt_sym
5,64,1,1.059210300,1.056024790,45335,33665,90670,tmt_sym
5,64,2,1.057907104,1.056024790,45335,33665,90670,tmt_sym
5,64,3,1.057613850,1.056030750,45335,33665,90670,tmt_sym
5,64,4,1.057641268,1.056040764,45335,33665,90670,tmt_sym
5,64,5,1.057578802,1.056028605,45335,33665,90670,tmt_sym
5,64,6,1.057298660,1.056032181,45335,33665,90670,tmt_sym
5,64,7,1.059363842,1.058022976,45335,33665,90670,tmt_sym
5,64,8,1.056382418,1.056028605,45335,33665,90670,tmt_sym
5,64,9,0.959845066,0.959038973,45335,33665,90670,tmt_sym
4,64,0,1.056527138,1.056021214,45401,33704,90802,tmt_sym
4,64,1,1.056463003,1.056025267,45401,33704,90802,tmt_sym
4,64,2,1.056453943,1.056032181,45401,33704,90802,tmt_sym
4,64,3,1.056759357,1.056027889,45401,33704,90802,tmt_sym
4,64,4,1.056719065,1.056033850,45401,33704,90802,tmt_sym
4,64,5,1.052424908,1.052028656,45401,33704,90802,tmt_sym
4,64,6,1.056457520,1.056035757,45401,33704,90802,tmt_sym
4,64,7,1.058445692,1.058030367,45401,33704,90802,tmt_sym
4,64,8,1.056415558,1.056022882,45401,33704,90802,tmt_sym
4,64,9,1.056446075,1.056033850,45401,33704,90802,tmt_sym
2,64,0,1.058393478,1.056030750,45357,33666,90714,tmt_sym
2,64,1,1.058320522,1.056032658,45357,33666,90714,tmt_sym
2,64,2,1.057361364,1.056030750,45357,33666,90714,tmt_sym
2,64,3,1.057338238,1.056038141,45357,33666,90714,tmt_sym
2,64,4,1.057296038,1.056033134,45357,33666,90714,tmt_sym
2,64,5,1.053004980,1.052030802,45357,33666,90714,tmt_sym
2,64,6,1.057020664,1.056033373,45357,33666,90714,tmt_sym
2,64,7,1.059089184,1.058027983,45357,33666,90714,tmt_sym
2,64,8,1.057066202,1.056028605,45357,33666,90714,tmt_sym
2,64,9,1.056397676,1.056035519,45357,33666,90714,tmt_sym
21,64,0,0.963403702,0.960024834,45393,33539,90786,tmt_sym
21,64,1,0.963492870,0.960026979,45393,33539,90786,tmt_sym
21,64,2,0.962230921,0.960023165,45393,33539,90786,tmt_sym
21,64,3,0.961890459,0.960021496,45393,33539,90786,tmt_sym
21,64,4,0.961927176,0.960029602,45393,33539,90786,tmt_sym
21,64,5,0.953286886,0.952025175,45393,33539,90786,tmt_sym
21,64,6,0.961585760,0.960023165,45393,33539,90786,tmt_sym
21,64,7,0.865392447,0.865018606,45393,33539,90786,tmt_sym
21,64,8,0.960785866,0.960028887,45393,33539,90786,tmt_sym
21,64,9,0.959396124,0.959027052,45393,33539,90786,tmt_sym
63,64,0,0.664990664,0.659044504,45414,33777,90828,tmt_sym
63,64,1,0.873997927,0.698067665,45414,33777,90828,tmt_sym
63,64,2,0.713994503,0.712053776,45414,33777,90828,tmt_sym
63,64,3,0.896228790,0.896027327,45414,33777,90828,tmt_sym
63,64,4,0.885997057,0.879042625,45414,33777,90828,tmt_sym
63,64,5,0.857977152,0.855026007,45414,33777,90828,tmt_sym
63,64,6,1.052997112,0.871051073,45414,33777,90828,tmt_sym
63,64,7,0.880995035,0.877031088,45414,33777,90828,tmt_sym
63,64,8,0.798300743,0.798058271,45414,33777,90828,tmt_sym
63,64,9,0.701327324,0.701080322,45414,33777,90828,tmt_sym
48,64,0,1.013948679,1.011027098,45429,33775,90858,tmt_sym
48,64,1,1.158968687,1.155022144,45429,33775,90858,tmt_sym
48,64,2,1.042201757,1.041998386,45429,33775,90858,tmt_sym
48,64,3,1.133221149,1.133019447,45429,33775,90858,tmt_sym
48,64,4,1.158966780,1.152024508,45429,33775,90858,tmt_sym
48,64,5,1.235972881,1.233021736,45429,33775,90858,tmt_sym
48,64,6,1.143972158,1.135045290,45429,33775,90858,tmt_sym
48,64,7,1.071958065,1.068018913,45429,33775,90858,tmt_sym
48,64,8,1.066952229,1.060037851,45429,33775,90858,tmt_sym
48,64,9,1.052961349,1.051058769,45429,33775,90858,tmt_sym
0,64,0,1.152525187,1.152022362,45253,33631,90506,tmt_sym
0,64,1,1.152478218,1.152018309,45253,33631,90506,tmt_sym
0,64,2,1.152448893,1.152019978,45253,33631,90506,tmt_sym
0,64,3,1.152648211,1.152026892,45253,33631,90506,tmt_sym
0,64,4,1.152417898,1.152022839,45253,33631,90506,tmt_sym
0,64,5,1.148443460,1.148020506,45253,33631,90506,tmt_sym
0,64,6,1.152442694,1.152027369,45253,33631,90506,tmt_sym
0,64,7,1.150439739,1.150019407,45253,33631,90506,tmt_sym
0,64,8,1.152428865,1.152021646,45253,33631,90506,tmt_sym
0,64,9,1.152446985,1.152030945,45253,33631,90506,tmt_sym
1,64,0,1.152518988,1.152015209,45482,33769,90964,tmt_sym
1,64,1,1.152488470,1.152019501,45482,33769,90964,tmt_sym
1,64,2,1.152469158,1.152023077,45482,33769,90964,tmt_sym
1,64,3,1.152452946,1.152017832,45482,33769,90964,tmt_sym
1,64,4,1.152449131,1.152024746,45482,33769,90964,tmt_sym
1,64,5,1.106201410,1.104031324,45482,33769,90964,tmt_sym
1,64,6,1.153779030,1.152030468,45482,33769,90964,tmt_sym
1,64,7,1.152349234,1.150027514,45482,33769,90964,tmt_sym
1,64,8,1.153013229,1.152033567,45482,33769,90964,tmt_sym
1,64,9,1.154381275,1.152038097,45482,33769,90964,tmt_sym
55,64,0,0.879281521,0.879024744,45302,33565,90604,tmt_sym
55,64,1,1.059996605,1.056062698,45302,33565,90604,tmt_sym
55,64,2,0.706265926,0.706064939,45302,33565,90604,tmt_sym
55,64,3,0.698256016,0.698056698,45302,33565,90604,tmt_sym
55,64,4,0.885958433,0.881027222,45302,33565,90604,tmt_sym
55,64,5,1.053996325,1.051059246,45302,33565,90604,tmt_sym
55,64,6,1.062993050,1.053027868,45302,33565,90604,tmt_sym
55,64,7,0.692851305,0.692587852,45302,33565,90604,tmt_sym
55,64,8,0.868998051,0.702055454,45302,33565,90604,tmt_sym
55,64,9,0.640999794,0.640137434,45302,33565,90604,tmt_sym
59,64,0,0.776046991,0.775039911,45268,33573,90536,tmt_sym
59,64,1,1.037993431,1.034035206,45268,33573,90536,tmt_sym
59,64,2,0.866252184,0.866048813,45268,33573,90536,tmt_sym
59,64,3,0.880256653,0.880059242,45268,33573,90536,tmt_sym
59,64,4,0.885993004,0.881070614,45268,33573,90536,tmt_sym
59,64,5,0.888998270,0.886065722,45268,33573,90536,tmt_sym
59,64,6,0.872994661,0.866057396,45268,33573,90536,tmt_sym
59,64,7,0.889994621,0.886049747,45268,33573,90536,tmt_sym
59,64,8,0.881998062,0.875063419,45268,33573,90536,tmt_sym
59,64,9,0.715484381,0.712085724,45268,33573,90536,tmt_sym
57,64,0,0.890991926,0.885057926,45406,33785,90812,tmt_sym
57,64,1,1.165998220,1.049067020,45406,33785,90812,tmt_sym
57,64,2,0.887993097,0.882037640,45406,33785,90812,tmt_sym
57,64,3,1.045233011,1.045033216,45406,33785,90812,tmt_sym
57,64,4,1.059995174,1.053043842,45406,33785,90812,tmt_sym
57,64,5,0.987994432,0.985054970,45406,33785,90812,tmt_sym
57,64,6,0.883996725,0.877055168,45406,33785,90812,tmt_sym
57,64,7,1.066000223,1.062046289,45406,33785,90812,tmt_sym
57,64,8,1.227999449,1.054060698,45406,33785,90812,tmt_sym
57,64,9,0.868997812,0.866099596,45406,33785,90812,tmt_sym
19,64,4,0.864500999,0.864058256,45255,33591,90510,tmt_sym
19,64,5,0.947999477,0.852053642,45255,33591,90510,tmt_sym
19,64,6,0.957703114,0.956023455,45255,33591,90510,tmt_sym
19,64,7,0.864912033,0.862022400,45255,33591,90510,tmt_sym
19,64,8,0.865721941,0.864020348,45255,33591,90510,tmt_sym
19,64,9,0.870950222,0.867074490,45255,33591,90510,tmt_sym
53,64,0,0.874995947,0.874037981,45375,33506,90750,tmt_sym
53,64,1,1.060019732,1.056058168,45375,33506,90750,tmt_sym
53,64,2,0.888263702,0.888067007,45375,33506,90750,tmt_sym
53,64,3,0.885236263,0.885036945,45375,33506,90750,tmt_sym
53,64,4,0.885994196,0.881068707,45375,33506,90750,tmt_sym
53,64,5,1.162994623,1.156039238,45375,33506,90750,tmt_sym
53,64,6,1.059994698,1.058035135,45375,33506,90750,tmt_sym
53,64,7,0.879009008,0.875062943,45375,33506,90750,tmt_sym
53,64,8,0.981998205,0.808071613,45375,33506,90750,tmt_sym
53,64,9,0.890999079,0.888087749,45375,33506,90750,tmt_sym
61,64,0,0.883992195,0.703039885,45411,33719,90822,tmt_sym
61,64,1,0.989998817,0.814064264,45411,33719,90822,tmt_sym
61,64,2,0.699033260,0.695071459,45411,33719,90822,tmt_sym
61,64,3,0.871994257,0.869071245,45411,33719,90822,tmt_sym
61,64,4,0.898995161,0.892064333,45411,33719,90822,tmt_sym
61,64,5,0.884095669,0.877036810,45411,33719,90822,tmt_sym
61,64,6,1.220996380,1.046041727,45411,33719,90822,tmt_sym
61,64,7,1.241998911,1.062039375,45411,33719,90822,tmt_sym
61,64,8,0.971988678,0.963036060,45411,33719,90822,tmt_sym
61,64,9,0.883492708,0.877075672,45411,33719,90822,tmt_sym
34,64,0,1.055993319,1.055020332,45602,33915,91204,tmt_sym
34,64,1,1.067998171,1.063024044,45602,33915,91204,tmt_sym
34,64,2,1.055992126,1.055020571,45602,33915,91204,tmt_sym
34,64,3,1.054974794,1.052003384,45602,33915,91204,tmt_sym
34,64,4,1.056985140,1.055010319,45602,33915,91204,tmt_sym
34,64,5,1.065995932,1.063029766,45602,33915,91204,tmt_sym
34,64,6,0.780289173,0.780035973,45602,33915,91204,tmt_sym
34,64,7,0.789275885,0.789036274,45602,33915,91204,tmt_sym
34,64,8,0.792284250,0.792035103,45602,33915,91204,tmt_sym
34,64,9,0.791355371,0.791109800,45602,33915,91204,tmt_sym
62,64,0,0.708992243,0.703040600,45389,33679,90778,tmt_sym
62,64,1,0.802992105,0.796038628,45389,33679,90778,tmt_sym
62,64,2,0.712330103,0.712059498,45389,33679,90778,tmt_sym
62,64,3,0.870300531,0.870062351,45389,33679,90778,tmt_sym
62,64,4,0.892342567,0.892066717,45389,33679,90778,tmt_sym
62,64,5,0.804995298,0.800066471,45389,33679,90778,tmt_sym
62,64,6,0.958998442,0.877043247,45389,33679,90778,tmt_sym
62,64,7,0.814992905,0.811057806,45389,33679,90778,tmt_sym
62,64,8,1.146000385,0.979047537,45389,33679,90778,tmt_sym
62,64,9,0.882994413,0.877076864,45389,33679,90778,tmt_sym
50,64,0,1.029992819,1.024039268,45350,33556,90700,tmt_sym
50,64,1,1.059958935,1.056006432,45350,33556,90700,tmt_sym
50,64,2,1.042260408,1.042057514,45350,33556,90700,tmt_sym
50,64,3,1.045272827,1.045072317,45350,33556,90700,tmt_sym
50,64,4,0.994817972,0.994561434,45350,33556,90700,tmt_sym
50,64,5,1.050790071,1.050535917,45350,33556,90700,tmt_sym
50,64,6,1.059830904,1.059567690,45350,33556,90700,tmt_sym
50,64,7,0.854992390,0.853075266,45350,33556,90700,tmt_sym
50,64,8,1.057992220,1.056031704,45350,33556,90700,tmt_sym
50,64,9,1.045998096,1.040090799,45350,33556,90700,tmt_sym
54,64,0,0.888993502,0.884067059,45455,33784,90910,tmt_sym
54,64,1,1.200221062,1.199036598,45455,33784,90910,tmt_sym
54,64,2,0.975995541,0.970028639,45455,33784,90910,tmt_sym
54,64,3,0.891249657,0.891049147,45455,33784,90910,tmt_sym
54,64,4,1.048997164,1.044052601,45455,33784,90910,tmt_sym
54,64,5,1.064992666,1.062057018,45455,33784,90910,tmt_sym
54,64,6,1.058994770,1.052068472,45455,33784,90910,tmt_sym
54,64,7,0.867994070,0.864077330,45455,33784,90910,tmt_sym
54,64,8,0.890985250,0.889031887,45455,33784,90910,tmt_sym
54,64,9,0.882994413,0.873147249,45455,33784,90910,tmt_sym
51,64,0,0.991989136,0.991029501,45372,33704,90744,tmt_sym
51,64,1,1.048996925,1.045035362,45372,33704,90744,tmt_sym
51,64,2,1.063992262,1.058039427,45372,33704,90744,tmt_sym
51,64,3,1.056238651,1.056037426,45372,33704,90744,tmt_sym
51,64,4,0.993993521,0.989073515,45372,33704,90744,tmt_sym
51,64,5,1.020995617,1.018071413,45372,33704,90744,tmt_sym
51,64,6,1.058997154,1.052070856,45372,33704,90744,tmt_sym
51,64,7,0.803994894,0.800053358,45372,33704,90744,tmt_sym
51,64,8,0.945997000,0.875067472,45372,33704,90744,tmt_sym
51,64,9,1.045996428,1.036243916,45372,33704,90744,tmt_sym
56,64,0,0.890990019,0.885080099,45394,33768,90788,tmt_sym
56,64,1,1.055994511,1.049076557,45394,33768,90788,tmt_sym
56,64,2,0.976245642,0.976047516,45394,33768,90788,tmt_sym
56,64,3,1.056273460,1.056067228,45394,33768,90788,tmt_sym
56,64,4,1.048997164,1.044061184,45394,33768,90788,tmt_sym
56,64,5,1.075992584,1.073048115,45394,33768,90788,tmt_sym
56,64,6,1.227994680,1.046049356,45394,33768,90788,tmt_sym
56,64,7,1.065997124,1.062051535,45394,33768,90788,tmt_sym
56,64,8,1.297993183,1.131046057,45394,33768,90788,tmt_sym
56,64,9,1.067998648,1.058075428,45394,33768,90788,tmt_sym
39,64,0,0.528998613,0.527036428,45560,33921,91120,tmt_sym
39,64,1,0.527289152,0.527034283,45560,33921,91120,tmt_sym
39,64,2,0.527303219,0.527049780,45560,33921,91120,tmt_sym
39,64,3,0.524296522,0.524039268,45560,33921,91120,tmt_sym
39,64,4,0.529996395,0.528037786,45560,33921,91120,tmt_sym
39,64,5,0.526001692,0.525058031,45560,33921,91120,tmt_sym
39,64,6,0.531991959,0.528032303,45560,33921,91120,tmt_sym
39,64,7,0.530994415,0.528035879,45560,33921,91120,tmt_sym
39,64,8,0.527998447,0.527042150,45560,33921,91120,tmt_sym
39,64,9,0.530277729,0.530026197,45560,33921,91120,tmt_sym
49,64,0,1.051976919,1.046032906,45324,33673,90648,tmt_sym
49,64,1,1.059995174,1.056050777,45324,33673,90648,tmt_sym
49,64,2,0.877263784,0.877062559,45324,33673,90648,tmt_sym
49,64,3,1.166241169,1.166033506,45324,33673,90648,tmt_sym
49,64,4,1.072991371,1.066028118,45324,33673,90648,tmt_sym
49,64,5,1.228995800,1.222029209,45324,33673,90648,tmt_sym
49,64,6,1.201977015,1.200018406,45324,33673,90648,tmt_sym
49,64,7,1.054995537,1.051037312,45324,33673,90648,tmt_sym
49,64,8,1.046993732,1.045031548,45324,33673,90648,tmt_sym
49,64,9,1.046989202,1.043041706,45324,33673,90648,tmt_sym
44,64,0,0.791292191,0.791072369,45402,33723,90804,tmt_sym
44,64,1,0.747282982,0.747038126,45402,33723,90804,tmt_sym
44,64,2,0.791996479,0.791068316,45402,33723,90804,tmt_sym
44,64,3,0.801873684,0.799042702,45402,33723,90804,tmt_sym
44,64,4,0.792994976,0.791035652,45402,33723,90804,tmt_sym
44,64,5,0.789998055,0.788037777,45402,33723,90804,tmt_sym
44,64,6,0.793994904,0.792042971,45402,33723,90804,tmt_sym
44,64,7,0.801995277,0.800036430,45402,33723,90804,tmt_sym
44,64,8,0.791270494,0.791039705,45402,33723,90804,tmt_sym
44,64,9,0.802280426,0.802042961,45402,33723,90804,tmt_sym
52,64,0,0.887733459,0.887515068,45409,33727,90818,tmt_sym
52,64,1,1.057969332,1.056520224,45409,33727,90818,tmt_sym
52,64,2,1.019998074,1.014046907,45409,33727,90818,tmt_sym
52,64,3,0.968263626,0.968064547,45409,33727,90818,tmt_sym
52,64,4,1.147993565,1.141039848,45409,33727,90818,tmt_sym
52,64,5,1.070995092,1.068066835,45409,33727,90818,tmt_sym
52,64,6,1.069997072,1.063078403,45409,33727,90818,tmt_sym
52,64,7,1.032999516,1.029066563,45409,33727,90818,tmt_sym
52,64,8,0.882747412,0.882485151,45409,33727,90818,tmt_sym
52,64,9,1.035967350,1.032015800,45409,33727,90818,tmt_sym
30,64,0,0.791994572,0.791043758,45458,33758,90916,tmt_sym
30,64,1,0.791994810,0.791038275,45458,33758,90916,tmt_sym
30,64,2,0.791993618,0.791035891,45458,33758,90916,tmt_sym
30,64,3,0.755995989,0.755040407,45458,33758,90916,tmt_sym
30,64,4,0.791295528,0.791031837,45458,33758,90916,tmt_sym
30,64,5,0.788295746,0.788058996,45458,33758,90916,tmt_sym
30,64,6,0.792278767,0.792036772,45458,33758,90916,tmt_sym
30,64,7,0.800288200,0.800059795,45458,33758,90916,tmt_sym
30,64,8,0.792977095,0.791022062,45458,33758,90916,tmt_sym
30,64,9,0.804011345,0.802096128,45458,33758,90916,tmt_sym
24,64,0,1.055980682,1.055004597,45565,33935,91130,tmt_sym
24,64,1,1.055969954,1.055002213,45565,33935,91130,tmt_sym
24,64,2,1.055975914,1.055007696,45565,33935,91130,tmt_sym
24,64,3,1.065651178,1.063009262,45565,33935,91130,tmt_sym
24,64,4,1.055971384,1.055002689,45565,33935,91130,tmt_sym
24,64,5,1.055026770,1.052000761,45565,33935,91130,tmt_sym
24,64,6,1.058011532,1.054982901,45565,33935,91130,tmt_sym
24,64,7,1.052968025,1.052000046,45565,33935,91130,tmt_sym
24,64,8,1.055969477,1.055018425,45565,33935,91130,tmt_sym
24,64,9,1.066986799,1.066015005,45565,33935,91130,tmt_sym
47,64,0,0.527992487,0.527024031,45387,33737,90774,tmt_sym
47,64,1,0.528995037,0.527021170,45387,33737,90774,tmt_sym
47,64,2,0.527993679,0.527023554,45387,33737,90774,tmt_sym
47,64,3,0.525997639,0.525046587,45387,33737,90774,tmt_sym
47,64,4,0.530056953,0.528030396,45387,33737,90774,tmt_sym
47,64,5,0.525250196,0.525026083,45387,33737,90774,tmt_sym
47,64,6,0.532116175,0.528029919,45387,33737,90774,tmt_sym
47,64,7,0.531051397,0.528030157,45387,33737,90774,tmt_sym
47,64,8,0.527996063,0.527030230,45387,33737,90774,tmt_sym
47,64,9,0.533403635,0.530031919,45387,33737,90774,tmt_sym
28,64,0,1.057991743,1.055016041,45449,33700,90898,tmt_sym
28,64,1,1.057996511,1.055018663,45449,33700,90898,tmt_sym
28,64,2,1.055994749,1.055033922,45449,33700,90898,tmt_sym
28,64,3,1.053049326,1.052029848,45449,33700,90898,tmt_sym
28,64,4,1.055271864,1.055033207,45449,33700,90898,tmt_sym
28,64,5,1.064993858,1.063031435,45449,33700,90898,tmt_sym
28,64,6,1.058995008,1.055035830,45449,33700,90898,tmt_sym
28,64,7,1.054971218,1.052014828,45449,33700,90898,tmt_sym
28,64,8,1.055993557,1.055030346,45449,33700,90898,tmt_sym
28,64,9,1.068995953,1.066054583,45449,33700,90898,tmt_sym
35,64,0,0.792993069,0.791045904,45215,33377,90430,tmt_sym
35,64,1,0.791284561,0.791034698,45215,33377,90430,tmt_sym
35,64,2,0.791308403,0.791052103,45215,33377,90430,tmt_sym
35,64,3,0.789995432,0.788043737,45215,33377,90430,tmt_sym
35,64,4,0.791968107,0.791011572,45215,33377,90430,tmt_sym
35,64,5,0.799994946,0.799039841,45215,33377,90430,tmt_sym
35,64,6,0.795991659,0.792036772,45215,33377,90430,tmt_sym
35,64,7,0.791993380,0.789039373,45215,33377,90430,tmt_sym
35,64,8,0.791976213,0.791021109,45215,33377,90430,tmt_sym
35,64,9,0.796994686,0.794039488,45215,33377,90430,tmt_sym
37,64,0,0.794062614,0.791040659,45363,33689,90726,tmt_sym
37,64,1,0.791996002,0.791056395,45363,33689,90726,tmt_sym
37,64,2,0.791998148,0.791044235,45363,33689,90726,tmt_sym
37,64,3,0.788995028,0.788059711,45363,33689,90726,tmt_sym
37,64,4,0.792991161,0.791041136,45363,33689,90726,tmt_sym
37,64,5,0.789993048,0.789040565,45363,33689,90726,tmt_sym
37,64,6,0.795993090,0.792052031,45363,33689,90726,tmt_sym
37,64,7,1.043996334,0.780039072,45363,33689,90726,tmt_sym
37,64,8,0.791978359,0.791024923,45363,33689,90726,tmt_sym
37,64,9,0.796977758,0.794036388,45363,33689,90726,tmt_sym
60,64,0,0.874994278,0.868036032,45363,33624,90726,tmt_sym
60,64,1,0.891652107,0.891414881,45363,33624,90726,tmt_sym
60,64,2,0.887999058,0.882033110,45363,33624,90726,tmt_sym
60,64,3,1.045214176,1.045032740,45363,33624,90726,tmt_sym
60,64,4,1.037993193,1.031032562,45363,33624,90726,tmt_sym
60,64,5,1.057998657,1.051033020,45363,33624,90726,tmt_sym
60,64,6,1.047996759,1.046045303,45363,33624,90726,tmt_sym
60,64,7,1.063110352,1.062035561,45363,33624,90726,tmt_sym
60,64,8,1.205997705,1.032047987,45363,33624,90726,tmt_sym
60,64,9,1.141979933,1.037109375,45363,33624,90726,tmt_sym
31,64,0,0.782990932,0.780035973,45342,33702,90684,tmt_sym
31,64,1,0.794058800,0.791042328,45342,33702,90684,tmt_sym
31,64,2,0.791992426,0.791038275,45342,33702,90684,tmt_sym
31,64,3,0.788995028,0.788045883,45342,33702,90684,tmt_sym
31,64,4,0.792985678,0.791033030,45342,33702,90684,tmt_sym
31,64,5,0.789999485,0.789042234,45342,33702,90684,tmt_sym
31,64,6,0.795997143,0.792039871,45342,33702,90684,tmt_sym
31,64,7,1.043998003,0.780018091,45342,33702,90684,tmt_sym
31,64,8,0.791993141,0.791036844,45342,33702,90684,tmt_sym
31,64,9,0.799015999,0.794053793,45342,33702,90684,tmt_sym
32,64,0,1.319264174,1.319008112,45332,33699,90664,tmt_sym
32,64,1,1.316279650,1.316017866,45332,33699,90664,tmt_sym
32,64,2,1.319272280,1.319015026,45332,33699,90664,tmt_sym
32,64,3,1.316287041,1.316019297,45332,33699,90664,tmt_sym
32,64,4,1.320154905,1.318987370,45332,33699,90664,tmt_sym
32,64,5,1.384000540,1.316018820,45332,33699,90664,tmt_sym
32,64,6,1.058993816,1.055037022,45332,33699,90664,tmt_sym
32,64,7,0.799310684,0.799078703,45332,33699,90664,tmt_sym
32,64,8,1.055989265,1.055035353,45332,33699,90664,tmt_sym
32,64,9,1.059993029,1.055042982,45332,33699,90664,tmt_sym
25,64,0,1.068988800,1.066034555,45242,33617,90484,tmt_sym
25,64,1,1.057998896,1.055040836,45242,33617,90484,tmt_sym
25,64,2,1.057902098,1.055035591,45242,33617,90484,tmt_sym
25,64,3,1.052996159,1.052050829,45242,33617,90484,tmt_sym
25,64,4,1.056995869,1.055046320,45242,33617,90484,tmt_sym
25,64,5,1.052997112,1.052037954,45242,33617,90484,tmt_sym
25,64,6,1.058993816,1.055036545,45242,33617,90484,tmt_sym
25,64,7,1.056994677,1.054019690,45242,33617,90484,tmt_sym
25,64,8,1.055994749,1.055035353,45242,33617,90484,tmt_sym
25,64,9,1.059993744,1.055042982,45242,33617,90484,tmt_sym
43,64,0,0.529993057,0.527016878,45365,33634,90730,tmt_sym
43,64,1,0.529994726,0.527016401,45365,33634,90730,tmt_sym
43,64,2,0.539996386,0.538033247,45365,33634,90730,tmt_sym
43,64,3,0.525993824,0.525015593,45365,33634,90730,tmt_sym
43,64,4,0.529991150,0.528012991,45365,33634,90730,tmt_sym
43,64,5,0.525998116,0.525016069,45365,33634,90730,tmt_sym
43,64,6,0.531994104,0.528018236,45365,33634,90730,tmt_sym
43,64,7,0.584998131,0.528015614,45365,33634,90730,tmt_sym
43,64,8,0.527983189,0.527007818,45365,33634,90730,tmt_sym
43,64,9,0.523993969,0.519045115,45365,33634,90730,tmt_sym
33,64,0,1.055990696,1.055014849,45336,33622,90672,tmt_sym
33,64,1,1.067997694,1.063020945,45336,33622,90672,tmt_sym
33,64,2,1.055993557,1.055017710,45336,33622,90672,tmt_sym
33,64,3,1.054994583,1.052020073,45336,33622,90672,tmt_sym
33,64,4,1.058053255,1.055029631,45336,33622,90672,tmt_sym
33,64,5,0.999997854,0.997048616,45336,33622,90672,tmt_sym
33,64,6,1.056997538,1.055027723,45336,33622,90672,tmt_sym
33,64,7,0.791006327,0.789033651,45336,33622,90672,tmt_sym
33,64,8,1.055997372,1.055024147,45336,33622,90672,tmt_sym
33,64,9,1.049004555,1.044031620,45336,33622,90672,tmt_sym
42,64,0,0.793993711,0.791013956,45387,33633,90774,tmt_sym
42,64,1,0.793984175,0.791007519,45387,33633,90774,tmt_sym
42,64,2,0.803992033,0.802020550,45387,33633,90774,tmt_sym
42,64,3,0.788989782,0.788009405,45387,33633,90774,tmt_sym
42,64,4,0.792996645,0.791020155,45387,33633,90774,tmt_sym
42,64,5,0.791986227,0.789015293,45387,33633,90774,tmt_sym
42,64,6,0.795995951,0.792023420,45387,33633,90774,tmt_sym
42,64,7,0.792351723,0.791016579,45387,33633,90774,tmt_sym
42,64,8,0.791997671,0.791017771,45387,33633,90774,tmt_sym
42,64,9,0.786005974,0.783025265,45387,33633,90774,tmt_sym
27,64,0,0.792992115,0.791028976,45350,33668,90700,tmt_sym
27,64,1,0.792999506,0.791041851,45350,33668,90700,tmt_sym
27,64,2,0.791322947,0.791061878,45350,33668,90700,tmt_sym
27,64,3,1.019994497,1.019024372,45350,33668,90700,tmt_sym
27,64,4,1.056996346,1.055021524,45350,33668,90700,tmt_sym
27,64,5,0.788315535,0.788073778,45350,33668,90700,tmt_sym
27,64,6,0.791334629,0.791075706,45350,33668,90700,tmt_sym
27,64,7,0.789295912,0.789037704,45350,33668,90700,tmt_sym
27,64,8,1.055995703,1.055024147,45350,33668,90700,tmt_sym
27,64,9,1.047008514,1.044028759,45350,33668,90700,tmt_sym
58,64,0,0.890990734,0.885048389,45373,33667,90746,tmt_sym
58,64,1,1.059996367,1.056032181,45373,33667,90746,tmt_sym
58,64,2,0.866243124,0.866043329,45373,33667,90746,tmt_sym
58,64,3,0.990279436,0.990070581,45373,33667,90746,tmt_sym
58,64,4,1.017994404,1.011031628,45373,33667,90746,tmt_sym
58,64,5,1.024994135,1.018028975,45373,33667,90746,tmt_sym
58,64,6,1.059990406,1.058027983,45373,33667,90746,tmt_sym
58,64,7,1.053993464,1.051027298,45373,33667,90746,tmt_sym
58,64,8,1.068991423,1.067036867,45373,33667,90746,tmt_sym
58,64,9,1.153995514,0.978061199,45373,33667,90746,tmt_sym
26,64,0,1.057990551,1.055015564,45361,33637,90722,tmt_sym
26,64,1,1.057994604,1.055017710,45361,33637,90722,tmt_sym
26,64,2,1.034996033,1.033025026,45361,33637,90722,tmt_sym
26,64,3,1.052998066,1.052036524,45361,33637,90722,tmt_sym
26,64,4,1.056991339,1.055033684,45361,33637,90722,tmt_sym
26,64,5,1.054996729,1.052019835,45361,33637,90722,tmt_sym
26,64,6,1.058994770,1.055018663,45361,33637,90722,tmt_sym
26,64,7,0.789283752,0.789045572,45361,33637,90722,tmt_sym
26,64,8,1.055990219,1.055032969,45361,33637,90722,tmt_sym
26,64,9,1.101992607,1.099047661,45361,33637,90722,tmt_sym
46,64,0,0.793992043,0.791013956,45325,33564,90650,tmt_sym
46,64,1,0.796065092,0.788039446,45325,33564,90650,tmt_sym
46,64,2,0.792991161,0.791025400,45325,33564,90650,tmt_sym
46,64,3,0.799993992,0.799021006,45325,33564,90650,tmt_sym
46,64,4,0.792991877,0.791012764,45325,33564,90650,tmt_sym
46,64,5,0.792279959,0.789021015,45325,33564,90650,tmt_sym
46,64,6,0.794231653,0.792015553,45325,33564,90650,tmt_sym
46,64,7,0.791285753,0.791023254,45325,33564,90650,tmt_sym
46,64,8,0.791995287,0.791022062,45325,33564,90650,tmt_sym
46,64,9,0.797001839,0.794028044,45325,33564,90650,tmt_sym
29,64,0,0.791282892,0.791051865,45254,33564,90508,tmt_sym
29,64,1,0.791322231,0.791063070,45254,33564,90508,tmt_sym
29,64,2,1.056992054,1.055017233,45254,33564,90508,tmt_sym
29,64,3,1.063996553,1.063019514,45254,33564,90508,tmt_sym
29,64,4,1.045997858,1.044019699,45254,33564,90508,tmt_sym
29,64,5,1.065994740,1.063018560,45254,33564,90508,tmt_sym
29,64,6,1.059125185,1.054023504,45254,33564,90508,tmt_sym
29,64,7,1.056975365,1.054992914,45254,33564,90508,tmt_sym
29,64,8,1.055993319,1.055017948,45254,33564,90508,tmt_sym
29,64,9,1.057996035,1.055031538,45254,33564,90508,tmt_sym
38,64,0,0.793989420,0.791015387,45260,33458,90520,tmt_sym
38,64,1,0.797993898,0.788015127,45260,33458,90520,tmt_sym
38,64,2,0.792993307,0.791029215,45260,33458,90520,tmt_sym
38,64,3,0.799994707,0.799020529,45260,33458,90520,tmt_sym
38,64,4,0.803994894,0.802017927,45260,33458,90520,tmt_sym
38,64,5,0.802994967,0.800020933,45260,33458,90520,tmt_sym
38,64,6,0.795995235,0.791017294,45260,33458,90520,tmt_sym
38,64,7,0.525270939,0.525039196,45260,33458,90520,tmt_sym
38,64,8,0.803583384,0.802019596,45260,33458,90520,tmt_sym
38,64,9,0.795861959,0.794099092,45260,33458,90520,tmt_sym
45,64,0,0.791669369,0.791013002,45311,33584,90622,tmt_sym
45,64,1,0.791417599,0.788033009,45311,33584,90622,tmt_sym
45,64,2,0.792553663,0.791013479,45311,33584,90622,tmt_sym
45,64,3,0.791020632,0.788016319,45311,33584,90622,tmt_sym
45,64,4,0.793972492,0.791998625,45311,33584,90622,tmt_sym
45,64,5,0.802995682,0.800019741,45311,33584,90622,tmt_sym
45,64,6,0.793998003,0.791020632,45311,33584,90622,tmt_sym
45,64,7,0.791281462,0.791020155,45311,33584,90622,tmt_sym
45,64,8,0.802995920,0.802022457,45311,33584,90622,tmt_sym
45,64,9,0.795016527,0.794042587,45311,33584,90622,tmt_sym
41,64,0,0.791298866,0.791034698,45419,33751,90838,tmt_sym
41,64,1,0.792998552,0.791042566,45419,33751,90838,tmt_sym
41,64,2,0.791997433,0.791040897,45419,33751,90838,tmt_sym
41,64,3,0.799997330,0.799042940,45419,33751,90838,tmt_sym
41,64,4,0.791996002,0.791037083,45419,33751,90838,tmt_sym
41,64,5,0.788998365,0.788040876,45419,33751,90838,tmt_sym
41,64,6,0.796057463,0.792034626,45419,33751,90838,tmt_sym
41,64,7,1.011270761,1.011012316,45419,33751,90838,tmt_sym
41,64,8,0.791998863,0.791022539,45419,33751,90838,tmt_sym
41,64,9,0.795003414,0.794056177,45419,33751,90838,tmt_sym
40,64,0,1.055994987,1.055016518,45299,33642,90598,tmt_sym
40,64,1,1.068109274,1.063023806,45299,33642,90598,tmt_sym
40,64,2,1.056877136,1.055021763,45299,33642,90598,tmt_sym
40,64,3,1.054989576,1.052021027,45299,33642,90598,tmt_sym
40,64,4,1.056990385,1.055014372,45299,33642,90598,tmt_sym
40,64,5,1.065994263,1.063021898,45299,33642,90598,tmt_sym
40,64,6,1.067427158,1.065020084,45299,33642,90598,tmt_sym
40,64,7,1.067996264,1.066020966,45299,33642,90598,tmt_sym
40,64,8,1.055993795,1.055034876,45299,33642,90598,tmt_sym
40,64,9,1.055997372,1.055087090,45299,33642,90598,tmt_sym
36,64,0,1.055991173,1.055013418,45454,33751,90908,tmt_sym
36,64,1,1.068822861,1.063022375,45454,33751,90908,tmt_sym
36,64,2,1.055994511,1.055019855,45454,33751,90908,tmt_sym
36,64,3,1.054993391,1.052018642,45454,33751,90908,tmt_sym
36,64,4,1.057996035,1.055033207,45454,33751,90908,tmt_sym
36,64,5,1.054994345,1.052018642,45454,33751,90908,tmt_sym
36,64,6,1.057024479,1.054989576,45454,33751,90908,tmt_sym
36,64,7,1.066997051,1.066019297,45454,33751,90908,tmt_sym
36,64,8,1.055996418,1.055018425,45454,33751,90908,tmt_sym
36,64,9,1.072315454,1.066059351,45454,33751,90908,tmt_sym
9,128,0,1.916350365,1.916038513,22664,16901,45328,tmt_sym
9,128,1,1.920996189,1.729048729,22664,16901,45328,tmt_sym
9,128,2,1.536000013,1.344060421,22664,16901,45328,tmt_sym
9,128,3,1.728000164,1.536039829,22664,16901,45328,tmt_sym
9,128,4,2.111992359,1.920039654,22664,16901,45328,tmt_sym
9,128,5,1.960004330,1.728051901,22664,16901,45328,tmt_sym
9,128,6,1.723006248,1.535065889,22664,16901,45328,tmt_sym
9,128,7,2.119003534,1.919008732,22664,16901,45328,tmt_sym
9,128,8,1.730002403,1.538059711,22664,16901,45328,tmt_sym
9,128,9,1.344297886,1.344052076,22664,16901,45328,tmt_sym
22,128,0,1.535352707,1.535049438,22722,16974,45444,tmt_sym
22,128,1,1.534363747,1.533041716,22722,16974,45444,tmt_sym
22,128,2,1.152269840,1.152035952,22722,16974,45444,tmt_sym
22,128,3,1.152324200,1.152052641,22722,16974,45444,tmt_sym
22,128,4,1.919997692,1.728029490,22722,16974,45444,tmt_sym
22,128,5,1.536515951,1.536038399,22722,16974,45444,tmt_sym
22,128,6,1.347255945,1.347038031,22722,16974,45444,tmt_sym
22,128,7,1.536298990,1.536065340,22722,16974,45444,tmt_sym
22,128,8,1.347207308,1.346035242,22722,16974,45444,tmt_sym
22,128,9,1.152520418,1.152254105,22722,16974,45444,tmt_sym
18,128,0,1.727760553,1.727050066,22672,16865,45344,tmt_sym
18,128,1,1.726000309,1.725045204,22672,16865,45344,tmt_sym
18,128,2,1.344554424,1.344043255,22672,16865,45344,tmt_sym
18,128,3,1.345853090,1.344062090,22672,16865,45344,tmt_sym
18,128,4,2.111993790,1.920025349,22672,16865,45344,tmt_sym
18,128,5,1.728811026,1.728046656,22672,16865,45344,tmt_sym
18,128,6,1.539271355,1.539050817,22672,16865,45344,tmt_sym
18,128,7,1.728585005,1.728063345,22672,16865,45344,tmt_sym
18,128,8,1.538284063,1.538059235,22672,16865,45344,tmt_sym
18,128,9,1.344314337,1.344052553,22672,16865,45344,tmt_sym
12,128,0,1.924331188,1.924029350,22651,16894,45302,tmt_sym
12,128,1,1.916997910,1.725040674,22651,16894,45302,tmt_sym
12,128,2,1.344256163,1.344040155,22651,16894,45302,tmt_sym
12,128,3,1.344325304,1.344053984,22651,16894,45302,tmt_sym
12,128,4,2.111999512,1.920031548,22651,16894,45302,tmt_sym
12,128,5,1.731550455,1.728035927,22651,16894,45302,tmt_sym
12,128,6,1.726994514,1.535035133,22651,16894,45302,tmt_sym
12,128,7,1.938996077,1.728052378,22651,16894,45302,tmt_sym
12,128,8,1.729999304,1.538065195,22651,16894,45302,tmt_sym
12,128,9,1.344312429,1.344047070,22651,16894,45302,tmt_sym
25,128,0,1.869987726,1.868078470,22693,16942,45386,tmt_sym
25,128,1,1.757987976,1.756079435,22693,16942,45386,tmt_sym
25,128,2,1.407997370,1.406088352,22693,16942,45386,tmt_sym
25,128,3,1.759895802,1.758012772,22693,16942,45386,tmt_sym
25,128,4,1.760987520,1.758049726,22693,16942,45386,tmt_sym
25,128,5,1.775986195,1.772035837,22693,16942,45386,tmt_sym
25,128,6,1.761996269,1.758007526,22693,16942,45386,tmt_sym
25,128,7,1.769226789,1.769077778,22693,16942,45386,tmt_sym
25,128,8,1.760056257,1.758097172,22693,16942,45386,tmt_sym
25,128,9,1.761333704,1.761187553,22693,16942,45386,tmt_sym
2,128,0,1.729856491,1.727045774,22698,16936,45396,tmt_sym
2,128,1,1.729235649,1.729031801,22698,16936,45396,tmt_sym
2,128,2,1.345414162,1.344039917,22698,16936,45396,tmt_sym
2,128,3,1.346204281,1.344036579,22698,16936,45396,tmt_sym
2,128,4,2.112004042,1.920028448,22698,16936,45396,tmt_sym
2,128,5,1.724999905,1.724035263,22698,16936,45396,tmt_sym
2,128,6,1.539689779,1.539031982,22698,16936,45396,tmt_sym
2,128,7,1.730573416,1.728055477,22698,16936,45396,tmt_sym
2,128,8,1.534277916,1.534048319,22698,16936,45396,tmt_sym
2,128,9,1.344324112,1.344043732,22698,16936,45396,tmt_sym
5,128,0,1.729446411,1.727034092,22697,16949,45394,tmt_sym
5,128,1,1.729236603,1.729031324,22697,16949,45394,tmt_sym
5,128,2,1.345003128,1.344035864,22697,16949,45394,tmt_sym
5,128,3,1.344308853,1.344045401,22697,16949,45394,tmt_sym
5,128,4,2.112004042,1.920028925,22697,16949,45394,tmt_sym
5,128,5,1.733004093,1.732039213,22697,16949,45394,tmt_sym
5,128,6,1.539271832,1.539049387,22697,16949,45394,tmt_sym
5,128,7,1.730291367,1.728050947,22697,16949,45394,tmt_sym
5,128,8,1.542559385,1.542052507,22697,16949,45394,tmt_sym
5,128,9,1.346248865,1.344047785,22697,16949,45394,tmt_sym
6,128,0,1.727804422,1.727035999,22669,16906,45338,tmt_sym
6,128,1,1.729237080,1.729026556,22669,16906,45338,tmt_sym
6,128,2,1.344277859,1.344034433,22669,16906,45338,tmt_sym
6,128,3,1.344278574,1.344036818,22669,16906,45338,tmt_sym
6,128,4,2.111998796,1.920022249,22669,16906,45338,tmt_sym
6,128,5,1.731002092,1.728033304,22669,16906,45338,tmt_sym
6,128,6,1.343572140,1.343040466,22669,16906,45338,tmt_sym
6,128,7,1.729572058,1.728053808,22669,16906,45338,tmt_sym
6,128,8,1.538257122,1.538005352,22669,16906,45338,tmt_sym
6,128,9,1.344305992,1.344043732,22669,16906,45338,tmt_sym
13,128,0,1.728630543,1.727044106,22674,16897,45348,tmt_sym
13,128,1,1.731999397,1.729029417,22674,16897,45348,tmt_sym
13,128,2,1.344610929,1.344042540,22674,16897,45348,tmt_sym
13,128,3,1.345095158,1.344053984,22674,16897,45348,tmt_sym
13,128,4,2.111996651,1.920027494,22674,16897,45348,tmt_sym
13,128,5,1.735282660,1.732037067,22674,16897,45348,tmt_sym
13,128,6,1.344820976,1.343038559,22674,16897,45348,tmt_sym
13,128,7,1.725851297,1.724056482,22674,16897,45348,tmt_sym
13,128,8,1.534670830,1.534004927,22674,16897,45348,tmt_sym
13,128,9,1.344765663,1.344074726,22674,16897,45348,tmt_sym
11,128,0,1.727354765,1.727045536,22683,16922,45366,tmt_sym
11,128,1,1.729277372,1.729035616,22683,16922,45366,tmt_sym
11,128,2,1.345002174,1.344033003,22683,16922,45366,tmt_sym
11,128,3,1.344287395,1.344040871,22683,16922,45366,tmt_sym
11,128,4,1.921279669,1.920036554,22683,16922,45366,tmt_sym
11,128,5,1.731005192,1.728035212,22683,16922,45366,tmt_sym
11,128,6,1.344000578,1.343050003,22683,16922,45366,tmt_sym
11,128,7,1.728278399,1.728043318,22683,16922,45366,tmt_sym
11,128,8,1.534237146,1.533984423,22683,16922,45366,tmt_sym
11,128,9,1.152333260,1.152054071,22683,16922,45366,tmt_sym
10,128,0,1.727347374,1.727074862,22720,16940,45440,tmt_sym
10,128,1,1.725285053,1.725039959,22720,16940,45440,tmt_sym
10,128,2,1.344278574,1.344035864,22720,16940,45440,tmt_sym
10,128,3,1.531999826,1.340045691,22720,16940,45440,tmt_sym
10,128,4,2.112000227,1.920039892,22720,16940,45440,tmt_sym
10,128,5,1.731489658,1.728039026,22720,16940,45440,tmt_sym
10,128,6,1.686996222,1.495033979,22720,16940,45440,tmt_sym
10,128,7,1.729558945,1.728063822,22720,16940,45440,tmt_sym
10,128,8,1.730002642,1.538054705,22720,16940,45440,tmt_sym
10,128,9,1.344283342,1.344059229,22720,16940,45440,tmt_sym
0,128,0,1.920298100,1.920003176,22609,16858,45218,tmt_sym
0,128,1,1.921239138,1.921004295,22609,16858,45218,tmt_sym
0,128,2,1.536978483,1.536037207,22609,16858,45218,tmt_sym
0,128,3,1.533097029,1.532024145,22609,16858,45218,tmt_sym
0,128,4,2.112205744,2.112012386,22609,16858,45218,tmt_sym
0,128,5,1.922983170,1.920022011,22609,16858,45218,tmt_sym
0,128,6,1.536815643,1.535050392,22609,16858,45218,tmt_sym
0,128,7,1.920983553,1.919034004,22609,16858,45218,tmt_sym
0,128,8,1.534377813,1.534141541,22609,16858,45218,tmt_sym
0,128,9,1.536702156,1.536043644,22609,16858,45218,tmt_sym
20,128,0,1.728163481,1.727039099,22697,16936,45394,tmt_sym
20,128,1,1.729247570,1.729045630,22697,16936,45394,tmt_sym
20,128,2,1.345003128,1.344028473,22697,16936,45394,tmt_sym
20,128,3,1.340290546,1.340040445,22697,16936,45394,tmt_sym
20,128,4,1.729957342,1.729686499,22697,16936,45394,tmt_sym
20,128,5,1.731001616,1.728040218,22697,16936,45394,tmt_sym
20,128,6,1.344973564,1.343004942,22697,16936,45394,tmt_sym
20,128,7,1.729003429,1.727046728,22697,16936,45394,tmt_sym
20,128,8,1.534289122,1.534022570,22697,16936,45394,tmt_sym
20,128,9,1.345180750,1.344081640,22697,16936,45394,tmt_sym
14,128,0,1.727743387,1.727036715,22696,16924,45392,tmt_sym
14,128,1,1.729538202,1.729041338,22696,16924,45392,tmt_sym
14,128,2,1.345009327,1.344034672,22696,16924,45392,tmt_sym
14,128,3,1.348701239,1.348040819,22696,16924,45392,tmt_sym
14,128,4,1.730735779,1.728040218,22696,16924,45392,tmt_sym
14,128,5,1.731000185,1.728057623,22696,16924,45392,tmt_sym
14,128,6,1.345001936,1.343053818,22696,16924,45392,tmt_sym
14,128,7,1.728998899,1.727043152,22696,16924,45392,tmt_sym
14,128,8,1.534710407,1.534003496,22696,16924,45392,tmt_sym
14,128,9,1.345626831,1.344061136,22696,16924,45392,tmt_sym
23,128,0,1.536579847,1.535047054,22719,16950,45438,tmt_sym
23,128,1,1.537522316,1.537035465,22719,16950,45438,tmt_sym
23,128,2,1.149004936,1.148031712,22719,16950,45438,tmt_sym
23,128,3,1.149123907,1.148043633,22719,16950,45438,tmt_sym
23,128,4,1.539150000,1.536038637,22719,16950,45438,tmt_sym
23,128,5,1.539002419,1.536043882,22719,16950,45438,tmt_sym
23,128,6,1.153001070,1.151041031,22719,16950,45438,tmt_sym
23,128,7,1.537000656,1.535048008,22719,16950,45438,tmt_sym
23,128,8,1.343123913,1.342010498,22719,16950,45438,tmt_sym
23,128,9,1.154066086,1.152070999,22719,16950,45438,tmt_sym
8,128,0,1.921979427,1.920018435,22717,16951,45434,tmt_sym
8,128,1,1.732849836,1.732609034,22717,16951,45434,tmt_sym
8,128,2,1.541001558,1.540029049,22717,16951,45434,tmt_sym
8,128,3,1.541526079,1.540043592,22717,16951,45434,tmt_sym
8,128,4,1.927566051,1.924049616,22717,16951,45434,tmt_sym
8,128,5,1.923002243,1.920053005,22717,16951,45434,tmt_sym
8,128,6,1.537001610,1.535061836,22717,16951,45434,tmt_sym
8,128,7,1.921002626,1.919047356,22717,16951,45434,tmt_sym
8,128,8,1.727526903,1.726000309,22717,16951,45434,tmt_sym
8,128,9,1.538500309,1.536054134,22717,16951,45434,tmt_sym
17,128,0,1.729401112,1.727056026,22774,17013,45548,tmt_sym
17,128,1,1.541263342,1.541045189,22774,17013,45548,tmt_sym
17,128,2,1.344676971,1.344029427,22774,17013,45548,tmt_sym
17,128,3,1.344278336,1.344046831,22774,17013,45548,tmt_sym
17,128,4,1.919998646,1.728044033,22774,17013,45548,tmt_sym
17,128,5,1.730842590,1.728038788,22774,17013,45548,tmt_sym
17,128,6,1.345127583,1.343057156,22774,17013,45548,tmt_sym
17,128,7,1.728999615,1.727050781,22774,17013,45548,tmt_sym
17,128,8,1.534236193,1.534013987,22774,17013,45548,tmt_sym
17,128,9,1.344331503,1.344062090,22774,17013,45548,tmt_sym
126,128,0,1.047235966,1.047064304,22700,16942,45400,tmt_sym
126,128,1,1.052238941,1.052068710,22700,16942,45400,tmt_sym
126,128,2,1.400993824,1.395045280,22700,16942,45400,tmt_sym
126,128,3,1.410054684,1.407000542,22700,16942,45400,tmt_sym
126,128,4,1.213652849,1.208045483,22700,16942,45400,tmt_sym
126,128,5,1.412987232,1.409042597,22700,16942,45400,tmt_sym
126,128,6,1.409995079,1.406013012,22700,16942,45400,tmt_sym
126,128,7,1.419966936,1.416984797,22700,16942,45400,tmt_sym
126,128,8,1.408991337,1.407007694,22700,16942,45400,tmt_sym
126,128,9,1.409257174,1.409107447,22700,16942,45400,tmt_sym
21,128,0,1.727325439,1.727027655,22637,16842,45274,tmt_sym
21,128,1,1.540005922,1.537037611,22637,16842,45274,tmt_sym
21,128,2,1.345282555,1.344036102,22637,16842,45274,tmt_sym
21,128,3,1.344684601,1.344040155,22637,16842,45274,tmt_sym
21,128,4,1.728262901,1.728047371,22637,16842,45274,tmt_sym
21,128,5,1.728268147,1.728034973,22637,16842,45274,tmt_sym
21,128,6,1.343281031,1.343040943,22637,16842,45274,tmt_sym
21,128,7,1.729288340,1.727039099,22637,16842,45274,tmt_sym
21,128,8,1.534521580,1.534010172,22637,16842,45274,tmt_sym
21,128,9,1.344316959,1.344054461,22637,16842,45274,tmt_sym
3,128,0,1.727738857,1.727053165,22606,16796,45212,tmt_sym
3,128,1,1.728974342,1.537028074,22606,16796,45212,tmt_sym
3,128,2,1.345003605,1.344048500,22606,16796,45212,tmt_sym
3,128,3,1.345099211,1.344053984,22606,16796,45212,tmt_sym
3,128,4,1.919999599,1.728051186,22606,16796,45212,tmt_sym
3,128,5,1.728970766,1.728047848,22606,16796,45212,tmt_sym
3,128,6,1.343695879,1.343055725,22606,16796,45212,tmt_sym
3,128,7,1.729355097,1.727054596,22606,16796,45212,tmt_sym
3,128,8,1.342453957,1.342191219,22606,16796,45212,tmt_sym
3,128,9,1.344321728,1.344061613,22606,16796,45212,tmt_sym
19,128,0,1.727764845,1.727035999,22650,16898,45300,tmt_sym
19,128,1,1.729244232,1.729032040,22650,16898,45300,tmt_sym
19,128,2,1.345003128,1.344032526,22650,16898,45300,tmt_sym
19,128,3,1.344707727,1.344045639,22650,16898,45300,tmt_sym
19,128,4,1.921004295,1.920032740,22650,16898,45300,tmt_sym
19,128,5,1.731008053,1.728039503,22650,16898,45300,tmt_sym
19,128,6,1.344004393,1.343037367,22650,16898,45300,tmt_sym
19,128,7,1.728232622,1.728039026,22650,16898,45300,tmt_sym
19,128,8,1.534281731,1.534009218,22650,16898,45300,tmt_sym
19,128,9,1.344325066,1.344058037,22650,16898,45300,tmt_sym
4,128,0,1.868343592,1.868029118,22674,16905,45348,tmt_sym
4,128,1,1.929001570,1.737040043,22674,16905,45348,tmt_sym
4,128,2,1.338479757,1.336044788,22674,16905,45348,tmt_sym
4,128,3,1.344930887,1.344653130,22674,16905,45348,tmt_sym
4,128,4,2.111994267,1.920035124,22674,16905,45348,tmt_sym
4,128,5,1.730469465,1.728041887,22674,16905,45348,tmt_sym
4,128,6,1.537133455,1.535052538,22674,16905,45348,tmt_sym
4,128,7,2.110996723,1.919046879,22674,16905,45348,tmt_sym
4,128,8,1.534384012,1.534158468,22674,16905,45348,tmt_sym
4,128,9,1.537391663,1.536048174,22674,16905,45348,tmt_sym
87,128,0,1.321305275,1.321159363,22671,16899,45342,tmt_sym
87,128,1,1.579050779,1.578027964,22671,16899,45342,tmt_sym
87,128,2,1.323998451,1.323045731,22671,16899,45342,tmt_sym
87,128,3,1.589990854,1.326041460,22671,16899,45342,tmt_sym
87,128,4,1.312903881,1.312064648,22671,16899,45342,tmt_sym
87,128,5,1.327994108,1.323030710,22671,16899,45342,tmt_sym
87,128,6,1.313972712,1.305010080,22671,16899,45342,tmt_sym
87,128,7,1.590998650,1.590049267,22671,16899,45342,tmt_sym
87,128,8,1.323197126,1.323054552,22671,16899,45342,tmt_sym
87,128,9,1.312397480,1.312230825,22671,16899,45342,tmt_sym
16,128,0,1.920780897,1.920037985,22619,16879,45238,tmt_sym
16,128,1,1.729810476,1.729038000,22619,16879,45238,tmt_sym
16,128,2,1.344322443,1.344046593,22619,16879,45238,tmt_sym
16,128,3,1.538347244,1.536046028,22619,16879,45238,tmt_sym
16,128,4,2.111999273,1.920059681,22619,16879,45238,tmt_sym
16,128,5,1.920007706,1.728053093,22619,16879,45238,tmt_sym
16,128,6,1.535995722,1.535053730,22619,16879,45238,tmt_sym
16,128,7,1.921002150,1.919075012,22619,16879,45238,tmt_sym
16,128,8,1.534434795,1.534229517,22619,16879,45238,tmt_sym
16,128,9,1.538458586,1.536049604,22619,16879,45238,tmt_sym
125,128,0,1.412996292,1.410007954,22746,16994,45492,tmt_sym
125,128,1,1.063984394,1.055029631,22746,16994,45492,tmt_sym
125,128,2,1.058255911,1.055109262,22746,16994,45492,tmt_sym
125,128,3,1.055250168,1.055079937,22746,16994,45492,tmt_sym
125,128,4,1.065990925,1.061045170,22746,16994,45492,tmt_sym
125,128,5,1.055450916,1.055285215,22746,16994,45492,tmt_sym
125,128,6,1.052433491,1.052260399,22746,16994,45492,tmt_sym
125,128,7,1.055473089,1.055302382,22746,16994,45492,tmt_sym
125,128,8,1.055328131,1.055153370,22746,16994,45492,tmt_sym
125,128,9,1.407249451,1.407096148,22746,16994,45492,tmt_sym
117,128,0,1.155367851,1.155055046,22718,16904,45436,tmt_sym
117,128,1,1.340999603,1.149026871,22718,16904,45436,tmt_sym
117,128,2,0.968230247,0.968027592,22718,16904,45436,tmt_sym
117,128,3,0.960680246,0.960043907,22718,16904,45436,tmt_sym
117,128,4,1.349000216,1.348046541,22718,16904,45436,tmt_sym
117,128,5,1.156542301,1.156063557,22718,16904,45436,tmt_sym
117,128,6,0.961005211,0.960046530,22718,16904,45436,tmt_sym
117,128,7,1.148320436,1.148064852,22718,16904,45436,tmt_sym
117,128,8,0.959837437,0.958053589,22718,16904,45436,tmt_sym
117,128,9,0.959319830,0.959093809,22718,16904,45436,tmt_sym
88,128,0,1.849986792,1.848032475,22844,17107,45688,tmt_sym
88,128,1,1.851990938,1.851035357,22844,17107,45688,tmt_sym
88,128,2,1.678998709,1.678061485,22844,17107,45688,tmt_sym
88,128,3,2.095999479,1.832050323,22844,17107,45688,tmt_sym
88,128,4,1.858977795,1.851030111,22844,17107,45688,tmt_sym
88,128,5,1.847989321,1.843053341,22844,17107,45688,tmt_sym
88,128,6,1.657992601,1.649032593,22844,17107,45688,tmt_sym
88,128,7,1.855990887,1.854029894,22844,17107,45688,tmt_sym
88,128,8,1.581991196,1.580046415,22844,17107,45688,tmt_sym
88,128,9,1.590238094,1.590093136,22844,17107,45688,tmt_sym
120,128,0,1.404992580,1.403091908,22690,16940,45380,tmt_sym
120,128,1,1.405939102,1.404039621,22690,16940,45380,tmt_sym
120,128,2,1.763988018,1.758041382,22690,16940,45380,tmt_sym
120,128,3,1.760997295,1.759040833,22690,16940,45380,tmt_sym
120,128,4,1.407990694,1.406105995,22690,16940,45380,tmt_sym
120,128,5,1.410990953,1.409093857,22690,16940,45380,tmt_sym
120,128,6,1.396988630,1.395087004,22690,16940,45380,tmt_sym
120,128,7,1.406287909,1.406140566,22690,16940,45380,tmt_sym
120,128,8,1.406274319,1.406105995,22690,16940,45380,tmt_sym
120,128,9,1.750264645,1.750093222,22690,16940,45380,tmt_sym
112,128,0,1.539328814,1.539025307,22689,16917,45378,tmt_sym
112,128,1,1.724996805,1.533035755,22689,16917,45378,tmt_sym
112,128,2,1.152367115,1.152085543,22689,16917,45378,tmt_sym
112,128,3,1.344300508,1.344057322,22689,16917,45378,tmt_sym
112,128,4,1.919998407,1.728032827,22689,16917,45378,tmt_sym
112,128,5,1.536256790,1.536059380,22689,16917,45378,tmt_sym
112,128,6,1.343723059,1.343041658,22689,16917,45378,tmt_sym
112,128,7,1.536604881,1.536087513,22689,16917,45378,tmt_sym
112,128,8,1.346390724,1.346043348,22689,16917,45378,tmt_sym
112,128,9,1.346669674,1.343056440,22689,16917,45378,tmt_sym
92,128,0,1.568205118,1.568043232,22764,17032,45528,tmt_sym
92,128,1,1.697999001,1.697039843,22764,17032,45528,tmt_sym
92,128,2,1.832996845,1.832056046,22764,17032,45528,tmt_sym
92,128,3,1.589005709,1.587064266,22764,17032,45528,tmt_sym
92,128,4,1.858997822,1.851069689,22764,17032,45528,tmt_sym
92,128,5,1.847998619,1.843052387,22764,17032,45528,tmt_sym
92,128,6,1.579996824,1.579031229,22764,17032,45528,tmt_sym
92,128,7,1.855968952,1.854014397,22764,17032,45528,tmt_sym
92,128,8,1.591192245,1.591032267,22764,17032,45528,tmt_sym
92,128,9,1.579251528,1.579100370,22764,17032,45528,tmt_sym
115,128,0,1.348198175,1.347045183,22736,16975,45472,tmt_sym
115,128,1,1.536996365,1.345040798,22736,16975,45472,tmt_sym
115,128,2,1.154998541,1.152036190,22736,16975,45472,tmt_sym
115,128,3,1.153144121,1.152045488,22736,16975,45472,tmt_sym
115,128,4,1.727994680,1.536041260,22736,16975,45472,tmt_sym
115,128,5,1.345797539,1.344060421,22736,16975,45472,tmt_sym
115,128,6,1.155292034,1.155062914,22736,16975,45472,tmt_sym
115,128,7,1.536877871,1.536047697,22736,16975,45472,tmt_sym
115,128,8,1.157507181,1.157243729,22736,16975,45472,tmt_sym
115,128,9,1.343300819,1.343071938,22736,16975,45472,tmt_sym
104,128,0,1.728612185,1.727038860,22598,16861,45196,tmt_sym
104,128,1,1.732997894,1.541086912,22598,16861,45196,tmt_sym
104,128,2,1.346785784,1.344056129,22598,16861,45196,tmt_sym
104,128,3,1.537109613,1.536044121,22598,16861,45196,tmt_sym
104,128,4,2.115990639,1.924026012,22598,16861,45196,tmt_sym
104,128,5,1.728992701,1.728033304,22598,16861,45196,tmt_sym
104,128,6,1.350005627,1.347070932,22598,16861,45196,tmt_sym
104,128,7,1.729430914,1.728044987,22598,16861,45196,tmt_sym
104,128,8,1.538268328,1.538033485,22598,16861,45196,tmt_sym
104,128,9,1.535340309,1.535091162,22598,16861,45196,tmt_sym
111,128,0,1.349024057,1.347029686,22713,16962,45426,tmt_sym
111,128,1,1.189335823,1.189080715,22713,16962,45426,tmt_sym
111,128,2,0.960968018,0.960072041,22713,16962,45426,tmt_sym
111,128,3,1.152280807,1.152049780,22713,16962,45426,tmt_sym
111,128,4,1.727990389,1.536027670,22713,16962,45426,tmt_sym
111,128,5,1.345001221,1.344049215,22713,16962,45426,tmt_sym
111,128,6,0.964873552,0.963076591,22713,16962,45426,tmt_sym
111,128,7,1.345157862,1.344049215,22713,16962,45426,tmt_sym
111,128,8,0.964570284,0.964313745,22713,16962,45426,tmt_sym
111,128,9,1.151789665,1.151079416,22713,16962,45426,tmt_sym
97,128,0,1.728211403,1.727051497,22711,16933,45422,tmt_sym
97,128,1,1.532995224,1.341104031,22711,16933,45422,tmt_sym
97,128,2,1.153753996,1.152107000,22711,16933,45422,tmt_sym
97,128,3,1.344703436,1.344049454,22711,16933,45422,tmt_sym
97,128,4,1.915998697,1.724045753,22711,16933,45422,tmt_sym
97,128,5,1.537001371,1.536046028,22711,16933,45422,tmt_sym
97,128,6,1.158807516,1.155111313,22711,16933,45422,tmt_sym
97,128,7,1.537720680,1.536116838,22711,16933,45422,tmt_sym
97,128,8,1.346002102,1.154118776,22711,16933,45422,tmt_sym
97,128,9,1.536219358,1.535080433,22711,16933,45422,tmt_sym
84,128,0,1.843598843,1.843021631,22663,16911,45326,tmt_sym
84,128,1,1.841997623,1.840034723,22663,16911,45326,tmt_sym
84,128,2,1.590996504,1.590073824,22663,16911,45326,tmt_sym
84,128,3,2.118001699,1.854030609,22663,16911,45326,tmt_sym
84,128,4,2.114997387,1.851033449,22663,16911,45326,tmt_sym
84,128,5,1.854996443,1.854031324,22663,16911,45326,tmt_sym
84,128,6,1.326229095,1.326052904,22663,16911,45326,tmt_sym
84,128,7,1.844993353,1.843030930,22663,16911,45326,tmt_sym
84,128,8,1.591215611,1.591052055,22663,16911,45326,tmt_sym
84,128,9,1.576267242,1.576095104,22663,16911,45326,tmt_sym
105,128,0,1.729031801,1.727026463,22705,16964,45410,tmt_sym
105,128,1,1.728998423,1.537092209,22705,16964,45410,tmt_sym
105,128,2,1.345993996,1.344071388,22705,16964,45410,tmt_sym
105,128,3,1.537398338,1.536039591,22705,16964,45410,tmt_sym
105,128,4,2.112001657,1.920041084,22705,16964,45410,tmt_sym
105,128,5,1.729000807,1.728036165,22705,16964,45410,tmt_sym
105,128,6,1.538995504,1.347061872,22705,16964,45410,tmt_sym
105,128,7,1.730011702,1.728055954,22705,16964,45410,tmt_sym
105,128,8,1.349547863,1.346073866,22705,16964,45410,tmt_sym
105,128,9,1.536674738,1.535094738,22705,16964,45410,tmt_sym
119,128,0,1.151350021,1.151055336,22620,16859,45240,tmt_sym
119,128,1,1.156553030,1.153044224,22620,16859,45240,tmt_sym
119,128,2,0.961826801,0.960048437,22620,16859,45240,tmt_sym
119,128,3,1.151998758,0.960045576,22620,16859,45240,tmt_sym
119,128,4,1.344314575,1.344046116,22620,16859,45240,tmt_sym
119,128,5,1.535994291,1.344031572,22620,16859,45240,tmt_sym
119,128,6,0.960447073,0.960042477,22620,16859,45240,tmt_sym
119,128,7,1.538998127,1.344027996,22620,16859,45240,tmt_sym
119,128,8,0.964354038,0.962071657,22620,16859,45240,tmt_sym
119,128,9,1.151297808,1.151054621,22620,16859,45240,tmt_sym
90,128,0,1.584197283,1.584035397,22732,16958,45464,tmt_sym
90,128,1,1.587229490,1.587034464,22732,16958,45464,tmt_sym
90,128,2,1.579993248,1.579039574,22732,16958,45464,tmt_sym
90,128,3,1.587198496,1.587054014,22732,16958,45464,tmt_sym
90,128,4,1.594995499,1.587049007,22732,16958,45464,tmt_sym
90,128,5,1.858994007,1.854029179,22732,16958,45464,tmt_sym
90,128,6,1.569988728,1.561023712,22732,16958,45464,tmt_sym
90,128,7,1.592805147,1.590048313,22732,16958,45464,tmt_sym
90,128,8,1.592996120,1.591044188,22732,16958,45464,tmt_sym
90,128,9,1.577995062,1.576121092,22732,16958,45464,tmt_sym
26,128,0,1.757989407,1.754997730,22629,16855,45258,tmt_sym
26,128,1,2.116986513,2.109998703,22629,16855,45258,tmt_sym
26,128,2,1.762995481,1.758036852,22629,16855,45258,tmt_sym
26,128,3,1.759338856,1.759169102,22629,16855,45258,tmt_sym
26,128,4,1.406327009,1.406172037,22629,16855,45258,tmt_sym
26,128,5,1.409319162,1.409155130,22629,16855,45258,tmt_sym
26,128,6,1.395434141,1.395184040,22629,16855,45258,tmt_sym
26,128,7,1.756991386,1.755002737,22629,16855,45258,tmt_sym
26,128,8,1.749991894,1.747004986,22629,16855,45258,tmt_sym
26,128,9,1.761337519,1.761188030,22629,16855,45258,tmt_sym
106,128,0,1.727310181,1.727030516,22660,16886,45320,tmt_sym
106,128,1,1.541328430,1.541074038,22660,16886,45320,tmt_sym
106,128,2,1.344326973,1.344076395,22660,16886,45320,tmt_sym
106,128,3,1.536307335,1.536035538,22660,16886,45320,tmt_sym
106,128,4,2.111995459,1.920023441,22660,16886,45320,tmt_sym
106,128,5,1.730998039,1.728030920,22660,16886,45320,tmt_sym
106,128,6,1.343296289,1.343067646,22660,16886,45320,tmt_sym
106,128,7,1.728796721,1.728060484,22660,16886,45320,tmt_sym
106,128,8,1.346304655,1.346069336,22660,16886,45320,tmt_sym
106,128,9,1.535598755,1.535088301,22660,16886,45320,tmt_sym
110,128,0,1.343386650,1.343065977,22685,16905,45370,tmt_sym
110,128,1,1.345309496,1.345068216,22685,16905,45370,tmt_sym
110,128,2,1.155483961,1.152060986,22685,16905,45370,tmt_sym
110,128,3,1.344286680,1.344028234,22685,16905,45370,tmt_sym
110,128,4,1.536329508,1.536068201,22685,16905,45370,tmt_sym
110,128,5,1.534998178,1.532046318,22685,16905,45370,tmt_sym
110,128,6,1.152408600,1.151086330,22685,16905,45370,tmt_sym
110,128,7,1.540999889,1.540039301,22685,16905,45370,tmt_sym
110,128,8,1.150297642,1.150068998,22685,16905,45370,tmt_sym
110,128,9,1.339338064,1.339076281,22685,16905,45370,tmt_sym
93,128,0,1.592947960,1.590031385,22607,16845,45214,tmt_sym
93,128,1,1.598994732,1.598047256,22607,16845,45214,tmt_sym
93,128,2,1.579991817,1.579057217,22607,16845,45214,tmt_sym
93,128,3,1.323989868,1.323071480,22607,16845,45214,tmt_sym
93,128,4,2.115001202,1.850997686,22607,16845,45214,tmt_sym
93,128,5,1.579212427,1.579057217,22607,16845,45214,tmt_sym
93,128,6,1.326994419,1.326066017,22607,16845,45214,tmt_sym
93,128,7,1.833990097,1.832026720,22607,16845,45214,tmt_sym
93,128,8,1.591997147,1.591037512,22607,16845,45214,tmt_sym
93,128,9,1.576274157,1.576108932,22607,16845,45214,tmt_sym
107,128,0,1.535380125,1.535063505,22660,16891,45320,tmt_sym
107,128,1,1.537335157,1.537055731,22660,16891,45320,tmt_sym
107,128,2,1.345363617,1.344044924,22660,16891,45320,tmt_sym
107,128,3,1.540295362,1.540027618,22660,16891,45320,tmt_sym
107,128,4,1.728342533,1.728066444,22660,16891,45320,tmt_sym
107,128,5,1.731005192,1.728036165,22660,16891,45320,tmt_sym
107,128,6,1.344434261,1.343093872,22660,16891,45320,tmt_sym
107,128,7,1.729196787,1.727139473,22660,16891,45320,tmt_sym
107,128,8,1.342333555,1.342070580,22660,16891,45320,tmt_sym
107,128,9,1.535348892,1.535077810,22660,16891,45320,tmt_sym
94,128,0,1.304212332,1.304060459,22676,16913,45352,tmt_sym
94,128,1,1.576990604,1.576023340,22676,16913,45352,tmt_sym
94,128,2,1.590994120,1.590074062,22676,16913,45352,tmt_sym
94,128,3,1.853993654,1.590042353,22676,16913,45352,tmt_sym
94,128,4,2.103996515,1.840037823,22676,16913,45352,tmt_sym
94,128,5,1.590410709,1.590261221,22676,16913,45352,tmt_sym
94,128,6,1.315214157,1.315059185,22676,16913,45352,tmt_sym
94,128,7,1.943998814,1.942038774,22676,16913,45352,tmt_sym
94,128,8,1.602987766,1.602064133,22676,16913,45352,tmt_sym
94,128,9,1.577996492,1.576117516,22676,16913,45352,tmt_sym
59,128,0,1.597989082,1.595052481,22683,16933,45366,tmt_sym
59,128,1,1.859993219,1.851048946,22683,16933,45366,tmt_sym
59,128,2,1.321987867,1.318035126,22683,16933,45366,tmt_sym
59,128,3,2.120980263,1.846019268,22683,16933,45366,tmt_sym
59,128,4,2.066997766,2.060035229,22683,16933,45366,tmt_sym
59,128,5,1.891716003,1.891547918,22683,16933,45366,tmt_sym
59,128,6,1.844988108,1.841031313,22683,16933,45366,tmt_sym
59,128,7,2.109995127,2.102039099,22683,16933,45366,tmt_sym
59,128,8,1.594987631,1.585026503,22683,16933,45366,tmt_sym
59,128,9,1.330641508,1.330513000,22683,16933,45366,tmt_sym
34,128,0,1.768177509,1.765007973,22832,17080,45664,tmt_sym
34,128,1,1.762987614,1.758001089,22832,17080,45664,tmt_sym
34,128,2,1.764894485,1.757983685,22832,17080,45664,tmt_sym
34,128,3,1.759995699,1.759183168,22832,17080,45664,tmt_sym
34,128,4,1.406989813,1.406205177,22832,17080,45664,tmt_sym
34,128,5,1.413060665,1.409211397,22832,17080,45664,tmt_sym
34,128,6,1.406348228,1.406199694,22832,17080,45664,tmt_sym
34,128,7,1.756991386,1.755009413,22832,17080,45664,tmt_sym
34,128,8,1.759995461,1.758005142,22832,17080,45664,tmt_sym
34,128,9,1.761401415,1.761229992,22832,17080,45664,tmt_sym
89,128,0,1.856768847,1.854032993,22549,16804,45098,tmt_sym
89,128,1,1.840992212,1.840031862,22549,16804,45098,tmt_sym
89,128,2,1.777990818,1.777028561,22549,16804,45098,tmt_sym
89,128,3,1.842998981,1.579058170,22549,16804,45098,tmt_sym
89,128,4,1.594999075,1.587066174,22549,16804,45098,tmt_sym
89,128,5,1.552990437,1.546053410,22549,16804,45098,tmt_sym
89,128,6,1.326998472,1.326054573,22549,16804,45098,tmt_sym
89,128,7,1.834000111,1.832036972,22549,16804,45098,tmt_sym
89,128,8,1.580998182,1.580056667,22549,16804,45098,tmt_sym
89,128,9,1.576992512,1.576121569,22549,16804,45098,tmt_sym
54,128,0,1.859951735,1.854997158,22724,16968,45448,tmt_sym
54,128,1,2.119991541,1.854026794,22724,16968,45448,tmt_sym
54,128,2,1.585994482,1.576053143,22724,16968,45448,tmt_sym
54,128,3,2.115993500,1.852027416,22724,16968,45448,tmt_sym
54,128,4,2.121990919,2.112038136,22724,16968,45448,tmt_sym
54,128,5,2.230970621,1.964018345,22724,16968,45448,tmt_sym
54,128,6,1.537992001,1.534037113,22724,16968,45448,tmt_sym
54,128,7,1.938987732,1.931026220,22724,16968,45448,tmt_sym
54,128,8,1.842991829,1.833049297,22724,16968,45448,tmt_sym
54,128,9,1.593991756,1.585132360,22724,16968,45448,tmt_sym
123,128,0,1.058428764,1.058258772,22585,16836,45170,tmt_sym
123,128,1,1.052440643,1.052266836,22585,16836,45170,tmt_sym
123,128,2,1.410994291,1.406079292,22585,16836,45170,tmt_sym
123,128,3,1.407222748,1.407078505,22585,16836,45170,tmt_sym
123,128,4,1.054261923,1.054094791,22585,16836,45170,tmt_sym
123,128,5,1.055263758,1.055095196,22585,16836,45170,tmt_sym
123,128,6,1.052241564,1.052090406,22585,16836,45170,tmt_sym
123,128,7,1.055259228,1.055084467,22585,16836,45170,tmt_sym
123,128,8,1.055259705,1.055089235,22585,16836,45170,tmt_sym
123,128,9,1.408995628,1.407136917,22585,16836,45170,tmt_sym
85,128,0,1.580768824,1.579036713,22756,16964,45512,tmt_sym
85,128,1,1.588997126,1.587038517,22756,16964,45512,tmt_sym
85,128,2,1.323996067,1.323076010,22756,16964,45512,tmt_sym
85,128,3,1.853991270,1.590036631,22756,16964,45512,tmt_sym
85,128,4,1.839994192,1.576042414,22756,16964,45512,tmt_sym
85,128,5,1.591833115,1.590032101,22756,16964,45512,tmt_sym
85,128,6,1.060989618,1.059045315,22756,16964,45512,tmt_sym
85,128,7,1.580991030,1.579031229,22756,16964,45512,tmt_sym
85,128,8,1.324991465,1.323048353,22756,16964,45512,tmt_sym
85,128,9,1.576994658,1.576111078,22756,16964,45512,tmt_sym
103,128,0,1.151368141,1.151052713,22799,17049,45598,tmt_sym
103,128,1,1.344994783,1.153045177,22799,17049,45598,tmt_sym
103,128,2,0.962058544,0.960039616,22799,17049,45598,tmt_sym
103,128,3,0.962777138,0.960085154,22799,17049,45598,tmt_sym
103,128,4,1.536000490,1.344072104,22799,17049,45598,tmt_sym
103,128,5,1.344003916,1.152062893,22799,17049,45598,tmt_sym
103,128,6,0.961002588,0.960053682,22799,17049,45598,tmt_sym
103,128,7,1.152382135,1.152102232,22799,17049,45598,tmt_sym
103,128,8,0.958855391,0.958072424,22799,17049,45598,tmt_sym
103,128,9,1.347317696,1.347081184,22799,17049,45598,tmt_sym
69,128,0,2.017992258,2.015032291,22638,16883,45276,tmt_sym
69,128,1,1.999006271,1.733035803,22638,16883,45276,tmt_sym
69,128,2,1.332988501,1.323038101,22638,16883,45276,tmt_sym
69,128,3,1.307990789,1.299054623,22638,16883,45276,tmt_sym
69,128,4,1.835990906,1.832052946,22638,16883,45276,tmt_sym
69,128,5,1.534223795,1.534059525,22638,16883,45276,tmt_sym
69,128,6,1.584999323,1.321071386,22638,16883,45276,tmt_sym
69,128,7,1.878996134,1.878040075,22638,16883,45276,tmt_sym
69,128,8,1.310194254,1.310053110,22638,16883,45276,tmt_sym
69,128,9,1.307993889,1.301138639,22638,16883,45276,tmt_sym
122,128,0,1.403223276,1.403068781,22749,16984,45498,tmt_sym
122,128,1,1.404995441,1.404071093,22749,16984,45498,tmt_sym
122,128,2,2.106998444,1.755043507,22749,16984,45498,tmt_sym
122,128,3,1.418430090,1.418277025,22749,16984,45498,tmt_sym
122,128,4,1.407996893,1.406061888,22749,16984,45498,tmt_sym
122,128,5,1.412992954,1.409079075,22749,16984,45498,tmt_sym
122,128,6,1.417226076,1.417061567,22749,16984,45498,tmt_sym
122,128,7,1.408334494,1.406085730,22749,16984,45498,tmt_sym
122,128,8,1.407944918,1.406014681,22749,16984,45498,tmt_sym
122,128,9,1.761991978,1.761122227,22749,16984,45498,tmt_sym
109,128,0,1.343390942,1.343071222,22628,16868,45256,tmt_sym
109,128,1,1.536997080,1.345051765,22628,16868,45256,tmt_sym
109,128,2,1.343996286,1.152056217,22628,16868,45256,tmt_sym
109,128,3,1.153936386,1.152255535,22628,16868,45256,tmt_sym
109,128,4,1.539985895,1.536062002,22628,16868,45256,tmt_sym
109,128,5,1.344318151,1.344072819,22628,16868,45256,tmt_sym
109,128,6,1.342967987,1.151055574,22628,16868,45256,tmt_sym
109,128,7,1.726999998,1.535037994,22628,16868,45256,tmt_sym
109,128,8,1.150303364,1.150072336,22628,16868,45256,tmt_sym
109,128,9,1.347337723,1.347075462,22628,16868,45256,tmt_sym
82,128,0,1.888994455,1.887049675,22741,16926,45482,tmt_sym
82,128,1,1.851992130,1.851055861,22741,16926,45482,tmt_sym
82,128,2,1.323996544,1.323064566,22741,16926,45482,tmt_sym
82,128,3,1.832004786,1.568075895,22741,16926,45482,tmt_sym
82,128,4,1.594995737,1.587078810,22741,16926,45482,tmt_sym
82,128,5,1.583997488,1.579069853,22741,16926,45482,tmt_sym
82,128,6,1.326993704,1.326038361,22741,16926,45482,tmt_sym
82,128,7,1.594992399,1.590065956,22741,16926,45482,tmt_sym
82,128,8,1.657994747,1.657034159,22741,16926,45482,tmt_sym
82,128,9,1.444999456,1.444131613,22741,16926,45482,tmt_sym
57,128,0,1.868983984,1.864037991,22721,16981,45442,tmt_sym
57,128,1,2.114994049,1.849060059,22721,16981,45442,tmt_sym
57,128,2,1.473984718,1.473053932,22721,16981,45442,tmt_sym
57,128,3,1.809024096,1.800055504,22721,16981,45442,tmt_sym
57,128,4,2.134971380,2.126026392,22721,16981,45442,tmt_sym
57,128,5,2.107143402,2.107026100,22721,16981,45442,tmt_sym
57,128,6,1.609990597,1.601061106,22721,16981,45442,tmt_sym
57,128,7,2.130988598,2.129033089,22721,16981,45442,tmt_sym
57,128,8,1.787989140,1.778036118,22721,16981,45442,tmt_sym
57,128,9,1.602992296,1.596152306,22721,16981,45442,tmt_sym
121,128,0,1.047255754,1.047084093,22685,16946,45370,tmt_sym
121,128,1,1.052266598,1.052094936,22685,16946,45370,tmt_sym
121,128,2,1.422983170,1.417042255,22685,16946,45370,tmt_sym
121,128,3,1.761989117,1.759036064,22685,16946,45370,tmt_sym
121,128,4,1.398065805,1.395057201,22685,16946,45370,tmt_sym
121,128,5,1.412055254,1.409096241,22685,16946,45370,tmt_sym
121,128,6,1.418994427,1.417053938,22685,16946,45370,tmt_sym
121,128,7,1.409989595,1.406077147,22685,16946,45370,tmt_sym
121,128,8,1.407987833,1.407062769,22685,16946,45370,tmt_sym
121,128,9,1.764360905,1.761135340,22685,16946,45370,tmt_sym
100,128,0,1.539368391,1.539039373,22724,16977,45448,tmt_sym
100,128,1,1.728999138,1.537039280,22724,16977,45448,tmt_sym
100,128,2,1.347002268,1.344035864,22724,16977,45448,tmt_sym
100,128,3,1.344316483,1.344084263,22724,16977,45448,tmt_sym
100,128,4,1.919996262,1.728050470,22724,16977,45448,tmt_sym
100,128,5,1.537234783,1.536073685,22724,16977,45448,tmt_sym
100,128,6,1.339998484,1.339056253,22724,16977,45448,tmt_sym
100,128,7,1.538645267,1.536086798,22724,16977,45448,tmt_sym
100,128,8,1.348394156,1.346046209,22724,16977,45448,tmt_sym
100,128,9,1.539301872,1.539082289,22724,16977,45448,tmt_sym
79,128,0,1.844988585,1.843058109,22788,17048,45576,tmt_sym
79,128,1,1.818997622,1.818063259,22788,17048,45576,tmt_sym
79,128,2,1.576995611,1.576036692,22788,17048,45576,tmt_sym
79,128,3,1.842993975,1.579084873,22788,17048,45576,tmt_sym
79,128,4,1.596997499,1.587088823,22788,17048,45576,tmt_sym
79,128,5,1.583992720,1.579065323,22788,17048,45576,tmt_sym
79,128,6,1.326997519,1.326069593,22788,17048,45576,tmt_sym
79,128,7,1.588964701,1.587019205,22788,17048,45576,tmt_sym
79,128,8,1.580988646,1.580062628,22788,17048,45576,tmt_sym
79,128,9,1.587975979,1.587129593,22788,17048,45576,tmt_sym
48,128,0,2.092949867,2.092008591,22740,16973,45480,tmt_sym
48,128,1,2.301957607,2.112010479,22740,16973,45480,tmt_sym
48,128,2,1.602941990,1.599007130,22740,16973,45480,tmt_sym
48,128,3,1.844947338,1.842034578,22740,16973,45480,tmt_sym
48,128,4,2.109935522,2.108028889,22740,16973,45480,tmt_sym
48,128,5,2.108938932,2.101046801,22740,16973,45480,tmt_sym
48,128,6,1.949961662,1.945997000,22740,16973,45480,tmt_sym
48,128,7,2.279034615,2.277983189,22740,16973,45480,tmt_sym
48,128,8,2.105962753,2.096009493,22740,16973,45480,tmt_sym
48,128,9,1.870958567,1.864113808,22740,16973,45480,tmt_sym
101,128,0,1.343355656,1.343058109,22711,16956,45422,tmt_sym
101,128,1,1.349413157,1.349053621,22711,16956,45422,tmt_sym
101,128,2,1.152997255,1.152045488,22711,16956,45422,tmt_sym
101,128,3,1.153506994,1.152068615,22711,16956,45422,tmt_sym
101,128,4,1.728001118,1.536067009,22711,16956,45422,tmt_sym
101,128,5,1.344291449,1.344058514,22711,16956,45422,tmt_sym
101,128,6,1.152034760,1.151068926,22711,16956,45422,tmt_sym
101,128,7,1.541162729,1.539041758,22711,16956,45422,tmt_sym
101,128,8,1.151005983,1.150046349,22711,16956,45422,tmt_sym
101,128,9,1.539315224,1.539088488,22711,16956,45422,tmt_sym
24,128,0,2.101940870,2.099058867,22721,16983,45442,tmt_sym
24,128,1,2.095952988,2.087018013,22721,16983,45442,tmt_sym
24,128,2,1.758938313,1.758045673,22721,16983,45442,tmt_sym
24,128,3,1.758342266,1.758186817,22721,16983,45442,tmt_sym
24,128,4,1.749962091,1.747060299,22721,16983,45442,tmt_sym
24,128,5,1.765644073,1.761034727,22721,16983,45442,tmt_sym
24,128,6,1.773031712,1.769047737,22721,16983,45442,tmt_sym
24,128,7,1.759956837,1.758148193,22721,16983,45442,tmt_sym
24,128,8,1.761078596,1.758204937,22721,16983,45442,tmt_sym
24,128,9,2.115948677,2.113083839,22721,16983,45442,tmt_sym
98,128,0,1.727366924,1.727050066,22770,17025,45540,tmt_sym
98,128,1,1.724993467,1.533060312,22770,17025,45540,tmt_sym
98,128,2,1.345335245,1.344072580,22770,17025,45540,tmt_sym
98,128,3,1.345923185,1.344094038,22770,17025,45540,tmt_sym
98,128,4,1.919997692,1.728063345,22770,17025,45540,tmt_sym
98,128,5,1.538721800,1.536067486,22770,17025,45540,tmt_sym
98,128,6,1.345506907,1.343077660,22770,17025,45540,tmt_sym
98,128,7,1.729007959,1.727043629,22770,17025,45540,tmt_sym
98,128,8,1.343581676,1.342063904,22770,17025,45540,tmt_sym
98,128,9,1.539756298,1.539109707,22770,17025,45540,tmt_sym
76,128,0,2.118996382,2.118053198,22701,16949,45402,tmt_sym
76,128,1,2.120991468,2.117040873,22701,16949,45402,tmt_sym
76,128,2,1.843994856,1.843052387,22701,16949,45402,tmt_sym
76,128,3,2.122493029,2.118033409,22701,16949,45402,tmt_sym
76,128,4,2.381997108,2.118035316,22701,16949,45402,tmt_sym
76,128,5,1.850315332,1.850173235,22701,16949,45402,tmt_sym
76,128,6,1.590998650,1.590085268,22701,16949,45402,tmt_sym
76,128,7,1.921998501,1.920050621,22701,16949,45402,tmt_sym
76,128,8,1.844996214,1.844066143,22701,16949,45402,tmt_sym
76,128,9,1.855009556,1.854149103,22701,16949,45402,tmt_sym
61,128,0,1.850996971,1.846029282,22665,16901,45330,tmt_sym
61,128,1,2.108997583,1.837032795,22665,16901,45330,tmt_sym
61,128,2,1.310988426,1.307057142,22665,16901,45330,tmt_sym
61,128,3,1.619993925,1.611045837,22665,16901,45330,tmt_sym
61,128,4,1.851989508,1.849052906,22665,16901,45330,tmt_sym
61,128,5,2.018994331,1.825045824,22665,16901,45330,tmt_sym
61,128,6,1.582003832,1.578065872,22665,16901,45330,tmt_sym
61,128,7,2.108974457,2.107014656,22665,16901,45330,tmt_sym
61,128,8,1.586992025,1.580061913,22665,16901,45330,tmt_sym
61,128,9,1.525952339,1.519121170,22665,16901,45330,tmt_sym
124,128,0,1.570989847,1.568008661,22706,16890,45412,tmt_sym
124,128,1,1.412989378,1.406033993,22706,16890,45412,tmt_sym
124,128,2,1.410992146,1.406085730,22706,16890,45412,tmt_sym
124,128,3,1.407212496,1.407068253,22706,16890,45412,tmt_sym
124,128,4,1.060465336,1.060296059,22706,16890,45412,tmt_sym
124,128,5,1.412994146,1.409068823,22706,16890,45412,tmt_sym
124,128,6,1.418997049,1.417053461,22706,16890,45412,tmt_sym
124,128,7,1.410059929,1.406052351,22706,16890,45412,tmt_sym
124,128,8,1.412173271,1.407057524,22706,16890,45412,tmt_sym
124,128,9,1.763988495,1.761140585,22706,16890,45412,tmt_sym
7,128,0,1.731769562,1.731036186,22690,16950,45380,tmt_sym
7,128,1,1.728998899,1.537042379,22690,16950,45380,tmt_sym
7,128,2,1.152273417,1.152050972,22690,16950,45380,tmt_sym
7,128,3,1.347836733,1.344036818,22690,16950,45380,tmt_sym
7,128,4,1.919996262,1.728036404,22690,16950,45380,tmt_sym
7,128,5,1.536513567,1.536050558,22690,16950,45380,tmt_sym
7,128,6,1.344001532,1.343043327,22690,16950,45380,tmt_sym
7,128,7,1.727275133,1.727040052,22690,16950,45380,tmt_sym
7,128,8,1.343144417,1.342067003,22690,16950,45380,tmt_sym
7,128,9,1.535001516,1.343076706,22690,16950,45380,tmt_sym
83,128,0,1.844991922,1.843056679,22605,16857,45210,tmt_sym
83,128,1,1.598995924,1.598073959,22605,16857,45210,tmt_sym
83,128,2,1.323999405,1.323013067,22605,16857,45210,tmt_sym
83,128,3,1.579003811,1.315062761,22605,16857,45210,tmt_sym
83,128,4,1.330993891,1.323082924,22605,16857,45210,tmt_sym
83,128,5,1.316996098,1.312067032,22605,16857,45210,tmt_sym
83,128,6,1.059976816,1.059063196,22605,16857,45210,tmt_sym
83,128,7,1.328278065,1.328125000,22605,16857,45210,tmt_sym
83,128,8,1.312997580,1.312060595,22605,16857,45210,tmt_sym
83,128,9,1.318991423,1.318123817,22605,16857,45210,tmt_sym
102,128,0,1.339347124,1.339035988,22602,16785,45204,tmt_sym
102,128,1,1.536996365,1.345044374,22602,16785,45204,tmt_sym
102,128,2,1.152256727,1.152047634,22602,16785,45204,tmt_sym
102,128,3,1.156394720,1.156057596,22602,16785,45204,tmt_sym
102,128,4,1.727995157,1.536055565,22602,16785,45204,tmt_sym
102,128,5,1.340263844,1.340065956,22602,16785,45204,tmt_sym
102,128,6,1.151981831,1.151030779,22602,16785,45204,tmt_sym
102,128,7,1.539003849,1.348074675,22602,16785,45204,tmt_sym
102,128,8,1.151557207,1.150053501,22602,16785,45204,tmt_sym
102,128,9,1.535027266,1.343100548,22602,16785,45204,tmt_sym
42,128,0,1.756201267,1.754000187,22727,16943,45454,tmt_sym
42,128,1,1.766497374,1.758014917,22727,16943,45454,tmt_sym
42,128,2,2.106999874,1.755003214,22727,16943,45454,tmt_sym
42,128,3,1.750990868,1.748201609,22727,16943,45454,tmt_sym
42,128,4,1.406348228,1.406228304,22727,16943,45454,tmt_sym
42,128,5,1.412954807,1.409019470,22727,16943,45454,tmt_sym
42,128,6,1.421129704,1.417047501,22727,16943,45454,tmt_sym
42,128,7,1.755147696,1.754997253,22727,16943,45454,tmt_sym
42,128,8,1.759185314,1.759004831,22727,16943,45454,tmt_sym
42,128,9,1.763988256,1.761163712,22727,16943,45454,tmt_sym
108,128,0,1.539743900,1.539023638,22764,16999,45528,tmt_sym
108,128,1,1.724998236,1.533038378,22764,16999,45528,tmt_sym
108,128,2,1.344255209,1.344031096,22764,16999,45528,tmt_sym
108,128,3,1.344275713,1.344042540,22764,16999,45528,tmt_sym
108,128,4,1.919992685,1.728042364,22764,16999,45528,tmt_sym
108,128,5,1.536242008,1.536047220,22764,16999,45528,tmt_sym
108,128,6,1.343277693,1.343039036,22764,16999,45528,tmt_sym
108,128,7,1.536298037,1.536060572,22764,16999,45528,tmt_sym
108,128,8,1.348679304,1.346059799,22764,16999,45528,tmt_sym
108,128,9,1.530998707,1.339096069,22764,16999,45528,tmt_sym
86,128,0,1.854179621,1.854029179,22606,16853,45212,tmt_sym
86,128,1,1.842994213,1.842036009,22606,16853,45212,tmt_sym
86,128,2,1.491994858,1.491053104,22606,16853,45212,tmt_sym
86,128,3,1.853995562,1.590043306,22606,16853,45212,tmt_sym
86,128,4,1.839996815,1.576052666,22606,16853,45212,tmt_sym
86,128,5,1.594995737,1.590033054,22606,16853,45212,tmt_sym
86,128,6,1.327989578,1.326038122,22606,16853,45212,tmt_sym
86,128,7,1.833998680,1.832032442,22606,16853,45212,tmt_sym
86,128,8,1.591995478,1.591046333,22606,16853,45212,tmt_sym
86,128,9,1.587991476,1.587119102,22606,16853,45212,tmt_sym
51,128,0,1.859959602,1.855000734,22636,16883,45272,tmt_sym
51,128,1,2.114993095,1.849048376,22636,16883,45272,tmt_sym
51,128,2,1.845999002,1.582029104,22636,16883,45272,tmt_sym
51,128,3,1.861054897,1.859042645,22636,16883,45272,tmt_sym
51,128,4,2.134994984,2.126034498,22636,16883,45272,tmt_sym
51,128,5,1.844169617,1.844035149,22636,16883,45272,tmt_sym
51,128,6,1.609993935,1.601069450,22636,16883,45272,tmt_sym
51,128,7,2.130992413,2.129033327,22636,16883,45272,tmt_sym
51,128,8,1.834851742,1.833034277,22636,16883,45272,tmt_sym
51,128,9,1.591991425,1.585133076,22636,16883,45272,tmt_sym
96,128,0,1.773213625,1.772053957,22686,16952,45372,tmt_sym
96,128,1,1.537299395,1.537082434,22686,16952,45372,tmt_sym
96,128,2,1.344311237,1.344071865,22686,16952,45372,tmt_sym
96,128,3,1.536322594,1.536039591,22686,16952,45372,tmt_sym
96,128,4,2.112000227,1.920028925,22686,16952,45372,tmt_sym
96,128,5,1.731001377,1.728033066,22686,16952,45372,tmt_sym
96,128,6,1.343985319,1.343112230,22686,16952,45372,tmt_sym
96,128,7,1.729003429,1.728085041,22686,16952,45372,tmt_sym
96,128,8,1.436115265,1.434079170,22686,16952,45372,tmt_sym
96,128,9,1.731003523,1.539135218,22686,16952,45372,tmt_sym
36,128,0,1.412983179,1.410036802,22730,16971,45460,tmt_sym
36,128,1,1.294329405,1.294180632,22730,16971,45460,tmt_sym
36,128,2,1.410998344,1.406043768,22730,16971,45460,tmt_sym
36,128,3,1.760388851,1.758016586,22730,16971,45460,tmt_sym
36,128,4,1.421994925,1.417018414,22730,16971,45460,tmt_sym
36,128,5,1.410104752,1.407011271,22730,16971,45460,tmt_sym
36,128,6,1.411992788,1.406013727,22730,16971,45460,tmt_sym
36,128,7,1.409993649,1.407040119,22730,16971,45460,tmt_sym
36,128,8,1.760990143,1.758997917,22730,16971,45460,tmt_sym
36,128,9,1.764006138,1.761029243,22730,16971,45460,tmt_sym
15,128,0,1.731342077,1.731034040,22707,16961,45414,tmt_sym
15,128,1,1.728999615,1.537045479,22707,16961,45414,tmt_sym
15,128,2,1.152249336,1.152048111,22707,16961,45414,tmt_sym
15,128,3,1.152499199,1.152228594,22707,16961,45414,tmt_sym
15,128,4,1.920001745,1.728039265,22707,16961,45414,tmt_sym
15,128,5,1.536952019,1.536040783,22707,16961,45414,tmt_sym
15,128,6,1.348000288,1.347039938,22707,16961,45414,tmt_sym
15,128,7,1.730103493,1.727010250,22707,16961,45414,tmt_sym
15,128,8,1.348967791,1.346065760,22707,16961,45414,tmt_sym
15,128,9,1.535000086,1.343061924,22707,16961,45414,tmt_sym
113,128,0,1.347782850,1.347052336,22650,16914,45300,tmt_sym
113,128,1,1.536999464,1.345036030,22650,16914,45300,tmt_sym
113,128,2,1.154996157,1.152023792,22650,16914,45300,tmt_sym
113,128,3,1.152730942,1.152047634,22650,16914,45300,tmt_sym
113,128,4,1.728000402,1.536047220,22650,16914,45300,tmt_sym
113,128,5,1.345519543,1.344061136,22650,16914,45300,tmt_sym
113,128,6,1.152000666,1.151035786,22650,16914,45300,tmt_sym
113,128,7,1.347589016,1.344081402,22650,16914,45300,tmt_sym
113,128,8,1.157252312,1.154042721,22650,16914,45300,tmt_sym
113,128,9,1.343005657,1.151111603,22650,16914,45300,tmt_sym
95,128,0,1.068213940,1.068057537,22661,16908,45322,tmt_sym
95,128,1,1.055198669,1.055054426,22661,16908,45322,tmt_sym
95,128,2,1.590986967,1.590077639,22661,16908,45322,tmt_sym
95,128,3,1.324201345,1.324053049,22661,16908,45322,tmt_sym
95,128,4,2.114997625,1.850996733,22661,16908,45322,tmt_sym
95,128,5,1.671997786,1.667036295,22661,16908,45322,tmt_sym
95,128,6,1.326993704,1.326045513,22661,16908,45322,tmt_sym
95,128,7,1.596989155,1.590027571,22661,16908,45322,tmt_sym
95,128,8,1.580988884,1.580042601,22661,16908,45322,tmt_sym
95,128,9,1.587995768,1.587124348,22661,16908,45322,tmt_sym
116,128,0,1.348608732,1.347037792,22675,16915,45350,tmt_sym
116,128,1,1.536998749,1.345029116,22675,16915,45350,tmt_sym
116,128,2,0.960297346,0.960065842,22675,16915,45350,tmt_sym
116,128,3,1.152998686,1.152047634,22675,16915,45350,tmt_sym
116,128,4,1.727992535,1.536043882,22675,16915,45350,tmt_sym
116,128,5,1.346077919,1.344048500,22675,16915,45350,tmt_sym
116,128,6,1.151997089,1.151041508,22675,16915,45350,tmt_sym
116,128,7,1.347874641,1.344063520,22675,16915,45350,tmt_sym
116,128,8,1.157527685,1.154053450,22675,16915,45350,tmt_sym
116,128,9,1.342999458,1.151085377,22675,16915,45350,tmt_sym
29,128,0,1.756997108,1.755061626,22647,16882,45294,tmt_sym
29,128,1,1.766997576,1.758045912,22647,16882,45294,tmt_sym
29,128,2,1.407991648,1.406058550,22647,16882,45294,tmt_sym
29,128,3,1.727991104,1.725031376,22647,16882,45294,tmt_sym
29,128,4,1.408983946,1.406060219,22647,16882,45294,tmt_sym
29,128,5,1.379990339,1.376053572,22647,16882,45294,tmt_sym
29,128,6,1.409993410,1.406066895,22647,16882,45294,tmt_sym
29,128,7,1.399590969,1.395082474,22647,16882,45294,tmt_sym
29,128,8,1.407375574,1.407212496,22647,16882,45294,tmt_sym
29,128,9,1.764408350,1.761029243,22647,16882,45294,tmt_sym
118,128,0,1.349438429,1.347042084,22731,16967,45462,tmt_sym
118,128,1,1.532999516,1.341040373,22731,16967,45462,tmt_sym
118,128,2,0.962181091,0.960047007,22731,16967,45462,tmt_sym
118,128,3,1.153002501,1.152042627,22731,16967,45462,tmt_sym
118,128,4,1.727987289,1.536021233,22731,16967,45462,tmt_sym
118,128,5,1.346348286,1.344035864,22731,16967,45462,tmt_sym
118,128,6,1.152001619,1.151042700,22731,16967,45462,tmt_sym
118,128,7,1.535003424,1.344053268,22731,16967,45462,tmt_sym
118,128,8,1.345997095,1.154035568,22731,16967,45462,tmt_sym
118,128,9,1.342997551,1.151091337,22731,16967,45462,tmt_sym
77,128,0,1.755995750,1.755082846,22697,16925,45394,tmt_sym
77,128,1,1.851992130,1.851088762,22697,16925,45394,tmt_sym
77,128,2,1.832993984,1.832060337,22697,16925,45394,tmt_sym
77,128,3,2.107005835,1.853351831,22697,16925,45394,tmt_sym
77,128,4,1.859634161,1.859489679,22697,16925,45394,tmt_sym
77,128,5,1.946991920,1.942053795,22697,16925,45394,tmt_sym
77,128,6,1.580991745,1.572034359,22697,16925,45394,tmt_sym
77,128,7,1.591995001,1.590076923,22697,16925,45394,tmt_sym
77,128,8,1.833996773,1.833084822,22697,16925,45394,tmt_sym
77,128,9,1.855012178,1.854148388,22697,16925,45394,tmt_sym
33,128,0,1.754381418,1.753994465,22625,16851,45250,tmt_sym
33,128,1,1.766597033,1.758011580,22625,16851,45250,tmt_sym
33,128,2,2.107002735,1.755008221,22625,16851,45250,tmt_sym
33,128,3,1.762301207,1.759011030,22625,16851,45250,tmt_sym
33,128,4,1.408996344,1.406081915,22625,16851,45250,tmt_sym
33,128,5,1.423987865,1.420051098,22625,16851,45250,tmt_sym
33,128,6,1.409950972,1.406002998,22625,16851,45250,tmt_sym
33,128,7,1.406353474,1.406200886,22625,16851,45250,tmt_sym
33,128,8,1.408954859,1.407049656,22625,16851,45250,tmt_sym
33,128,9,1.763987303,1.761046410,22625,16851,45250,tmt_sym
99,128,0,1.540164948,1.539047480,22627,16834,45254,tmt_sym
99,128,1,1.724996567,1.533036709,22627,16834,45254,tmt_sym
99,128,2,1.344280720,1.344025373,22627,16834,45254,tmt_sym
99,128,3,1.344719648,1.344067335,22627,16834,45254,tmt_sym
99,128,4,1.920000076,1.728044271,22627,16834,45254,tmt_sym
99,128,5,1.536531687,1.536042929,22627,16834,45254,tmt_sym
99,128,6,1.343998909,1.343050718,22627,16834,45254,tmt_sym
99,128,7,1.537002087,1.536062956,22627,16834,45254,tmt_sym
99,128,8,1.346677065,1.346038580,22627,16834,45254,tmt_sym
99,128,9,1.534997940,1.343107462,22627,16834,45254,tmt_sym
75,128,0,1.855995178,1.854076862,22743,16978,45486,tmt_sym
75,128,1,1.587990284,1.587087393,22743,16978,45486,tmt_sym
75,128,2,1.590992689,1.590093613,22743,16978,45486,tmt_sym
75,128,3,1.844954491,1.843089104,22743,16978,45486,tmt_sym
75,128,4,1.594997644,1.587081671,22743,16978,45486,tmt_sym
75,128,5,1.583991289,1.579071522,22743,16978,45486,tmt_sym
75,128,6,1.317829609,1.308055639,22743,16978,45486,tmt_sym
75,128,7,1.854514599,1.854024172,22743,16978,45486,tmt_sym
75,128,8,1.576997519,1.576081038,22743,16978,45486,tmt_sym
75,128,9,1.587996244,1.587148905,22743,16978,45486,tmt_sym
114,128,0,1.343469143,1.343176126,22643,16887,45286,tmt_sym
114,128,1,1.724998951,1.533030748,22643,16887,45286,tmt_sym
114,128,2,1.152310610,1.152064800,22643,16887,45286,tmt_sym
114,128,3,1.344285727,1.344043493,22643,16887,45286,tmt_sym
114,128,4,1.919998169,1.728039503,22643,16887,45286,tmt_sym
114,128,5,1.536247730,1.536051035,22643,16887,45286,tmt_sym
114,128,6,1.155365467,1.155071974,22643,16887,45286,tmt_sym
114,128,7,1.537858486,1.536067486,22643,16887,45286,tmt_sym
114,128,8,1.346955538,1.346033096,22643,16887,45286,tmt_sym
114,128,9,1.534995794,1.343096733,22643,16887,45286,tmt_sym
1,128,0,1.924340487,1.924024343,22766,17012,45532,tmt_sym
1,128,1,1.916997433,1.725033760,22766,17012,45532,tmt_sym
1,128,2,1.535995960,1.344049931,22766,17012,45532,tmt_sym
1,128,3,1.344282866,1.344049454,22766,17012,45532,tmt_sym
1,128,4,2.112001181,1.920029879,22766,17012,45532,tmt_sym
1,128,5,1.916002274,1.728041887,22766,17012,45532,tmt_sym
1,128,6,1.730995893,1.535032749,22766,17012,45532,tmt_sym
1,128,7,1.951002598,1.728161573,22766,17012,45532,tmt_sym
1,128,8,1.730002880,1.538050890,22766,17012,45532,tmt_sym
1,128,9,1.726981640,1.534991980,22766,17012,45532,tmt_sym
91,128,0,1.359183550,1.359029770,22642,16883,45284,tmt_sym
91,128,1,1.323226452,1.323047161,22642,16883,45284,tmt_sym
91,128,2,1.323986530,1.323047400,22642,16883,45284,tmt_sym
91,128,3,1.325996876,1.324107409,22642,16883,45284,tmt_sym
91,128,4,1.323206663,1.323049784,22642,16883,45284,tmt_sym
91,128,5,1.594993830,1.590054274,22642,16883,45284,tmt_sym
91,128,6,1.326996326,1.326052904,22642,16883,45284,tmt_sym
91,128,7,1.588976622,1.587009192,22642,16883,45284,tmt_sym
91,128,8,1.657999516,1.657015324,22642,16883,45284,tmt_sym
91,128,9,1.587996244,1.587022066,22642,16883,45284,tmt_sym
44,128,0,1.761147976,1.760996819,22638,16888,45276,tmt_sym
44,128,1,1.760105371,1.758006573,22638,16888,45276,tmt_sym
44,128,2,1.761955976,1.755005121,22638,16888,45276,tmt_sym
44,128,3,1.772050619,1.769006491,22638,16888,45276,tmt_sym
44,128,4,1.408995628,1.406041145,22638,16888,45276,tmt_sym
44,128,5,1.412992477,1.409009695,22638,16888,45276,tmt_sym
44,128,6,1.409994602,1.406013489,22638,16888,45276,tmt_sym
44,128,7,1.744175196,1.744000435,22638,16888,45276,tmt_sym
44,128,8,1.407997847,1.407070160,22638,16888,45276,tmt_sym
44,128,9,1.763946056,1.761030674,22638,16888,45276,tmt_sym
40,128,0,1.755988836,1.755199194,22701,16966,45402,tmt_sym
40,128,1,1.777997017,1.769196033,22701,16966,45402,tmt_sym
40,128,2,1.761183023,1.758222818,22701,16966,45402,tmt_sym
40,128,3,2.122996330,2.120013952,22701,16966,45402,tmt_sym
40,128,4,1.773995161,1.769011974,22701,16966,45402,tmt_sym
40,128,5,1.753987312,1.750008583,22701,16966,45402,tmt_sym
40,128,6,1.764058113,1.758008242,22701,16966,45402,tmt_sym
40,128,7,1.728065252,1.725207567,22701,16966,45402,tmt_sym
40,128,8,1.759992361,1.758064032,22701,16966,45402,tmt_sym
40,128,9,2.092996359,2.084049225,22701,16966,45402,tmt_sym
81,128,0,1.579238892,1.579076767,22714,16966,45428,tmt_sym
81,128,1,1.598998785,1.598078489,22714,16966,45428,tmt_sym
81,128,2,1.576988220,1.576033354,22714,16966,45428,tmt_sym
81,128,3,1.579998970,1.579079151,22714,16966,45428,tmt_sym
81,128,4,1.594995260,1.587090731,22714,16966,45428,tmt_sym
81,128,5,1.583997726,1.579059839,22714,16966,45428,tmt_sym
81,128,6,1.316990852,1.308051825,22714,16966,45428,tmt_sym
81,128,7,1.590170622,1.590050220,22714,16966,45428,tmt_sym
81,128,8,1.587990999,1.587046862,22714,16966,45428,tmt_sym
81,128,9,1.597495079,1.595169544,22714,16966,45428,tmt_sym
30,128,0,1.414982796,1.414188623,22782,17012,45564,tmt_sym
30,128,1,1.404994965,1.404203653,22782,17012,45564,tmt_sym
30,128,2,1.055994987,1.055199862,22782,17012,45564,tmt_sym
30,128,3,1.417991400,1.417001009,22782,17012,45564,tmt_sym
30,128,4,1.408994436,1.406059504,22782,17012,45564,tmt_sym
30,128,5,1.412992001,1.409041405,22782,17012,45564,tmt_sym
30,128,6,1.409988403,1.406005383,22782,17012,45564,tmt_sym
30,128,7,1.418996096,1.417078733,22782,17012,45564,tmt_sym
30,128,8,1.408998013,1.407100439,22782,17012,45564,tmt_sym
30,128,9,1.773993731,1.766498566,22782,17012,45564,tmt_sym
127,128,0,1.047207355,1.047033310,22634,16888,45268,tmt_sym
127,128,1,1.052228451,1.052054882,22634,16888,45268,tmt_sym
127,128,2,1.055376530,1.055208206,22634,16888,45268,tmt_sym
127,128,3,1.055252314,1.055090189,22634,16888,45268,tmt_sym
127,128,4,1.064000130,1.061049461,22634,16888,45268,tmt_sym
127,128,5,1.058987379,1.055009842,22634,16888,45268,tmt_sym
127,128,6,1.058984041,1.055033207,22634,16888,45268,tmt_sym
127,128,7,1.055989742,1.055042982,22634,16888,45268,tmt_sym
127,128,8,1.056991577,1.055037022,22634,16888,45268,tmt_sym
127,128,9,1.419996500,1.412849665,22634,16888,45268,tmt_sym
78,128,0,1.844994783,1.843058586,22565,16788,45130,tmt_sym
78,128,1,1.862995863,1.862071991,22565,16788,45130,tmt_sym
78,128,2,1.843992710,1.843023777,22565,16788,45130,tmt_sym
78,128,3,2.118005991,1.854062557,22565,16788,45130,tmt_sym
78,128,4,2.103991032,1.840056419,22565,16788,45130,tmt_sym
78,128,5,1.858991861,1.854037523,22565,16788,45130,tmt_sym
78,128,6,1.580994606,1.572029352,22565,16788,45130,tmt_sym
78,128,7,1.591965914,1.590042353,22565,16788,45130,tmt_sym
78,128,8,1.844943047,1.844023466,22565,16788,45130,tmt_sym
78,128,9,1.853902817,1.851128101,22565,16788,45130,tmt_sym
28,128,0,1.755251408,1.755078554,22685,16956,45370,tmt_sym
28,128,1,2.110002279,1.758075476,22685,16956,45370,tmt_sym
28,128,2,1.406246662,1.406079531,22685,16956,45370,tmt_sym
28,128,3,1.771991253,1.769011021,22685,16956,45370,tmt_sym
28,128,4,1.760991812,1.758011580,22685,16956,45370,tmt_sym
28,128,5,1.764994860,1.761014700,22685,16956,45370,tmt_sym
28,128,6,1.761993408,1.758021355,22685,16956,45370,tmt_sym
28,128,7,1.771989584,1.769070625,22685,16956,45370,tmt_sym
28,128,8,1.759963036,1.758061409,22685,16956,45370,tmt_sym
28,128,9,2.114994049,2.107577324,22685,16956,45370,tmt_sym
80,128,0,1.844995737,1.843066692,22637,16898,45274,tmt_sym
80,128,1,1.974712133,1.972052336,22637,16898,45274,tmt_sym
80,128,2,1.590997934,1.590067148,22637,16898,45274,tmt_sym
80,128,3,2.118001223,1.854039669,22637,16898,45274,tmt_sym
80,128,4,2.103999376,1.840045929,22637,16898,45274,tmt_sym
80,128,5,1.858998060,1.854033470,22637,16898,45274,tmt_sym
80,128,6,1.580997705,1.572037935,22637,16898,45274,tmt_sym
80,128,7,1.855997562,1.854043961,22637,16898,45274,tmt_sym
80,128,8,1.855998755,1.855035782,22637,16898,45274,tmt_sym
80,128,9,1.842024326,1.840116739,22637,16898,45274,tmt_sym
43,128,0,1.754991770,1.754005909,22705,16936,45410,tmt_sym
43,128,1,1.765989780,1.758005619,22705,16936,45410,tmt_sym
43,128,2,2.106993675,1.755002737,22705,16936,45410,tmt_sym
43,128,3,1.761992693,1.759020090,22705,16936,45410,tmt_sym
43,128,4,1.409051180,1.406051636,22705,16936,45410,tmt_sym
43,128,5,1.423985958,1.420042992,22705,16936,45410,tmt_sym
43,128,6,1.409992933,1.406043291,22705,16936,45410,tmt_sym
43,128,7,1.777153254,1.777004242,22705,16936,45410,tmt_sym
43,128,8,1.408990145,1.407052279,22705,16936,45410,tmt_sym
43,128,9,1.762992620,1.755704880,22705,16936,45410,tmt_sym
73,128,0,1.844996214,1.843052387,22670,16911,45340,tmt_sym
73,128,1,1.840987444,1.840055227,22670,16911,45340,tmt_sym
73,128,2,1.590999126,1.590078115,22670,16911,45340,tmt_sym
73,128,3,2.106997252,1.853409529,22670,16911,45340,tmt_sym
73,128,4,2.192007065,1.928048611,22670,16911,45340,tmt_sym
73,128,5,1.854989529,1.854040623,22670,16911,45340,tmt_sym
73,128,6,1.586739063,1.583027363,22670,16911,45340,tmt_sym
73,128,7,1.844997883,1.843051672,22670,16911,45340,tmt_sym
73,128,8,1.855182886,1.855027437,22670,16911,45340,tmt_sym
73,128,9,1.835290432,1.833108664,22670,16911,45340,tmt_sym
64,128,0,2.116986036,2.114056349,22644,16898,45288,tmt_sym
64,128,1,2.408996820,2.148054838,22644,16898,45288,tmt_sym
64,128,2,1.851001024,1.587038755,22644,16898,45288,tmt_sym
64,128,3,2.013003588,1.745063782,22644,16898,45288,tmt_sym
64,128,4,2.093996286,2.088039637,22644,16898,45288,tmt_sym
64,128,5,2.379989862,2.113026381,22644,16898,45288,tmt_sym
64,128,6,1.588692427,1.588530302,22644,16898,45288,tmt_sym
64,128,7,2.262975931,2.261022568,22644,16898,45288,tmt_sym
64,128,8,1.842988491,1.833045483,22644,16898,45288,tmt_sym
64,128,9,1.835033894,1.833112478,22644,16898,45288,tmt_sym
46,128,0,1.414989710,1.409008980,22640,16862,45280,tmt_sym
46,128,1,1.412997246,1.406014919,22640,16862,45280,tmt_sym
46,128,2,1.399994850,1.395018816,22640,16862,45280,tmt_sym
46,128,3,1.761088371,1.758008957,22640,16862,45280,tmt_sym
46,128,4,1.410994053,1.406017542,22640,16862,45280,tmt_sym
46,128,5,1.410981655,1.407003641,22640,16862,45280,tmt_sym
46,128,6,1.409986019,1.406008244,22640,16862,45280,tmt_sym
46,128,7,1.419992208,1.417045116,22640,16862,45280,tmt_sym
46,128,8,1.408992052,1.407053232,22640,16862,45280,tmt_sym
46,128,9,1.757647038,1.755046606,22640,16862,45280,tmt_sym
74,128,0,1.987990856,1.986021280,22712,16932,45424,tmt_sym
74,128,1,1.885987759,1.840044260,22712,16932,45424,tmt_sym
74,128,2,1.579324484,1.579155684,22712,16932,45424,tmt_sym
74,128,3,2.172997475,1.909075022,22712,16932,45424,tmt_sym
74,128,4,2.104007721,1.848404169,22712,16932,45424,tmt_sym
74,128,5,1.858996391,1.854052305,22712,16932,45424,tmt_sym
74,128,6,1.673993587,1.671026707,22712,16932,45424,tmt_sym
74,128,7,1.844991922,1.843034029,22712,16932,45424,tmt_sym
74,128,8,1.856991053,1.855021238,22712,16932,45424,tmt_sym
74,128,9,1.834998846,1.833110332,22712,16932,45424,tmt_sym
27,128,0,1.413355589,1.410087109,22708,16947,45416,tmt_sym
27,128,1,1.777996302,1.769052744,22708,16947,45416,tmt_sym
27,128,2,1.408997536,1.406068087,22708,16947,45416,tmt_sym
27,128,3,1.760991096,1.758010149,22708,16947,45416,tmt_sym
27,128,4,1.421994448,1.417018890,22708,16947,45416,tmt_sym
27,128,5,1.409987450,1.407005072,22708,16947,45416,tmt_sym
27,128,6,1.411990881,1.406011343,22708,16947,45416,tmt_sym
27,128,7,1.412062168,1.404071331,22708,16947,45416,tmt_sym
27,128,8,1.408984423,1.407056093,22708,16947,45416,tmt_sym
27,128,9,1.757017374,1.755031347,22708,16947,45416,tmt_sym
52,128,0,2.127993584,2.123037338,22734,16961,45468,tmt_sym
52,128,1,1.988991499,1.980052710,22734,16961,45468,tmt_sym
52,128,2,1.701998472,1.692036390,22734,16961,45468,tmt_sym
52,128,3,1.933995008,1.932040930,22734,16961,45468,tmt_sym
52,128,4,2.044170380,2.044046164,22734,16961,45468,tmt_sym
52,128,5,2.369009018,2.102044344,22734,16961,45468,tmt_sym
52,128,6,1.836994171,1.579063892,22734,16961,45468,tmt_sym
52,128,7,2.125995874,2.118061066,22734,16961,45468,tmt_sym
52,128,8,1.849994421,1.843073606,22734,16961,45468,tmt_sym
52,128,9,1.824001789,1.815158606,22734,16961,45468,tmt_sym
31,128,0,1.412987709,1.410009384,22681,16936,45362,tmt_sym
31,128,1,1.423984051,1.417001009,22681,16936,45362,tmt_sym
31,128,2,1.059988022,1.055035114,22681,16936,45362,tmt_sym
31,128,3,1.408986568,1.405996561,22681,16936,45362,tmt_sym
31,128,4,1.421995401,1.417005539,22681,16936,45362,tmt_sym
31,128,5,1.408989191,1.407013178,22681,16936,45362,tmt_sym
31,128,6,1.410988092,1.405998945,22681,16936,45362,tmt_sym
31,128,7,1.405996323,1.404008865,22681,16936,45362,tmt_sym
31,128,8,1.409978867,1.407030344,22681,16936,45362,tmt_sym
31,128,9,1.753448009,1.752046347,22681,16936,45362,tmt_sym
62,128,0,1.868987560,1.864052057,22689,16925,45378,tmt_sym
62,128,1,1.859985352,1.851055384,22689,16925,45378,tmt_sym
62,128,2,1.310993195,1.307063818,22689,16925,45378,tmt_sym
62,128,3,1.580988884,1.578061104,22689,16925,45378,tmt_sym
62,128,4,1.852041006,1.849063396,22689,16925,45378,tmt_sym
62,128,5,1.854998112,1.847048998,22689,16925,45378,tmt_sym
62,128,6,1.603987932,1.600056648,22689,16925,45378,tmt_sym
62,128,7,1.977991819,1.977049351,22689,16925,45378,tmt_sym
62,128,8,1.580990314,1.580067635,22689,16925,45378,tmt_sym
62,128,9,1.500993967,1.492151976,22689,16925,45378,tmt_sym
72,128,0,2.119959593,2.118015051,22685,16922,45370,tmt_sym
72,128,1,2.121632099,2.117030144,22685,16922,45370,tmt_sym
72,128,2,1.843974352,1.843056917,22685,16922,45370,tmt_sym
72,128,3,2.112126350,2.110650301,22685,16922,45370,tmt_sym
72,128,4,2.381942511,2.117982388,22685,16922,45370,tmt_sym
72,128,5,2.107470036,2.106991529,22685,16922,45370,tmt_sym
72,128,6,1.590970516,1.590067148,22685,16922,45370,tmt_sym
72,128,7,2.097964048,2.096024513,22685,16922,45370,tmt_sym
72,128,8,1.844960213,1.844037533,22685,16922,45370,tmt_sym
72,128,9,2.091112375,2.088093281,22685,16922,45370,tmt_sym
38,128,0,1.060991764,1.058048248,22658,16847,45316,tmt_sym
38,128,1,1.073119879,1.066044807,22658,16847,45316,tmt_sym
38,128,2,1.410995960,1.406044722,22658,16847,45316,tmt_sym
38,128,3,1.759986162,1.758010626,22658,16847,45316,tmt_sym
38,128,4,1.421987057,1.417007923,22658,16847,45316,tmt_sym
38,128,5,1.407813787,1.407020569,22658,16847,45316,tmt_sym
38,128,6,1.411242485,1.406010866,22658,16847,45316,tmt_sym
38,128,7,1.406183720,1.404003382,22658,16847,45316,tmt_sym
38,128,8,1.408780575,1.407048464,22658,16847,45316,tmt_sym
38,128,9,1.752990484,1.752030373,22658,16847,45316,tmt_sym
50,128,0,2.088983059,2.084020615,22707,16946,45414,tmt_sym
50,128,1,2.375993490,2.110044718,22707,16946,45414,tmt_sym
50,128,2,1.574997425,1.571043253,22707,16946,45414,tmt_sym
50,128,3,1.874997854,1.866069078,22707,16946,45414,tmt_sym
50,128,4,2.447992086,2.245026588,22707,16946,45414,tmt_sym
50,128,5,1.844029427,1.841066122,22707,16946,45414,tmt_sym
50,128,6,1.866995573,1.863051176,22707,16946,45414,tmt_sym
50,128,7,2.087998152,2.080060959,22707,16946,45414,tmt_sym
50,128,8,1.885990381,1.876051903,22707,16946,45414,tmt_sym
50,128,9,1.856992245,1.848143339,22707,16946,45414,tmt_sym
60,128,0,1.835996151,1.833063126,22657,16849,45314,tmt_sym
60,128,1,2.103996038,1.848055601,22657,16849,45314,tmt_sym
60,128,2,1.326985598,1.325058222,22657,16849,45314,tmt_sym
60,128,3,2.115993977,1.852025032,22657,16849,45314,tmt_sym
60,128,4,2.112999916,2.104043961,22657,16849,45314,tmt_sym
60,128,5,1.864996195,1.863053083,22657,16849,45314,tmt_sym
60,128,6,1.844007730,1.589051962,22657,16849,45314,tmt_sym
60,128,7,2.098999500,2.091057539,22657,16849,45314,tmt_sym
60,128,8,1.731993914,1.723049164,22657,16849,45314,tmt_sym
60,128,9,1.733992338,1.730133295,22657,16849,45314,tmt_sym
47,128,0,1.060996056,1.058050156,22674,16915,45348,tmt_sym
47,128,1,1.063996553,1.055055141,22674,16915,45348,tmt_sym
47,128,2,1.060332537,1.055075169,22674,16915,45348,tmt_sym
47,128,3,1.409195185,1.406005859,22674,16915,45348,tmt_sym
47,128,4,1.065986872,1.061014652,22674,16915,45348,tmt_sym
47,128,5,1.409762144,1.407005548,22674,16915,45348,tmt_sym
47,128,6,1.410997152,1.406015396,22674,16915,45348,tmt_sym
47,128,7,1.405992508,1.404009104,22674,16915,45348,tmt_sym
35,128,0,1.412990093,1.410007477,22588,16801,45176,tmt_sym
35,128,1,1.412984848,1.406005859,22588,16801,45176,tmt_sym
35,128,2,1.410995007,1.406014681,22588,16801,45176,tmt_sym
35,128,3,1.760986567,1.758004427,22588,16801,45176,tmt_sym
35,128,4,1.421993971,1.417017698,22588,16801,45176,tmt_sym
35,128,5,1.408993721,1.407013893,22588,16801,45176,tmt_sym
35,128,6,1.410995960,1.406013012,22588,16801,45176,tmt_sym
35,128,7,1.405990839,1.404030561,22588,16801,45176,tmt_sym
35,128,8,1.409991264,1.407045126,22588,16801,45176,tmt_sym
35,128,9,1.759516239,1.755026102,22588,16801,45176,tmt_sym
32,128,0,1.757990599,1.755011082,22646,16906,45292,tmt_sym
32,128,1,1.764997244,1.758012772,22646,16906,45292,tmt_sym
32,128,2,1.762984991,1.758029222,22646,16906,45292,tmt_sym
32,128,3,2.112990856,2.109999657,22646,16906,45292,tmt_sym
32,128,4,1.773968697,1.768982172,22646,16906,45292,tmt_sym
32,128,5,1.762995481,1.761012554,22646,16906,45292,tmt_sym
32,128,6,1.762988567,1.758005857,22646,16906,45292,tmt_sym
32,128,7,1.756997585,1.755007744,22646,16906,45292,tmt_sym
32,128,8,1.760994434,1.758056879,22646,16906,45292,tmt_sym
32,128,9,2.101984501,2.098024845,22646,16906,45292,tmt_sym
49,128,0,2.149982452,2.145018339,22674,16936,45348,tmt_sym
49,128,1,2.098990679,2.093027353,22674,16936,45348,tmt_sym
49,128,2,1.530967712,1.527011156,22674,16936,45348,tmt_sym
49,128,3,1.874988794,1.866057396,22674,16936,45348,tmt_sym
49,128,4,2.134939909,2.130061865,22674,16936,45348,tmt_sym
49,128,5,1.863990784,1.863079309,22674,16936,45348,tmt_sym
49,128,6,1.821997166,1.567071438,22674,16936,45348,tmt_sym
49,128,7,2.130997658,2.129032612,22674,16936,45348,tmt_sym
49,128,8,1.849996567,1.843075991,22674,16936,45348,tmt_sym
49,128,9,1.921000242,1.833162308,22674,16936,45348,tmt_sym
39,128,0,1.060993910,1.058042288,22761,17001,45522,tmt_sym
39,128,1,1.072993279,1.066009760,22761,17001,45522,tmt_sym
39,128,2,1.410995245,1.406006575,22761,17001,45522,tmt_sym
39,128,3,1.761456013,1.758009195,22761,17001,45522,tmt_sym
39,128,4,1.421988964,1.417000055,22761,17001,45522,tmt_sym
39,128,5,1.407992840,1.407006264,22761,17001,45522,tmt_sym
39,128,6,1.410988569,1.406006336,22761,17001,45522,tmt_sym
39,128,7,1.058993340,1.052043200,22761,17001,45522,tmt_sym
39,128,8,1.056994677,1.055064440,22761,17001,45522,tmt_sym
39,128,9,1.760991812,1.755015373,22761,17001,45522,tmt_sym
37,128,0,1.415423393,1.409008741,22652,16892,45304,tmt_sym
37,128,1,1.412992001,1.406021595,22652,16892,45304,tmt_sym
37,128,2,1.421988726,1.417009115,22652,16892,45304,tmt_sym
37,128,3,1.760991573,1.758005142,22652,16892,45304,tmt_sym
37,128,4,1.410997391,1.406010628,22652,16892,45304,tmt_sym
37,128,5,1.408995867,1.407011747,22652,16892,45304,tmt_sym
37,128,6,1.410988569,1.406004667,22652,16892,45304,tmt_sym
37,128,7,1.405988216,1.404001951,22652,16892,45304,tmt_sym
37,128,8,1.409990311,1.407006502,22652,16892,45304,tmt_sym
37,128,9,1.760991573,1.755014181,22652,16892,45304,tmt_sym
56,128,0,2.000990391,1.996039867,22704,16954,45408,tmt_sym
56,128,1,1.988989115,1.980033636,22704,16954,45408,tmt_sym
56,128,2,1.591989040,1.588040113,22704,16954,45408,tmt_sym
56,128,3,1.844989538,1.842054129,22704,16954,45408,tmt_sym
56,128,4,2.108986616,2.108054638,22704,16954,45408,tmt_sym
56,128,5,2.108973742,2.101039886,22704,16954,45408,tmt_sym
56,128,6,1.844985008,1.841044188,22704,16954,45408,tmt_sym
56,128,7,2.121701241,2.121531248,22704,16954,45408,tmt_sym
56,128,8,1.849995852,1.843031645,22704,16954,45408,tmt_sym
56,128,9,2.037013769,1.800155640,22704,16954,45408,tmt_sym
63,128,0,1.718991280,1.714056492,22780,17038,45560,tmt_sym
63,128,1,2.114988089,1.849049091,22780,17038,45560,tmt_sym
63,128,2,1.051977873,1.048049450,22780,17038,45560,tmt_sym
63,128,3,1.322674036,1.322500229,22780,17038,45560,tmt_sym
63,128,4,1.851998568,1.849067211,22780,17038,45560,tmt_sym
63,128,5,1.854996920,1.847059011,22780,17038,45560,tmt_sym
63,128,6,1.603993654,1.600035906,22780,17038,45560,tmt_sym
63,128,7,1.830992222,1.823067665,22780,17038,45560,tmt_sym
63,128,8,1.547996521,1.541043282,22780,17038,45560,tmt_sym
63,128,9,1.571007967,1.334149122,22780,17038,45560,tmt_sym
41,128,0,1.766104698,1.765013456,22714,16973,45428,tmt_sym
41,128,1,1.763227701,1.758017063,22714,16973,45428,tmt_sym
41,128,2,1.762989521,1.758008242,22714,16973,45428,tmt_sym
41,128,3,2.112325430,2.110008001,22714,16973,45428,tmt_sym
41,128,4,1.762830257,1.758007288,22714,16973,45428,tmt_sym
41,128,5,1.763880730,1.760964155,22714,16973,45428,tmt_sym
41,128,6,1.751985788,1.746999264,22714,16973,45428,tmt_sym
41,128,7,1.756994724,1.755014896,22714,16973,45428,tmt_sym
41,128,8,1.771991491,1.769010305,22714,16973,45428,tmt_sym
41,128,9,2.112644196,2.109016895,22714,16973,45428,tmt_sym
47,128,8,1.410852909,1.407038450,22674,16915,45348,tmt_sym
47,128,9,1.754933596,1.752010107,22674,16915,45348,tmt_sym
58,128,0,1.716992855,1.714055061,22624,16865,45248,tmt_sym
58,128,1,1.837987900,1.829047918,22624,16865,45248,tmt_sym
58,128,2,1.325644970,1.325484991,22624,16865,45248,tmt_sym
58,128,3,2.115998268,1.852033138,22624,16865,45248,tmt_sym
58,128,4,2.143998384,2.134037733,22624,16865,45248,tmt_sym
58,128,5,2.335995913,2.069042206,22624,16865,45248,tmt_sym
58,128,6,1.675986528,1.667034388,22624,16865,45248,tmt_sym
58,128,7,2.279974461,2.278014421,22624,16865,45248,tmt_sym
58,128,8,1.576680183,1.576528311,22624,16865,45248,tmt_sym
58,128,9,1.833014488,1.596136570,22624,16865,45248,tmt_sym
45,128,0,1.399945021,1.398012877,22683,16911,45366,tmt_sym
45,128,1,1.413996696,1.406014204,22683,16911,45366,tmt_sym
45,128,2,1.755999088,1.404011488,22683,16911,45366,tmt_sym
45,128,3,1.410240173,1.407014608,22683,16911,45366,tmt_sym
45,128,4,1.061989546,1.061058760,22683,16911,45366,tmt_sym
45,128,5,1.058993340,1.055053711,22683,16911,45366,tmt_sym
45,128,6,1.331627131,1.330005169,22683,16911,45366,tmt_sym
45,128,7,1.406333208,1.404017448,22683,16911,45366,tmt_sym
45,128,8,1.409173727,1.407011986,22683,16911,45366,tmt_sym
45,128,9,1.764549971,1.759028673,22683,16911,45366,tmt_sym
53,128,0,2.044956207,2.040005445,22657,16849,45314,tmt_sym
53,128,1,1.837991953,1.829052210,22657,16849,45314,tmt_sym
53,128,2,1.338964224,1.335028172,22657,16849,45314,tmt_sym
53,128,3,1.582995892,1.578072786,22657,16849,45314,tmt_sym
53,128,4,1.849716187,1.849577188,22657,16849,45314,tmt_sym
53,128,5,1.843994617,1.841070175,22657,16849,45314,tmt_sym
53,128,6,1.723989248,1.720040083,22657,16849,45314,tmt_sym
53,128,7,1.861991882,1.854059935,22657,16849,45314,tmt_sym
53,128,8,1.860991955,1.854046822,22657,16849,45314,tmt_sym
53,128,9,1.756010056,1.519148588,22657,16849,45314,tmt_sym
71,128,0,1.945990801,1.941028595,22697,16957,45394,tmt_sym
71,128,1,1.683001995,1.568034649,22697,16957,45394,tmt_sym
71,128,2,1.576003075,1.312029839,22697,16957,45394,tmt_sym
71,128,3,1.348997355,1.053031445,22697,16957,45394,tmt_sym
71,128,4,1.874995708,1.612030745,22697,16957,45394,tmt_sym
71,128,5,1.841003895,1.574034929,22697,16957,45394,tmt_sym
71,128,6,1.574007511,1.319039345,22697,16957,45394,tmt_sym
71,128,7,1.965994835,1.702040434,22697,16957,45394,tmt_sym
71,128,8,1.332996607,1.323029757,22697,16957,45394,tmt_sym
71,128,9,1.310008049,1.051120520,22697,16957,45394,tmt_sym
70,128,0,2.072991371,2.068045855,22636,16876,45272,tmt_sym
70,128,1,2.032001734,1.766034126,22636,16876,45272,tmt_sym
70,128,2,1.332997322,1.323051453,22636,16876,45272,tmt_sym
70,128,3,1.329994440,1.321031809,22636,16876,45272,tmt_sym
70,128,4,1.854990244,1.848029613,22636,16876,45272,tmt_sym
70,128,5,1.844164371,1.844033480,22636,16876,45272,tmt_sym
70,128,6,1.584996462,1.321038008,22636,16876,45272,tmt_sym
70,128,7,1.711997032,1.702052355,22636,16876,45272,tmt_sym
70,128,8,1.312000513,1.310048819,22636,16876,45272,tmt_sym
70,128,9,1.568996668,1.310112953,22636,16876,45272,tmt_sym
55,128,0,1.850992680,1.846025229,22682,16918,45364,tmt_sym
55,128,1,2.109000921,1.848034382,22682,16918,45364,tmt_sym
55,128,2,1.834994555,1.571030617,22682,16918,45364,tmt_sym
55,128,3,1.845999002,1.578042269,22682,16918,45364,tmt_sym
55,128,4,2.177004576,1.854038239,22682,16918,45364,tmt_sym
55,128,5,1.856604576,1.855034351,22682,16918,45364,tmt_sym
55,128,6,1.563005686,1.299068213,22682,16918,45364,tmt_sym
55,128,7,2.124004602,1.867044449,22682,16918,45364,tmt_sym
55,128,8,1.845811844,1.844037533,22682,16918,45364,tmt_sym
55,128,9,1.926029444,1.585147858,22682,16918,45364,tmt_sym
67,128,0,1.836025715,1.833054781,22683,16876,45366,tmt_sym
67,128,1,1.856996298,1.848064423,22683,16876,45366,tmt_sym
67,128,2,1.339472055,1.336068153,22683,16876,45366,tmt_sym
67,128,3,1.861997128,1.852041483,22683,16876,45366,tmt_sym
67,128,4,1.834992647,1.832058907,22683,16876,45366,tmt_sym
67,128,5,2.076992273,1.810074806,22683,16876,45366,tmt_sym
67,128,6,1.772003412,1.580071926,22683,16876,45366,tmt_sym
67,128,7,2.070992708,2.063055515,22683,16876,45366,tmt_sym
67,128,8,1.492989063,1.486037254,22683,16876,45366,tmt_sym
67,128,9,1.567020893,1.310137749,22683,16876,45366,tmt_sym
68,128,0,2.138995647,2.134038687,22727,16960,45454,tmt_sym
68,128,1,1.859990597,1.851042986,22727,16960,45454,tmt_sym
68,128,2,1.707993507,1.444024324,22727,16960,45454,tmt_sym
68,128,3,1.586984158,1.578029633,22727,16960,45454,tmt_sym
68,128,4,1.845931768,1.843004465,22727,16960,45454,tmt_sym
68,128,5,2.120992422,1.854030609,22727,16960,45454,tmt_sym
68,128,6,1.581996202,1.578033686,22727,16960,45454,tmt_sym
68,128,7,2.048991680,2.041035175,22727,16960,45454,tmt_sym
68,128,8,1.602988243,1.596042156,22727,16960,45454,tmt_sym
68,128,9,1.831013918,1.574110031,22727,16960,45454,tmt_sym
65,128,0,2.110987663,2.106032133,22716,16961,45432,tmt_sym
65,128,1,2.131998301,2.126040936,22716,16961,45432,tmt_sym
65,128,2,1.503985643,1.500049829,22716,16961,45432,tmt_sym
65,128,3,1.573988914,1.567054510,22716,16961,45432,tmt_sym
65,128,4,1.851993799,1.849059820,22716,16961,45432,tmt_sym
65,128,5,1.821997643,1.814059734,22716,16961,45432,tmt_sym
65,128,6,1.603991032,1.600053549,22716,16961,45432,tmt_sym
65,128,7,1.852985620,1.845057011,22716,16961,45432,tmt_sym
65,128,8,1.602995634,1.596060514,22716,16961,45432,tmt_sym
65,128,9,1.832997561,1.565169096,22716,16961,45432,tmt_sym
66,128,0,1.845730305,1.845552444,22659,16890,45318,tmt_sym
66,128,1,1.857662678,1.857471466,22659,16890,45318,tmt_sym
66,128,2,1.845958233,1.581998587,22659,16890,45318,tmt_sym
66,128,3,2.093997955,1.826050520,22659,16890,45318,tmt_sym
66,128,4,2.361999512,2.104066133,22659,16890,45318,tmt_sym
66,128,5,2.117132187,2.113049507,22659,16890,45318,tmt_sym
66,128,6,1.826001406,1.568072796,22659,16890,45318,tmt_sym
66,128,7,2.385997295,2.129059076,22659,16890,45318,tmt_sym
66,128,8,1.777814865,1.767044067,22659,16890,45318,tmt_sym
66,128,9,1.844038486,1.565150261,22659,16890,45318,tmt_sym
