rank,num_procs,run,elapsed_time,comm_time,local_nz,ghost_entries,local_flops
0,1,0,0.001595736,0.000000954,500109,0,1000218
0,1,1,0.001595974,0.000000715,500109,0,1000218
0,1,2,0.001595020,0.000000477,500109,0,1000218
0,1,3,0.001585484,0.000000477,500109,0,1000218
0,1,4,0.001600981,0.000000477,500109,0,1000218
0,1,5,0.001589060,0.000000715,500109,0,1000218
0,1,6,0.001596689,0.000000477,500109,0,1000218
0,1,7,0.001593113,0.000000477,500109,0,1000218
0,1,8,0.001585960,0.000000715,500109,0,1000218
0,1,9,0.001600504,0.000000715,500109,0,1000218
0,2,0,0.007885218,0.002205372,500109,249636,1000218
0,2,1,0.008074999,0.002377033,500109,249636,1000218
0,2,2,0.007943630,0.002263069,500109,249636,1000218
0,2,3,0.008015394,0.002344131,500109,249636,1000218
0,2,4,0.007950544,0.002265930,500109,249636,1000218
0,2,5,0.007909775,0.002236843,500109,249636,1000218
0,2,6,0.007849216,0.002180576,500109,249636,1000218
0,2,7,0.007916451,0.002225399,500109,249636,1000218
0,2,8,0.007736683,0.002060652,500109,249636,1000218
0,2,9,0.007843256,0.002143383,500109,249636,1000218
1,2,0,0.008292437,0.002606869,499877,250129,999754
1,2,1,0.008443594,0.002775431,499877,250129,999754
1,2,2,0.008177280,0.002518177,499877,250129,999754
1,2,3,0.008272886,0.002583027,499877,250129,999754
1,2,4,0.008087873,0.002423763,499877,250129,999754
1,2,5,0.008057117,0.002401829,499877,250129,999754
1,2,6,0.007918835,0.002257347,499877,250129,999754
1,2,7,0.007940769,0.002281666,499877,250129,999754
1,2,8,0.007909298,0.002247095,499877,250129,999754
1,2,9,0.007990837,0.002328634,499877,250129,999754
3,4,0,0.008089542,0.004556894,499898,374377,999796
3,4,1,0.007059336,0.003554583,499898,374377,999796
3,4,2,0.006693125,0.003193617,499898,374377,999796
3,4,3,0.006723881,0.003233194,499898,374377,999796
3,4,4,0.006759405,0.003259659,499898,374377,999796
3,4,5,0.006675005,0.003180981,499898,374377,999796
3,4,6,0.007061243,0.003507376,499898,374377,999796
3,4,7,0.006739855,0.003229141,499898,374377,999796
3,4,8,0.006847382,0.003358364,499898,374377,999796
3,4,9,0.006817579,0.003324747,499898,374377,999796
1,4,0,0.008637428,0.004693747,499877,374927,999754
1,4,1,0.007528305,0.003596544,499877,374927,999754
1,4,2,0.007326603,0.003401995,499877,374927,999754
1,4,3,0.007259369,0.003341198,499877,374927,999754
1,4,4,0.007161140,0.003241539,499877,374927,999754
1,4,5,0.007315874,0.003405333,499877,374927,999754
1,4,6,0.007468224,0.003570318,499877,374927,999754
1,4,7,0.007139683,0.003233910,499877,374927,999754
1,4,8,0.007189512,0.003291607,499877,374927,999754
1,4,9,0.006982803,0.003087521,499877,374927,999754
2,4,0,0.008518934,0.004544497,499748,374720,999496
2,4,1,0.007418156,0.003498316,499748,374720,999496
2,4,2,0.007162094,0.003248453,499748,374720,999496
2,4,3,0.007142544,0.003243446,499748,374720,999496
2,4,4,0.007193565,0.003285170,499748,374720,999496
2,4,5,0.007316113,0.003387928,499748,374720,999496
2,4,6,0.007142782,0.003233433,499748,374720,999496
2,4,7,0.007116556,0.003206730,499748,374720,999496
2,4,8,0.007297754,0.003399611,499748,374720,999496
2,4,9,0.007167339,0.003260612,499748,374720,999496
0,4,0,0.008543730,0.004503012,500109,375097,1000218
0,4,1,0.007303238,0.003332138,500109,375097,1000218
0,4,2,0.007364988,0.003393888,500109,375097,1000218
0,4,3,0.007335424,0.003370047,500109,375097,1000218
0,4,4,0.007434607,0.003467798,500109,375097,1000218
0,4,5,0.007371426,0.003379583,500109,375097,1000218
0,4,6,0.007357597,0.003339767,500109,375097,1000218
0,4,7,0.007219553,0.003196001,500109,375097,1000218
0,4,8,0.007542610,0.003542900,500109,375097,1000218
0,4,9,0.007485390,0.003478765,500109,375097,1000218
2,8,0,0.010846615,0.007439852,499748,437445,999496
2,8,1,0.009158373,0.005784273,499748,437445,999496
2,8,2,0.009393692,0.006045103,499748,437445,999496
2,8,3,0.009598255,0.006273508,499748,437445,999496
2,8,4,0.009151936,0.005818605,499748,437445,999496
2,8,5,0.009270906,0.005957842,499748,437445,999496
2,8,6,0.009232998,0.005929947,499748,437445,999496
2,8,7,0.009062052,0.005761623,499748,437445,999496
2,8,8,0.009483337,0.006118059,499748,437445,999496
2,8,9,0.009295702,0.005974054,499748,437445,999496
6,8,0,0.011013746,0.007528305,499961,437495,999922
6,8,1,0.009195805,0.005767107,499961,437495,999922
6,8,2,0.009433985,0.006018400,499961,437495,999922
6,8,3,0.009548903,0.006161690,499961,437495,999922
6,8,4,0.009371281,0.005955696,499961,437495,999922
6,8,5,0.009454012,0.006066322,499961,437495,999922
6,8,6,0.009529829,0.006165266,499961,437495,999922
6,8,7,0.009302378,0.005947351,499961,437495,999922
3,8,0,0.011471033,0.007856131,499898,437328,999796
3,8,1,0.009423494,0.005823612,499898,437328,999796
3,8,2,0.009763956,0.006187201,499898,437328,999796
3,8,3,0.009426832,0.005870104,499898,437328,999796
3,8,4,0.009747744,0.006177902,499898,437328,999796
3,8,5,0.009367943,0.005831957,499898,437328,999796
3,8,6,0.009119987,0.005553484,499898,437328,999796
3,8,7,0.009616375,0.006061792,499898,437328,999796
3,8,8,0.009334803,0.005796432,499898,437328,999796
3,8,9,0.009458780,0.005893469,499898,437328,999796
6,8,8,0.009453535,0.006018400,499961,437495,999922
6,8,9,0.009501457,0.006131887,499961,437495,999922
7,8,0,0.011633158,0.008070946,500058,437467,1000116
7,8,1,0.009754419,0.006199360,500058,437467,1000116
7,8,2,0.009732246,0.006185293,500058,437467,1000116
7,8,3,0.009695053,0.006160021,500058,437467,1000116
7,8,4,0.009870768,0.006306171,500058,437467,1000116
5,8,0,0.012023926,0.008692265,500177,437814,1000354
5,8,1,0.009768486,0.006589174,500177,437814,1000354
5,8,2,0.009775162,0.006538391,500177,437814,1000354
5,8,3,0.009767056,0.006371498,500177,437814,1000354
5,8,4,0.009866714,0.006456614,500177,437814,1000354
5,8,5,0.009774446,0.006462574,500177,437814,1000354
5,8,6,0.009995222,0.006737471,500177,437814,1000354
5,8,7,0.009645224,0.006253481,500177,437814,1000354
5,8,8,0.009879827,0.006506920,500177,437814,1000354
5,8,9,0.009563446,0.006199360,500177,437814,1000354
0,8,0,0.011273384,0.007333279,500109,437339,1000218
0,8,1,0.009687424,0.005871773,500109,437339,1000218
0,8,2,0.009707451,0.005928516,500109,437339,1000218
0,8,3,0.009575844,0.005873680,500109,437339,1000218
0,8,4,0.009533167,0.005928993,500109,437339,1000218
0,8,5,0.009740591,0.005973339,500109,437339,1000218
0,8,6,0.009926558,0.006242752,500109,437339,1000218
0,8,7,0.009544373,0.005833626,500109,437339,1000218
0,8,8,0.009797812,0.005962849,500109,437339,1000218
0,8,9,0.009619236,0.005845785,500109,437339,1000218
7,8,5,0.009668589,0.006145954,500058,437467,1000116
7,8,6,0.009709597,0.006180763,500058,437467,1000116
7,8,7,0.009692907,0.006126404,500058,437467,1000116
7,8,8,0.009687662,0.006172180,500058,437467,1000116
7,8,9,0.009623766,0.006092072,500058,437467,1000116
4,8,0,0.011599779,0.007752657,499887,437529,999774
4,8,1,0.009916544,0.006166935,499887,437529,999774
4,8,2,0.010025501,0.006298542,499887,437529,999774
4,8,3,0.009513140,0.005882025,499887,437529,999774
4,8,4,0.009448767,0.005925894,499887,437529,999774
4,8,5,0.009656668,0.005972862,499887,437529,999774
4,8,6,0.009760857,0.006136179,499887,437529,999774
4,8,7,0.009439945,0.005781412,499887,437529,999774
4,8,8,0.009793520,0.006033659,499887,437529,999774
4,8,9,0.009772539,0.006026745,499887,437529,999774
1,8,0,0.011018753,0.007565260,499877,437248,999754
1,8,1,0.009784222,0.006495953,499877,437248,999754
1,8,2,0.011189461,0.006545067,499877,437248,999754
1,8,3,0.010960102,0.006328106,499877,437248,999754
1,8,4,0.011164427,0.006396770,499877,437248,999754
1,8,5,0.011135101,0.006508350,499877,437248,999754
1,8,6,0.011122465,0.006697655,499877,437248,999754
1,8,7,0.010660887,0.006080151,499877,437248,999754
1,8,8,0.011088610,0.006436110,499877,437248,999754
1,8,9,0.010813236,0.006253242,499877,437248,999754
15,16,0,0.016512632,0.013340712,499809,468597,999618
15,16,1,0.015037537,0.011930227,499809,468597,999618
15,16,2,0.014870644,0.011775255,499809,468597,999618
15,16,3,0.014885187,0.011788607,499809,468597,999618
15,16,4,0.014636755,0.011533737,499809,468597,999618
15,16,5,0.014727116,0.011614084,499809,468597,999618
15,16,6,0.014495611,0.011394739,499809,468597,999618
15,16,7,0.014684439,0.011569977,499809,468597,999618
15,16,8,0.014370918,0.011268377,499809,468597,999618
15,16,9,0.014290810,0.011199713,499809,468597,999618
8,16,0,0.017025471,0.012746572,500107,468851,1000214
8,16,1,0.015250444,0.011186361,500107,468851,1000214
8,16,2,0.015172243,0.011297464,500107,468851,1000214
8,16,3,0.015173435,0.011224270,500107,468851,1000214
8,16,4,0.014965773,0.011247873,500107,468851,1000214
8,16,5,0.015342712,0.011022806,500107,468851,1000214
8,16,6,0.015421391,0.011279583,500107,468851,1000214
8,16,7,0.016161203,0.012107849,500107,468851,1000214
8,16,8,0.015456438,0.011357784,500107,468851,1000214
8,16,9,0.014539242,0.010936737,500107,468851,1000214
4,16,0,0.017429113,0.012616396,499887,468827,999774
4,16,1,0.016109228,0.011471987,499887,468827,999774
4,16,2,0.016005278,0.011449099,499887,468827,999774
4,16,3,0.015612125,0.011139393,499887,468827,999774
4,16,4,0.015075445,0.010644436,499887,468827,999774
4,16,5,0.016258001,0.011453390,499887,468827,999774
4,16,6,0.015372515,0.010708809,499887,468827,999774
4,16,7,0.016492605,0.011847496,499887,468827,999774
4,16,8,0.015566826,0.010844231,499887,468827,999774
4,16,9,0.015012026,0.010869265,499887,468827,999774
9,16,0,0.016883612,0.013360739,500244,468967,1000488
9,16,1,0.015360832,0.011684895,500244,468967,1000488
9,16,2,0.015326500,0.011566639,500244,468967,1000488
9,16,3,0.015508413,0.011713028,500244,468967,1000488
9,16,4,0.015212297,0.011866570,500244,468967,1000488
9,16,5,0.015354156,0.011513710,500244,468967,1000488
9,16,6,0.015403986,0.011727333,500244,468967,1000488
9,16,7,0.014484882,0.011131763,500244,468967,1000488
9,16,8,0.015022278,0.011374235,500244,468967,1000488
9,16,9,0.015030146,0.011235952,500244,468967,1000488
13,16,0,0.017048836,0.013363600,499794,468657,999588
13,16,1,0.015629768,0.011640549,499794,468657,999588
13,16,2,0.015328646,0.011245012,499794,468657,999588
13,16,3,0.015813828,0.011701107,499794,468657,999588
13,16,4,0.015302658,0.011866808,499794,468657,999588
13,16,5,0.015294790,0.011360645,499794,468657,999588
13,16,6,0.015560865,0.011696339,499794,468657,999588
13,16,7,0.014685869,0.011207104,499794,468657,999588
13,16,8,0.015085936,0.011326790,499794,468657,999588
13,16,9,0.015311718,0.011305094,499794,468657,999588
14,16,0,0.017888308,0.013333082,500214,469148,1000428
14,16,1,0.016015768,0.011581182,500214,469148,1000428
14,16,2,0.015690565,0.011270285,500214,469148,1000428
14,16,3,0.016079187,0.011650085,500214,469148,1000428
14,16,4,0.016160965,0.011707544,500214,469148,1000428
14,16,5,0.015935421,0.011439323,500214,469148,1000428
14,16,6,0.016169548,0.011683226,500214,469148,1000428
14,16,7,0.015601397,0.011180401,500214,469148,1000428
14,16,8,0.015805483,0.011282921,500214,469148,1000428
14,16,9,0.015429974,0.010976553,500214,469148,1000428
2,16,0,0.017680407,0.013135433,499748,468444,999496
2,16,1,0.016130209,0.011647224,499748,468444,999496
2,16,2,0.016081333,0.011569023,499748,468444,999496
2,16,3,0.015854359,0.011409998,499748,468444,999496
2,16,4,0.015821218,0.011397123,499748,468444,999496
2,16,5,0.016002178,0.011498928,499748,468444,999496
12,16,0,0.017895222,0.013269663,500307,469078,1000614
12,16,1,0.015829563,0.011428595,500307,469078,1000614
2,16,6,0.015605927,0.011186600,499748,468444,999496
2,16,7,0.015651941,0.011171579,499748,468444,999496
12,16,2,0.016176462,0.011778355,500307,469078,1000614
12,16,3,0.016031742,0.011619806,500307,469078,1000614
12,16,4,0.016204834,0.011771917,500307,469078,1000614
12,16,5,0.016373396,0.011672258,500307,469078,1000614
2,16,8,0.015917063,0.011408806,499748,468444,999496
2,16,9,0.015561581,0.011117220,499748,468444,999496
12,16,6,0.015994072,0.011413336,500307,469078,1000614
12,16,7,0.016330719,0.011861086,500307,469078,1000614
12,16,8,0.016036510,0.011415482,500307,469078,1000614
0,16,0,0.017865658,0.013071299,500109,468852,1000218
0,16,1,0.015867710,0.011297703,500109,468852,1000218
12,16,9,0.015623569,0.011538029,500307,469078,1000614
0,16,2,0.016401529,0.011821985,500109,468852,1000218
0,16,3,0.015926123,0.011397123,500109,468852,1000218
0,16,4,0.015741825,0.011227846,500109,468852,1000218
0,16,5,0.016442299,0.011647224,500109,468852,1000218
0,16,6,0.015823364,0.011150599,500109,468852,1000218
0,16,7,0.016453743,0.011863947,500109,468852,1000218
0,16,8,0.015864611,0.011150122,500109,468852,1000218
0,16,9,0.015653372,0.011398077,500109,468852,1000218
6,16,0,0.017781258,0.013250113,499961,468796,999922
6,16,1,0.016105890,0.011657238,499961,468796,999922
6,16,2,0.016059637,0.011596203,499961,468796,999922
6,16,3,0.016003847,0.011558771,499961,468796,999922
6,16,4,0.015978575,0.011500835,499961,468796,999922
3,16,0,0.018125296,0.013083458,499898,468547,999796
6,16,5,0.015897512,0.011406183,499961,468796,999922
6,16,6,0.015656710,0.011220455,499961,468796,999922
3,16,1,0.016510248,0.011501789,499898,468547,999796
3,16,2,0.016571999,0.011562824,499898,468547,999796
3,16,3,0.016585350,0.011589050,499898,468547,999796
3,16,4,0.016403198,0.011382818,499898,468547,999796
3,16,5,0.016442537,0.011603594,499898,468547,999796
3,16,6,0.015896559,0.011232376,499898,468547,999796
6,16,7,0.016060829,0.011577606,499961,468796,999922
6,16,8,0.015883207,0.011392832,499961,468796,999922
6,16,9,0.015688896,0.011231661,499961,468796,999922
3,16,7,0.016281128,0.011655807,499898,468547,999796
3,16,8,0.015575171,0.010997534,499898,468547,999796
3,16,9,0.015719175,0.011133194,499898,468547,999796
10,16,0,0.017950535,0.013379097,499829,468882,999658
10,16,1,0.016117573,0.011616707,499829,468882,999658
10,16,2,0.015684605,0.011214256,499829,468882,999658
11,16,0,0.018451452,0.013326883,500017,468859,1000034
11,16,1,0.016744137,0.011716127,500017,468859,1000034
11,16,2,0.016722441,0.011693478,500017,468859,1000034
11,16,3,0.016378641,0.011375666,500017,468859,1000034
11,16,4,0.016439438,0.011410952,500017,468859,1000034
10,16,3,0.016126633,0.011645794,499829,468882,999658
10,16,4,0.016245604,0.011767626,499829,468882,999658
11,16,5,0.016412258,0.011593580,500017,468859,1000034
11,16,6,0.015609026,0.010935068,500017,468859,1000034
11,16,7,0.016145945,0.011497736,500017,468859,1000034
11,16,8,0.015675545,0.011088133,500017,468859,1000034
10,16,5,0.015774727,0.011266232,499829,468882,999658
10,16,6,0.016087294,0.011560917,499829,468882,999658
10,16,7,0.015630722,0.011155128,499829,468882,999658
10,16,8,0.015715837,0.011168957,499829,468882,999658
10,16,9,0.015753269,0.011237144,499829,468882,999658
5,16,0,0.017375946,0.013197422,500177,468950,1000354
5,16,1,0.015810013,0.011422396,500177,468950,1000354
5,16,2,0.015784979,0.011359930,500177,468950,1000354
5,16,3,0.016070843,0.011508942,500177,468950,1000354
11,16,9,0.015813589,0.011176825,500017,468859,1000034
1,16,0,0.017409325,0.013169289,499877,468467,999754
5,16,4,0.015617609,0.011654854,500177,468950,1000354
5,16,5,0.015262127,0.010859013,500177,468950,1000354
5,16,6,0.016033888,0.011639357,500177,468950,1000354
5,16,7,0.015605450,0.011624813,500177,468950,1000354
5,16,8,0.015368700,0.011075974,500177,468950,1000354
5,16,9,0.015870810,0.011395454,500177,468950,1000354
1,16,1,0.015911102,0.011533737,499877,468467,999754
1,16,2,0.016221285,0.011745930,499877,468467,999754
1,16,3,0.016095638,0.011485815,499877,468467,999754
1,16,4,0.015809298,0.011823416,499877,468467,999754
1,16,5,0.015942097,0.011417866,499877,468467,999754
1,16,6,0.016196728,0.011696100,499877,468467,999754
1,16,7,0.015918732,0.011890411,499877,468467,999754
1,16,8,0.015568972,0.011269569,499877,468467,999754
1,16,9,0.015912771,0.011450529,499877,468467,999754
7,16,0,0.018454075,0.013238192,500058,468786,1000116
7,16,1,0.016802311,0.011676311,500058,468786,1000116
7,16,2,0.016946554,0.011790752,500058,468786,1000116
7,16,3,0.016301394,0.011144638,500058,468786,1000116
7,16,4,0.016023874,0.010946274,500058,468786,1000116
7,16,5,0.016630411,0.011656284,500058,468786,1000116
7,16,6,0.015856504,0.011038303,500058,468786,1000116
7,16,7,0.016239405,0.011399269,500058,468786,1000116
7,16,8,0.015864849,0.011153698,500058,468786,1000116
7,16,9,0.016074181,0.011255503,500058,468786,1000116
20,32,0,0.027747869,0.022743464,499847,484274,999694
20,32,1,0.026613951,0.021739006,499847,484274,999694
20,32,2,0.025646925,0.021368980,499847,484274,999694
20,32,3,0.026483059,0.021460533,499847,484274,999694
20,32,4,0.026491404,0.021649599,499847,484274,999694
20,32,5,0.025956154,0.021613836,499847,484274,999694
20,32,6,0.026194811,0.021304846,499847,484274,999694
20,32,7,0.026156664,0.021273136,499847,484274,999694
20,32,8,0.025914669,0.021565199,499847,484274,999694
20,32,9,0.026009560,0.021745682,499847,484274,999694
24,32,0,0.028267860,0.022800207,499933,484137,999866
24,32,1,0.026957035,0.021449327,499933,484137,999866
24,32,2,0.026405334,0.021322966,499933,484137,999866
24,32,3,0.026950121,0.021433592,499933,484137,999866
24,32,4,0.026382923,0.021017790,499933,484137,999866
24,32,5,0.026180983,0.021020174,499933,484137,999866
24,32,6,0.026495695,0.021002531,499933,484137,999866
24,32,7,0.026360273,0.020930529,499933,484137,999866
24,32,8,0.026289463,0.021121979,499933,484137,999866
24,32,9,0.026381731,0.021234274,499933,484137,999866
5,32,0,0.028042555,0.022480249,500177,484571,1000354
5,32,1,0.027245760,0.021821976,500177,484571,1000354
5,32,2,0.026640654,0.021278143,500177,484571,1000354
5,32,3,0.026371717,0.021149158,500177,484571,1000354
5,32,4,0.026979923,0.021474838,500177,484571,1000354
5,32,5,0.026306391,0.021038294,500177,484571,1000354
5,32,6,0.026259184,0.020909071,500177,484571,1000354
5,32,7,0.026187420,0.020946741,500177,484571,1000354
5,32,8,0.026607037,0.021160126,500177,484571,1000354
5,32,9,0.026403666,0.021100998,500177,484571,1000354
28,32,0,0.028832197,0.023403883,500038,484376,1000076
28,32,1,0.026883125,0.021491766,500038,484376,1000076
28,32,2,0.026737213,0.021707296,500038,484376,1000076
28,32,3,0.027114630,0.021696329,500038,484376,1000076
28,32,4,0.027102470,0.021764040,500038,484376,1000076
28,32,5,0.026565552,0.021409988,500038,484376,1000076
28,32,6,0.027030230,0.021544456,500038,484376,1000076
28,32,7,0.026755810,0.021410465,500038,484376,1000076
28,32,8,0.026576042,0.021489382,500038,484376,1000076
28,32,9,0.026573896,0.021493912,500038,484376,1000076
12,32,0,0.029568195,0.023962975,500307,484629,1000614
12,32,1,0.027373552,0.021878242,500307,484629,1000614
12,32,2,0.027141809,0.021966457,500307,484629,1000614
12,32,3,0.027456045,0.021920681,500307,484629,1000614
12,32,4,0.027321815,0.021867990,500307,484629,1000614
12,32,5,0.026904821,0.021596193,500307,484629,1000614
12,32,6,0.027194500,0.021587133,500307,484629,1000614
12,32,7,0.026981831,0.021501541,500307,484629,1000614
12,32,8,0.027010918,0.021766424,500307,484629,1000614
12,32,9,0.026695013,0.021505833,500307,484629,1000614
16,32,0,0.028834343,0.023251534,499904,484198,999808
16,32,1,0.027017355,0.021589279,499904,484198,999808
16,32,2,0.027179480,0.021601915,499904,484198,999808
16,32,3,0.027338028,0.021528244,499904,484198,999808
16,32,4,0.027001619,0.021366358,499904,484198,999808
16,32,5,0.026985407,0.021348476,499904,484198,999808
16,32,6,0.027144670,0.021316528,499904,484198,999808
16,32,7,0.027166367,0.021453857,499904,484198,999808
1,32,0,0.028640509,0.022918940,499877,484348,999754
1,32,1,0.027897835,0.022313356,499877,484348,999754
1,32,2,0.027395964,0.021794319,499877,484348,999754
1,32,3,0.026880026,0.021473169,499877,484348,999754
1,32,4,0.027090549,0.021532059,499877,484348,999754
1,32,5,0.026755571,0.021325827,499877,484348,999754
1,32,6,0.026962280,0.021395445,499877,484348,999754
1,32,7,0.027076483,0.021538019,499877,484348,999754
16,32,8,0.026770353,0.021400213,499904,484198,999808
16,32,9,0.026914358,0.021365643,499904,484198,999808
1,32,8,0.027089119,0.021511078,499877,484348,999754
1,32,9,0.027015686,0.021530151,499877,484348,999754
13,32,0,0.028470516,0.022645235,499794,484204,999588
13,32,1,0.027676821,0.022008419,499794,484204,999588
13,32,2,0.027618647,0.021865845,499794,484204,999588
13,32,3,0.027411461,0.021765232,499794,484204,999588
13,32,4,0.027302504,0.021580219,499794,484204,999588
13,32,5,0.027193546,0.021544933,499794,484204,999588
13,32,6,0.027265549,0.021527290,499794,484204,999588
13,32,7,0.027189970,0.021556854,499794,484204,999588
13,32,8,0.027276754,0.021542072,499794,484204,999588
13,32,9,0.027205229,0.021593809,499794,484204,999588
17,32,0,0.028407097,0.022602558,500225,484438,1000450
17,32,1,0.027484655,0.021897554,500225,484438,1000450
17,32,2,0.027059555,0.021461964,500225,484438,1000450
17,32,3,0.027209520,0.021623373,500225,484438,1000450
17,32,4,0.027206182,0.021533728,500225,484438,1000450
17,32,5,0.027301311,0.021656275,500225,484438,1000450
17,32,6,0.027305126,0.021628857,500225,484438,1000450
17,32,7,0.027024269,0.021479368,500225,484438,1000450
17,32,8,0.027316570,0.021594524,500225,484438,1000450
17,32,9,0.027263403,0.021654844,500225,484438,1000450
29,32,0,0.029571056,0.023710251,499921,484302,999842
29,32,1,0.027499199,0.021957874,499921,484302,999842
29,32,2,0.027442455,0.021775961,499921,484302,999842
29,32,3,0.027531624,0.021893978,499921,484302,999842
29,32,4,0.027621984,0.021918535,499921,484302,999842
29,32,5,0.027350664,0.021730661,499921,484302,999842
29,32,6,0.027520180,0.021768808,499921,484302,999842
29,32,7,0.027153015,0.021579027,499921,484302,999842
29,32,8,0.027278900,0.021576643,499921,484302,999842
29,32,9,0.027266979,0.021671772,499921,484302,999842
4,32,0,0.029324532,0.023600817,499887,484380,999774
4,32,1,0.027442694,0.021866083,499887,484380,999774
4,32,2,0.027572155,0.021828413,499887,484380,999774
8,32,0,0.029649973,0.023926973,500107,484529,1000214
8,32,1,0.027296782,0.021811724,500107,484529,1000214
8,32,2,0.027471304,0.021799326,500107,484529,1000214
8,32,3,0.027728558,0.021836042,500107,484529,1000214
8,32,4,0.027295351,0.021601677,500107,484529,1000214
8,32,5,0.026935816,0.021284342,500107,484529,1000214
8,32,6,0.027386189,0.021479130,500107,484529,1000214
8,32,7,0.027458191,0.021700144,500107,484529,1000214
8,32,8,0.026839256,0.021409750,500107,484529,1000214
4,32,3,0.027812719,0.021842480,499887,484380,999774
4,32,4,0.027640343,0.021794796,499887,484380,999774
4,32,5,0.027498007,0.021694422,499887,484380,999774
4,32,6,0.027631044,0.021607161,499887,484380,999774
4,32,7,0.027460098,0.021594286,499887,484380,999774
4,32,8,0.027022839,0.021500826,499887,484380,999774
4,32,9,0.027329922,0.021600962,499887,484380,999774
8,32,9,0.027327299,0.021676064,500107,484529,1000214
0,32,0,0.029649496,0.023864746,500109,484522,1000218
0,32,1,0.028016567,0.022453308,500109,484522,1000218
0,32,2,0.028295517,0.022487164,500109,484522,1000218
0,32,3,0.028219461,0.022214413,500109,484522,1000218
0,32,4,0.027836561,0.021981239,500109,484522,1000218
0,32,5,0.027307034,0.021562099,500109,484522,1000218
0,32,6,0.027744293,0.021723270,500109,484522,1000218
0,32,7,0.027667046,0.021817684,500109,484522,1000218
26,32,0,0.029712915,0.022915125,500146,484514,1000292
26,32,1,0.028599977,0.021382093,500146,484514,1000292
26,32,2,0.028885841,0.021930933,500146,484514,1000292
26,32,3,0.028079987,0.021551847,500146,484514,1000292
26,32,4,0.028252125,0.021634579,500146,484514,1000292
26,32,5,0.028214455,0.021587610,500146,484514,1000292
26,32,6,0.027918577,0.021334648,500146,484514,1000292
26,32,7,0.027643204,0.021233320,500146,484514,1000292
26,32,8,0.027584314,0.021266937,500146,484514,1000292
26,32,9,0.027599096,0.021430016,500146,484514,1000292
0,32,8,0.027511120,0.021926880,500109,484522,1000218
0,32,9,0.027592659,0.021847963,500109,484522,1000218
6,32,0,0.031071901,0.024001598,499961,484367,999922
6,32,1,0.029575109,0.022172213,499961,484367,999922
10,32,0,0.030499697,0.023448229,499829,484498,999658
10,32,1,0.029377222,0.021931648,499829,484498,999658
10,32,2,0.028771877,0.021776438,499829,484498,999658
10,32,3,0.028594255,0.021851063,499829,484498,999658
10,32,4,0.028217554,0.021537542,499829,484498,999658
10,32,5,0.028173685,0.021462202,499829,484498,999658
30,32,0,0.030885935,0.023844004,500074,484471,1000148
30,32,1,0.029522181,0.022110462,500074,484471,1000148
30,32,2,0.029366732,0.022366285,500074,484471,1000148
30,32,3,0.029189348,0.022425890,500074,484471,1000148
30,32,4,0.028929949,0.022205114,500074,484471,1000148
30,32,5,0.028391838,0.021693945,500074,484471,1000148
30,32,6,0.028317213,0.021633863,500074,484471,1000148
6,32,2,0.029371500,0.022333622,499961,484367,999922
6,32,3,0.029036999,0.022278309,499961,484367,999922
6,32,4,0.028983355,0.022286892,499961,484367,999922
6,32,5,0.028895378,0.022156000,499961,484367,999922
6,32,6,0.029016733,0.022292137,499961,484367,999922
6,32,7,0.028767109,0.022247076,499961,484367,999922
6,32,8,0.027954340,0.021539927,499961,484367,999922
6,32,9,0.027865648,0.021617889,499961,484367,999922
10,32,6,0.028201342,0.021477938,499829,484498,999658
10,32,7,0.027960777,0.021438837,499829,484498,999658
10,32,8,0.027899504,0.021452427,499829,484498,999658
10,32,9,0.027859926,0.021564245,499829,484498,999658
30,32,7,0.028043509,0.021552086,500074,484471,1000148
30,32,8,0.027771235,0.021406889,500074,484471,1000148
30,32,9,0.027849913,0.021605968,500074,484471,1000148
18,32,0,0.030880928,0.023718596,500038,484163,1000076
18,32,1,0.029411316,0.021927834,500038,484163,1000076
18,32,2,0.029234171,0.022118568,500038,484163,1000076
18,32,3,0.029130697,0.022252560,500038,484163,1000076
18,32,4,0.028459072,0.021734953,500038,484163,1000076
18,32,5,0.028383493,0.021591425,500038,484163,1000076
18,32,6,0.028460026,0.021660328,500038,484163,1000076
18,32,7,0.028158903,0.021532536,500038,484163,1000076
18,32,8,0.028033257,0.021493435,500038,484163,1000076
18,32,9,0.028002977,0.021637678,500038,484163,1000076
22,32,0,0.030822992,0.023817539,499895,484280,999790
22,32,1,0.029541492,0.022158146,499895,484280,999790
22,32,2,0.029055119,0.022072077,499895,484280,999790
22,32,3,0.028786659,0.022125721,499895,484280,999790
22,32,4,0.028655052,0.021986008,499895,484280,999790
22,32,5,0.028715611,0.022036552,499895,484280,999790
22,32,6,0.028321743,0.021669149,499895,484280,999790
22,32,7,0.028039455,0.021569490,499895,484280,999790
22,32,8,0.027990580,0.021609545,499895,484280,999790
22,32,9,0.028578043,0.022290707,499895,484280,999790
14,32,0,0.031110525,0.024021864,500214,484715,1000428
14,32,1,0.029979229,0.022558689,500214,484715,1000428
14,32,2,0.029633999,0.022580385,500214,484715,1000428
14,32,3,0.029340029,0.022531271,500214,484715,1000428
14,32,4,0.028959513,0.022200346,500214,484715,1000428
14,32,5,0.028667688,0.021903992,500214,484715,1000428
14,32,6,0.028909922,0.022135735,500214,484715,1000428
14,32,7,0.028702259,0.022142649,500214,484715,1000428
14,32,8,0.028600216,0.022093296,500214,484715,1000428
14,32,9,0.028626204,0.022172451,500214,484715,1000428
2,32,0,0.031116009,0.024027586,499748,484108,999496
2,32,1,0.030008316,0.022539139,499748,484108,999496
2,32,2,0.029699087,0.022583008,499748,484108,999496
2,32,3,0.029360056,0.022502899,499748,484108,999496
2,32,4,0.028805017,0.021996975,499748,484108,999496
2,32,5,0.028984308,0.022165537,499748,484108,999496
2,32,6,0.028821945,0.021987677,499748,484108,999496
2,32,7,0.028573751,0.021925688,499748,484108,999496
2,32,8,0.028517723,0.021946430,499748,484108,999496
2,32,9,0.028652668,0.022163153,499748,484108,999496
25,32,0,0.030872822,0.023570061,500163,484658,1000326
25,32,1,0.029132843,0.022076845,500163,484658,1000326
25,32,2,0.029005051,0.021883726,500163,484658,1000326
25,32,3,0.029039145,0.021939993,500163,484658,1000326
25,32,4,0.029195309,0.022056341,500163,484658,1000326
25,32,5,0.028827667,0.021752119,500163,484658,1000326
25,32,6,0.028872252,0.021701813,500163,484658,1000326
25,32,7,0.028698206,0.021625996,500163,484658,1000326
25,32,8,0.028708458,0.021595716,500163,484658,1000326
25,32,9,0.028715849,0.021671295,500163,484658,1000326
21,32,0,0.030502081,0.022569895,500015,484361,1000030
21,32,1,0.029522657,0.021844387,500015,484361,1000030
21,32,2,0.030047894,0.021579027,500015,484361,1000030
21,32,3,0.027985811,0.021379471,500015,484361,1000030
21,32,4,0.029654503,0.021371603,500015,484361,1000030
21,32,5,0.029233217,0.021484613,500015,484361,1000030
21,32,6,0.029961109,0.021651745,500015,484361,1000030
21,32,7,0.027837753,0.021356344,500015,484361,1000030
21,32,8,0.029780626,0.021483660,500015,484361,1000030
21,32,9,0.028776169,0.021580219,500015,484361,1000030
7,32,0,0.031206608,0.024004698,500058,484465,1000116
7,32,1,0.029833317,0.022709131,500058,484465,1000116
7,32,2,0.029565811,0.022489309,500058,484465,1000116
7,32,3,0.029636621,0.022491693,500058,484465,1000116
7,32,4,0.029449224,0.022322416,500058,484465,1000116
7,32,5,0.029409885,0.022272587,500058,484465,1000116
7,32,6,0.029521942,0.022345304,500058,484465,1000116
7,32,7,0.029370070,0.022193432,500058,484465,1000116
7,32,8,0.029484510,0.022355318,500058,484465,1000116
7,32,9,0.028889418,0.022142410,500058,484465,1000116
11,32,0,0.030696869,0.023700237,500017,484400,1000034
11,32,1,0.029474258,0.022469282,500017,484400,1000034
11,32,2,0.029462576,0.022532463,500017,484400,1000034
11,32,3,0.029410839,0.022441864,500017,484400,1000034
11,32,4,0.029246330,0.022256613,500017,484400,1000034
11,32,5,0.029266834,0.022305489,500017,484400,1000034
11,32,6,0.029373646,0.022401333,500017,484400,1000034
11,32,7,0.029320002,0.022249699,500017,484400,1000034
11,32,8,0.029456139,0.022492886,500017,484400,1000034
11,32,9,0.028903484,0.022303104,500017,484400,1000034
31,32,0,0.031271935,0.024005175,499871,484170,999742
31,32,1,0.029864550,0.022627115,499871,484170,999742
31,32,2,0.029749632,0.022580624,499871,484170,999742
31,32,3,0.029676437,0.022499084,499871,484170,999742
31,32,4,0.029561281,0.022324085,499871,484170,999742
31,32,5,0.029542446,0.022339821,499871,484170,999742
31,32,6,0.029671907,0.022416830,499871,484170,999742
31,32,7,0.029584885,0.022294760,499871,484170,999742
31,32,8,0.029624462,0.022380829,499871,484170,999742
31,32,9,0.028877497,0.022242308,499871,484170,999742
19,32,0,0.031085730,0.024011374,500070,484541,1000140
19,32,1,0.029735088,0.022660017,500070,484541,1000140
19,32,2,0.029555798,0.022591829,500070,484541,1000140
19,32,3,0.029619217,0.022572756,500070,484541,1000140
19,32,4,0.029378414,0.022344589,500070,484541,1000140
19,32,5,0.029320717,0.022281170,500070,484541,1000140
19,32,6,0.029450417,0.022409439,500070,484541,1000140
19,32,7,0.029358149,0.022273302,500070,484541,1000140
19,32,8,0.029421329,0.022398472,500070,484541,1000140
19,32,9,0.028998613,0.022306919,500070,484541,1000140
15,32,0,0.031249285,0.023858547,499809,484245,999618
15,32,1,0.029894352,0.022569418,499809,484245,999618
15,32,2,0.029799461,0.022538900,499809,484245,999618
15,32,3,0.029667139,0.022372007,499809,484245,999618
15,32,4,0.029626846,0.022297621,499809,484245,999618
15,32,5,0.029606342,0.022302628,499809,484245,999618
15,32,6,0.029829264,0.022473335,499809,484245,999618
15,32,7,0.029805899,0.022396326,499809,484245,999618
15,32,8,0.029543638,0.022202730,499809,484245,999618
23,32,0,0.031117678,0.023926020,499931,484399,999862
23,32,1,0.029514313,0.022353411,499931,484399,999862
23,32,2,0.029360056,0.022300720,499931,484399,999862
15,32,9,0.029097080,0.022139549,499809,484245,999618
23,32,3,0.029493332,0.022289753,499931,484399,999862
23,32,4,0.029459238,0.022303104,499931,484399,999862
23,32,5,0.029425859,0.022239685,499931,484399,999862
23,32,6,0.029515505,0.022332907,499931,484399,999862
23,32,7,0.029568195,0.022382021,499931,484399,999862
23,32,8,0.029474497,0.022341013,499931,484399,999862
23,32,9,0.029098511,0.022300243,499931,484399,999862
27,32,0,0.031065226,0.024023056,499987,484445,999974
27,32,1,0.029739380,0.022657394,499987,484445,999974
27,32,2,0.029596806,0.022598743,499987,484445,999974
27,32,3,0.029612064,0.022535086,499987,484445,999974
27,32,4,0.029351950,0.022353888,499987,484445,999974
27,32,5,0.029418945,0.022353172,499987,484445,999974
27,32,6,0.029490471,0.022429228,499987,484445,999974
27,32,7,0.029415369,0.022301674,499987,484445,999974
27,32,8,0.029416084,0.022393227,499987,484445,999974
27,32,9,0.029088974,0.022301912,499987,484445,999974
3,32,0,0.031359434,0.024091005,499898,484190,999796
3,32,1,0.029820919,0.022622585,499898,484190,999796
3,32,2,0.029746771,0.022583723,499898,484190,999796
3,32,3,0.029789209,0.022541046,499898,484190,999796
3,32,4,0.029660940,0.022443295,499898,484190,999796
3,32,5,0.029523134,0.022358179,499898,484190,999796
3,32,6,0.029627800,0.022425413,499898,484190,999796
3,32,7,0.029602766,0.022298813,499898,484190,999796
3,32,8,0.029614925,0.022416592,499898,484190,999796
3,32,9,0.029222727,0.022327662,499898,484190,999796
9,32,0,0.032347918,0.022569418,500244,484581,1000488
9,32,1,0.032424212,0.021817207,500244,484581,1000488
9,32,2,0.032367706,0.021554708,500244,484581,1000488
9,32,3,0.032277584,0.021682501,500244,484581,1000488
9,32,4,0.032240868,0.021592140,500244,484581,1000488
9,32,5,0.032253027,0.021701097,500244,484581,1000488
9,32,6,0.032250643,0.021494865,500244,484581,1000488
9,32,7,0.032159567,0.021577120,500244,484581,1000488
9,32,8,0.032121420,0.021398306,500244,484581,1000488
9,32,9,0.032434225,0.021757841,500244,484581,1000488
49,64,0,0.051252842,0.044723511,500181,492367,1000362
49,64,1,0.048637152,0.042970419,500181,492367,1000362
49,64,2,0.048569918,0.042679548,500181,492367,1000362
49,64,3,0.048138857,0.042274952,500181,492367,1000362
49,64,4,0.048978329,0.043036699,500181,492367,1000362
49,64,5,0.047836065,0.042237997,500181,492367,1000362
49,64,6,0.048801899,0.042793512,500181,492367,1000362
49,64,7,0.048126221,0.042449474,500181,492367,1000362
49,64,8,0.048522472,0.042762995,500181,492367,1000362
49,64,9,0.047837734,0.042140007,500181,492367,1000362
8,64,0,0.051030874,0.045088291,500107,492374,1000214
8,64,1,0.048755169,0.043193102,500107,492374,1000214
8,64,2,0.048679829,0.042778254,500107,492374,1000214
8,64,3,0.048355341,0.042932749,500107,492374,1000214
8,64,4,0.048815489,0.042903900,500107,492374,1000214
8,64,5,0.048117161,0.042659998,500107,492374,1000214
8,64,6,0.048669815,0.042811871,500107,492374,1000214
8,64,7,0.048003197,0.042511940,500107,492374,1000214
8,64,8,0.049105644,0.043292999,500107,492374,1000214
8,64,9,0.047837734,0.042344332,500107,492374,1000214
21,64,0,0.051099300,0.044528008,500015,492143,1000030
21,64,1,0.049036264,0.043174505,500015,492143,1000030
21,64,2,0.048632860,0.042674065,500015,492143,1000030
21,64,3,0.048733950,0.042658806,500015,492143,1000030
21,64,4,0.048805952,0.042828798,500015,492143,1000030
21,64,5,0.048542738,0.042656660,500015,492143,1000030
21,64,6,0.048794508,0.042757750,500015,492143,1000030
21,64,7,0.048245430,0.042483330,500015,492143,1000030
21,64,8,0.049042940,0.043100834,500015,492143,1000030
21,64,9,0.048076153,0.042315483,500015,492143,1000030
24,64,0,0.050857067,0.044649124,499933,492024,999866
24,64,1,0.048327446,0.042829037,499933,492024,999866
24,64,2,0.048776150,0.042548656,499933,492024,999866
24,64,3,0.047845125,0.042520046,499933,492024,999866
24,64,4,0.048604012,0.042513847,499933,492024,999866
24,64,5,0.047487259,0.042091846,499933,492024,999866
24,64,6,0.048726797,0.042610168,499933,492024,999866
24,64,7,0.048243046,0.042285442,499933,492024,999866
24,64,8,0.048693895,0.042522430,499933,492024,999866
24,64,9,0.048151493,0.042216063,499933,492024,999866
16,64,0,0.051150322,0.044880152,499904,491913,999808
16,64,1,0.048327208,0.042768955,499904,491913,999808
16,64,2,0.048813581,0.042518616,499904,491913,999808
16,64,3,0.047909498,0.042533636,499904,491913,999808
16,64,4,0.048587561,0.042444706,499904,491913,999808
16,64,5,0.047863245,0.042383671,499904,491913,999808
16,64,6,0.048156977,0.042048454,499904,491913,999808
16,64,7,0.047759771,0.041805744,499904,491913,999808
16,64,8,0.049014091,0.042752266,499904,491913,999808
16,64,9,0.048219442,0.042225122,499904,491913,999808
1,64,0,0.050703526,0.044455051,499877,492195,999754
1,64,1,0.048854589,0.042864561,499877,492195,999754
1,64,2,0.048516273,0.042509794,499877,492195,999754
1,64,3,0.048566341,0.042612791,499877,492195,999754
1,64,4,0.048630953,0.042640686,499877,492195,999754
1,64,5,0.048665524,0.042675257,499877,492195,999754
1,64,6,0.048715353,0.042695999,499877,492195,999754
1,64,7,0.048305035,0.042345047,499877,492195,999754
37,64,0,0.051625013,0.045132875,500242,492471,1000484
37,64,1,0.049383640,0.043248892,500242,492471,1000484
37,64,2,0.048554420,0.042616844,500242,492471,1000484
37,64,3,0.049180984,0.043128729,500242,492471,1000484
37,64,4,0.048869371,0.042897224,500242,492471,1000484
37,64,5,0.049077749,0.043073893,500242,492471,1000484
37,64,6,0.048818827,0.042809725,500242,492471,1000484
37,64,7,0.048402786,0.042489529,500242,492471,1000484
37,64,8,0.048530102,0.042628527,500242,492471,1000484
37,64,9,0.048244715,0.042350292,500242,492471,1000484
1,64,8,0.048071623,0.042202711,499877,492195,999754
1,64,9,0.048247814,0.042267084,499877,492195,999754
17,64,0,0.050629616,0.044344425,500225,492398,1000450
17,64,1,0.049443007,0.043263674,500225,492398,1000450
17,64,2,0.048861980,0.042766333,500225,492398,1000450
17,64,3,0.048825264,0.042762041,500225,492398,1000450
17,64,4,0.049071312,0.042918682,500225,492398,1000450
17,64,5,0.048804522,0.042747736,500225,492398,1000450
17,64,6,0.048859358,0.042732954,500225,492398,1000450
17,64,7,0.048900604,0.042737007,500225,492398,1000450
17,64,8,0.049084425,0.042966604,500225,492398,1000450
17,64,9,0.048395395,0.042382717,500225,492398,1000450
33,64,0,0.051700830,0.045018435,500142,492480,1000284
33,64,1,0.049293518,0.043071032,500142,492480,1000284
33,64,2,0.048499823,0.042495966,500142,492480,1000284
54,64,0,0.051171303,0.045164824,499939,492118,999878
54,64,1,0.048708677,0.043166161,499939,492118,999878
54,64,2,0.048458815,0.043342590,499939,492118,999878
54,64,3,0.049011469,0.043375254,499939,492118,999878
54,64,4,0.048486233,0.043232441,499939,492118,999878
54,64,5,0.048319817,0.043210268,499939,492118,999878
54,64,6,0.048271418,0.043177605,499939,492118,999878
54,64,7,0.048900604,0.043255091,499939,492118,999878
54,64,8,0.047527075,0.042507410,499939,492118,999878
54,64,9,0.048399448,0.043182373,499939,492118,999878
62,64,0,0.051097393,0.045261145,499810,492134,999620
62,64,1,0.048372984,0.042997122,499810,492134,999620
62,64,2,0.048053503,0.043118000,499810,492134,999620
62,64,3,0.048614502,0.043147564,499810,492134,999620
62,64,4,0.048268795,0.043180466,499810,492134,999620
62,64,5,0.048082352,0.043142319,499810,492134,999620
62,64,6,0.047902584,0.043020964,499810,492134,999620
62,64,7,0.048695564,0.043202162,499810,492134,999620
62,64,8,0.047074318,0.042274714,499810,492134,999620
62,64,9,0.048366547,0.043262959,499810,492134,999620
39,64,0,0.050104141,0.045165539,500001,492261,1000002
39,64,1,0.048479080,0.043640137,500001,492261,1000002
39,64,2,0.048123598,0.043344736,500001,492261,1000002
39,64,3,0.047847271,0.043097973,500001,492261,1000002
39,64,4,0.047890425,0.043164968,500001,492261,1000002
39,64,5,0.048309326,0.043022156,500001,492261,1000002
39,64,6,0.048711300,0.043103218,500001,492261,1000002
39,64,7,0.048719883,0.043102026,500001,492261,1000002
39,64,8,0.048877954,0.043204308,500001,492261,1000002
39,64,9,0.048399210,0.042834520,500001,492261,1000002
33,64,3,0.048702955,0.042659998,500142,492480,1000284
33,64,4,0.048421621,0.042444468,500142,492480,1000284
33,64,5,0.049162388,0.043015242,500142,492480,1000284
33,64,6,0.048379421,0.042476892,500142,492480,1000284
33,64,7,0.048303127,0.042299509,500142,492480,1000284
33,64,8,0.049137592,0.042944193,500142,492480,1000284
33,64,9,0.048471689,0.042477846,500142,492480,1000284
22,64,0,0.051092148,0.045199633,499895,492108,999790
22,64,1,0.049332380,0.043736458,499895,492108,999790
22,64,2,0.048515797,0.043421507,499895,492108,999790
22,64,3,0.048940420,0.043360472,499895,492108,999790
22,64,4,0.048584700,0.043370485,499895,492108,999790
22,64,5,0.048457384,0.043390989,499895,492108,999790
22,64,6,0.048472643,0.043352604,499895,492108,999790
22,64,7,0.048939228,0.043367863,499895,492108,999790
22,64,8,0.048461676,0.043285608,499895,492108,999790
22,64,9,0.048421383,0.043269634,499895,492108,999790
43,64,0,0.050087929,0.045121193,499881,492108,999762
43,64,1,0.048456907,0.043627977,499881,492108,999762
43,64,2,0.048065901,0.043256760,499881,492108,999762
43,64,3,0.048137665,0.043300629,499881,492108,999762
43,64,4,0.048079491,0.043294191,499881,492108,999762
43,64,5,0.048589706,0.043187380,499881,492108,999762
43,64,6,0.048848867,0.043196917,499881,492108,999762
43,64,7,0.048676252,0.043003082,499881,492108,999762
43,64,8,0.048799515,0.043108225,499881,492108,999762
43,64,9,0.048493624,0.042860031,499881,492108,999762
45,64,0,0.050877810,0.044629812,500249,492534,1000498
45,64,1,0.049148321,0.043084621,500249,492534,1000498
45,64,2,0.048077345,0.042264700,500249,492534,1000498
45,64,3,0.048743963,0.042770624,500249,492534,1000498
45,64,4,0.049104691,0.043071508,500249,492534,1000498
45,64,5,0.048643112,0.042712927,500249,492534,1000498
45,64,6,0.048260927,0.042386770,500249,492534,1000498
45,64,7,0.048680544,0.042685270,500249,492534,1000498
45,64,8,0.048404932,0.042504787,500249,492534,1000498
45,64,9,0.048630476,0.042557001,500249,492534,1000498
53,64,0,0.051852226,0.045078754,500111,492435,1000222
53,64,1,0.049902678,0.043490648,500111,492435,1000222
53,64,2,0.048989534,0.042816162,500111,492435,1000222
53,64,3,0.048887730,0.042796135,500111,492435,1000222
53,64,4,0.048994780,0.042789698,500111,492435,1000222
53,64,5,0.048469067,0.042523146,500111,492435,1000222
53,64,6,0.048801422,0.042583942,500111,492435,1000222
53,64,7,0.048523426,0.042394400,500111,492435,1000222
53,64,8,0.048481941,0.042453289,500111,492435,1000222
53,64,9,0.048657179,0.042468786,500111,492435,1000222
41,64,0,0.051242113,0.044591904,500268,492503,1000536
41,64,1,0.049541235,0.043134212,500268,492503,1000536
41,64,2,0.049235344,0.042942286,500268,492503,1000536
41,64,3,0.049147606,0.042970419,500268,492503,1000536
41,64,4,0.049343109,0.043059587,500268,492503,1000536
41,64,5,0.049183369,0.043016195,500268,492503,1000536
41,64,6,0.049278021,0.042999983,500268,492503,1000536
41,64,7,0.049169302,0.042873859,500268,492503,1000536
41,64,8,0.048904657,0.042785168,500268,492503,1000536
41,64,9,0.048713684,0.042557478,500268,492503,1000536
34,64,0,0.050999880,0.045174360,500135,492315,1000270
34,64,1,0.049542427,0.043590546,500135,492315,1000270
34,64,2,0.049344778,0.043336630,500135,492315,1000270
34,64,3,0.049690962,0.043257713,500135,492315,1000270
34,64,4,0.049505949,0.043303728,500135,492315,1000270
34,64,5,0.049465179,0.043317080,500135,492315,1000270
34,64,6,0.049774647,0.043367147,500135,492315,1000270
34,64,7,0.049789906,0.043318748,500135,492315,1000270
34,64,8,0.049178123,0.043235302,500135,492315,1000270
34,64,9,0.048720121,0.043008566,500135,492315,1000270
50,64,0,0.051075697,0.045223713,499732,491852,999464
50,64,1,0.049559355,0.043589354,499732,491852,999464
50,64,2,0.049048662,0.043194771,499732,491852,999464
29,64,0,0.051423550,0.044657707,499921,492039,999842
29,64,1,0.049956560,0.043324232,499921,492039,999842
29,64,2,0.048698425,0.042469501,499921,492039,999842
29,64,3,0.048591375,0.042436838,499921,492039,999842
29,64,4,0.048658609,0.042384624,499921,492039,999842
29,64,5,0.049015999,0.042710304,499921,492039,999842
29,64,6,0.048648834,0.042427540,499921,492039,999842
29,64,7,0.048586607,0.042283773,499921,492039,999842
29,64,8,0.048387766,0.042275429,499921,492039,999842
50,64,3,0.049326658,0.043351412,499732,491852,999464
50,64,4,0.049020767,0.043263435,499732,491852,999464
50,64,5,0.048759222,0.043151379,499732,491852,999464
50,64,6,0.048635960,0.042897701,499732,491852,999464
50,64,7,0.049056530,0.043156385,499732,491852,999464
50,64,8,0.048131704,0.042576075,499732,491852,999464
50,64,9,0.048748016,0.043042898,499732,491852,999464
29,64,9,0.048817635,0.042431831,499921,492039,999842
18,64,0,0.051105976,0.045253754,500038,491949,1000076
18,64,1,0.049510002,0.043647528,500038,491949,1000076
18,64,2,0.049372435,0.043449879,500038,491949,1000076
18,64,3,0.049641371,0.043362379,500038,491949,1000076
18,64,4,0.049519777,0.043362617,500038,491949,1000076
18,64,5,0.049440145,0.043397665,500038,491949,1000076
18,64,6,0.049653530,0.043376923,500038,491949,1000076
18,64,7,0.049744606,0.043349504,500038,491949,1000076
18,64,8,0.049053907,0.043172598,500038,491949,1000076
18,64,9,0.048996925,0.043275356,500038,491949,1000076
38,64,0,0.051265955,0.045296669,500248,492340,1000496
38,64,1,0.049215317,0.043331146,500248,492340,1000496
38,64,2,0.049068451,0.043231249,500248,492340,1000496
38,64,3,0.049227953,0.043311119,500248,492340,1000496
38,64,4,0.048706055,0.043013573,500248,492340,1000496
38,64,5,0.048595190,0.042966604,500248,492340,1000496
38,64,6,0.049259901,0.043311119,500248,492340,1000496
38,64,7,0.048846722,0.042995930,500248,492340,1000496
26,64,0,0.051083803,0.045207024,500146,492276,1000292
26,64,1,0.049557686,0.043602705,500146,492276,1000292
38,64,8,0.048510790,0.042800665,500248,492340,1000496
38,64,9,0.049009085,0.043221712,500248,492340,1000496
26,64,2,0.049410820,0.043448210,500146,492276,1000292
26,64,3,0.049183369,0.043249369,500146,492276,1000292
26,64,4,0.049156189,0.043344498,500146,492276,1000292
26,64,5,0.049108982,0.043363094,500146,492276,1000292
26,64,6,0.049160957,0.043262243,500146,492276,1000292
26,64,7,0.049254179,0.043299675,500146,492276,1000292
26,64,8,0.048951149,0.043155909,500146,492276,1000292
26,64,9,0.049034119,0.043258429,500146,492276,1000292
2,64,0,0.051130295,0.045253992,499748,491924,999496
2,64,1,0.048879147,0.043090820,499748,491924,999496
2,64,2,0.048524380,0.042766333,499748,491924,999496
2,64,3,0.049564123,0.043151855,499748,491924,999496
2,64,4,0.049301624,0.043092012,499748,491924,999496
2,64,5,0.049216270,0.043146849,499748,491924,999496
2,64,6,0.049273729,0.043019295,499748,491924,999496
2,64,7,0.049703360,0.043197632,499748,491924,999496
2,64,8,0.048244715,0.042479753,499748,491924,999496
2,64,9,0.049087763,0.043251991,499748,491924,999496
30,64,0,0.051252604,0.045222998,500074,492186,1000148
30,64,1,0.049838543,0.043732882,500074,492186,1000148
30,64,2,0.049487591,0.043463945,500074,492186,1000148
30,64,3,0.049465418,0.043385267,500074,492186,1000148
30,64,4,0.049270630,0.043379545,500074,492186,1000148
30,64,5,0.049058199,0.043286085,500074,492186,1000148
30,64,6,0.049304247,0.043318272,500074,492186,1000148
30,64,7,0.049163580,0.043190241,500074,492186,1000148
30,64,8,0.048985004,0.043102264,500074,492186,1000148
30,64,9,0.049129725,0.043266773,500074,492186,1000148
46,64,0,0.051282167,0.045262814,500151,492563,1000302
46,64,1,0.049769640,0.043700457,500151,492563,1000302
46,64,2,0.049502373,0.043404341,500151,492563,1000302
46,64,3,0.049904108,0.043388844,500151,492563,1000302
46,64,4,0.049590588,0.043264627,500151,492563,1000302
46,64,5,0.049468994,0.043244123,500151,492563,1000302
46,64,6,0.049822807,0.043355227,500151,492563,1000302
46,64,7,0.049845457,0.043260336,500151,492563,1000302
46,64,8,0.048961163,0.042939663,500151,492563,1000302
46,64,9,0.049218655,0.043282747,500151,492563,1000302
47,64,0,0.051215172,0.045175076,499936,492186,999872
47,64,1,0.049410105,0.043650627,499936,492186,999872
47,64,2,0.049005985,0.043149471,499936,492186,999872
47,64,3,0.049364090,0.043184280,499936,492186,999872
47,64,4,0.049480200,0.043229818,499936,492186,999872
47,64,5,0.049531937,0.043290138,499936,492186,999872
47,64,6,0.049454927,0.043200254,499936,492186,999872
47,64,7,0.049259663,0.043023586,499936,492186,999872
47,64,8,0.049637794,0.043091297,499936,492186,999872
47,64,9,0.049353838,0.042836905,499936,492186,999872
55,64,0,0.050802231,0.044803381,500021,492209,1000042
55,64,1,0.049299955,0.043521643,500021,492209,1000042
55,64,2,0.049055099,0.043153763,500021,492209,1000042
55,64,3,0.049568892,0.043295622,500021,492209,1000042
55,64,4,0.049494028,0.043255568,500021,492209,1000042
55,64,5,0.049275160,0.043078661,500021,492209,1000042
55,64,6,0.049404144,0.043183565,500021,492209,1000042
55,64,7,0.049124718,0.042922258,500021,492209,1000042
55,64,8,0.049553633,0.042990446,500021,492209,1000042
55,64,9,0.049436569,0.042901039,500021,492209,1000042
7,64,0,0.050979376,0.044964314,500058,492322,1000116
7,64,1,0.049331188,0.043588877,500058,492322,1000116
7,64,2,0.048984528,0.043150425,500058,492322,1000116
7,64,3,0.049279451,0.043044806,500058,492322,1000116
7,64,4,0.049401045,0.043102741,500058,492322,1000116
7,64,5,0.049458981,0.043145657,500058,492322,1000116
7,64,6,0.049401522,0.043111563,500058,492322,1000116
7,64,7,0.049331903,0.043027639,500058,492322,1000116
7,64,8,0.049888849,0.043195486,500058,492322,1000116
7,64,9,0.049579859,0.042908907,500058,492322,1000116
12,64,0,0.052642107,0.045127153,500307,492499,1000614
12,64,1,0.050306559,0.043210268,500307,492499,1000614
12,64,2,0.050303936,0.042706490,500307,492499,1000614
12,64,3,0.050411701,0.042929173,500307,492499,1000614
12,64,4,0.050272703,0.042898178,500307,492499,1000614
12,64,5,0.050028563,0.042575836,500307,492499,1000614
12,64,6,0.049847364,0.042469978,500307,492499,1000614
12,64,7,0.049882412,0.042372465,500307,492499,1000614
12,64,8,0.050761700,0.043305397,500307,492499,1000614
12,64,9,0.049687862,0.042206526,500307,492499,1000614
56,64,0,0.052273035,0.044924498,499810,492057,999620
56,64,1,0.050041437,0.043051720,499810,492057,999620
56,64,2,0.050257206,0.042779922,499810,492057,999620
56,64,3,0.050249815,0.042896986,499810,492057,999620
56,64,4,0.050090790,0.042825460,499810,492057,999620
56,64,5,0.049986601,0.042660713,499810,492057,999620
56,64,6,0.049698114,0.042444944,499810,492057,999620
56,64,7,0.049858809,0.042452097,499810,492057,999620
56,64,8,0.049664974,0.042450428,499810,492057,999620
56,64,9,0.049637794,0.042245865,499810,492057,999620
6,64,0,0.051799774,0.045222282,499961,492122,999922
6,64,1,0.050270319,0.043740273,499961,492122,999922
6,64,2,0.050073624,0.043406725,499961,492122,999922
6,64,3,0.049881697,0.043342352,499961,492122,999922
6,64,4,0.049808264,0.043360949,499961,492122,999922
20,64,0,0.052041769,0.044695616,499847,492172,999694
20,64,1,0.050306082,0.043220282,499847,492172,999694
20,64,2,0.050300837,0.042726278,499847,492172,999694
20,64,3,0.049858809,0.042539835,499847,492172,999694
20,64,4,0.049766302,0.042485476,499847,492172,999694
20,64,5,0.049744129,0.042401314,499847,492172,999694
20,64,6,0.050147057,0.042787075,499847,492172,999694
20,64,7,0.049694538,0.042264938,499847,492172,999694
20,64,8,0.050021410,0.042621851,499847,492172,999694
20,64,9,0.049914122,0.042402983,499847,492172,999694
6,64,5,0.049800158,0.043359518,499961,492122,999922
6,64,6,0.050036907,0.043384552,499961,492122,999922
6,64,7,0.049884558,0.043334723,499961,492122,999922
6,64,8,0.049644232,0.043194771,499961,492122,999922
6,64,9,0.049785376,0.043115616,499961,492122,999922
58,64,0,0.051702976,0.045154333,500063,492158,1000126
58,64,1,0.049578190,0.043075323,500063,492158,1000126
58,64,2,0.049948931,0.043215036,500063,492158,1000126
58,64,3,0.049908400,0.043265581,500063,492158,1000126
58,64,4,0.049716473,0.043163538,500063,492158,1000126
58,64,5,0.049785137,0.043252945,500063,492158,1000126
58,64,6,0.050052643,0.043321848,500063,492158,1000126
58,64,7,0.049803257,0.043193579,500063,492158,1000126
58,64,8,0.048779488,0.042391777,500063,492158,1000126
58,64,9,0.049834967,0.043263674,500063,492158,1000126
10,64,0,0.051661491,0.045087099,499829,492191,999658
10,64,1,0.049673796,0.042989731,499829,492191,999658
10,64,2,0.050190210,0.043442726,499829,492191,999658
10,64,3,0.049656868,0.042989492,499829,492191,999658
10,64,4,0.049746037,0.043156147,499829,492191,999658
10,64,5,0.049824715,0.043305635,499829,492191,999658
10,64,6,0.050027609,0.043299198,499829,492191,999658
10,64,7,0.049925804,0.043294430,499829,492191,999658
10,64,8,0.049713850,0.043189526,499829,492191,999658
10,64,9,0.049864531,0.043291330,499829,492191,999658
14,64,0,0.051896095,0.045261860,500214,492521,1000428
14,64,1,0.050232887,0.043598652,500214,492521,1000428
14,64,2,0.050000906,0.043218851,500214,492521,1000428
14,64,3,0.049674034,0.042999744,500214,492521,1000428
14,64,4,0.049727440,0.043136597,500214,492521,1000428
14,64,5,0.049804926,0.043212652,500214,492521,1000428
14,64,6,0.049892187,0.043124914,500214,492521,1000428
14,64,7,0.049861193,0.043173790,500214,492521,1000428
14,64,8,0.049900055,0.043276548,500214,492521,1000428
14,64,9,0.049899817,0.043234587,500214,492521,1000428
44,64,0,0.052745342,0.045159578,500170,492425,1000340
44,64,1,0.050388813,0.043183565,500170,492425,1000340
44,64,2,0.050652027,0.042901039,500170,492425,1000340
44,64,3,0.050507069,0.042922258,500170,492425,1000340
42,64,0,0.051898718,0.045223475,499740,491992,999480
42,64,1,0.049952030,0.043316364,499740,491992,999480
44,64,4,0.050252914,0.042776346,500170,492425,1000340
44,64,5,0.050500631,0.042870283,500170,492425,1000340
44,64,6,0.050301313,0.042787552,500170,492425,1000340
44,64,7,0.050098419,0.042470217,500170,492425,1000340
44,64,8,0.050137520,0.042600155,500170,492425,1000340
44,64,9,0.050086260,0.042415857,500170,492425,1000340
42,64,2,0.050209284,0.043387890,499740,491992,999480
42,64,3,0.049691439,0.042932987,499740,491992,999480
42,64,4,0.049748898,0.043100357,499740,491992,999480
42,64,5,0.049808979,0.043146133,499740,491992,999480
42,64,6,0.050179243,0.043393850,499740,491992,999480
42,64,7,0.049902439,0.043186665,499740,491992,999480
42,64,8,0.049249172,0.042617559,499740,491992,999480
42,64,9,0.050085545,0.043249607,499740,491992,999480
4,64,0,0.052776337,0.045149326,499887,492096,999774
4,64,1,0.050520897,0.043354511,499887,492096,999774
4,64,2,0.050959110,0.043167591,499887,492096,999774
4,64,3,0.050728083,0.043127537,499887,492096,999774
4,64,4,0.050836563,0.043302298,499887,492096,999774
4,64,5,0.050577402,0.042958975,499887,492096,999774
4,64,6,0.050368547,0.042865038,499887,492096,999774
4,64,7,0.050317287,0.042665005,499887,492096,999774
4,64,8,0.050810099,0.043281317,499887,492096,999774
4,64,9,0.050368071,0.042660236,499887,492096,999774
40,64,0,0.053569317,0.045121670,500142,492252,1000284
40,64,1,0.051603556,0.043596506,500142,492252,1000284
40,64,2,0.051564217,0.042861938,500142,492252,1000284
60,64,0,0.053086519,0.044668198,500226,492368,1000452
60,64,1,0.051347256,0.043311834,500226,492368,1000452
60,64,2,0.051702499,0.042957067,500226,492368,1000452
60,64,3,0.051815748,0.042926311,500226,492368,1000452
60,64,4,0.052301168,0.043304205,500226,492368,1000452
60,64,5,0.051810741,0.042918682,500226,492368,1000452
60,64,6,0.051074743,0.042711973,500226,492368,1000452
32,64,0,0.053463697,0.044952154,500042,492163,1000084
32,64,1,0.050910234,0.042979002,500042,492163,1000084
32,64,2,0.051553249,0.042814255,500042,492163,1000084
32,64,3,0.051710844,0.042798758,500042,492163,1000084
32,64,4,0.052063704,0.043034077,500042,492163,1000084
32,64,5,0.051173210,0.042342186,500042,492163,1000084
32,64,6,0.050905228,0.042559862,500042,492163,1000084
40,64,3,0.051458359,0.042621613,500142,492252,1000284
40,64,4,0.051434517,0.042621374,500142,492252,1000284
40,64,5,0.051283598,0.042448282,500142,492252,1000284
40,64,6,0.050776005,0.042461872,500142,492252,1000284
40,64,7,0.050735235,0.042296648,500142,492252,1000284
40,64,8,0.050154448,0.041882277,500142,492252,1000284
40,64,9,0.050986052,0.042490482,500142,492252,1000284
60,64,7,0.051141739,0.042651176,500226,492368,1000452
60,64,8,0.051203966,0.042799711,500226,492368,1000452
60,64,9,0.050991058,0.042431593,500226,492368,1000452
32,64,7,0.050668955,0.042240620,500042,492163,1000084
32,64,8,0.050475836,0.042127371,500042,492163,1000084
32,64,9,0.051018238,0.042475462,500042,492163,1000084
36,64,0,0.053509474,0.044977903,500031,492197,1000062
0,64,0,0.053750277,0.045130968,500109,492321,1000218
36,64,1,0.051686287,0.043590069,500031,492197,1000062
36,64,2,0.051518917,0.042796373,500031,492197,1000062
36,64,3,0.051363707,0.042480469,500031,492197,1000062
36,64,4,0.051552534,0.042652845,500031,492197,1000062
36,64,5,0.051516294,0.042598486,500031,492197,1000062
36,64,6,0.050935984,0.042526484,500031,492197,1000062
36,64,7,0.050806284,0.042285681,500031,492197,1000062
36,64,8,0.050348043,0.042013168,500031,492197,1000062
36,64,9,0.051064014,0.042463303,500031,492197,1000062
0,64,1,0.051321507,0.043148279,500109,492321,1000218
0,64,2,0.052088976,0.043220282,500109,492321,1000218
0,64,3,0.052196980,0.043197393,500109,492321,1000218
0,64,4,0.052054644,0.042899132,500109,492321,1000218
0,64,5,0.051995754,0.042896271,500109,492321,1000218
0,64,6,0.051448107,0.042843580,500109,492321,1000218
0,64,7,0.051111937,0.042444468,500109,492321,1000218
0,64,8,0.051077127,0.042487144,500109,492321,1000218
0,64,9,0.051085472,0.042379141,500109,492321,1000218
28,64,0,0.053663492,0.045089722,500038,492134,1000076
28,64,1,0.051748514,0.043580055,500038,492134,1000076
48,64,0,0.053714514,0.045143843,499937,492174,999874
48,64,1,0.051172256,0.043040037,499937,492174,999874
48,64,2,0.051422358,0.042635918,499937,492174,999874
48,64,3,0.051865816,0.042825222,499937,492174,999874
48,64,4,0.051805496,0.042740107,499937,492174,999874
48,64,5,0.052012682,0.042952299,499937,492174,999874
48,64,6,0.051003218,0.042514801,499937,492174,999874
48,64,7,0.051006317,0.042385578,499937,492174,999874
28,64,2,0.051710129,0.042862177,500038,492134,1000076
28,64,3,0.051934958,0.042929173,500038,492134,1000076
28,64,4,0.051858664,0.042798758,500038,492134,1000076
28,64,5,0.051965237,0.042894363,500038,492134,1000076
28,64,6,0.051322937,0.042819738,500038,492134,1000076
28,64,7,0.050996304,0.042395115,500038,492134,1000076
28,64,8,0.051111460,0.042574644,500038,492134,1000076
28,64,9,0.051149607,0.042484283,500038,492134,1000076
48,64,8,0.051175117,0.042630672,499937,492174,999874
48,64,9,0.051135540,0.042455673,499937,492174,999874
31,64,0,0.054635286,0.044523478,499871,492070,999742
31,64,1,0.053845882,0.043727398,499871,492070,999742
31,64,2,0.053215265,0.043249846,499871,492070,999742
31,64,3,0.053101778,0.043200970,499871,492070,999742
31,64,4,0.052932262,0.043089867,499871,492070,999742
31,64,5,0.052634478,0.043082952,499871,492070,999742
31,64,6,0.052713871,0.043187618,499871,492070,999742
31,64,7,0.052470446,0.042945623,499871,492070,999742
31,64,8,0.052277327,0.043089390,499871,492070,999742
31,64,9,0.051863432,0.042739391,499871,492070,999742
27,64,0,0.055155516,0.044749022,499987,492151,999974
27,64,1,0.053771734,0.043385983,499987,492151,999974
27,64,2,0.053325176,0.043100834,499987,492151,999974
27,64,3,0.053178072,0.043091059,499987,492151,999974
27,64,4,0.053117752,0.043004751,499987,492151,999974
27,64,5,0.052906752,0.043105841,499987,492151,999974
27,64,6,0.052955627,0.043191195,499987,492151,999974
27,64,7,0.052889824,0.043120384,499987,492151,999974
27,64,8,0.052431345,0.042986155,499987,492151,999974
27,64,9,0.052006006,0.042634726,499987,492151,999974
15,64,0,0.055388451,0.045256138,499809,491991,999618
15,64,1,0.053768158,0.043593884,499809,491991,999618
15,64,2,0.052987814,0.043022633,499809,491991,999618
15,64,3,0.053159475,0.043297052,499809,491991,999618
15,64,4,0.053306818,0.043394804,499809,491991,999618
15,64,5,0.052793741,0.043178082,499809,491991,999618
15,64,6,0.052683592,0.043135881,499809,491991,999618
15,64,7,0.052521944,0.042947769,499809,491991,999618
15,64,8,0.052330971,0.043105602,499809,491991,999618
15,64,9,0.052099466,0.042962551,499809,491991,999618
19,64,0,0.055339098,0.044922829,500070,492341,1000140
19,64,1,0.054175854,0.043735981,500070,492341,1000140
19,64,2,0.053287983,0.043126583,500070,492341,1000140
19,64,3,0.053301811,0.043172836,500070,492341,1000140
19,64,4,0.053316593,0.043214321,500070,492341,1000140
35,64,0,0.054656506,0.044219494,500089,492327,1000178
35,64,1,0.054013729,0.043432951,500089,492327,1000178
35,64,2,0.053429365,0.043113708,500089,492327,1000178
35,64,3,0.053400993,0.043177843,500089,492327,1000178
35,64,4,0.053545475,0.043274641,500089,492327,1000178
35,64,5,0.053301096,0.043323994,500089,492327,1000178
35,64,6,0.052701235,0.042841196,500089,492327,1000178
35,64,7,0.052685976,0.042751312,500089,492327,1000178
35,64,8,0.052361965,0.042757034,500089,492327,1000178
35,64,9,0.052138090,0.042522192,500089,492327,1000178
19,64,5,0.052958250,0.043193817,500070,492341,1000140
19,64,6,0.053023100,0.043289900,500070,492341,1000140
19,64,7,0.052768707,0.043017149,500070,492341,1000140
19,64,8,0.052419662,0.042973280,500070,492341,1000140
19,64,9,0.052146196,0.042836189,500070,492341,1000140
23,64,0,0.055091143,0.044882536,499931,492218,999862
23,64,1,0.053876400,0.043656588,499931,492218,999862
23,64,2,0.053389549,0.043418169,499931,492218,999862
23,64,3,0.053128004,0.043206692,499931,492218,999862
23,64,4,0.053199530,0.043292046,499931,492218,999862
23,64,5,0.052918673,0.043290377,499931,492218,999862
23,64,6,0.052951097,0.043282986,499931,492218,999862
23,64,7,0.052673340,0.043097496,499931,492218,999862
23,64,8,0.052414179,0.043103695,499931,492218,999862
23,64,9,0.052151680,0.042952776,499931,492218,999862
9,64,0,0.056980133,0.044667721,500244,492497,1000488
9,64,1,0.053145170,0.043011189,500244,492497,1000488
9,64,2,0.053253651,0.042550802,500244,492497,1000488
9,64,3,0.053657532,0.042886972,500244,492497,1000488
9,64,4,0.053395987,0.042832851,500244,492497,1000488
9,64,5,0.053200006,0.042831421,500244,492497,1000488
9,64,6,0.053621292,0.042799473,500244,492497,1000488
9,64,7,0.052413702,0.042395830,500244,492497,1000488
9,64,8,0.054035187,0.043222189,500244,492497,1000488
9,64,9,0.052793503,0.042441607,500244,492497,1000488
25,64,0,0.057256460,0.044369221,500163,492490,1000326
25,64,1,0.053211451,0.042806864,500163,492490,1000326
25,64,2,0.054030657,0.042735338,500163,492490,1000326
25,64,3,0.054118872,0.042771816,500163,492490,1000326
25,64,4,0.053755760,0.042743206,500163,492490,1000326
25,64,5,0.053483009,0.042753220,500163,492490,1000326
25,64,6,0.053877831,0.042713404,500163,492490,1000326
25,64,7,0.052775621,0.042385817,500163,492490,1000326
25,64,8,0.053510666,0.042540789,500163,492490,1000326
25,64,9,0.052913189,0.042280436,500163,492490,1000326
11,64,0,0.055443525,0.045126915,500017,492314,1000034
11,64,1,0.053926468,0.043549061,500017,492314,1000034
11,64,2,0.053631067,0.043491364,500017,492314,1000034
11,64,3,0.053383112,0.043314695,500017,492314,1000034
11,64,4,0.053391457,0.043307781,500017,492314,1000034
11,64,5,0.052964687,0.043166399,500017,492314,1000034
11,64,6,0.052925825,0.043185234,500017,492314,1000034
11,64,7,0.052746296,0.042968512,500017,492314,1000034
11,64,8,0.052538633,0.043090105,500017,492314,1000034
11,64,9,0.053422689,0.042815447,500017,492314,1000034
52,64,0,0.052587986,0.044290543,499829,491930,999658
52,64,1,0.051326275,0.043334961,499829,491930,999658
52,64,2,0.051621199,0.042920351,499829,491930,999658
52,64,3,0.051394224,0.042598963,499829,491930,999658
52,64,4,0.052174568,0.043198824,499829,491930,999658
52,64,5,0.051929235,0.042561293,499829,491930,999658
52,64,6,0.053762197,0.042599440,499829,491930,999658
52,64,7,0.053077698,0.042438507,499829,491930,999658
52,64,8,0.054003000,0.042407751,499829,491930,999658
52,64,9,0.053426743,0.042442083,499829,491930,999658
3,64,0,0.055516005,0.044929981,499898,492124,999796
3,64,1,0.054203987,0.043667316,499898,492124,999796
3,64,2,0.053339481,0.042887449,499898,492124,999796
57,64,0,0.057718277,0.044549465,499899,491971,999798
57,64,1,0.054595709,0.043495417,499899,491971,999798
57,64,2,0.054403543,0.042883158,499899,491971,999798
57,64,3,0.054447889,0.042757750,499899,491971,999798
57,64,4,0.054595709,0.043182850,499899,491971,999798
57,64,5,0.053717375,0.042752266,499899,491971,999798
57,64,6,0.053784370,0.042480707,499899,491971,999798
57,64,7,0.053530693,0.042634726,499899,491971,999798
57,64,8,0.053808928,0.042592287,499899,491971,999798
57,64,9,0.053582191,0.042491436,499899,491971,999798
3,64,3,0.053446293,0.043136358,499898,492124,999796
3,64,4,0.053485870,0.043298006,499898,492124,999796
3,64,5,0.053167820,0.043212414,499898,492124,999796
3,64,6,0.053081512,0.043219090,499898,492124,999796
3,64,7,0.052837849,0.042855978,499898,492124,999796
3,64,8,0.052697420,0.043202162,499898,492124,999796
3,64,9,0.053580999,0.042762280,499898,492124,999796
51,64,0,0.055150986,0.044910192,500031,492316,1000062
51,64,1,0.053874731,0.043641329,500031,492316,1000062
51,64,2,0.053244352,0.043210268,500031,492316,1000062
51,64,3,0.053175211,0.043200016,500031,492316,1000062
51,64,4,0.053352118,0.043385267,500031,492316,1000062
51,64,5,0.053374290,0.043156624,500031,492316,1000062
51,64,6,0.054178476,0.043203831,500031,492316,1000062
51,64,7,0.053980350,0.042961597,500031,492316,1000062
51,64,8,0.054152727,0.043192625,500031,492316,1000062
51,64,9,0.054143190,0.042998314,500031,492316,1000062
61,64,0,0.055620670,0.044329166,500134,492183,1000268
61,64,1,0.054997921,0.043384790,500134,492183,1000268
61,64,2,0.054012299,0.042683840,500134,492183,1000268
61,64,3,0.054517269,0.043051958,500134,492183,1000268
61,64,4,0.054255724,0.042765141,500134,492183,1000268
61,64,5,0.053990841,0.042635918,500134,492183,1000268
61,64,6,0.054272890,0.042687893,500134,492183,1000268
61,64,7,0.054501295,0.042857170,500134,492183,1000268
61,64,8,0.053909063,0.042595148,500134,492183,1000268
61,64,9,0.054168701,0.042376995,500134,492183,1000268
13,64,0,0.056479692,0.045156956,499794,492017,999588
13,64,1,0.055066824,0.043276548,499794,492017,999588
13,64,2,0.054568052,0.043049812,499794,492017,999588
13,64,3,0.054670572,0.043124676,499794,492017,999588
13,64,4,0.054710865,0.042907000,499794,492017,999588
13,64,5,0.054612875,0.043056011,499794,492017,999588
13,64,6,0.054577351,0.042834282,499794,492017,999588
13,64,7,0.054673910,0.042895555,499794,492017,999588
13,64,8,0.054329872,0.042840004,499794,492017,999588
13,64,9,0.054572582,0.042473316,499794,492017,999588
5,64,0,0.057208538,0.044456959,500177,492473,1000354
5,64,1,0.055475712,0.043037891,500177,492473,1000354
5,64,2,0.054457664,0.042564154,500177,492473,1000354
5,64,3,0.054712534,0.042850733,500177,492473,1000354
5,64,4,0.054444790,0.042552471,500177,492473,1000354
5,64,5,0.054526091,0.042712450,500177,492473,1000354
5,64,6,0.054358721,0.042530775,500177,492473,1000354
5,64,7,0.054271460,0.042430162,500177,492473,1000354
5,64,8,0.055053949,0.043270588,500177,492473,1000354
5,64,9,0.054601669,0.042404413,500177,492473,1000354
59,64,0,0.055478811,0.045190334,500239,492374,1000478
59,64,1,0.053934574,0.043660879,500239,492374,1000478
59,64,2,0.054480076,0.043155670,500239,492374,1000478
59,64,3,0.055773497,0.043228149,500239,492374,1000478
59,64,4,0.055656195,0.043083906,500239,492374,1000478
59,64,5,0.055649519,0.043117762,500239,492374,1000478
59,64,6,0.055672169,0.043176651,500239,492374,1000478
59,64,7,0.055431366,0.042910337,500239,492374,1000478
59,64,8,0.056778669,0.042999744,500239,492374,1000478
59,64,9,0.057008505,0.042707205,500239,492374,1000478
63,64,0,0.055304766,0.044848919,499746,491782,999492
63,64,1,0.054074526,0.043601036,499746,491782,999492
63,64,2,0.053512573,0.043305874,499746,491782,999492
63,64,3,0.053425789,0.043288469,499746,491782,999492
63,64,4,0.053454399,0.043315411,499746,491782,999492
63,64,5,0.052892447,0.043069839,499746,491782,999492
63,64,6,0.052721500,0.042971849,499746,491782,999492
63,64,7,0.052731276,0.042905092,499746,491782,999492
63,64,8,0.056206703,0.043053865,499746,491782,999492
63,64,9,0.057359695,0.042805195,499746,491782,999492
20,128,0,0.096733093,0.085819721,499847,495945,999694
20,128,1,0.095484257,0.084516525,499847,495945,999694
20,128,2,0.094771862,0.084123373,499847,495945,999694
20,128,3,0.100305319,0.089705706,499847,495945,999694
20,128,4,0.098077059,0.087588549,499847,495945,999694
20,128,5,0.096666336,0.085840702,499847,495945,999694
20,128,6,0.095976353,0.085222244,499847,495945,999694
20,128,7,0.096053123,0.085778475,499847,495945,999694
20,128,8,0.103973627,0.093298674,499847,495945,999694
20,128,9,0.090161085,0.082386971,499847,495945,999694
60,128,0,0.096709728,0.085474253,500226,496253,1000452
60,128,1,0.095026970,0.083720922,500226,496253,1000452
60,128,2,0.094424725,0.083659172,500226,496253,1000452
60,128,3,0.100076675,0.089218616,500226,496253,1000452
60,128,4,0.100687742,0.089255333,500226,496253,1000452
60,128,5,0.096657515,0.085346460,500226,496253,1000452
60,128,6,0.094407320,0.083674908,500226,496253,1000452
60,128,7,0.099878073,0.088747978,500226,496253,1000452
60,128,8,0.100991488,0.090190649,500226,496253,1000452
60,128,9,0.091719627,0.082886219,500226,496253,1000452
16,128,0,0.097167730,0.085718870,499904,495882,999808
16,128,1,0.095090151,0.083620548,499904,495882,999808
16,128,2,0.095503569,0.084283590,499904,495882,999808
16,128,3,0.100467205,0.089438438,499904,495882,999808
16,128,4,0.099237442,0.087944269,499904,495882,999808
16,128,5,0.097204447,0.085700274,499904,495882,999808
16,128,6,0.098390102,0.087053299,499904,495882,999808
16,128,7,0.098870516,0.087652206,499904,495882,999808
16,128,8,0.104171276,0.093361855,499904,495882,999808
16,128,9,0.092656851,0.083312035,499904,495882,999808
56,128,0,0.097329378,0.085911989,499810,495961,999620
56,128,1,0.095803499,0.084275961,499810,495961,999620
56,128,2,0.095167160,0.084089518,499810,495961,999620
56,128,3,0.100660801,0.089657784,499810,495961,999620
56,128,4,0.101281166,0.089766741,499810,495961,999620
56,128,5,0.096695900,0.085254192,499810,495961,999620
56,128,6,0.096415758,0.085101366,499810,495961,999620
56,128,7,0.100039959,0.088747025,499810,495961,999620
56,128,8,0.102174520,0.091174841,499810,495961,999620
56,128,9,0.092884541,0.083477259,499810,495961,999620
52,128,0,0.096847534,0.085696936,499829,495930,999658
52,128,1,0.095239878,0.084228516,499829,495930,999658
52,128,2,0.094727516,0.084070683,499829,495930,999658
52,128,3,0.100342751,0.089829206,499829,495930,999658
52,128,4,0.099700928,0.088717222,499829,495930,999658
52,128,5,0.096731186,0.085842848,499829,495930,999658
52,128,6,0.091219902,0.080857515,499829,495930,999658
52,128,7,0.098743200,0.087810040,499829,495930,999658
52,128,8,0.103415251,0.092453003,499829,495930,999658
52,128,9,0.093433619,0.083779573,499829,495930,999658
28,128,0,0.097060204,0.085745573,500038,496152,1000076
28,128,1,0.095351696,0.084184170,500038,496152,1000076
28,128,2,0.095123291,0.084285021,500038,496152,1000076
28,128,3,0.100405931,0.089789152,500038,496152,1000076
28,128,4,0.099515438,0.088462114,500038,496152,1000076
28,128,5,0.096385717,0.085372210,500038,496152,1000076
28,128,6,0.095951557,0.084990978,500038,496152,1000076
28,128,7,0.099226236,0.088065863,500038,496152,1000076
28,128,8,0.104366302,0.093316555,500038,496152,1000076
28,128,9,0.093824863,0.083950520,500038,496152,1000076
40,128,0,0.097102880,0.085846663,500142,496236,1000284
40,128,1,0.095639467,0.084528446,500142,496236,1000284
40,128,2,0.095240593,0.084484100,500142,496236,1000284
40,128,3,0.100444317,0.089864969,500142,496236,1000284
40,128,4,0.100443602,0.089338303,500142,496236,1000284
40,128,5,0.093776703,0.083281279,500142,496236,1000284
40,128,6,0.092646837,0.081851721,500142,496236,1000284
40,128,7,0.099905968,0.088768244,500142,496236,1000284
40,128,8,0.103564978,0.092495918,500142,496236,1000284
40,128,9,0.094177723,0.084259987,500142,496236,1000284
26,128,0,0.096615314,0.086048365,500146,496158,1000292
26,128,1,0.095038414,0.084485769,500146,496158,1000292
26,128,2,0.095391035,0.084878922,500146,496158,1000292
26,128,3,0.099546671,0.089120865,500146,496158,1000292
26,128,4,0.096983194,0.086478710,500146,496158,1000292
26,128,5,0.095971823,0.085403919,500146,496158,1000292
26,128,6,0.093861103,0.084215403,500146,496158,1000292
26,128,7,0.098947525,0.088496447,500146,496158,1000292
26,128,8,0.103480577,0.093336821,500146,496158,1000292
26,128,9,0.094706774,0.084932804,500146,496158,1000292
48,128,0,0.097023249,0.085846424,499937,496022,999874
48,128,1,0.095231295,0.084245920,499937,496022,999874
48,128,2,0.094626904,0.084012985,499937,496022,999874
48,128,3,0.100518227,0.090038061,499937,496022,999874
48,128,4,0.099977493,0.088956356,499937,496022,999874
48,128,5,0.096738100,0.085839510,499937,496022,999874
48,128,6,0.094186544,0.083251953,499937,496022,999874
48,128,7,0.099614859,0.088540554,499937,496022,999874
48,128,8,0.103591681,0.092644930,499937,496022,999874
48,128,9,0.094882488,0.084891319,499937,496022,999874
42,128,0,0.097259283,0.086040020,499740,495856,999480
42,128,1,0.095182180,0.084520102,499740,495856,999480
42,128,2,0.095675230,0.084910631,499740,495856,999480
42,128,3,0.098387718,0.088484049,499740,495856,999480
42,128,4,0.095778465,0.085634232,499740,495856,999480
42,128,5,0.095766544,0.085475445,499740,495856,999480
42,128,6,0.093553782,0.083627939,499740,495856,999480
42,128,7,0.098493576,0.088340044,499740,495856,999480
42,128,8,0.101832151,0.093360901,499740,495856,999480
42,128,9,0.095581770,0.085838556,499740,495856,999480
32,128,0,0.096852064,0.085709333,500042,496063,1000084
32,128,1,0.095025301,0.084038019,500042,496063,1000084
32,128,2,0.094145298,0.083673000,500042,496063,1000084
32,128,3,0.100487471,0.090029955,500042,496063,1000084
32,128,4,0.099375486,0.088470459,500042,496063,1000084
32,128,5,0.096410513,0.085562229,500042,496063,1000084
32,128,6,0.094334841,0.083426476,500042,496063,1000084
32,128,7,0.099252939,0.088277817,500042,496063,1000084
32,128,8,0.104249477,0.093321562,500042,496063,1000084
32,128,9,0.095819473,0.085742950,500042,496063,1000084
100,128,0,0.093585491,0.085622072,500005,496116,1000010
100,128,1,0.091946125,0.083777428,500005,496116,1000010
100,128,2,0.092233181,0.084582329,500005,496116,1000010
100,128,3,0.097572088,0.089619637,500005,496116,1000010
100,128,4,0.097754717,0.089403391,500005,496116,1000010
100,128,5,0.092134237,0.084131002,500005,496116,1000010
100,128,6,0.095373869,0.087071180,500005,496116,1000010
100,128,7,0.096024752,0.087950468,500005,496116,1000010
100,128,8,0.097855091,0.089627981,500005,496116,1000010
100,128,9,0.095947981,0.088257551,500005,496116,1000010
38,128,0,0.095517159,0.086079359,500248,496281,1000496
38,128,1,0.093939781,0.084577322,500248,496281,1000496
38,128,2,0.094172478,0.084768295,500248,496281,1000496
38,128,3,0.098150253,0.089149475,500248,496281,1000496
38,128,4,0.095111847,0.085699558,500248,496281,1000496
51,128,0,0.096791267,0.085795403,500031,496113,1000062
51,128,1,0.095738888,0.084706783,500031,496113,1000062
51,128,2,0.095787525,0.084728003,500031,496113,1000062
51,128,3,0.099854469,0.088906050,500031,496113,1000062
51,128,4,0.096970320,0.086044788,500031,496113,1000062
51,128,5,0.096664190,0.085613489,500031,496113,1000062
51,128,6,0.093892574,0.083432198,500031,496113,1000062
51,128,7,0.099152088,0.088188648,500031,496113,1000062
51,128,8,0.102293253,0.091405869,500031,496113,1000062
51,128,9,0.095871210,0.085360050,500031,496113,1000062
70,128,0,0.097155333,0.086084604,500114,496205,1000228
70,128,1,0.094826937,0.084396601,500114,496205,1000228
70,128,2,0.095561028,0.084950686,500114,496205,1000228
70,128,3,0.095405579,0.086072206,500114,496205,1000228
70,128,4,0.094261408,0.084627628,500114,496205,1000228
70,128,5,0.095786810,0.085638762,500114,496205,1000228
70,128,6,0.093089581,0.083393335,500114,496205,1000228
70,128,7,0.097858191,0.087894440,500114,496205,1000228
70,128,8,0.095208645,0.087432623,500114,496205,1000228
70,128,9,0.096016645,0.086200476,500114,496205,1000228
38,128,5,0.095179796,0.085733652,500248,496281,1000496
38,128,6,0.091930866,0.083370924,500248,496281,1000496
38,128,7,0.097862244,0.088619232,500248,496281,1000496
38,128,8,0.100841284,0.092899799,500248,496281,1000496
38,128,9,0.096013546,0.086973667,500248,496281,1000496
27,128,0,0.096592426,0.085992813,499987,496119,999974
27,128,1,0.095318317,0.084670067,499987,496119,999974
27,128,2,0.095437765,0.084771872,499987,496119,999974
27,128,3,0.100560904,0.089951515,499987,496119,999974
27,128,4,0.096161366,0.085607290,499987,496119,999974
27,128,5,0.096054077,0.085404873,499987,496119,999974
27,128,6,0.095195293,0.084782839,499987,496119,999974
27,128,7,0.098529100,0.088030338,499987,496119,999974
27,128,8,0.102014780,0.091424465,499987,496119,999974
27,128,9,0.095988989,0.085820436,499987,496119,999974
18,128,0,0.096598625,0.085988522,500038,495977,1000076
18,128,1,0.095146179,0.084551096,500038,495977,1000076
18,128,2,0.095459461,0.084854126,500038,495977,1000076
18,128,3,0.100035906,0.089591265,500038,495977,1000076
18,128,4,0.096976519,0.086396217,500038,495977,1000076
18,128,5,0.096447706,0.085748911,500038,495977,1000076
18,128,6,0.097606421,0.087061405,500038,495977,1000076
18,128,7,0.099208117,0.088682413,500038,495977,1000076
18,128,8,0.103493690,0.093271494,500038,495977,1000076
18,128,9,0.096141815,0.085902214,500038,495977,1000076
50,128,0,0.095450401,0.085867405,499732,495780,999464
50,128,1,0.094002962,0.084480286,499732,495780,999464
50,128,2,0.093989611,0.084518433,499732,495780,999464
50,128,3,0.098022223,0.088723421,499732,495780,999464
50,128,4,0.095482826,0.085848331,499732,495780,999464
50,128,5,0.094959974,0.085406065,499732,495780,999464
50,128,6,0.093059301,0.083989620,499732,495780,999464
50,128,7,0.097956896,0.088480473,499732,495780,999464
50,128,8,0.100578547,0.092404604,499732,495780,999464
50,128,9,0.096226454,0.087011099,499732,495780,999464
46,128,0,0.097106457,0.086020231,500151,496435,1000302
46,128,1,0.095087528,0.084560156,500151,496435,1000302
46,128,2,0.095068455,0.084545135,500151,496435,1000302
46,128,3,0.098817348,0.089174032,500151,496435,1000302
46,128,4,0.095792770,0.085812092,500151,496435,1000302
46,128,5,0.095410347,0.085320234,500151,496435,1000302
46,128,6,0.092406988,0.082919121,500151,496435,1000302
46,128,7,0.098566055,0.088551521,500151,496435,1000302
46,128,8,0.101624250,0.093283653,500151,496435,1000302
46,128,9,0.096401691,0.086486816,500151,496435,1000302
30,128,0,0.097051144,0.085933924,500074,496156,1000148
30,128,1,0.095093012,0.084541798,500074,496156,1000148
30,128,2,0.095566511,0.084905624,500074,496156,1000148
30,128,3,0.098572731,0.088812590,500074,496156,1000148
30,128,4,0.098106861,0.088726044,500074,496156,1000148
30,128,5,0.095966101,0.085775614,500074,496156,1000148
30,128,6,0.094074726,0.084182978,500074,496156,1000148
30,128,7,0.097584963,0.087526321,500074,496156,1000148
30,128,8,0.101780415,0.093347788,500074,496156,1000148
30,128,9,0.096572161,0.086594343,500074,496156,1000148
35,128,0,0.096817493,0.086093903,500089,496254,1000178
35,128,1,0.095522404,0.084753513,500089,496254,1000178
35,128,2,0.095513582,0.084757566,500089,496254,1000178
35,128,3,0.100255251,0.089568615,500089,496254,1000178
35,128,4,0.096485138,0.085800409,500089,496254,1000178
35,128,5,0.096558332,0.085781097,500089,496254,1000178
35,128,6,0.093384027,0.083298206,500089,496254,1000178
21,128,0,0.096933603,0.086191177,500015,496107,1000030
21,128,1,0.095231771,0.084552765,500015,496107,1000030
21,128,2,0.095257759,0.084579229,500015,496107,1000030
21,128,3,0.100571632,0.090122700,500015,496107,1000030
21,128,4,0.096504211,0.086185455,500015,496107,1000030
21,128,5,0.096516848,0.085743666,500015,496107,1000030
21,128,6,0.095949650,0.085326672,500015,496107,1000030
21,128,7,0.097742081,0.087254524,500015,496107,1000030
21,128,8,0.103312492,0.092602491,500015,496107,1000030
21,128,9,0.096417665,0.085941076,500015,496107,1000030
24,128,0,0.097286701,0.085928679,499933,496015,999866
24,128,1,0.095609665,0.084151983,499933,496015,999866
24,128,2,0.095629215,0.084507465,499933,496015,999866
24,128,3,0.100237846,0.089323282,499933,496015,999866
24,128,4,0.099841356,0.088428736,499933,496015,999866
24,128,5,0.096769810,0.085390329,499933,496015,999866
24,128,6,0.095440149,0.084376574,499933,496015,999866
24,128,7,0.097069502,0.086448908,499933,496015,999866
24,128,8,0.103968382,0.093233347,499933,496015,999866
35,128,7,0.099807501,0.089097023,500089,496254,1000178
35,128,8,0.102499008,0.091988564,500089,496254,1000178
35,128,9,0.096603394,0.086164951,500089,496254,1000178
24,128,9,0.096684933,0.086484194,499933,496015,999866
15,128,0,0.096431971,0.085893154,499809,495919,999618
15,128,1,0.094603300,0.084132671,499809,495919,999618
15,128,2,0.095214128,0.084670067,499809,495919,999618
15,128,3,0.100417376,0.089864492,499809,495919,999618
15,128,4,0.094651222,0.084595442,499809,495919,999618
15,128,5,0.096218586,0.085610390,499809,495919,999618
15,128,6,0.096947670,0.086543083,499809,495919,999618
15,128,7,0.098736763,0.088274717,499809,495919,999618
15,128,8,0.103405952,0.093232393,499809,495919,999618
15,128,9,0.096715927,0.086412191,499809,495919,999618
63,128,0,0.096651554,0.085915327,499746,495681,999492
63,128,1,0.095475197,0.084656239,499746,495681,999492
63,128,2,0.095647573,0.084766865,499746,495681,999492
63,128,3,0.100310802,0.089568853,499746,495681,999492
63,128,4,0.097090006,0.086369753,499746,495681,999492
63,128,5,0.096538305,0.085710764,499746,495681,999492
63,128,6,0.094354630,0.083957434,499746,495681,999492
63,128,7,0.099480152,0.088674784,499746,495681,999492
63,128,8,0.100955009,0.090276718,499746,495681,999492
63,128,9,0.096905708,0.086361885,499746,495681,999492
66,128,0,0.097212315,0.085986853,499860,495968,999720
66,128,1,0.095241547,0.084571362,499860,495968,999720
66,128,2,0.095648766,0.084891558,499860,495968,999720
66,128,3,0.097377777,0.087454557,499860,495968,999720
66,128,4,0.095469475,0.085415363,499860,495968,999720
66,128,5,0.096104383,0.085780859,499860,495968,999720
66,128,6,0.094677925,0.084733725,499860,495968,999720
66,128,7,0.098284960,0.088095665,499860,495968,999720
66,128,8,0.095894337,0.087963343,499860,495968,999720
66,128,9,0.096996784,0.086806774,499860,495968,999720
14,128,0,0.096651793,0.085997105,500214,496475,1000428
14,128,1,0.095173120,0.084542990,500214,496475,1000428
14,128,2,0.095458031,0.084819794,500214,496475,1000428
14,128,3,0.099362135,0.088859081,500214,496475,1000428
14,128,4,0.096510649,0.085914135,500214,496475,1000428
14,128,5,0.096113920,0.085427284,500214,496475,1000428
14,128,6,0.097509861,0.086995363,500214,496475,1000428
14,128,7,0.099228859,0.088700056,500214,496475,1000428
14,128,8,0.103499651,0.093298674,500214,496475,1000428
14,128,9,0.097036362,0.086592913,500214,496475,1000428
54,128,0,0.097251892,0.086081505,499939,495978,999878
54,128,1,0.095091820,0.084490061,499939,495978,999878
54,128,2,0.095603943,0.084925652,499939,495978,999878
54,128,3,0.096847773,0.087052345,499939,495978,999878
54,128,4,0.095883608,0.085833549,499939,495978,999878
54,128,5,0.096094847,0.085845470,499939,495978,999878
54,128,6,0.094264030,0.084351540,499939,495978,999878
54,128,7,0.097554445,0.087489367,499939,495978,999878
54,128,8,0.101148367,0.092668772,499939,495978,999878
54,128,9,0.097095251,0.087001324,499939,495978,999878
108,128,0,0.094063282,0.085835934,500142,496326,1000284
108,128,1,0.092437744,0.084058285,500142,496326,1000284
108,128,2,0.093110800,0.084525585,500142,496326,1000284
108,128,3,0.098336697,0.090214491,500142,496326,1000284
108,128,4,0.097990513,0.089478254,500142,496326,1000284
108,128,5,0.093453646,0.085200548,500142,496326,1000284
108,128,6,0.095541000,0.087069988,500142,496326,1000284
36,128,0,0.097028732,0.085808754,500031,496086,1000062
36,128,1,0.095625877,0.084540844,500031,496086,1000062
36,128,2,0.094911575,0.084193230,500031,496086,1000062
36,128,3,0.100780487,0.090231180,500031,496086,1000062
108,128,7,0.097619057,0.089247465,500142,496326,1000284
108,128,8,0.099025726,0.090616465,500142,496326,1000284
36,128,4,0.100036860,0.088955641,500031,496086,1000062
36,128,5,0.094726801,0.084012985,500031,496086,1000062
36,128,6,0.092093229,0.081460238,500031,496086,1000062
36,128,7,0.099725962,0.088661194,500031,496086,1000062
36,128,8,0.104331017,0.093355894,500031,496086,1000062
36,128,9,0.097285271,0.087063313,500031,496086,1000062
108,128,9,0.097243786,0.088456392,500142,496326,1000284
22,128,0,0.096739054,0.086067438,499895,496020,999790
22,128,1,0.095183611,0.084509373,499895,496020,999790
22,128,2,0.095514774,0.084852695,499895,496020,999790
22,128,3,0.099796772,0.089272022,499895,496020,999790
22,128,4,0.096739531,0.086067915,499895,496020,999790
22,128,5,0.096448183,0.085710526,499895,496020,999790
22,128,6,0.097186327,0.086585045,499895,496020,999790
22,128,7,0.099176407,0.088513613,499895,496020,999790
22,128,8,0.103609800,0.093354940,499895,496020,999790
22,128,9,0.097297430,0.086794138,499895,496020,999790
78,128,0,0.095470428,0.085999250,500035,496065,1000070
78,128,1,0.093963146,0.084547043,500035,496065,1000070
78,128,2,0.094399452,0.084903479,500035,496065,1000070
78,128,3,0.095691919,0.086582899,500035,496065,1000070
78,128,4,0.095118761,0.085643530,500035,496065,1000070
78,128,5,0.095041513,0.085526466,500035,496065,1000070
78,128,6,0.093910217,0.084714413,500035,496065,1000070
78,128,7,0.097868443,0.088530779,500035,496065,1000070
78,128,8,0.089941978,0.082499504,500035,496065,1000070
78,128,9,0.097307205,0.087832689,500035,496065,1000070
126,128,0,0.095362663,0.085862875,500030,496161,1000060
126,128,1,0.093707323,0.084245682,500030,496161,1000060
126,128,2,0.094312429,0.084770441,500030,496161,1000060
126,128,3,0.095315218,0.086237669,500030,496161,1000060
126,128,4,0.094967365,0.085423231,500030,496161,1000060
126,128,5,0.094188690,0.084888935,500030,496161,1000060
126,128,6,0.095918894,0.086719275,500030,496161,1000060
126,128,7,0.095430851,0.086422920,500030,496161,1000060
126,128,8,0.098970890,0.090725660,500030,496161,1000060
55,128,0,0.096885204,0.085884809,500021,496103,1000042
55,128,1,0.095783234,0.084726810,500021,496103,1000042
55,128,2,0.095889568,0.084845066,500021,496103,1000042
55,128,3,0.100931168,0.089913368,500021,496103,1000042
55,128,4,0.097759008,0.086683989,500021,496103,1000042
55,128,5,0.096590996,0.085522175,500021,496103,1000042
55,128,6,0.094444752,0.083804369,500021,496103,1000042
55,128,7,0.100079536,0.089044094,500021,496103,1000042
64,128,0,0.097181559,0.085751772,499983,496028,999966
64,128,1,0.095554829,0.084049463,499983,496028,999966
64,128,2,0.095307350,0.084156990,499983,496028,999966
64,128,3,0.100698948,0.089665174,499983,496028,999966
64,128,4,0.101029158,0.089510679,499983,496028,999966
126,128,9,0.097453356,0.087914467,500030,496161,1000060
19,128,0,0.097470760,0.085924387,500070,496197,1000140
19,128,1,0.096024752,0.084604740,500070,496197,1000140
19,128,2,0.096132040,0.084748745,500070,496197,1000140
19,128,3,0.101299047,0.089987755,500070,496197,1000140
19,128,4,0.096101522,0.085114479,500070,496197,1000140
19,128,5,0.096757412,0.085528374,500070,496197,1000140
17,128,0,0.096882582,0.085942030,500225,496276,1000450
17,128,1,0.094018698,0.083338022,500225,496276,1000450
17,128,2,0.095407963,0.084540844,500225,496276,1000450
17,128,3,0.100317001,0.089739323,500225,496276,1000450
17,128,4,0.095158339,0.084933281,500225,496276,1000450
17,128,5,0.095854759,0.085005045,500225,496276,1000450
17,128,6,0.097672224,0.086871624,500225,496276,1000450
17,128,7,0.097928524,0.087287903,500225,496276,1000450
17,128,8,0.104102135,0.093358040,500225,496276,1000450
17,128,9,0.097623110,0.086627245,500225,496276,1000450
72,128,0,0.096897840,0.085849285,499838,495920,999676
72,128,1,0.095193863,0.084074974,499838,495920,999676
72,128,2,0.095226049,0.083893776,499838,495920,999676
72,128,3,0.098875284,0.088335276,499838,495920,999676
72,128,4,0.099927664,0.088833570,499838,495920,999676
72,128,5,0.096421242,0.085339546,499838,495920,999676
72,128,6,0.095123768,0.084293842,499838,495920,999676
72,128,7,0.098806620,0.087764740,499838,495920,999676
72,128,8,0.101320982,0.090307951,499838,495920,999676
72,128,9,0.097673178,0.087213755,499838,495920,999676
6,128,0,0.096757412,0.086097240,499961,496031,999922
6,128,1,0.095123291,0.084431410,499961,496031,999922
6,128,2,0.095624685,0.084889412,499961,496031,999922
6,128,3,0.098811150,0.087693691,499961,496031,999922
6,128,4,0.096760750,0.085779905,499961,496031,999922
55,128,8,0.102032423,0.091049671,500021,496103,1000042
55,128,9,0.097390175,0.086554289,500021,496103,1000042
64,128,5,0.097117901,0.085628033,499983,496028,999966
64,128,6,0.096290350,0.084984779,499983,496028,999966
64,128,7,0.099961758,0.088729382,499983,496028,999966
64,128,8,0.100542784,0.089661837,499983,496028,999966
64,128,9,0.097693682,0.087354422,499983,496028,999966
6,128,5,0.096568584,0.085808992,499961,496031,999922
6,128,6,0.097547054,0.086961985,499961,496031,999922
6,128,7,0.098485947,0.087525845,499961,496031,999922
6,128,8,0.102665186,0.092214346,499961,496031,999922
6,128,9,0.097687721,0.086123705,499961,496031,999922
19,128,6,0.097878456,0.086979389,500070,496197,1000140
19,128,7,0.099936724,0.088772058,500070,496197,1000140
19,128,8,0.102453709,0.091292143,500070,496197,1000140
19,128,9,0.097419977,0.086391449,500070,496197,1000140
39,128,0,0.096870422,0.085919857,500001,496061,1000002
39,128,1,0.095709562,0.084717274,500001,496061,1000002
39,128,2,0.095765591,0.084826469,500001,496061,1000002
39,128,3,0.100404024,0.089431047,500001,496061,1000002
39,128,4,0.097282410,0.086322069,500001,496061,1000002
39,128,5,0.096508026,0.085510969,500001,496061,1000002
39,128,6,0.094636917,0.083999395,500001,496061,1000002
39,128,7,0.099838018,0.088882685,500001,496061,1000002
39,128,8,0.102955580,0.092211008,500001,496061,1000002
39,128,9,0.097459078,0.086650372,500001,496061,1000002
29,128,0,0.097220898,0.086164474,499921,496003,999842
29,128,1,0.095482588,0.084528208,499921,496003,999842
29,128,2,0.095456123,0.084398270,499921,496003,999842
29,128,3,0.100260258,0.089630842,499921,496003,999842
29,128,4,0.095095634,0.084805727,499921,496003,999842
29,128,5,0.096087217,0.085108280,499921,496003,999842
29,128,6,0.095166445,0.084375143,499921,496003,999842
29,128,7,0.099447727,0.088419914,499921,496003,999842
29,128,8,0.103780270,0.092841387,499921,496003,999842
43,128,0,0.097523212,0.086080551,499881,496060,999762
43,128,1,0.096074104,0.084734201,499881,496060,999762
43,128,2,0.096151114,0.084828854,499881,496060,999762
43,128,3,0.101161480,0.089870691,499881,496060,999762
10,128,0,0.096699715,0.085974455,499829,495995,999658
10,128,1,0.095146179,0.084233522,499829,495995,999658
10,128,2,0.095613003,0.084808111,499829,495995,999658
10,128,3,0.099749804,0.089016676,499829,495995,999658
10,128,4,0.097007751,0.086113930,499829,495995,999658
47,128,0,0.097019672,0.086063623,499936,496156,999872
47,128,1,0.095642805,0.084643364,499936,496156,999872
47,128,2,0.095734119,0.084753990,499936,496156,999872
47,128,3,0.100249290,0.089308977,499936,496156,999872
47,128,4,0.097451210,0.086501122,499936,496156,999872
47,128,5,0.096612453,0.085617065,499936,496156,999872
47,128,6,0.094263315,0.083762407,499936,496156,999872
47,128,7,0.100157976,0.089186668,499936,496156,999872
47,128,8,0.102297306,0.091418982,499936,496156,999872
47,128,9,0.097637892,0.086782932,499936,496156,999872
29,128,9,0.097709894,0.086614847,499921,496003,999842
10,128,5,0.096431732,0.085629463,499829,495995,999658
10,128,6,0.097260475,0.086663961,499829,495995,999658
10,128,7,0.099298000,0.088547230,499829,495995,999658
10,128,8,0.102869272,0.092523575,499829,495995,999658
10,128,9,0.097774744,0.086412430,499829,495995,999658
43,128,4,0.097279787,0.086153269,499881,496060,999762
43,128,5,0.096762657,0.085655928,499881,496060,999762
43,128,6,0.094798326,0.084012508,499881,496060,999762
43,128,7,0.099478483,0.088393688,499881,496060,999762
43,128,8,0.102323532,0.091271162,499881,496060,999762
43,128,9,0.097642422,0.086652994,499881,496060,999762
25,128,0,0.097194433,0.086274624,500163,496285,1000326
25,128,1,0.095382929,0.084533930,500163,496285,1000326
25,128,2,0.095445633,0.084639311,500163,496285,1000326
25,128,3,0.108561993,0.089882851,500163,496285,1000326
25,128,4,0.102971077,0.084975719,500163,496285,1000326
25,128,5,0.099855661,0.085575104,500163,496285,1000326
25,128,6,0.098734856,0.085896492,500163,496285,1000326
25,128,7,0.094877958,0.085425615,500163,496285,1000326
25,128,8,0.104095221,0.093352079,500163,496285,1000326
25,128,9,0.097778082,0.086796522,500163,496285,1000326
114,128,0,0.095463276,0.086006641,500294,496501,1000588
114,128,1,0.093664408,0.084340572,500294,496501,1000588
114,128,2,0.094057798,0.084655762,500294,496501,1000588
114,128,3,0.097663164,0.088459730,500294,496501,1000588
114,128,4,0.095845938,0.086362362,500294,496501,1000588
114,128,5,0.094836712,0.085408688,500294,496501,1000588
31,128,0,0.097574234,0.085964680,499871,495979,999742
31,128,1,0.096286297,0.084805250,499871,495979,999742
31,128,2,0.096249104,0.084747791,499871,495979,999742
31,128,3,0.101271391,0.089875698,499871,495979,999742
31,128,4,0.097410679,0.085962296,499871,495979,999742
31,128,5,0.097057104,0.085726976,499871,495979,999742
31,128,6,0.095295906,0.084202528,499871,495979,999742
31,128,7,0.100122213,0.088789701,499871,495979,999742
31,128,8,0.103546143,0.092400074,499871,495979,999742
31,128,9,0.097700596,0.086454868,499871,495979,999742
13,128,0,0.097282648,0.085985661,499794,495926,999588
13,128,1,0.095715523,0.084395170,499794,495926,999588
13,128,2,0.095891237,0.084601164,499794,495926,999588
13,128,3,0.101182699,0.089920759,499794,495926,999588
13,128,4,0.097652435,0.086432457,499794,495926,999588
13,128,5,0.097046137,0.085644245,499794,495926,999588
13,128,6,0.096891880,0.085791826,499794,495926,999588
13,128,7,0.096202612,0.086076975,499794,495926,999588
13,128,8,0.103729010,0.092797518,499794,495926,999588
13,128,9,0.097860098,0.086816549,499794,495926,999588
76,128,0,0.096894264,0.085655212,499921,496005,999842
76,128,1,0.095503330,0.084223747,499921,496005,999842
76,128,2,0.094998598,0.084123611,499921,496005,999842
76,128,3,0.099461317,0.088758469,499921,496005,999842
76,128,4,0.100889921,0.089133978,499921,496005,999842
76,128,5,0.096819639,0.085801125,499921,496005,999842
114,128,6,0.096071720,0.086996794,500294,496501,1000588
114,128,7,0.097880840,0.088580132,500294,496501,1000588
114,128,8,0.098459482,0.090359449,500294,496501,1000588
114,128,9,0.097855091,0.088390112,500294,496501,1000588
76,128,6,0.094457865,0.083704710,499921,496005,999842
76,128,7,0.099799395,0.088707924,499921,496005,999842
76,128,8,0.100961208,0.090007305,499921,496005,999842
76,128,9,0.098039865,0.087559938,499921,496005,999842
90,128,0,0.094889402,0.085530758,499997,496004,999994
90,128,1,0.093545437,0.084188223,499997,496004,999994
90,128,2,0.093725681,0.084388018,499997,496004,999994
90,128,3,0.095922470,0.086734295,499997,496004,999994
90,128,4,0.095166683,0.085676193,499997,496004,999994
90,128,5,0.094843626,0.085437059,499997,496004,999994
90,128,6,0.093787670,0.084623575,499997,496004,999994
90,128,7,0.096928358,0.087627649,499997,496004,999994
90,128,8,0.090717077,0.083227873,499997,496004,999994
90,128,9,0.098003626,0.088485241,499997,496004,999994
86,128,0,0.097193718,0.085953236,500138,496391,1000276
86,128,1,0.094767809,0.084158659,500138,496391,1000276
86,128,2,0.095714092,0.084946156,500138,496391,1000276
86,128,3,0.096236467,0.086469650,500138,496391,1000276
86,128,4,0.095739126,0.085620642,500138,496391,1000276
86,128,5,0.095987082,0.085671902,500138,496391,1000276
86,128,6,0.092230558,0.082550287,500138,496391,1000276
86,128,7,0.095654249,0.086172104,500138,496391,1000276
86,128,8,0.086058855,0.078741312,500138,496391,1000276
86,128,9,0.098042727,0.087817192,500138,496391,1000276
98,128,0,0.095456362,0.085901499,499930,496002,999860
98,128,1,0.093630314,0.084188938,499930,496002,999860
98,128,2,0.094396114,0.084822893,499930,496002,999860
98,128,3,0.094244003,0.085519791,499930,496002,999860
98,128,4,0.095140696,0.085553646,499930,496002,999860
98,128,5,0.095307350,0.085665464,499930,496002,999860
98,128,6,0.095840454,0.086547136,499930,496002,999860
98,128,7,0.093930721,0.085499048,499930,496002,999860
98,128,8,0.087712288,0.080554247,499930,496002,999860
98,128,9,0.098135233,0.088495493,499930,496002,999860
75,128,0,0.097023726,0.086041927,499907,495994,999814
75,128,1,0.095711231,0.084686041,499907,495994,999814
75,128,2,0.095817804,0.084855556,499907,495994,999814
75,128,3,0.099776983,0.088880301,499907,495994,999814
75,128,4,0.098702431,0.087855101,499907,495994,999814
75,128,5,0.096411943,0.085422039,499907,495994,999814
75,128,6,0.096237421,0.085444212,499907,495994,999814
75,128,7,0.100015402,0.089018822,499907,495994,999814
49,128,0,0.096967220,0.086280107,500181,496246,1000362
49,128,1,0.094874620,0.084255695,500181,496246,1000362
49,128,2,0.095320463,0.084622860,500181,496246,1000362
49,128,3,0.099922657,0.089509964,500181,496246,1000362
49,128,4,0.096725225,0.086481094,500181,496246,1000362
49,128,5,0.096278667,0.085469246,500181,496246,1000362
49,128,6,0.095992327,0.085295439,500181,496246,1000362
49,128,7,0.099667549,0.088872910,500181,496246,1000362
49,128,8,0.102730513,0.091972589,500181,496246,1000362
49,128,9,0.098046064,0.087109804,500181,496246,1000362
116,128,0,0.097009182,0.085560322,499976,496134,999952
116,128,1,0.095177174,0.083667517,499976,496134,999952
116,128,2,0.095754862,0.084505320,499976,496134,999952
116,128,3,0.099626303,0.088695049,499976,496134,999952
116,128,4,0.100621223,0.089051723,499976,496134,999952
116,128,5,0.094965219,0.083826065,499976,496134,999952
75,128,8,0.100457907,0.089677334,499907,495994,999814
75,128,9,0.098209143,0.087270975,499907,495994,999814
37,128,0,0.097732544,0.086265564,500242,496411,1000484
37,128,1,0.095840454,0.084326744,500242,496411,1000484
37,128,2,0.095999002,0.084536076,500242,496411,1000484
37,128,3,0.100541830,0.089177608,500242,496411,1000484
37,128,4,0.099750757,0.088681459,500242,496411,1000484
37,128,5,0.097008228,0.085465670,500242,496411,1000484
37,128,6,0.096176863,0.084929228,500242,496411,1000484
37,128,7,0.098519325,0.087291002,500242,496411,1000484
37,128,8,0.104190350,0.093298912,500242,496411,1000484
37,128,9,0.098106623,0.086823463,500242,496411,1000484
116,128,6,0.098443270,0.087079763,499976,496134,999952
116,128,7,0.099666834,0.088367939,499976,496134,999952
116,128,8,0.100757837,0.089787722,499976,496134,999952
116,128,9,0.098325253,0.087951422,499976,496134,999952
94,128,0,0.097161055,0.086018085,499903,495930,999806
94,128,1,0.095141888,0.084527969,499903,495930,999806
94,128,2,0.095443726,0.084751129,499903,495930,999806
94,128,3,0.096509218,0.086777687,499903,495930,999806
94,128,4,0.095833540,0.085738659,499903,495930,999806
94,128,5,0.095407963,0.085269451,499903,495930,999806
94,128,6,0.096199751,0.086847782,499903,495930,999806
94,128,7,0.097653151,0.087626934,499903,495930,999806
94,128,8,0.090884924,0.083433390,499903,495930,999806
94,128,9,0.098337412,0.088233948,499903,495930,999806
65,128,0,0.097357273,0.085936069,499945,496055,999890
65,128,1,0.095520735,0.084061861,499945,496055,999890
65,128,2,0.095917940,0.084485531,499945,496055,999890
65,128,3,0.101459265,0.090131760,499945,496055,999890
65,128,4,0.098026276,0.086616993,499945,496055,999890
65,128,5,0.096767902,0.085382700,499945,496055,999890
65,128,6,0.093767405,0.083320141,499945,496055,999890
65,128,7,0.100482702,0.089072943,499945,496055,999890
65,128,8,0.102061272,0.090751171,499945,496055,999890
65,128,9,0.098100901,0.086897612,499945,496055,999890
41,128,0,0.097844124,0.086269855,500268,496347,1000536
41,128,1,0.095994234,0.084424973,500268,496347,1000536
41,128,2,0.096122742,0.084580898,500268,496347,1000536
41,128,3,0.101609468,0.090157270,500268,496347,1000536
41,128,4,0.099355698,0.088067532,500268,496347,1000536
41,128,5,0.096994400,0.085387468,500268,496347,1000536
41,128,6,0.096138954,0.084854603,500268,496347,1000536
41,128,7,0.100143671,0.088588715,500268,496347,1000536
41,128,8,0.104136705,0.093170881,500268,496347,1000536
41,128,9,0.098192215,0.086881638,500268,496347,1000536
8,128,0,0.096893311,0.085920572,500107,496192,1000214
8,128,1,0.095448494,0.084433794,500107,496192,1000214
8,128,2,0.095067501,0.084312439,500107,496192,1000214
8,128,3,0.101053715,0.090437174,500107,496192,1000214
8,128,4,0.100772858,0.089786053,500107,496192,1000214
8,128,5,0.096660614,0.085738420,500107,496192,1000214
8,128,6,0.097565651,0.086941481,500107,496192,1000214
8,128,7,0.099919558,0.088960171,500107,496192,1000214
8,128,8,0.102786064,0.091834068,500107,496192,1000214
8,128,9,0.098458529,0.087518692,500107,496192,1000214
2,128,0,0.096628904,0.086076260,499748,495818,999496
2,128,1,0.095131159,0.084557533,499748,495818,999496
2,128,2,0.095550299,0.084936619,499748,495818,999496
2,128,3,0.099779606,0.089190960,499748,495818,999496
2,128,4,0.096597195,0.085735321,499748,495818,999496
2,128,5,0.096426010,0.085807085,499748,495818,999496
2,128,6,0.097397089,0.086910963,499748,495818,999496
81,128,0,0.096136808,0.085322142,499767,495786,999534
81,128,1,0.094245195,0.083512783,499767,495786,999534
81,128,2,0.095266342,0.084366798,499767,495786,999534
81,128,3,0.099462032,0.089035034,499767,495786,999534
81,128,4,0.096719980,0.086312771,499767,495786,999534
81,128,5,0.096240520,0.085299253,499767,495786,999534
81,128,6,0.093782663,0.083351374,499767,495786,999534
81,128,7,0.099336624,0.088431835,499767,495786,999534
81,128,8,0.101497412,0.090642452,499767,495786,999534
81,128,9,0.098400116,0.087318182,499767,495786,999534
80,128,0,0.097217560,0.085973024,500178,496282,1000356
80,128,1,0.095353127,0.084260941,500178,496282,1000356
80,128,2,0.094693899,0.083989382,500178,496282,1000356
80,128,3,0.100232124,0.089641571,500178,496282,1000356
80,128,4,0.100527287,0.089378834,500178,496282,1000356
80,128,5,0.096831560,0.085853577,500178,496282,1000356
2,128,7,0.098750830,0.087995768,499748,495818,999496
2,128,8,0.101462364,0.091300964,499748,495818,999496
2,128,9,0.098415375,0.087284088,499748,495818,999496
5,128,0,0.097269773,0.085806608,500177,496214,1000354
5,128,1,0.095533848,0.084097147,500177,496214,1000354
5,128,2,0.095962048,0.084536314,500177,496214,1000354
5,128,3,0.100647449,0.089302778,500177,496214,1000354
5,128,4,0.096984863,0.085821390,500177,496214,1000354
5,128,5,0.097152710,0.085688114,500177,496214,1000354
5,128,6,0.098070621,0.086948633,500177,496214,1000354
5,128,7,0.098967314,0.087721586,500177,496214,1000354
92,128,0,0.096685410,0.085712194,499942,495978,999884
92,128,1,0.094962835,0.083973646,499942,495978,999884
92,128,2,0.095040798,0.084270239,499942,495978,999884
92,128,3,0.100827456,0.090197325,499942,495978,999884
92,128,4,0.099513769,0.088625908,499942,495978,999884
92,128,5,0.095756292,0.084848166,499942,495978,999884
92,128,6,0.091210842,0.081532955,499942,495978,999884
92,128,7,0.099473476,0.088503122,499942,495978,999884
5,128,8,0.102082491,0.090830803,500177,496214,1000354
5,128,9,0.098489046,0.087211609,500177,496214,1000354
80,128,6,0.092301130,0.081524134,500178,496282,1000356
80,128,7,0.100332737,0.089257240,500178,496282,1000356
80,128,8,0.100386620,0.090007782,500178,496282,1000356
80,128,9,0.098549128,0.088414431,500178,496282,1000356
92,128,8,0.101662397,0.090676069,499942,495978,999884
92,128,9,0.098555088,0.088122606,499942,495978,999884
122,128,0,0.096719027,0.086077929,499937,496047,999874
122,128,1,0.094924212,0.084324360,499937,496047,999874
122,128,2,0.095603704,0.084920883,499937,496047,999874
122,128,3,0.099927425,0.089448929,499937,496047,999874
122,128,4,0.096338034,0.085761309,499937,496047,999874
104,128,0,0.097260475,0.085891962,499881,495973,999762
104,128,1,0.095148802,0.083797693,499881,495973,999762
104,128,2,0.095854998,0.084751368,499881,495973,999762
104,128,3,0.100365877,0.089448452,499881,495973,999762
104,128,4,0.101220846,0.089790821,499881,495973,999762
104,128,5,0.097179413,0.085805416,499881,495973,999762
104,128,6,0.098322630,0.087097645,499881,495973,999762
104,128,7,0.099657536,0.088461161,499881,495973,999762
104,128,8,0.098191023,0.088065863,499881,495973,999762
104,128,9,0.098558426,0.088344574,499881,495973,999762
122,128,5,0.096097946,0.085391045,499937,496047,999874
122,128,6,0.097574949,0.087028742,499937,496047,999874
122,128,7,0.099248886,0.088692904,499937,496047,999874
122,128,8,0.102317572,0.092049599,499937,496047,999874
122,128,9,0.098601818,0.088126183,499937,496047,999874
3,128,0,0.097541809,0.085952044,499898,496032,999796
3,128,1,0.095778227,0.084367514,499898,496032,999796
3,128,2,0.095860004,0.084439754,499898,496032,999796
3,128,3,0.100986958,0.089680195,499898,496032,999796
3,128,4,0.097376585,0.086263418,499898,496032,999796
3,128,5,0.096797466,0.085619450,499898,496032,999796
3,128,6,0.097958088,0.087131977,499898,496032,999796
3,128,7,0.099297523,0.088219404,499898,496032,999796
3,128,8,0.101916075,0.090803623,499898,496032,999796
12,128,0,0.097247839,0.085811138,500307,496447,1000614
12,128,1,0.095828295,0.084328890,500307,496447,1000614
12,128,2,0.095853329,0.084604979,500307,496447,1000614
12,128,3,0.101158619,0.090247631,500307,496447,1000614
12,128,4,0.100991488,0.089439631,500307,496447,1000614
118,128,0,0.096478224,0.085985899,499906,495902,999812
118,128,1,0.094966412,0.084488392,499906,495902,999812
118,128,2,0.095120907,0.084682465,499906,495902,999812
118,128,3,0.097704649,0.087622643,499906,495902,999812
118,128,4,0.096175194,0.085705996,499906,495902,999812
118,128,5,0.096159458,0.085600138,499906,495902,999812
118,128,6,0.097085714,0.086714506,499906,495902,999812
3,128,9,0.098553181,0.087467432,499898,496032,999796
12,128,5,0.097176075,0.085686922,500307,496447,1000614
12,128,6,0.098395586,0.087099075,500307,496447,1000614
12,128,7,0.099770784,0.088503122,500307,496447,1000614
12,128,8,0.104021788,0.093242407,500307,496447,1000614
12,128,9,0.098692656,0.088349342,500307,496447,1000614
118,128,7,0.097719193,0.087440968,499906,495902,999812
118,128,8,0.101025343,0.091199160,499906,495902,999812
118,128,9,0.098657131,0.088310719,499906,495902,999812
67,128,0,0.096591473,0.085806847,499977,496019,999954
67,128,1,0.095570803,0.084750414,499977,496019,999954
67,128,2,0.095554352,0.084723234,499977,496019,999954
67,128,3,0.100721359,0.089966297,499977,496019,999954
67,128,4,0.097340584,0.086656809,499977,496019,999954
67,128,5,0.096240997,0.085423470,499977,496019,999954
67,128,6,0.096349239,0.085809469,499977,496019,999954
67,128,7,0.099828482,0.089044571,499977,496019,999954
67,128,8,0.100944281,0.090285063,499977,496019,999954
67,128,9,0.098606110,0.087954760,499977,496019,999954
84,128,0,0.096663952,0.085813522,499957,496153,999914
84,128,1,0.094691515,0.083787680,499957,496153,999914
84,128,2,0.095076799,0.084401846,499957,496153,999914
84,128,3,0.099790096,0.089259863,499957,496153,999914
84,128,4,0.100489378,0.089572430,499957,496153,999914
84,128,5,0.094321728,0.083826303,499957,496153,999914
110,128,0,0.096629620,0.085991621,499895,496062,999790
110,128,1,0.094789267,0.084195375,499895,496062,999790
107,128,0,0.096534491,0.085856676,500134,496121,1000268
107,128,1,0.095396042,0.084639788,500134,496121,1000268
107,128,2,0.095026970,0.084360600,500134,496121,1000268
107,128,3,0.100214958,0.089485168,500134,496121,1000268
107,128,4,0.096928835,0.086264133,500134,496121,1000268
107,128,5,0.096369982,0.085658550,500134,496121,1000268
107,128,6,0.097562313,0.087095022,500134,496121,1000268
107,128,7,0.099113941,0.088472605,500134,496121,1000268
107,128,8,0.101473093,0.090778112,500134,496121,1000268
107,128,9,0.098718405,0.088022470,500134,496121,1000268
84,128,6,0.091388941,0.081664085,499957,496153,999914
84,128,7,0.099715948,0.088845491,499957,496153,999914
84,128,8,0.099738598,0.089168310,499957,496153,999914
84,128,9,0.098713160,0.088377714,499957,496153,999914
110,128,2,0.095562935,0.084918261,499895,496062,999790
110,128,3,0.096678495,0.086766720,499895,496062,999790
110,128,4,0.096323252,0.085774422,499895,496062,999790
110,128,5,0.096344948,0.085628271,499895,496062,999790
110,128,6,0.097570896,0.087037086,499895,496062,999790
110,128,7,0.096302509,0.086277723,499895,496062,999790
110,128,8,0.091288805,0.083812475,499895,496062,999790
110,128,9,0.098709822,0.088295937,499895,496062,999790
120,128,0,0.096837521,0.085706711,500006,496105,1000012
120,128,1,0.094850540,0.083672762,500006,496105,1000012
120,128,2,0.095264435,0.084331036,500006,496105,1000012
120,128,3,0.100502491,0.089643478,500006,496105,1000012
120,128,4,0.100588322,0.089405298,500006,496105,1000012
120,128,5,0.095228195,0.084277630,500006,496105,1000012
120,128,6,0.097758532,0.087019205,500006,496105,1000012
120,128,7,0.097750902,0.086810350,500006,496105,1000012
120,128,8,0.103762865,0.092771053,500006,496105,1000012
120,128,9,0.098780394,0.088133812,500006,496105,1000012
96,128,0,0.096762896,0.085809946,500046,496245,1000092
96,128,1,0.095010519,0.084046841,500046,496245,1000092
96,128,2,0.094543934,0.083890915,500046,496245,1000092
96,128,3,0.099569559,0.088994741,500046,496245,1000092
96,128,4,0.100342512,0.089382887,500046,496245,1000092
96,128,5,0.095959902,0.085063934,500046,496245,1000092
96,128,6,0.097098351,0.086427450,500046,496245,1000092
96,128,7,0.099831343,0.088899612,500046,496245,1000092
96,128,8,0.101235628,0.090290070,500046,496245,1000092
96,128,9,0.098834991,0.088468075,500046,496245,1000092
1,128,0,0.096712828,0.085778713,499877,496104,999754
1,128,1,0.094884396,0.084020138,499877,496104,999754
1,128,2,0.094769239,0.083987713,499877,496104,999754
1,128,3,0.100134373,0.089525461,499877,496104,999754
1,128,4,0.096047401,0.085651159,499877,496104,999754
1,128,5,0.096580267,0.085638523,499877,496104,999754
1,128,6,0.097642183,0.086801052,499877,496104,999754
1,128,7,0.099217176,0.088305235,499877,496104,999754
1,128,8,0.101434708,0.090663433,499877,496104,999754
1,128,9,0.098847866,0.087670326,499877,496104,999754
4,128,0,0.097050190,0.085638523,499887,496016,999774
4,128,1,0.095726490,0.084208727,499887,496016,999774
4,128,2,0.095525026,0.084288836,499887,496016,999774
4,128,3,0.101174593,0.090241194,499887,496016,999774
4,128,4,0.101296902,0.089779615,499887,496016,999774
4,128,5,0.097321510,0.085876942,499887,496016,999774
4,128,6,0.098340034,0.087037802,499887,496016,999774
4,128,7,0.099937916,0.088732719,499887,496016,999774
4,128,8,0.102396250,0.091398954,499887,496016,999774
4,128,9,0.098912477,0.088669062,499887,496016,999774
59,128,0,0.097574234,0.086002350,500239,496305,1000478
59,128,1,0.096164703,0.084745884,500239,496305,1000478
59,128,2,0.096413136,0.084833622,500239,496305,1000478
59,128,3,0.100291491,0.088850737,500239,496305,1000478
59,128,4,0.097654581,0.086311102,500239,496305,1000478
59,128,5,0.096980333,0.085751295,500239,496305,1000478
59,128,6,0.096103430,0.084186792,500239,496305,1000478
59,128,7,0.099776983,0.088378668,500239,496305,1000478
59,128,8,0.102751255,0.091123343,500239,496305,1000478
59,128,9,0.098954916,0.086399317,500239,496305,1000478
95,128,0,0.096582651,0.085932732,499760,495839,999520
95,128,1,0.095351219,0.084644079,499760,495839,999520
95,128,2,0.095468998,0.084751606,499760,495839,999520
95,128,3,0.100468874,0.089768410,499760,495839,999520
95,128,4,0.096344948,0.085694075,499760,495839,999520
95,128,5,0.096340418,0.085630417,499760,495839,999520
95,128,6,0.097259045,0.086807251,499760,495839,999520
95,128,7,0.099693537,0.089004278,499760,495839,999520
95,128,8,0.099380732,0.089032888,499760,495839,999520
95,128,9,0.099034786,0.088448286,499760,495839,999520
99,128,0,0.096609116,0.086005926,499893,496086,999786
99,128,1,0.095196962,0.084558964,499893,496086,999786
99,128,2,0.095218897,0.084633112,499893,496086,999786
99,128,3,0.099950075,0.089397669,499893,496086,999786
99,128,4,0.096995592,0.086401701,499893,496086,999786
99,128,5,0.096213102,0.085577488,499893,496086,999786
99,128,6,0.097131252,0.086724997,499893,496086,999786
99,128,7,0.099638462,0.089030504,499893,496086,999786
99,128,8,0.100886345,0.090369940,499893,496086,999786
99,128,9,0.099050045,0.088552952,499893,496086,999786
103,128,0,0.096774340,0.085974216,500017,496128,1000034
103,128,1,0.095512867,0.084660769,500017,496128,1000034
103,128,2,0.095411539,0.084619045,500017,496128,1000034
103,128,3,0.100378513,0.089519501,500017,496128,1000034
103,128,4,0.097061157,0.086301804,500017,496128,1000034
103,128,5,0.096554995,0.085711718,500017,496128,1000034
103,128,6,0.097281456,0.086719036,500017,496128,1000034
103,128,7,0.099884033,0.089069128,500017,496128,1000034
103,128,8,0.101036072,0.090343952,500017,496128,1000034
103,128,9,0.099048853,0.088286400,500017,496128,1000034
71,128,0,0.097662687,0.086069584,500001,496015,1000002
71,128,1,0.096213579,0.084544420,500001,496015,1000002
71,128,2,0.096425772,0.084909916,500001,496015,1000002
71,128,3,0.101317406,0.089859247,500001,496015,1000002
71,128,4,0.097772598,0.086489916,500001,496015,1000002
71,128,5,0.097105742,0.085783958,500001,496015,1000002
71,128,6,0.096390009,0.084114313,500001,496015,1000002
91,128,0,0.096899509,0.086070538,500042,496081,1000084
91,128,1,0.095610142,0.084732294,500042,496081,1000084
91,128,2,0.095632315,0.084740400,500042,496081,1000084
91,128,3,0.100899458,0.090076208,500042,496081,1000084
91,128,4,0.097384453,0.086637259,500042,496081,1000084
91,128,5,0.096635342,0.085726976,500042,496081,1000084
91,128,6,0.094419718,0.083955288,500042,496081,1000084
91,128,7,0.099993467,0.089175701,500042,496081,1000084
91,128,8,0.100811005,0.090075970,500042,496081,1000084
91,128,9,0.099069357,0.088407516,500042,496081,1000084
7,128,0,0.097710133,0.085939884,500058,496221,1000116
7,128,1,0.096448898,0.084749460,500058,496221,1000116
57,128,0,0.097213030,0.085930109,499899,495934,999798
57,128,1,0.095635891,0.084301233,499899,495934,999798
57,128,2,0.095616817,0.084328413,499899,495934,999798
57,128,3,0.099344969,0.088440180,499899,495934,999798
57,128,4,0.097710133,0.086493254,499899,495934,999798
57,128,5,0.096695423,0.085392475,499899,495934,999798
57,128,6,0.096771479,0.085679770,499899,495934,999798
57,128,7,0.100429058,0.089133024,499899,495934,999798
57,128,8,0.100550175,0.089600801,499899,495934,999798
57,128,9,0.099145174,0.087923765,499899,495934,999798
71,128,7,0.100240231,0.088903189,500001,496015,1000002
71,128,8,0.101934671,0.090012074,500001,496015,1000002
71,128,9,0.099107027,0.086410522,500001,496015,1000002
109,128,0,0.096009970,0.085611105,499986,496066,999972
109,128,1,0.094429016,0.084002018,499986,496066,999972
109,128,2,0.094694138,0.084362984,499986,496066,999972
109,128,3,0.100288630,0.090103388,499986,496066,999972
109,128,4,0.096731663,0.086739540,499986,496066,999972
109,128,5,0.095697880,0.085203409,499986,496066,999972
109,128,6,0.097385406,0.086992264,499986,496066,999972
109,128,7,0.099501848,0.089003801,499986,496066,999972
109,128,8,0.100823641,0.090513468,499986,496066,999972
109,128,9,0.099206924,0.088611603,499986,496066,999972
7,128,2,0.096267700,0.084611654,500058,496221,1000116
7,128,3,0.101569176,0.089962244,500058,496221,1000116
7,128,4,0.097972155,0.086619377,500058,496221,1000116
7,128,5,0.096683025,0.085328817,500058,496221,1000116
7,128,6,0.097625256,0.086486816,500058,496221,1000116
7,128,7,0.100373983,0.088995695,500058,496221,1000116
7,128,8,0.102106333,0.090793371,500058,496221,1000116
7,128,9,0.099161625,0.087848425,500058,496221,1000116
11,128,0,0.097468853,0.086079121,500017,496111,1000034
11,128,1,0.096055746,0.084729195,500017,496111,1000034
11,128,2,0.096121788,0.084691286,500017,496111,1000034
11,128,3,0.101326942,0.090003014,500017,496111,1000034
11,128,4,0.097708702,0.086408854,500017,496111,1000034
11,128,5,0.096934080,0.085642099,500017,496111,1000034
11,128,6,0.097834110,0.087010145,500017,496111,1000034
11,128,7,0.099171877,0.087795496,500017,496111,1000034
11,128,8,0.102318764,0.090912580,500017,496111,1000034
11,128,9,0.099108458,0.086783886,500017,496111,1000034
87,128,0,0.097581863,0.085902214,499779,495867,999558
87,128,1,0.096310616,0.084734917,499779,495867,999558
87,128,2,0.096345425,0.084778547,499779,495867,999558
87,128,3,0.101145506,0.089670658,499779,495867,999558
87,128,4,0.097682953,0.086383104,499779,495867,999558
87,128,5,0.096945524,0.085576534,499779,495867,999558
87,128,6,0.095573664,0.084487915,499779,495867,999558
87,128,7,0.100209951,0.088891745,499779,495867,999558
87,128,8,0.101870775,0.090522766,499779,495867,999558
87,128,9,0.099186659,0.087921858,499779,495867,999558
77,128,0,0.097352266,0.086009026,500055,496124,1000110
77,128,1,0.094920874,0.083676577,500055,496124,1000110
77,128,2,0.095002651,0.083832979,500055,496124,1000110
77,128,3,0.101006508,0.089752436,500055,496124,1000110
77,128,4,0.097978115,0.086664438,500055,496124,1000110
77,128,5,0.097043753,0.085699320,500055,496124,1000110
77,128,6,0.096781492,0.085636377,500055,496124,1000110
77,128,7,0.100215912,0.088876486,500055,496124,1000110
77,128,8,0.101857901,0.090615273,500055,496124,1000110
77,128,9,0.099252224,0.087947130,500055,496124,1000110
119,128,0,0.096814632,0.085957050,500028,496140,1000056
119,128,1,0.095644951,0.084715366,500028,496140,1000056
119,128,2,0.095590830,0.084714413,500028,496140,1000056
119,128,3,0.100795031,0.089869738,500028,496140,1000056
119,128,4,0.097452879,0.086594343,500028,496140,1000056
119,128,5,0.096659184,0.085717201,500028,496140,1000056
119,128,6,0.097558737,0.086915493,500028,496140,1000056
119,128,7,0.099829674,0.088955164,500028,496140,1000056
119,128,8,0.101348400,0.090527058,500028,496140,1000056
119,128,9,0.099208117,0.088393450,500028,496140,1000056
123,128,0,0.096846819,0.085990191,499987,496064,999974
123,128,1,0.095591545,0.084654808,499987,496064,999974
123,128,2,0.095582962,0.084705114,499987,496064,999974
123,128,3,0.100767136,0.089871883,499987,496064,999974
123,128,4,0.097038031,0.086190224,499987,496064,999974
123,128,5,0.096472502,0.085591555,499987,496064,999974
123,128,6,0.097433805,0.086896896,499987,496064,999974
123,128,7,0.099663496,0.088665962,499987,496064,999974
123,128,8,0.101514578,0.090774059,499987,496064,999974
123,128,9,0.099201441,0.088453531,499987,496064,999974
101,128,0,0.096996307,0.085582018,500115,496234,1000230
101,128,1,0.095231295,0.083819389,500115,496234,1000230
101,128,2,0.095762014,0.084289789,500115,496234,1000230
101,128,3,0.100543737,0.089199543,500115,496234,1000230
101,128,4,0.097551107,0.086234093,500115,496234,1000230
101,128,5,0.097111464,0.085632801,500115,496234,1000230
101,128,6,0.098072767,0.086941242,500115,496234,1000230
101,128,7,0.099684238,0.088293791,500115,496234,1000230
101,128,8,0.101925135,0.090613842,500115,496234,1000230
101,128,9,0.099349022,0.087933540,500115,496234,1000230
111,128,0,0.096746683,0.085948706,499899,495942,999798
111,128,1,0.095154047,0.084343910,499899,495942,999798
111,128,2,0.095376015,0.084563017,499899,495942,999798
111,128,3,0.100593567,0.089759827,499899,495942,999798
111,128,4,0.097743988,0.086910725,499899,495942,999798
111,128,5,0.096764803,0.085899591,499899,495942,999798
111,128,6,0.097499847,0.086875916,499899,495942,999798
111,128,7,0.099770784,0.088904858,499899,495942,999798
111,128,8,0.099585533,0.089253426,499899,495942,999798
111,128,9,0.099272728,0.088531971,499899,495942,999798
127,128,0,0.096812248,0.085956335,499940,496021,999880
127,128,1,0.095487595,0.084628820,499940,496021,999880
127,128,2,0.095592737,0.084723711,499940,496021,999880
127,128,3,0.100807905,0.089958906,499940,496021,999880
127,128,4,0.097506523,0.086615086,499940,496021,999880
127,128,5,0.096649408,0.085727692,499940,496021,999880
127,128,6,0.097056866,0.086379528,499940,496021,999880
127,128,7,0.098471880,0.087812424,499940,496021,999880
127,128,8,0.101523876,0.090758801,499940,496021,999880
127,128,9,0.099228382,0.088431597,499940,496021,999880
85,128,0,0.097010851,0.085763454,500033,496207,1000066
85,128,1,0.094956160,0.083752155,500033,496207,1000066
85,128,2,0.095374346,0.084148169,500033,496207,1000066
85,128,3,0.101171494,0.089934826,500033,496207,1000066
85,128,4,0.098546743,0.087383747,500033,496207,1000066
85,128,5,0.096990108,0.085688829,500033,496207,1000066
85,128,6,0.094571114,0.083886623,500033,496207,1000066
85,128,7,0.099731684,0.088448048,500033,496207,1000066
85,128,8,0.101195574,0.090103626,500033,496207,1000066
85,128,9,0.099539757,0.088307858,500033,496207,1000066
93,128,0,0.096913815,0.085833549,500158,496218,1000316
93,128,1,0.095308781,0.084282637,500158,496218,1000316
93,128,2,0.095646858,0.084562063,500158,496218,1000316
93,128,3,0.100571632,0.089797497,500158,496218,1000316
93,128,4,0.096875429,0.086226463,500158,496218,1000316
93,128,5,0.096386194,0.085248709,500158,496218,1000316
93,128,6,0.093329191,0.082976103,500158,496218,1000316
93,128,7,0.100098848,0.089065790,500158,496218,1000316
93,128,8,0.101177692,0.090264797,500158,496218,1000316
93,128,9,0.099519730,0.088280678,500158,496218,1000316
97,128,0,0.097226858,0.086272478,500038,496101,1000076
97,128,1,0.095136642,0.084180593,500038,496101,1000076
97,128,2,0.095222712,0.084264040,500038,496101,1000076
97,128,3,0.100157976,0.089488268,500038,496101,1000076
97,128,4,0.097061396,0.086480856,500038,496101,1000076
97,128,5,0.096712351,0.085672855,500038,496101,1000076
97,128,6,0.097893715,0.087044239,500038,496101,1000076
97,128,7,0.100151062,0.089105844,500038,496101,1000076
97,128,8,0.101620436,0.090640068,500038,496101,1000076
97,128,9,0.099523306,0.088362217,500038,496101,1000076
125,128,0,0.096626997,0.085757732,500019,496203,1000038
125,128,1,0.094911575,0.084041595,500019,496203,1000038
125,128,2,0.094794989,0.084002733,500019,496203,1000038
125,128,3,0.100480795,0.089927673,500019,496203,1000038
125,128,4,0.096571445,0.086174250,500019,496203,1000038
125,128,5,0.096401453,0.085541010,500019,496203,1000038
125,128,6,0.097739458,0.087036133,500019,496203,1000038
125,128,7,0.099617720,0.088729858,500019,496203,1000038
125,128,8,0.101485729,0.090700626,500019,496203,1000038
125,128,9,0.099518538,0.088459730,500019,496203,1000038
61,128,0,0.097271919,0.085807085,500134,496131,1000268
61,128,1,0.095855474,0.084336758,500134,496131,1000268
61,128,2,0.095992804,0.084516764,500134,496131,1000268
61,128,3,0.101428270,0.090029240,500134,496131,1000268
61,128,4,0.098002672,0.086571217,500134,496131,1000268
61,128,5,0.096795797,0.085303545,500134,496131,1000268
61,128,6,0.095404625,0.084311008,500134,496131,1000268
61,128,7,0.100605488,0.089091063,500134,496131,1000268
61,128,8,0.102004528,0.090671539,500134,496131,1000268
61,128,9,0.099537849,0.088057280,500134,496131,1000268
62,128,0,0.100194216,0.085971355,499810,496028,999620
62,128,1,0.098397493,0.084563732,499810,496028,999620
62,128,2,0.098625422,0.084659815,499810,496028,999620
62,128,3,0.101336956,0.087306261,499810,496028,999620
62,128,4,0.099230289,0.085551023,499810,496028,999620
62,128,5,0.099368572,0.085670948,499810,496028,999620
62,128,6,0.097548485,0.084181309,499810,496028,999620
62,128,7,0.101690054,0.087953806,499810,496028,999620
62,128,8,0.103205204,0.091621399,499810,496028,999620
62,128,9,0.099692345,0.086389542,499810,496028,999620
105,128,0,0.096903324,0.085618258,499794,495698,999588
105,128,1,0.095743179,0.084363461,499794,495698,999588
105,128,2,0.095771313,0.084469318,499794,495698,999588
105,128,3,0.101264000,0.089983940,499794,495698,999588
105,128,4,0.097972631,0.086739540,499794,495698,999588
105,128,5,0.096721888,0.085424185,499794,495698,999588
105,128,6,0.097889185,0.086857319,499794,495698,999588
105,128,7,0.100502253,0.089170218,499794,495698,999588
105,128,8,0.100279570,0.089409828,499794,495698,999588
105,128,9,0.099752903,0.088531494,499794,495698,999588
83,128,0,0.097939491,0.086071253,499977,496107,999954
83,128,1,0.096509218,0.084720612,499977,496107,999954
83,128,2,0.096449137,0.084698439,499977,496107,999954
83,128,3,0.101673603,0.089997768,499977,496107,999954
83,128,4,0.097869873,0.086369276,499977,496107,999954
83,128,5,0.097096920,0.085586309,499977,496107,999954
83,128,6,0.093365192,0.082526445,499977,496107,999954
83,128,7,0.100185394,0.088689327,499977,496107,999954
83,128,8,0.101701736,0.090272427,499977,496107,999954
83,128,9,0.099634647,0.088245392,499977,496107,999954
34,128,0,0.100300789,0.086062193,500135,496259,1000270
34,128,1,0.098520041,0.084619522,500135,496259,1000270
34,128,2,0.098844290,0.084879160,500135,496259,1000270
34,128,3,0.102720022,0.088814497,500135,496259,1000270
34,128,4,0.099169493,0.085509062,500135,496259,1000270
34,128,5,0.099091291,0.085510969,500135,496259,1000270
34,128,6,0.096885920,0.083739281,500135,496259,1000270
34,128,7,0.102073193,0.088358641,500135,496259,1000270
34,128,8,0.104255438,0.093173265,500135,496259,1000270
34,128,9,0.099825621,0.086554766,500135,496259,1000270
53,128,0,0.097386837,0.085834503,500111,496193,1000222
53,128,1,0.095896959,0.084370613,500111,496193,1000222
53,128,2,0.095988274,0.084456444,500111,496193,1000222
53,128,3,0.101544619,0.090116262,500111,496193,1000222
53,128,4,0.098190069,0.086739779,500111,496193,1000222
53,128,5,0.097048759,0.085493088,500111,496193,1000222
53,128,6,0.096957207,0.085587740,500111,496193,1000222
53,128,7,0.100653648,0.089137793,500111,496193,1000222
53,128,8,0.102982998,0.091700792,500111,496193,1000222
53,128,9,0.099817991,0.088315248,500111,496193,1000222
113,128,0,0.097025633,0.085780382,500100,496076,1000200
113,128,1,0.095401764,0.084111452,500100,496076,1000200
113,128,2,0.095484734,0.084253788,500100,496076,1000200
113,128,3,0.100516558,0.089349747,500100,496076,1000200
113,128,4,0.097902298,0.086735487,500100,496076,1000200
113,128,5,0.096692085,0.085434437,500100,496076,1000200
113,128,6,0.097987413,0.087044001,500100,496076,1000200
113,128,7,0.100302458,0.089068413,500100,496076,1000200
113,128,8,0.101288557,0.090205908,500100,496076,1000200
113,128,9,0.099776268,0.088590622,500100,496076,1000200
117,128,0,0.097146511,0.085782528,499807,495814,999614
117,128,1,0.095355749,0.083978176,499807,495814,999614
117,128,2,0.095742941,0.084383488,499807,495814,999614
117,128,3,0.100682974,0.089395285,499807,495814,999614
117,128,4,0.097670794,0.086391926,499807,495814,999614
117,128,5,0.096981525,0.085562229,499807,495814,999614
117,128,6,0.098074675,0.087042809,499807,495814,999614
117,128,7,0.100430012,0.089086533,499807,495814,999614
117,128,8,0.101473570,0.090255976,499807,495814,999614
117,128,9,0.099810123,0.088548183,499807,495814,999614
121,128,0,0.097392321,0.086093664,500048,496072,1000096
121,128,1,0.095689535,0.084368706,500048,496072,1000096
121,128,2,0.095713615,0.084445715,500048,496072,1000096
121,128,3,0.100790977,0.089579344,500048,496072,1000096
121,128,4,0.097587824,0.086410284,500048,496072,1000096
121,128,5,0.096639872,0.085371017,500048,496072,1000096
121,128,6,0.097981215,0.086969614,500048,496072,1000096
121,128,7,0.099957228,0.088642359,500048,496072,1000096
121,128,8,0.102896452,0.091824055,500048,496072,1000096
121,128,9,0.099778891,0.088564634,500048,496072,1000096
89,128,0,0.097038746,0.085655451,499898,495932,999796
89,128,1,0.094867229,0.083611250,499898,495932,999796
89,128,2,0.095932484,0.084515572,499898,495932,999796
89,128,3,0.100893736,0.089531660,499898,495932,999796
89,128,4,0.097681284,0.086389065,499898,495932,999796
89,128,5,0.096773386,0.085332394,499898,495932,999796
89,128,6,0.096186399,0.084941626,499898,495932,999796
89,128,7,0.100392342,0.089035273,499898,495932,999796
89,128,8,0.101821899,0.090519905,499898,495932,999796
89,128,9,0.099932432,0.088614941,499898,495932,999796
74,128,0,0.100145817,0.085965633,500014,496097,1000028
74,128,1,0.098274231,0.084492922,500014,496097,1000028
74,128,2,0.098837614,0.084909439,500014,496097,1000028
74,128,3,0.100614548,0.086733580,500014,496097,1000028
74,128,4,0.099197626,0.085614920,500014,496097,1000028
74,128,5,0.099344254,0.085734367,500014,496097,1000028
74,128,6,0.096233130,0.083376646,500014,496097,1000028
74,128,7,0.100415945,0.087054968,500014,496097,1000028
74,128,8,0.093225479,0.082497835,500014,496097,1000028
74,128,9,0.100322485,0.086842775,500014,496097,1000028
0,128,0,0.097107887,0.085797310,500109,496292,1000218
0,128,1,0.095116615,0.083999395,500109,496292,1000218
0,128,2,0.095133543,0.084311247,500109,496292,1000218
0,128,3,0.100672960,0.090067148,500109,496292,1000218
0,128,4,0.100921392,0.089801073,500109,496292,1000218
0,128,5,0.096701384,0.085710287,500109,496292,1000218
0,128,6,0.097480536,0.087115765,500109,496292,1000218
0,128,7,0.099778175,0.088586569,500109,496292,1000218
0,128,8,0.103775263,0.092695951,500109,496292,1000218
0,128,9,0.100447893,0.088671207,500109,496292,1000218
58,128,0,0.100189924,0.086036444,500063,496057,1000126
58,128,1,0.098292828,0.084498167,500063,496057,1000126
58,128,2,0.098758459,0.084895134,500063,496057,1000126
58,128,3,0.101484776,0.087560892,500063,496057,1000126
58,128,4,0.099255800,0.085656404,500063,496057,1000126
58,128,5,0.099331617,0.085741758,500063,496057,1000126
58,128,6,0.098376274,0.084994078,500063,496057,1000126
58,128,7,0.101416111,0.087836266,500063,496057,1000126
58,128,8,0.103151321,0.091768265,500063,496057,1000126
58,128,9,0.100685120,0.087196350,500063,496057,1000126
82,128,0,0.100259781,0.086042404,499874,496069,999748
82,128,1,0.098310232,0.084551096,499874,496069,999748
82,128,2,0.098896265,0.084959507,499874,496069,999748
82,128,3,0.099704266,0.086094141,499874,496069,999748
82,128,4,0.099277258,0.085700989,499874,496069,999748
82,128,5,0.099246502,0.085757256,499874,496069,999748
82,128,6,0.096815348,0.083758593,499874,496069,999748
82,128,7,0.100777626,0.087397099,499874,496069,999748
82,128,8,0.095306873,0.083978415,499874,496069,999748
82,128,9,0.101677179,0.088078976,499874,496069,999748
102,128,0,0.100270510,0.085868359,500214,496164,1000428
102,128,1,0.098346233,0.084321499,500214,496164,1000428
102,128,2,0.098724842,0.084637642,500214,496164,1000428
102,128,3,0.101926565,0.087793112,500214,496164,1000428
102,128,4,0.099745512,0.085947990,500214,496164,1000428
102,128,5,0.099528074,0.085730791,500214,496164,1000428
102,128,6,0.100194931,0.086839914,500214,496164,1000428
102,128,7,0.102334023,0.088554859,500214,496164,1000428
102,128,8,0.098181963,0.086119890,500214,496164,1000428
102,128,9,0.102184772,0.088413239,500214,496164,1000428
106,128,0,0.100318193,0.086070776,499894,495944,999788
106,128,1,0.098418236,0.084548473,499894,495944,999788
106,128,2,0.098914146,0.084926605,499894,495944,999788
106,128,3,0.100250244,0.086426258,499894,495944,999788
106,128,4,0.099487305,0.085806608,499894,495944,999788
106,128,5,0.099367380,0.085720301,499894,495944,999788
106,128,6,0.100180387,0.086941957,499894,495944,999788
106,128,7,0.099234104,0.086258173,499894,495944,999788
106,128,8,0.091354847,0.081165791,499894,495944,999788
106,128,9,0.102034569,0.088387251,499894,495944,999788
33,128,0,0.094325542,0.085819006,500142,496330,1000284
33,128,1,0.092779398,0.084342718,500142,496330,1000284
33,128,2,0.093109369,0.084616661,500142,496330,1000284
33,128,3,0.098543644,0.090124369,500142,496330,1000284
33,128,4,0.092961073,0.084758997,500142,496330,1000284
33,128,5,0.097718477,0.085066557,500142,496330,1000284
33,128,6,0.103000402,0.083796740,500142,496330,1000284
33,128,7,0.105783939,0.087098598,500142,496330,1000284
33,128,8,0.111158609,0.093339205,500142,496330,1000284
33,128,9,0.105378389,0.086347580,500142,496330,1000284
23,128,0,0.102540493,0.085987806,499931,496078,999862
23,128,1,0.104584217,0.084637165,499931,496078,999862
23,128,2,0.104700804,0.084837914,499931,496078,999862
23,128,3,0.109795570,0.090064764,499931,496078,999862
23,128,4,0.106154919,0.085834265,499931,496078,999862
23,128,5,0.105408192,0.085342407,499931,496078,999862
23,128,6,0.105466366,0.084900379,499931,496078,999862
23,128,7,0.108264208,0.087777376,499931,496078,999862
23,128,8,0.111708164,0.092663765,499931,496078,999862
23,128,9,0.105839729,0.083671093,499931,496078,999862
124,128,0,0.106339931,0.085846186,499886,495928,999772
124,128,1,0.103876829,0.083632469,499886,495928,999772
124,128,2,0.103658199,0.083955050,499886,495928,999772
124,128,3,0.108606815,0.089543343,499886,495928,999772
124,128,4,0.108778715,0.089387178,499886,495928,999772
124,128,5,0.105335951,0.085000277,499886,495928,999772
124,128,6,0.105612516,0.087074041,499886,495928,999772
124,128,7,0.108980894,0.088750362,499886,495928,999772
124,128,8,0.111435413,0.090664625,499886,495928,999772
124,128,9,0.107713699,0.088654757,499886,495928,999772
44,128,0,0.097293377,0.085904598,500170,496293,1000340
44,128,1,0.095959902,0.084527969,500170,496293,1000340
44,128,2,0.095712900,0.084543228,500170,496293,1000340
44,128,3,0.099858284,0.088958263,500170,496293,1000340
44,128,4,0.099945784,0.088514566,500170,496293,1000340
44,128,5,0.096165895,0.084830999,500170,496293,1000340
44,128,6,0.087678194,0.079646826,500170,496293,1000340
44,128,7,0.109937906,0.088263512,500170,496293,1000340
44,128,8,0.114192009,0.093299627,500170,496293,1000340
44,128,9,0.108165503,0.085212946,500170,496293,1000340
112,128,0,0.105512857,0.085839272,500358,496409,1000716
112,128,1,0.103487730,0.084249973,500358,496409,1000716
112,128,2,0.103438139,0.084297657,500358,496409,1000716
112,128,3,0.108844519,0.090233088,500358,496409,1000716
112,128,4,0.108828306,0.089808702,500358,496409,1000716
112,128,5,0.104616880,0.085155725,500358,496409,1000716
112,128,6,0.105679035,0.087056637,500358,496409,1000716
112,128,7,0.108713865,0.089024782,500358,496409,1000716
112,128,8,0.110404730,0.090145350,500358,496409,1000716
112,128,9,0.108330488,0.088667393,500358,496409,1000716
9,128,0,0.094827414,0.086266518,500244,496409,1000488
9,128,1,0.092887163,0.084449053,500244,496409,1000488
9,128,2,0.093074083,0.084579706,500244,496409,1000488
9,128,3,0.098444700,0.090023279,500244,496409,1000488
9,128,4,0.094788074,0.086356640,500244,496409,1000488
9,128,5,0.105452776,0.085782290,500244,496409,1000488
9,128,6,0.106513739,0.086717129,500244,496409,1000488
9,128,7,0.108148575,0.086825132,500244,496409,1000488
9,128,8,0.112358093,0.093213081,500244,496409,1000488
9,128,9,0.108305454,0.087149382,500244,496409,1000488
68,128,0,0.102274895,0.085867167,500154,496163,1000308
68,128,1,0.099985123,0.084240437,500154,496163,1000308
68,128,2,0.102951765,0.084015846,500154,496163,1000308
68,128,3,0.104009628,0.088243723,500154,496163,1000308
68,128,4,0.108035803,0.089408398,500154,496163,1000308
68,128,5,0.103585005,0.085401297,500154,496163,1000308
68,128,6,0.101358175,0.083851337,500154,496163,1000308
68,128,7,0.104467869,0.088601589,500154,496163,1000308
68,128,8,0.105420828,0.088258028,500154,496163,1000308
68,128,9,0.108615160,0.083465099,500154,496163,1000308
45,128,0,0.094319582,0.085752726,500249,496460,1000498
45,128,1,0.093021393,0.084532738,500249,496460,1000498
45,128,2,0.093237638,0.084619999,500249,496460,1000498
45,128,3,0.097905874,0.089471579,500249,496460,1000498
45,128,4,0.094852448,0.086451292,500249,496460,1000498
45,128,5,0.105993986,0.085461617,500249,496460,1000498
45,128,6,0.106334209,0.083918571,500249,496460,1000498
45,128,7,0.109610081,0.088955164,500249,496460,1000498
45,128,8,0.113434315,0.093293428,500249,496460,1000498
45,128,9,0.108596087,0.086971521,500249,496460,1000498
69,128,0,0.094478369,0.085851431,500097,496250,1000194
69,128,1,0.092816830,0.084287882,500097,496250,1000194
69,128,2,0.093134165,0.084501266,500097,496250,1000194
69,128,3,0.097669840,0.089189291,500097,496250,1000194
69,128,4,0.093658447,0.085216999,500097,496250,1000194
69,128,5,0.106525898,0.085754395,500097,496250,1000194
69,128,6,0.106914043,0.084152222,500097,496250,1000194
69,128,7,0.109798670,0.088730812,500097,496250,1000194
69,128,8,0.112145901,0.090083599,500097,496250,1000194
69,128,9,0.108896255,0.086988449,500097,496250,1000194
73,128,0,0.094254732,0.085720301,499873,495954,999746
73,128,1,0.092082739,0.083662033,499873,495954,999746
73,128,2,0.093219995,0.084641457,499873,495954,999746
73,128,3,0.097978592,0.089540720,499873,495954,999746
73,128,4,0.094075441,0.085645437,499873,495954,999746
73,128,5,0.106198788,0.085743427,499873,495954,999746
73,128,6,0.106957674,0.084943295,499873,495954,999746
73,128,7,0.109182835,0.088169575,499873,495954,999746
73,128,8,0.112209320,0.090749979,499873,495954,999746
73,128,9,0.109164715,0.087981939,499873,495954,999746
79,128,0,0.102428675,0.086068869,499867,495893,999734
79,128,1,0.104718208,0.084632158,499867,495893,999734
79,128,2,0.104730129,0.084612846,499867,495893,999734
79,128,3,0.109440565,0.089196682,499867,495893,999734
79,128,4,0.106789112,0.086227179,499867,495893,999734
79,128,5,0.106239080,0.085665464,499867,495893,999734
79,128,6,0.105063200,0.083500624,499867,495893,999734
79,128,7,0.109288216,0.088606358,499867,495893,999734
79,128,8,0.111386776,0.090560436,499867,495893,999734
79,128,9,0.109039307,0.087785244,499867,495893,999734
88,128,0,0.104590178,0.085700989,500026,496074,1000052
88,128,1,0.103369236,0.083996058,500026,496074,1000052
88,128,2,0.106485367,0.084223270,500026,496074,1000052
88,128,3,0.107538700,0.089811802,500026,496074,1000052
88,128,4,0.108338833,0.089343309,500026,496074,1000052
88,128,5,0.104535341,0.085761786,500026,496074,1000052
88,128,6,0.101018667,0.080448866,500026,496074,1000052
88,128,7,0.108306170,0.088572979,500026,496074,1000052
88,128,8,0.108809471,0.089297295,500026,496074,1000052
88,128,9,0.109370708,0.088296652,500026,496074,1000052
115,128,0,0.097617626,0.085917711,500334,496490,1000668
115,128,1,0.096236229,0.084514856,500334,496490,1000668
115,128,2,0.096360683,0.084630966,500334,496490,1000668
115,128,3,0.101625443,0.089953423,500334,496490,1000668
115,128,4,0.106932163,0.086637974,500334,496490,1000668
115,128,5,0.106796741,0.085725546,500334,496490,1000668
115,128,6,0.107436895,0.087058306,500334,496490,1000668
115,128,7,0.109817505,0.088707924,500334,496490,1000668
115,128,8,0.112089634,0.090687275,500334,496490,1000668
115,128,9,0.109909773,0.088364124,500334,496490,1000668
