rank,num_procs,run,elapsed_time,comm_time,local_nz,ghost_entries,local_flops
0,1,0,0.002472162,0.000004292,500109,0,1000218
0,1,1,0.000465870,0.000000954,500109,0,1000218
0,1,2,0.000466824,0.000000715,500109,0,1000218
0,1,3,0.000462055,0.000000715,500109,0,1000218
0,1,4,0.000471592,0.000000477,500109,0,1000218
0,1,5,0.000448227,0.000000477,500109,0,1000218
0,1,6,0.000461102,0.000000715,500109,0,1000218
0,1,7,0.000459194,0.000000477,500109,0,1000218
0,1,8,0.000465155,0.000000477,500109,0,1000218
0,1,9,0.000451565,0.000000477,500109,0,1000218
0,2,0,0.004158258,0.003456354,500109,249636,1000218
0,2,1,0.003750563,0.003050089,500109,249636,1000218
0,2,2,0.016571522,0.002957344,500109,249636,1000218
0,2,3,0.003505468,0.002793074,500109,249636,1000218
0,2,4,0.003346682,0.002621174,500109,249636,1000218
0,2,5,0.003133535,0.002414703,500109,249636,1000218
0,2,6,0.015838385,0.002191782,500109,249636,1000218
0,2,7,0.018225908,0.002204895,500109,249636,1000218
0,2,8,0.010065794,0.002159834,500109,249636,1000218
0,2,9,0.002870560,0.002162457,500109,249636,1000218
1,2,0,0.004257202,0.002988338,499877,250129,999754
1,2,1,0.003422260,0.002401114,499877,250129,999754
1,2,2,0.003192186,0.002125502,499877,250129,999754
1,2,3,0.003216028,0.002075911,499877,250129,999754
1,2,4,0.003059626,0.002031565,499877,250129,999754
1,2,5,0.003018379,0.002003193,499877,250129,999754
1,2,6,0.002939224,0.002004862,499877,250129,999754
1,2,7,0.003067493,0.002020836,499877,250129,999754
1,2,8,0.003208637,0.002010345,499877,250129,999754
1,2,9,0.003206253,0.002055645,499877,250129,999754
3,4,0,0.005524158,0.004667759,499898,374377,999796
3,4,1,0.004121542,0.003355742,499898,374377,999796
3,4,2,0.003829718,0.003072500,499898,374377,999796
3,4,3,0.003978252,0.003216028,499898,374377,999796
3,4,4,0.004148245,0.003386021,499898,374377,999796
3,4,5,0.004448891,0.003671408,499898,374377,999796
3,4,6,0.003966331,0.003199577,499898,374377,999796
3,4,7,0.003907442,0.003148556,499898,374377,999796
3,4,8,0.003788948,0.003032923,499898,374377,999796
3,4,9,0.003847837,0.003090620,499898,374377,999796
2,4,0,0.005884647,0.004970789,499748,374720,999496
2,4,1,0.004289865,0.003477335,499748,374720,999496
2,4,2,0.004196167,0.003388405,499748,374720,999496
2,4,3,0.004220486,0.003399611,499748,374720,999496
2,4,4,0.004246950,0.003427505,499748,374720,999496
2,4,5,0.004414558,0.003608942,499748,374720,999496
2,4,6,0.004101038,0.003296852,499748,374720,999496
2,4,7,0.004210472,0.003417730,499748,374720,999496
2,4,8,0.003960371,0.003164053,499748,374720,999496
2,4,9,0.004008532,0.003203392,499748,374720,999496
0,4,0,0.005112171,0.004219055,500109,375097,1000218
0,4,1,0.004120588,0.003212214,500109,375097,1000218
0,4,2,0.004064322,0.003179550,500109,375097,1000218
0,4,3,0.004041910,0.003122807,500109,375097,1000218
0,4,4,0.004115820,0.003205538,500109,375097,1000218
0,4,5,0.004422665,0.003531694,500109,375097,1000218
0,4,6,0.003997326,0.003120661,500109,375097,1000218
0,4,7,0.003921747,0.003036976,500109,375097,1000218
0,4,8,0.003915548,0.003021717,500109,375097,1000218
0,4,9,0.004048109,0.003165245,500109,375097,1000218
1,4,0,0.007091284,0.005439520,499877,374927,999754
1,4,1,0.005413532,0.003982544,499877,374927,999754
1,4,2,0.005440712,0.004036427,499877,374927,999754
1,4,3,0.005367279,0.003954172,499877,374927,999754
1,4,4,0.005175591,0.003763676,499877,374927,999754
1,4,5,0.005052805,0.003676414,499877,374927,999754
1,4,6,0.004923582,0.003543377,499877,374927,999754
1,4,7,0.005223513,0.003841162,499877,374927,999754
1,4,8,0.005272865,0.003883362,499877,374927,999754
1,4,9,0.005230904,0.003825426,499877,374927,999754
6,8,0,0.105646849,0.104048014,499961,437495,999922
6,8,1,0.079585075,0.078019857,499961,437495,999922
6,8,2,0.079675913,0.078022242,499961,437495,999922
6,8,3,0.079749107,0.078016043,499961,437495,999922
6,8,4,0.080243349,0.078526497,499961,437495,999922
6,8,5,0.079588413,0.078013659,499961,437495,999922
6,8,6,0.079456568,0.078011990,499961,437495,999922
6,8,7,0.079545736,0.078015089,499961,437495,999922
6,8,8,0.079466820,0.078015089,499961,437495,999922
6,8,9,0.079566479,0.078017712,499961,437495,999922
4,8,0,0.079832077,0.078020096,499887,437529,999774
4,8,1,0.079796791,0.078026056,499887,437529,999774
4,8,2,0.080010414,0.078250647,499887,437529,999774
4,8,3,0.079742908,0.078019381,499887,437529,999774
4,8,4,0.075860977,0.074084520,499887,437529,999774
4,8,5,0.079832554,0.078011274,499887,437529,999774
4,8,6,0.074817657,0.073019505,499887,437529,999774
4,8,7,0.079808712,0.078016996,499887,437529,999774
4,8,8,0.082775831,0.081021547,499887,437529,999774
4,8,9,0.079763412,0.078014374,499887,437529,999774
5,8,0,0.082376719,0.078017473,500177,437814,1000354
5,8,1,0.082308769,0.078006983,500177,437814,1000354
5,8,2,0.082477808,0.078015089,500177,437814,1000354
5,8,3,0.082563877,0.078012228,500177,437814,1000354
5,8,4,0.082534552,0.078010082,500177,437814,1000354
5,8,5,0.082576513,0.078007936,500177,437814,1000354
5,8,6,0.082585335,0.078017473,500177,437814,1000354
5,8,7,0.082531214,0.078010321,500177,437814,1000354
5,8,8,0.082568407,0.078009367,500177,437814,1000354
5,8,9,0.082527399,0.078013897,500177,437814,1000354
2,8,0,0.093501091,0.091959715,499748,437445,999496
2,8,1,0.105634212,0.104021788,499748,437445,999496
2,8,2,0.105736017,0.104033709,499748,437445,999496
2,8,3,0.104018688,0.102264881,499748,437445,999496
2,8,4,0.105746508,0.104028225,499748,437445,999496
2,8,5,0.094701290,0.093161106,499748,437445,999496
2,8,6,0.105606079,0.104021072,499748,437445,999496
2,8,7,0.099727869,0.098166943,499748,437445,999496
2,8,8,0.101539373,0.100026608,499748,437445,999496
2,8,9,0.096740484,0.095177650,499748,437445,999496
7,8,0,0.084449053,0.083016157,500058,437467,1000116
7,8,1,0.079440355,0.078011513,500058,437467,1000116
7,8,2,0.079427004,0.078012466,500058,437467,1000116
7,8,3,0.079426050,0.078010082,500058,437467,1000116
7,8,4,0.079438448,0.078013182,500058,437467,1000116
7,8,5,0.079382896,0.078010082,500058,437467,1000116
7,8,6,0.079412937,0.078009844,500058,437467,1000116
7,8,7,0.079425573,0.078011990,500058,437467,1000116
7,8,8,0.079425335,0.078004360,500058,437467,1000116
7,8,9,0.079369068,0.078009129,500058,437467,1000116
0,8,0,0.106804848,0.105027437,500109,437339,1000218
0,8,1,0.105814457,0.104023695,500109,437339,1000218
0,8,2,0.103917122,0.102169752,500109,437339,1000218
0,8,3,0.105787039,0.104027987,500109,437339,1000218
0,8,4,0.101830244,0.100035667,500109,437339,1000218
0,8,5,0.103958368,0.102155447,500109,437339,1000218
0,8,6,0.100810051,0.099025965,500109,437339,1000218
0,8,7,0.103934765,0.102165222,500109,437339,1000218
0,8,8,0.108814716,0.107024193,500109,437339,1000218
0,8,9,0.103955746,0.102169752,500109,437339,1000218
1,8,0,0.105909586,0.101336956,499877,437248,999754
1,8,1,0.107231140,0.104040146,499877,437248,999754
1,8,2,0.102070570,0.098483324,499877,437248,999754
1,8,3,0.107846975,0.104038954,499877,437248,999754
1,8,4,0.102027416,0.098497629,499877,437248,999754
1,8,5,0.106074095,0.102448940,499877,437248,999754
1,8,6,0.097436428,0.094171762,499877,437248,999754
1,8,7,0.107684135,0.104029417,499877,437248,999754
1,8,8,0.097495079,0.094173908,499877,437248,999754
1,8,9,0.107871771,0.104598522,499877,437248,999754
3,8,0,0.111532688,0.108840466,499898,437328,999796
3,8,1,0.097021818,0.094775438,499898,437328,999796
3,8,2,0.106288195,0.104022026,499898,437328,999796
3,8,3,0.095392704,0.093073606,499898,437328,999796
3,8,4,0.106272221,0.104027748,499898,437328,999796
3,8,5,0.106282234,0.104023933,499898,437328,999796
3,8,6,0.103966713,0.101714611,499898,437328,999796
3,8,7,0.106287241,0.104021788,499898,437328,999796
3,8,8,0.104250908,0.101711035,499898,437328,999796
3,8,9,0.106294155,0.104024649,499898,437328,999796
5,16,0,0.086374760,0.060626507,500177,468950,1000354
5,16,1,0.061688423,0.057369709,500177,468950,1000354
5,16,2,0.087214231,0.061529398,500177,468950,1000354
5,16,3,0.062030792,0.057716846,500177,468950,1000354
5,16,4,0.088942528,0.084452868,500177,468950,1000354
5,16,5,0.090305090,0.085628986,500177,468950,1000354
5,16,6,0.117582083,0.112880945,500177,468950,1000354
5,16,7,0.090585709,0.086128950,500177,468950,1000354
5,16,8,0.116548538,0.090860605,500177,468950,1000354
5,16,9,0.062545538,0.058310032,500177,468950,1000354
1,16,0,0.088840723,0.084058762,499877,468467,999754
1,16,1,0.088644505,0.084042549,499877,468467,999754
1,16,2,0.088673830,0.084037304,499877,468467,999754
1,16,3,0.084330797,0.079724312,499877,468467,999754
1,16,4,0.137694120,0.112066746,499877,468467,999754
1,16,5,0.088468075,0.084037304,499877,468467,999754
1,16,6,0.088566303,0.084048510,499877,468467,999754
1,16,7,0.118070364,0.113444567,499877,468467,999754
1,16,8,0.153800011,0.149071217,499877,468467,999754
1,16,9,0.089904070,0.085411072,499877,468467,999754
8,16,0,0.061326027,0.056178808,500107,468851,1000214
8,16,1,0.089367867,0.084199190,500107,468851,1000214
8,16,2,0.089489460,0.084388018,500107,468851,1000214
8,16,3,0.112092018,0.085952997,500107,468851,1000214
8,16,4,0.116594791,0.090135336,500107,468851,1000214
8,16,5,0.086711407,0.081817865,500107,468851,1000214
8,16,6,0.111615419,0.085216761,500107,468851,1000214
8,16,7,0.089677095,0.084587097,500107,468851,1000214
8,16,8,0.145691872,0.140521049,500107,468851,1000214
8,16,9,0.084590673,0.058334351,500107,468851,1000214
6,16,0,0.061702251,0.056948423,499961,468796,999922
6,16,1,0.089219570,0.084116697,499961,468796,999922
6,16,2,0.117023945,0.112115860,499961,468796,999922
6,16,3,0.116759062,0.112086773,499961,468796,999922
6,16,4,0.060770512,0.056148529,499961,468796,999922
6,16,5,0.089458227,0.084754467,499961,468796,999922
6,16,6,0.117028236,0.112168312,499961,468796,999922
6,16,7,0.060847282,0.056110859,499961,468796,999922
6,16,8,0.116899490,0.090580463,499961,468796,999922
6,16,9,0.060966730,0.056035995,499961,468796,999922
9,16,0,0.061354160,0.056792974,500244,468967,1000488
9,16,1,0.060598373,0.056063890,500244,468967,1000488
9,16,2,0.062090635,0.057747602,500244,468967,1000488
9,16,3,0.086326599,0.060773134,500244,468967,1000488
9,16,4,0.086700678,0.061530828,500244,468967,1000488
9,16,5,0.060297251,0.056035757,500244,468967,1000488
9,16,6,0.090658903,0.086077929,500244,468967,1000488
9,16,7,0.117969751,0.113332272,500244,468967,1000488
9,16,8,0.144746065,0.117132902,500244,468967,1000488
9,16,9,0.086010456,0.060749769,500244,468967,1000488
14,16,0,0.086981058,0.061037779,500214,469148,1000428
14,16,1,0.062160969,0.057191849,500214,469148,1000428
14,16,2,0.115015507,0.088874817,500214,469148,1000428
14,16,3,0.118140697,0.113382578,500214,469148,1000428
14,16,4,0.060576200,0.056005239,500214,469148,1000428
14,16,5,0.060765028,0.056245089,500214,469148,1000428
14,16,6,0.090528011,0.085793257,500214,469148,1000428
14,16,7,0.060783148,0.056015968,500214,469148,1000428
14,16,8,0.146534204,0.141396284,500214,469148,1000428
14,16,9,0.060928345,0.055995703,500214,469148,1000428
13,16,0,0.034888983,0.030732870,499794,468657,999588
13,16,1,0.060659170,0.056036711,499794,468657,999588
13,16,2,0.060451031,0.056033373,499794,468657,999588
13,16,3,0.060483456,0.056035042,499794,468657,999588
13,16,4,0.088780642,0.084316969,499794,468657,999588
13,16,5,0.086037636,0.060705662,499794,468657,999588
13,16,6,0.033838511,0.029993773,499794,468657,999588
13,16,7,0.060809851,0.056549549,499794,468657,999588
13,16,8,0.061839581,0.057668686,499794,468657,999588
13,16,9,0.090938330,0.086417198,499794,468657,999588
15,16,0,0.049290895,0.044788122,499809,468597,999618
15,16,1,0.049800396,0.045303822,499809,468597,999618
15,16,2,0.049654961,0.045210838,499809,468597,999618
15,16,3,0.048101902,0.043670177,499809,468597,999618
15,16,4,0.053037882,0.048634768,499809,468597,999618
15,16,5,0.050789118,0.046399355,499809,468597,999618
15,16,6,0.049396753,0.045027733,499809,468597,999618
15,16,7,0.051835299,0.047474384,499809,468597,999618
15,16,8,0.049279928,0.044921398,499809,468597,999618
15,16,9,0.054000378,0.049568415,499809,468597,999618
11,16,0,0.092833757,0.088042974,500017,468859,1000034
11,16,1,0.092818737,0.088045835,500017,468859,1000034
11,16,2,0.092839956,0.088039637,500017,468859,1000034
11,16,3,0.067633390,0.063037157,500017,468859,1000034
11,16,4,0.092781305,0.088037252,500017,468859,1000034
11,16,5,0.092753649,0.088044167,500017,468859,1000034
11,16,6,0.092779636,0.088046312,500017,468859,1000034
11,16,7,0.092789650,0.088047266,500017,468859,1000034
11,16,8,0.092704535,0.088043451,500017,468859,1000034
11,16,9,0.092805147,0.088089943,500017,468859,1000034
4,16,0,0.061959028,0.056883097,499887,468827,999774
4,16,1,0.117291689,0.112017155,499887,468827,999774
4,16,2,0.117287874,0.112100840,499887,468827,999774
4,16,3,0.117173910,0.112036228,499887,468827,999774
4,16,4,0.089255095,0.084147453,499887,468827,999774
4,16,5,0.113575935,0.108576775,499887,468827,999774
4,16,6,0.085570335,0.059241533,499887,468827,999774
4,16,7,0.116547823,0.089949131,499887,468827,999774
4,16,8,0.171936989,0.145618916,499887,468827,999774
4,16,9,0.112160683,0.085825682,499887,468827,999774
3,16,0,0.089735985,0.085108280,499898,468547,999796
3,16,1,0.093490362,0.088912487,499898,468547,999796
3,16,2,0.092743874,0.088099003,499898,468547,999796
3,16,3,0.101232767,0.096551895,499898,468547,999796
3,16,4,0.136775494,0.132009029,499898,468547,999796
3,16,5,0.136753559,0.132023096,499898,468547,999796
3,16,6,0.136753559,0.132013083,499898,468547,999796
3,16,7,0.136754990,0.132015467,499898,468547,999796
3,16,8,0.136806250,0.132025242,499898,468547,999796
3,16,9,0.132343769,0.127548218,499898,468547,999796
12,16,0,0.058972120,0.032206535,500307,469078,1000614
12,16,1,0.089181423,0.084037781,500307,469078,1000614
12,16,2,0.089288235,0.084105015,500307,469078,1000614
12,16,3,0.089163065,0.084115028,500307,469078,1000614
12,16,4,0.090881109,0.085918188,500307,469078,1000614
12,16,5,0.085354805,0.080443859,500307,469078,1000614
12,16,6,0.061619043,0.056496143,500307,469078,1000614
12,16,7,0.090139866,0.084994555,500307,469078,1000614
12,16,8,0.117028952,0.090702295,500307,469078,1000614
12,16,9,0.112441063,0.086107969,500307,469078,1000614
2,16,0,0.089071274,0.084143162,499748,468444,999496
2,16,1,0.112295389,0.086041927,499748,468444,999496
2,16,2,0.143005848,0.116839647,499748,468444,999496
2,16,3,0.143362999,0.117566109,499748,468444,999496
2,16,4,0.114506245,0.088680029,499748,468444,999496
2,16,5,0.116379261,0.090483189,499748,468444,999496
2,16,6,0.112305403,0.107506037,499748,468444,999496
2,16,7,0.112903833,0.087034941,499748,468444,999496
2,16,8,0.146475077,0.141332865,499748,468444,999496
2,16,9,0.116194010,0.090075493,499748,468444,999496
10,16,0,0.062171936,0.057576418,499829,468882,999658
10,16,1,0.087238789,0.060693264,499829,468882,999658
10,16,2,0.112736464,0.086674452,499829,468882,999658
10,16,3,0.115567207,0.089850903,499829,468882,999658
10,16,4,0.090767622,0.085897207,499829,468882,999658
10,16,5,0.116847515,0.112014055,499829,468882,999658
10,16,6,0.088112116,0.062455177,499829,468882,999658
10,16,7,0.060930729,0.056103945,499829,468882,999658
10,16,8,0.114092112,0.087601185,499829,468882,999658
10,16,9,0.112560749,0.086521387,499829,468882,999658
0,16,0,0.061568499,0.056524992,500109,468852,1000218
0,16,1,0.139422417,0.134223461,500109,468852,1000218
0,16,2,0.089946747,0.084869146,500109,468852,1000218
0,16,3,0.115587950,0.089000225,500109,468852,1000218
0,16,4,0.117584229,0.112524748,500109,468852,1000218
0,16,5,0.137883425,0.111422777,500109,468852,1000218
0,16,6,0.090174675,0.084940672,500109,468852,1000218
0,16,7,0.118146420,0.112950087,500109,468852,1000218
0,16,8,0.140179634,0.113824606,500109,468852,1000218
0,16,9,0.140179157,0.113816738,500109,468852,1000218
7,16,0,0.092985392,0.088156700,500058,468786,1000116
7,16,1,0.093057394,0.088280201,500058,468786,1000116
7,16,2,0.093373775,0.088615179,500058,468786,1000116
7,16,3,0.100902319,0.096057177,500058,468786,1000116
7,16,4,0.136874676,0.132029295,500058,468786,1000116
7,16,5,0.136912584,0.132031679,500058,468786,1000116
7,16,6,0.136890411,0.132033348,500058,468786,1000116
7,16,7,0.136891365,0.132033348,500058,468786,1000116
7,16,8,0.136899710,0.132030487,500058,468786,1000116
7,16,9,0.136943579,0.132030249,500058,468786,1000116
9,32,0,0.161852360,0.128110647,500244,484581,1000488
9,32,1,0.161896944,0.128080606,500244,484581,1000488
9,32,2,0.162266731,0.128391743,500244,484581,1000488
9,32,3,0.192952633,0.131128788,500244,484581,1000488
9,32,4,0.161765814,0.128206015,500244,484581,1000488
9,32,5,0.162141085,0.128195047,500244,484581,1000488
9,32,6,0.162415504,0.128614664,500244,484581,1000488
9,32,7,0.193995714,0.160224438,500244,484581,1000488
9,32,8,0.194439411,0.160598278,500244,484581,1000488
9,32,9,0.163816452,0.130065680,500244,484581,1000488
14,32,0,0.126201391,0.092056990,500214,484715,1000428
14,32,1,0.130395412,0.096131086,500214,484715,1000428
14,32,2,0.130600452,0.096313715,500214,484715,1000428
14,32,3,0.160452604,0.097949266,500214,484715,1000428
14,32,4,0.130617619,0.096244097,500214,484715,1000428
14,32,5,0.162643194,0.128307581,500214,484715,1000428
14,32,6,0.162478685,0.128263474,500214,484715,1000428
14,32,7,0.162559986,0.128285170,500214,484715,1000428
14,32,8,0.163855553,0.129522324,500214,484715,1000428
14,32,9,0.131865263,0.097586870,500214,484715,1000428
24,32,0,0.129804134,0.095135212,499933,484137,999866
24,32,1,0.134644985,0.100079060,499933,484137,999866
24,32,2,0.158788204,0.124081373,499933,484137,999866
24,32,3,0.161617041,0.127094030,499933,484137,999866
24,32,4,0.130790472,0.096124887,499933,484137,999866
24,32,5,0.162665844,0.128076315,499933,484137,999866
24,32,6,0.193931341,0.131060123,499933,484137,999866
24,32,7,0.167670965,0.133090973,499933,484137,999866
24,32,8,0.198119164,0.160409212,499933,484137,999866
24,32,9,0.162777901,0.128110647,499933,484137,999866
21,32,0,0.162104130,0.128317595,500015,484361,1000030
21,32,1,0.162136793,0.128298759,500015,484361,1000030
21,32,2,0.162672281,0.128847361,500015,484361,1000030
21,32,3,0.162329674,0.128793240,500015,484361,1000030
21,32,4,0.162688255,0.128798246,500015,484361,1000030
21,32,5,0.162618637,0.128786802,500015,484361,1000030
21,32,6,0.162670135,0.128847122,500015,484361,1000030
21,32,7,0.193718433,0.160085917,500015,484361,1000030
21,32,8,0.194451809,0.160610437,500015,484361,1000030
21,32,9,0.161625624,0.128092527,500015,484361,1000030
26,32,0,0.130383968,0.096105814,500146,484514,1000292
26,32,1,0.130362272,0.096149683,500146,484514,1000292
26,32,2,0.130545616,0.096324682,500146,484514,1000292
26,32,3,0.130500555,0.096240997,500146,484514,1000292
26,32,4,0.130703449,0.096244335,500146,484514,1000292
26,32,5,0.162493944,0.128247261,500146,484514,1000292
26,32,6,0.163396597,0.129084826,500146,484514,1000292
26,32,7,0.162432671,0.128253222,500146,484514,1000292
26,32,8,0.163875818,0.129527330,500146,484514,1000292
26,32,9,0.130595207,0.096265316,500146,484514,1000292
13,32,0,0.161814928,0.128094435,499794,484204,999588
13,32,1,0.161845207,0.128076553,499794,484204,999588
13,32,2,0.161738873,0.128087759,499794,484204,999588
13,32,3,0.161487341,0.128082037,499794,484204,999588
13,32,4,0.161870480,0.128063440,499794,484204,999588
13,32,5,0.161791086,0.128084183,499794,484204,999588
13,32,6,0.161932230,0.128206253,499794,484204,999588
13,32,7,0.163769722,0.130045176,499794,484204,999588
13,32,8,0.194148302,0.160386086,499794,484204,999588
13,32,9,0.161570787,0.128063440,499794,484204,999588
12,32,0,0.129828453,0.095135450,500307,484629,1000614
12,32,1,0.131002426,0.096094608,500307,484629,1000614
12,32,2,0.131180048,0.096323729,500307,484629,1000614
12,32,3,0.130579948,0.095745802,500307,484629,1000614
12,32,4,0.131047964,0.096242905,500307,484629,1000614
12,32,5,0.163177729,0.128254890,500307,484629,1000614
12,32,6,0.163754463,0.129042625,500307,484629,1000614
12,32,7,0.163998127,0.129317284,500307,484629,1000614
12,32,8,0.166844845,0.128990889,500307,484629,1000614
12,32,9,0.131058455,0.096273661,500307,484629,1000614
6,32,0,0.130284548,0.096043825,499961,484367,999922
6,32,1,0.129141331,0.096063852,499961,484367,999922
6,32,2,0.130279303,0.096073866,499961,484367,999922
6,32,3,0.130362272,0.096058369,499961,484367,999922
6,32,4,0.130462646,0.096066236,499961,484367,999922
6,32,5,0.162270308,0.128074408,499961,484367,999922
6,32,6,0.163396597,0.129103661,499961,484367,999922
6,32,7,0.131630421,0.097372770,499961,484367,999922
6,32,8,0.192219734,0.129903555,499961,484367,999922
6,32,9,0.130310535,0.096067667,499961,484367,999922
8,32,0,0.161823273,0.127085209,500107,484529,1000214
8,32,1,0.162761450,0.128087282,500107,484529,1000214
8,32,2,0.162980318,0.128092289,500107,484529,1000214
8,32,3,0.165951729,0.131079435,500107,484529,1000214
8,32,4,0.162851334,0.128088236,500107,484529,1000214
8,32,5,0.194718838,0.160082817,500107,484529,1000214
8,32,6,0.194979191,0.160197020,500107,484529,1000214
8,32,7,0.163717031,0.129084587,500107,484529,1000214
8,32,8,0.197975874,0.160151720,500107,484529,1000214
8,32,9,0.162880659,0.128080606,500107,484529,1000214
1,32,0,0.193793297,0.160080194,499877,484348,999754
1,32,1,0.193844795,0.160082102,499877,484348,999754
1,32,2,0.163846493,0.130172014,499877,484348,999754
1,32,3,0.193841219,0.160067558,499877,484348,999754
1,32,4,0.193913460,0.160069227,499877,484348,999754
1,32,5,0.193762302,0.160057545,499877,484348,999754
1,32,6,0.194252014,0.160336494,499877,484348,999754
1,32,7,0.191914082,0.158402205,499877,484348,999754
1,32,8,0.225465059,0.191656828,499877,484348,999754
1,32,9,0.193168402,0.159401655,499877,484348,999754
30,32,0,0.130506516,0.096275806,500074,484471,1000148
30,32,1,0.129174948,0.096165895,500074,484471,1000148
30,32,2,0.098898888,0.064679623,500074,484471,1000148
30,32,3,0.130686045,0.096320391,500074,484471,1000148
30,32,4,0.130688190,0.096251249,500074,484471,1000148
30,32,5,0.162444830,0.128267765,500074,484471,1000148
30,32,6,0.162604094,0.128385067,500074,484471,1000148
30,32,7,0.130553961,0.096293449,500074,484471,1000148
30,32,8,0.162317753,0.128071070,500074,484471,1000148
30,32,9,0.130537510,0.096219301,500074,484471,1000148
4,32,0,0.161354542,0.098779917,499887,484380,999774
4,32,1,0.161659241,0.098607302,499887,484380,999774
4,32,2,0.131131172,0.096231937,499887,484380,999774
4,32,3,0.149872303,0.115167379,499887,484380,999774
4,32,4,0.162836075,0.128173113,499887,484380,999774
4,32,5,0.194720507,0.160221100,499887,484380,999774
4,32,6,0.194673300,0.160158396,499887,484380,999774
4,32,7,0.194543123,0.131419182,499887,484380,999774
4,32,8,0.197784424,0.160097837,499887,484380,999774
4,32,9,0.163043022,0.128278971,499887,484380,999774
25,32,0,0.257388830,0.195898771,500163,484658,1000326
25,32,1,0.161796331,0.128161669,500163,484658,1000326
25,32,2,0.129918337,0.096390724,500163,484658,1000326
25,32,3,0.161906481,0.128083944,500163,484658,1000326
25,32,4,0.161834240,0.128084898,500163,484658,1000326
25,32,5,0.131190538,0.097511292,500163,484658,1000326
25,32,6,0.162083626,0.128214598,500163,484658,1000326
25,32,7,0.161736965,0.128073454,500163,484658,1000326
25,32,8,0.193426847,0.131588459,500163,484658,1000326
25,32,9,0.161885262,0.128080368,500163,484658,1000326
2,32,0,0.162216663,0.128079891,499748,484108,999496
2,32,1,0.161024570,0.128091812,499748,484108,999496
2,32,2,0.130563498,0.096257448,499748,484108,999496
2,32,3,0.162603617,0.128238440,499748,484108,999496
2,32,4,0.162510872,0.128238440,499748,484108,999496
2,32,5,0.163521290,0.129181385,499748,484108,999496
2,32,6,0.194394112,0.160215616,499748,484108,999496
2,32,7,0.162509441,0.128222942,499748,484108,999496
2,32,8,0.193338156,0.130748272,499748,484108,999496
2,32,9,0.162674189,0.128270864,499748,484108,999496
28,32,0,0.129797220,0.095180273,500038,484376,1000076
28,32,1,0.130653858,0.096166611,500038,484376,1000076
28,32,2,0.130823612,0.096137762,500038,484376,1000076
28,32,3,0.134031534,0.099283695,500038,484376,1000076
28,32,4,0.130814791,0.096232176,500038,484376,1000076
28,32,5,0.130780220,0.096182823,500038,484376,1000076
28,32,6,0.162964106,0.128362656,500038,484376,1000076
28,32,7,0.131847858,0.097177029,500038,484376,1000076
28,32,8,0.161907911,0.128194332,500038,484376,1000076
28,32,9,0.162853241,0.128222466,500038,484376,1000076
29,32,0,0.160598040,0.098716736,499921,484302,999842
29,32,1,0.131386518,0.097641468,499921,484302,999842
29,32,2,0.129996538,0.096230507,499921,484302,999842
29,32,3,0.162089825,0.128209591,499921,484302,999842
29,32,4,0.162168503,0.128359318,499921,484302,999842
29,32,5,0.129844904,0.096383333,499921,484302,999842
29,32,6,0.162126541,0.128218174,499921,484302,999842
29,32,7,0.162038088,0.128215551,499921,484302,999842
29,32,8,0.161777735,0.128286600,499921,484302,999842
29,32,9,0.162142754,0.128209352,499921,484302,999842
10,32,0,0.160084486,0.097759485,499829,484498,999658
10,32,1,0.131111145,0.096708298,499829,484498,999658
10,32,2,0.130628347,0.096260786,499829,484498,999658
10,32,3,0.162678957,0.128299713,499829,484498,999658
10,32,4,0.162476063,0.128254175,499829,484498,999658
10,32,5,0.162639618,0.128235817,499829,484498,999658
10,32,6,0.194440842,0.160256386,499829,484498,999658
10,32,7,0.162702084,0.128296137,499829,484498,999658
10,32,8,0.162504435,0.128312349,499829,484498,999658
10,32,9,0.162759542,0.128282309,499829,484498,999658
0,32,0,0.161738873,0.127023935,500109,484522,1000218
0,32,1,0.162652016,0.128047705,500109,484522,1000218
0,32,2,0.162833691,0.128046513,500109,484522,1000218
0,32,3,0.194012880,0.159058332,500109,484522,1000218
0,32,4,0.194777250,0.160014391,500109,484522,1000218
0,32,5,0.192896128,0.158170462,500109,484522,1000218
0,32,6,0.226733685,0.192079544,500109,484522,1000218
0,32,7,0.195827246,0.161062479,500109,484522,1000218
0,32,8,0.193990946,0.160119772,500109,484522,1000218
0,32,9,0.194826126,0.160063744,500109,484522,1000218
17,32,0,0.193531036,0.160006523,500225,484438,1000450
17,32,1,0.161570549,0.128084660,500225,484438,1000450
17,32,2,0.161870956,0.128106356,500225,484438,1000450
17,32,3,0.193940639,0.160224199,500225,484438,1000450
17,32,4,0.192571402,0.130820751,500225,484438,1000450
17,32,5,0.161917925,0.128260612,500225,484438,1000450
17,32,6,0.193761110,0.160091639,500225,484438,1000450
17,32,7,0.193859816,0.160183668,500225,484438,1000450
17,32,8,0.194231272,0.160612822,500225,484438,1000450
17,32,9,0.193988085,0.160226822,500225,484438,1000450
22,32,0,0.130411625,0.096116304,499895,484280,999790
22,32,1,0.130275249,0.096112967,499895,484280,999790
22,32,2,0.098691225,0.064362764,499895,484280,999790
22,32,3,0.130479097,0.096271753,499895,484280,999790
22,32,4,0.128335238,0.065996885,499895,484280,999790
22,32,5,0.130572796,0.096244812,499895,484280,999790
22,32,6,0.162470818,0.128304005,499895,484280,999790
22,32,7,0.130588055,0.096283913,499895,484280,999790
22,32,8,0.130415440,0.096306324,499895,484280,999790
22,32,9,0.130613804,0.096261024,499895,484280,999790
16,32,0,0.161942482,0.127117634,499904,484198,999808
16,32,1,0.158703089,0.124080181,499904,484198,999808
16,32,2,0.167006969,0.132181168,499904,484198,999808
16,32,3,0.193604231,0.159027576,499904,484198,999808
16,32,4,0.162814379,0.128089190,499904,484198,999808
16,32,5,0.194729328,0.160089970,499904,484198,999808
16,32,6,0.195344925,0.160674810,499904,484198,999808
16,32,7,0.191752911,0.157084942,499904,484198,999808
16,32,8,0.194087744,0.160414696,499904,484198,999808
16,32,9,0.194788933,0.160091162,499904,484198,999808
5,32,0,0.161672115,0.128067970,500177,484571,1000354
5,32,1,0.161850452,0.128072977,500177,484571,1000354
5,32,2,0.161874771,0.128078222,500177,484571,1000354
5,32,3,0.193719864,0.160084486,500177,484571,1000354
5,32,4,0.161399126,0.128081083,500177,484571,1000354
5,32,5,0.161952972,0.128074169,500177,484571,1000354
5,32,6,0.163525581,0.129689217,500177,484571,1000354
5,32,7,0.193806171,0.160081148,500177,484571,1000354
5,32,8,0.194349051,0.160620928,500177,484571,1000354
5,32,9,0.193745136,0.160087824,500177,484571,1000354
18,32,0,0.134375572,0.100065470,500038,484163,1000076
18,32,1,0.130449533,0.096138477,500038,484163,1000076
18,32,2,0.130617380,0.096251965,500038,484163,1000076
18,32,3,0.162494421,0.128250599,500038,484163,1000076
18,32,4,0.130617619,0.096282959,500038,484163,1000076
18,32,5,0.162721634,0.128286362,500038,484163,1000076
18,32,6,0.163174868,0.128790855,500038,484163,1000076
18,32,7,0.162682533,0.128293991,500038,484163,1000076
18,32,8,0.162580490,0.128291607,500038,484163,1000076
18,32,9,0.162553549,0.128235340,500038,484163,1000076
20,32,0,0.161674500,0.127090693,499847,484274,999694
20,32,1,0.162623405,0.128107548,499847,484274,999694
20,32,2,0.160721302,0.097607136,499847,484274,999694
20,32,3,0.165791273,0.131078720,499847,484274,999694
20,32,4,0.162750959,0.128094196,499847,484274,999694
20,32,5,0.192420959,0.129530907,499847,484274,999694
20,32,6,0.194909096,0.160143614,499847,484274,999694
20,32,7,0.163522720,0.129076481,499847,484274,999694
20,32,8,0.178187132,0.131816864,499847,484274,999694
20,32,9,0.193577766,0.130452633,499847,484274,999694
31,32,0,0.101300478,0.096282244,499871,484170,999742
31,32,1,0.093065500,0.088245630,499871,484170,999742
31,32,2,0.093099117,0.088248968,499871,484170,999742
31,32,3,0.093180180,0.088263988,499871,484170,999742
31,32,4,0.093119860,0.088247299,499871,484170,999742
31,32,5,0.093187094,0.088257074,499871,484170,999742
31,32,6,0.181496859,0.176026583,499871,484170,999742
31,32,7,0.092102528,0.087201118,499871,484170,999742
31,32,8,0.181456327,0.176007748,499871,484170,999742
31,32,9,0.093176842,0.088256598,499871,484170,999742
15,32,0,0.178462982,0.173033953,499809,484245,999618
15,32,1,0.181385040,0.176044941,499809,484245,999618
15,32,2,0.181443930,0.176054955,499809,484245,999618
15,32,3,0.181452751,0.176046848,499809,484245,999618
15,32,4,0.181458235,0.176043510,499809,484245,999618
15,32,5,0.181449890,0.176043510,499809,484245,999618
15,32,6,0.093156576,0.088233948,499809,484245,999618
15,32,7,0.180474520,0.175051212,499809,484245,999618
15,32,8,0.093153477,0.088231564,499809,484245,999618
15,32,9,0.174533606,0.169054270,499809,484245,999618
27,32,0,0.189567089,0.184012890,499987,484445,999974
27,32,1,0.192579746,0.187024117,499987,484445,999974
27,32,2,0.189613104,0.184024572,499987,484445,999974
27,32,3,0.181608438,0.176024675,499987,484445,999974
27,32,4,0.181581974,0.176000595,499987,484445,999974
27,32,5,0.192579269,0.187018394,499987,484445,999974
27,32,6,0.181599140,0.176061630,499987,484445,999974
27,32,7,0.191615343,0.186033964,499987,484445,999974
27,32,8,0.170592308,0.165052891,499987,484445,999974
27,32,9,0.141701698,0.136136770,499987,484445,999974
3,32,0,0.277544022,0.272047520,499898,484190,999796
3,32,1,0.269503593,0.264039993,499898,484190,999796
3,32,2,0.269561052,0.264042139,499898,484190,999796
3,32,3,0.269500494,0.264043331,499898,484190,999796
3,32,4,0.269507170,0.264041185,499898,484190,999796
3,32,5,0.269519567,0.264046192,499898,484190,999796
3,32,6,0.269458532,0.264081001,499898,484190,999796
3,32,7,0.268489838,0.263020515,499898,484190,999796
3,32,8,0.269468069,0.264059067,499898,484190,999796
3,32,9,0.273554325,0.268022537,499898,484190,999796
23,32,0,0.200612783,0.195055962,499931,484399,999862
23,32,1,0.181529522,0.176026344,499931,484399,999862
23,32,2,0.181548595,0.176015139,499931,484399,999862
23,32,3,0.181629658,0.176045656,499931,484399,999862
23,32,4,0.181604862,0.176044703,499931,484399,999862
23,32,5,0.181569815,0.176029682,499931,484399,999862
23,32,6,0.181576490,0.176068306,499931,484399,999862
23,32,7,0.180592775,0.175040483,499931,484399,999862
23,32,8,0.181565285,0.176069260,499931,484399,999862
23,32,9,0.185609579,0.180041790,499931,484399,999862
7,32,0,0.277500391,0.272005320,500058,484465,1000116
7,32,1,0.269386292,0.264029741,500058,484465,1000116
7,32,2,0.266505718,0.261011124,500058,484465,1000116
7,32,3,0.269491196,0.264009714,500058,484465,1000116
7,32,4,0.258497238,0.252998114,500058,484465,1000116
7,32,5,0.269555569,0.264051676,500058,484465,1000116
7,32,6,0.269552708,0.264083385,500058,484465,1000116
7,32,7,0.268543720,0.263041973,500058,484465,1000116
7,32,8,0.269555092,0.264070988,500058,484465,1000116
7,32,9,0.273541927,0.268043041,500058,484465,1000116
11,32,0,0.277507782,0.272019148,500017,484400,1000034
11,32,1,0.258466959,0.253046989,500017,484400,1000034
11,32,2,0.266518831,0.261044979,500017,484400,1000034
11,32,3,0.269526720,0.264052868,500017,484400,1000034
11,32,4,0.280511618,0.275018215,500017,484400,1000034
11,32,5,0.258497477,0.253042221,500017,484400,1000034
11,32,6,0.269484043,0.264013767,500017,484400,1000034
11,32,7,0.268513680,0.263041258,500017,484400,1000034
11,32,8,0.192476749,0.187058210,500017,484400,1000034
11,32,9,0.262515068,0.257026196,500017,484400,1000034
19,32,0,0.277521133,0.272018909,500070,484541,1000140
19,32,1,0.269560575,0.264014006,500070,484541,1000140
19,32,2,0.266575098,0.261027575,500070,484541,1000140
19,32,3,0.269527674,0.264019728,500070,484541,1000140
19,32,4,0.280585527,0.275022507,500070,484541,1000140
19,32,5,0.269554138,0.264018059,500070,484541,1000140
19,32,6,0.269565582,0.264040709,500070,484541,1000140
19,32,7,0.268560886,0.263017178,500070,484541,1000140
19,32,8,0.269593239,0.264041424,500070,484541,1000140
19,32,9,0.262567282,0.257010460,500070,484541,1000140
55,64,0,0.358088255,0.352027416,500021,492209,1000042
55,64,1,0.358172894,0.352025986,500021,492209,1000042
55,64,2,0.358183861,0.352036476,500021,492209,1000042
55,64,3,0.358848333,0.353115082,500021,492209,1000042
55,64,4,0.356870174,0.351135015,500021,492209,1000042
55,64,5,0.177899837,0.172143936,500021,492209,1000042
55,64,6,0.188686371,0.183088541,500021,492209,1000042
55,64,7,0.182755709,0.177131176,500021,492209,1000042
55,64,8,0.182732582,0.177107096,500021,492209,1000042
55,64,9,0.182714701,0.177087069,500021,492209,1000042
3,64,0,0.708152533,0.702029943,499898,492124,999796
3,64,1,0.720085859,0.714012146,499898,492124,999796
3,64,2,0.709149361,0.703002453,499898,492124,999796
3,64,3,0.710340977,0.704578638,499898,492124,999796
3,64,4,0.708353996,0.702566862,499898,492124,999796
3,64,5,0.530023336,0.524164677,499898,492124,999796
3,64,6,0.543790102,0.538109303,499898,492124,999796
3,64,7,0.533833027,0.528120279,499898,492124,999796
3,64,8,0.533819914,0.528125763,499898,492124,999796
3,64,9,0.533801556,0.528118849,499898,492124,999796
63,64,0,0.182299137,0.176568270,499746,491782,999492
63,64,1,0.182291746,0.176578283,499746,491782,999492
63,64,2,0.182364225,0.176572800,499746,491782,999492
63,64,3,0.182434559,0.176604271,499746,491782,999492
63,64,4,0.180382252,0.174551010,499746,491782,999492
63,64,5,0.177595139,0.171625137,499746,491782,999492
63,64,6,0.188369274,0.182494164,499746,491782,999492
63,64,7,0.182415009,0.176608324,499746,491782,999492
63,64,8,0.182354927,0.176498413,499746,491782,999492
63,64,9,0.182423830,0.176569939,499746,491782,999492
54,64,0,0.515718699,0.448159456,499939,492118,999878
54,64,1,0.515606642,0.448071003,499939,492118,999878
54,64,2,0.515708923,0.448092461,499939,492118,999878
54,64,3,0.641233444,0.513143778,499939,492118,999878
54,64,4,0.579635620,0.512100935,499939,492118,999878
54,64,5,0.387845755,0.320182323,499939,492118,999878
54,64,6,0.451949596,0.384042025,499939,492118,999878
54,64,7,0.387292862,0.320205450,499939,492118,999878
54,64,8,0.451546431,0.384064436,499939,492118,999878
54,64,9,0.387568712,0.320243120,499939,492118,999878
15,64,0,0.510156631,0.504010916,499809,491991,999618
15,64,1,0.534167051,0.528002977,499809,491991,999618
15,64,2,0.534221888,0.528020382,499809,491991,999618
15,64,3,0.534285545,0.528155565,499809,491991,999618
15,64,4,0.527558088,0.521135569,499809,491991,999618
15,64,5,0.364546537,0.358541489,499809,491991,999618
15,64,6,0.353843451,0.348087311,499809,491991,999618
15,64,7,0.358000040,0.352221489,499809,491991,999618
15,64,8,0.357940912,0.352195263,499809,491991,999618
15,64,9,0.357995987,0.352247000,499809,491991,999618
51,64,0,0.543107033,0.537018061,500031,492316,1000062
51,64,1,0.534078836,0.528011084,500031,492316,1000062
51,64,2,0.358715773,0.353082418,500031,492316,1000062
51,64,3,0.534093618,0.528044701,500031,492316,1000062
51,64,4,0.527404070,0.521053791,500031,492316,1000062
51,64,5,0.364334106,0.358255148,500031,492316,1000062
51,64,6,0.353330374,0.347465515,500031,492316,1000062
51,64,7,0.357317924,0.351479769,500031,492316,1000062
51,64,8,0.357367039,0.351489782,500031,492316,1000062
51,64,9,0.358265400,0.352458715,500031,492316,1000062
31,64,0,0.532145977,0.525991440,499871,492070,999742
31,64,1,0.534096479,0.527974129,499871,492070,999742
31,64,2,0.358621836,0.352949858,499871,492070,999742
31,64,3,0.182934046,0.177091837,499871,492070,999742
31,64,4,0.182934761,0.177069664,499871,492070,999742
31,64,5,0.188441038,0.182523727,499871,492070,999742
31,64,6,0.182359219,0.176503658,499871,492070,999742
31,64,7,0.182363987,0.176579237,499871,492070,999742
31,64,8,0.182407141,0.176547766,499871,492070,999742
31,64,9,0.182458162,0.176619530,499871,492070,999742
49,64,0,0.643327236,0.576087236,500181,492367,1000362
49,64,1,0.642252207,0.575051308,500181,492367,1000362
49,64,2,0.576301575,0.509098768,500181,492367,1000362
49,64,3,0.707303286,0.640091181,500181,492367,1000362
49,64,4,0.707306862,0.640112162,500181,492367,1000362
49,64,5,0.515318155,0.448093414,500181,492367,1000362
49,64,6,0.579256535,0.512072802,500181,492367,1000362
49,64,7,0.514234066,0.447130919,500181,492367,1000362
49,64,8,0.579304218,0.512074709,500181,492367,1000362
49,64,9,0.512186050,0.448086500,500181,492367,1000362
50,64,0,0.579578876,0.512077570,499732,491852,999464
50,64,1,0.515538692,0.448046446,499732,491852,999464
50,64,2,0.515717030,0.448108912,499732,491852,999464
50,64,3,0.643666029,0.576078653,499732,491852,999464
50,64,4,0.579596519,0.512122154,499732,491852,999464
50,64,5,0.451722145,0.384104490,499732,491852,999464
50,64,6,0.511916637,0.444061041,499732,491852,999464
50,64,7,0.455511093,0.388093710,499732,491852,999464
50,64,8,0.511570215,0.444061995,499732,491852,999464
50,64,9,0.447610855,0.380094290,499732,491852,999464
7,64,0,0.719231367,0.713030815,500058,492322,1000116
7,64,1,0.709190845,0.703016520,500058,492322,1000116
7,64,2,0.709265232,0.703025103,500058,492322,1000116
7,64,3,0.710274220,0.704151154,500058,492322,1000116
7,64,4,0.703519821,0.697159767,500058,492322,1000116
7,64,5,0.540417910,0.534271717,500058,492322,1000116
7,64,6,0.529312849,0.523269892,500058,492322,1000116
7,64,7,0.533325672,0.527273178,500058,492322,1000116
7,64,8,0.533334732,0.527285337,500058,492322,1000116
7,64,9,0.533337831,0.527275801,500058,492322,1000116
53,64,0,0.579448700,0.512079000,500111,492435,1000222
53,64,1,0.578238010,0.511029005,500111,492435,1000222
53,64,2,0.532437086,0.465066195,500111,492435,1000222
53,64,3,0.703451395,0.640077829,500111,492435,1000222
53,64,4,0.703497887,0.636151791,500111,492435,1000222
53,64,5,0.450847149,0.384326935,500111,492435,1000222
53,64,6,0.514996290,0.448179483,500111,492435,1000222
53,64,7,0.514366627,0.447062016,500111,492435,1000222
53,64,8,0.514965057,0.448196173,500111,492435,1000222
53,64,9,0.512423992,0.448065519,500111,492435,1000222
2,64,0,0.643356085,0.576041937,499748,491924,999496
2,64,1,0.579344749,0.512000084,499748,491924,999496
2,64,2,0.643285275,0.576033831,499748,491924,999496
2,64,3,0.768708467,0.641024590,499748,491924,999496
2,64,4,0.707307816,0.640038252,499748,491924,999496
2,64,5,0.515495300,0.448079348,499748,491924,999496
2,64,6,0.579748154,0.512043476,499748,491924,999496
2,64,7,0.515568018,0.448102951,499748,491924,999496
2,64,8,0.579458475,0.512036324,499748,491924,999496
2,64,9,0.515369177,0.448066711,499748,491924,999496
9,64,0,0.579210758,0.512118101,500244,492497,1000488
9,64,1,0.642258883,0.575060606,500244,492497,1000488
9,64,2,0.576802731,0.509611130,500244,492497,1000488
9,64,3,0.711261272,0.640071392,500244,492497,1000488
9,64,4,0.774966955,0.708077908,500244,492497,1000488
9,64,5,0.515335083,0.448132038,500244,492497,1000488
9,64,6,0.579313040,0.512108803,500244,492497,1000488
9,64,7,0.514333010,0.447146654,500244,492497,1000488
9,64,8,0.579288244,0.512097836,500244,492497,1000488
9,64,9,0.512326956,0.448121071,500244,492497,1000488
27,64,0,0.532017469,0.525928259,499987,492151,999974
27,64,1,0.533218861,0.527029753,499987,492151,999974
27,64,2,0.534186602,0.528000832,499987,492151,999974
27,64,3,0.358159781,0.352104902,499987,492151,999974
27,64,4,0.358188152,0.352141857,499987,492151,999974
27,64,5,0.364387751,0.358238459,499987,492151,999974
27,64,6,0.353337049,0.347388983,499987,492151,999974
27,64,7,0.357248783,0.351253986,499987,492151,999974
27,64,8,0.357299089,0.351312637,499987,492151,999974
27,64,9,0.358362436,0.352396250,499987,492151,999974
5,64,0,0.579397202,0.512089729,500177,492473,1000354
5,64,1,0.646436453,0.579075575,500177,492473,1000354
5,64,2,0.580535650,0.513119459,500177,492473,1000354
5,64,3,0.707442999,0.640070677,500177,492473,1000354
5,64,4,0.707502127,0.640109777,500177,492473,1000354
5,64,5,0.511517525,0.448118925,500177,492473,1000354
5,64,6,0.579476595,0.512116671,500177,492473,1000354
5,64,7,0.514506102,0.447129011,500177,492473,1000354
5,64,8,0.579512358,0.512108326,500177,492473,1000354
5,64,9,0.512494326,0.448118925,500177,492473,1000354
58,64,0,0.515430212,0.448084831,500063,492158,1000126
58,64,1,0.515532970,0.448061466,500063,492158,1000126
58,64,2,0.515551090,0.448080778,500063,492158,1000126
58,64,3,0.643552065,0.576102734,500063,492158,1000126
58,64,4,0.643424034,0.576077700,500063,492158,1000126
58,64,5,0.451597691,0.384071112,500063,492158,1000126
58,64,6,0.515873432,0.448058367,500063,492158,1000126
58,64,7,0.451489687,0.384040594,500063,492158,1000126
58,64,8,0.515527248,0.448053360,500063,492158,1000126
58,64,9,0.451542854,0.384062052,500063,492158,1000126
6,64,0,0.579535961,0.512068510,499961,492122,999922
6,64,1,0.579634428,0.512062788,499961,492122,999922
6,64,2,0.579564095,0.512097597,499961,492122,999922
6,64,3,0.707540751,0.640059471,499961,492122,999922
6,64,4,0.706732273,0.578695774,499961,492122,999922
6,64,5,0.515693426,0.448111057,499961,492122,999922
6,64,6,0.579966068,0.512104511,499961,492122,999922
6,64,7,0.515567064,0.448114395,499961,492122,999922
6,64,8,0.579656839,0.512098312,499961,492122,999922
6,64,9,0.515651226,0.448070526,499961,492122,999922
23,64,0,0.532358646,0.526225567,499931,492218,999862
23,64,1,0.533321857,0.527180195,499931,492218,999862
23,64,2,0.544201851,0.538028717,499931,492218,999862
23,64,3,0.534232378,0.528015614,499931,492218,999862
23,64,4,0.526330709,0.520003319,499931,492218,999862
23,64,5,0.342148781,0.336054087,499931,492218,999862
23,64,6,0.342248678,0.336212397,499931,492218,999862
23,64,7,0.357254028,0.351180553,499931,492218,999862
23,64,8,0.357293129,0.351241827,499931,492218,999862
23,64,9,0.358294487,0.352244377,499931,492218,999862
52,64,0,0.631194353,0.507082939,499829,491930,999658
52,64,1,0.644157648,0.516070366,499829,491930,999658
52,64,2,0.641068697,0.513081312,499829,491930,999658
52,64,3,0.703367710,0.575188875,499829,491930,999658
52,64,4,0.700264454,0.572083235,499829,491930,999658
52,64,5,0.509434700,0.381195784,499829,491930,999658
52,64,6,0.452874899,0.385067940,499829,491930,999658
52,64,7,0.445340395,0.317361832,499829,491930,999658
52,64,8,0.451939583,0.384094238,499829,491930,999658
52,64,9,0.451387644,0.323382854,499829,491930,999658
62,64,0,0.515650749,0.448116541,499810,492134,999620
62,64,1,0.515567541,0.448050976,499810,492134,999620
62,64,2,0.515636683,0.448127985,499810,492134,999620
62,64,3,0.643594742,0.576055288,499810,492134,999620
62,64,4,0.579580784,0.512089491,499810,492134,999620
62,64,5,0.451609373,0.384068012,499810,492134,999620
62,64,6,0.575981855,0.448064089,499810,492134,999620
62,64,7,0.451633453,0.384084225,499810,492134,999620
62,64,8,0.515654325,0.448074818,499810,492134,999620
62,64,9,0.451658964,0.384080887,499810,492134,999620
61,64,0,0.579447746,0.512073517,500134,492183,1000268
61,64,1,0.578386068,0.511089325,500134,492183,1000268
61,64,2,0.576380491,0.509093285,500134,492183,1000268
61,64,3,0.707419872,0.640089750,500134,492183,1000268
61,64,4,0.707432985,0.640068769,500134,492183,1000268
61,64,5,0.451435804,0.384120464,500134,492183,1000268
61,64,6,0.515438080,0.448058605,500134,492183,1000268
61,64,7,0.512483358,0.384988308,500134,492183,1000268
61,64,8,0.515419960,0.448055267,500134,492183,1000268
61,64,9,0.479870558,0.384148121,500134,492183,1000268
17,64,0,0.643472910,0.576097250,500225,492398,1000450
17,64,1,0.698396921,0.631069660,500225,492398,1000450
17,64,2,0.580466747,0.513112307,500225,492398,1000450
17,64,3,0.707481623,0.640079260,500225,492398,1000450
17,64,4,0.707458019,0.640081644,500225,492398,1000450
17,64,5,0.515478849,0.448147774,500225,492398,1000450
17,64,6,0.579532146,0.512124538,500225,492398,1000450
17,64,7,0.576900959,0.448822737,500225,492398,1000450
17,64,8,0.579474688,0.512109041,500225,492398,1000450
17,64,9,0.516509533,0.448157310,500225,492398,1000450
42,64,0,0.579362392,0.451884747,499740,491992,999480
42,64,1,0.515552998,0.448062658,499740,491992,999480
42,64,2,0.451600313,0.384209394,499740,491992,999480
42,64,3,0.579578876,0.512119293,499740,491992,999480
42,64,4,0.579651833,0.512068510,499740,491992,999480
42,64,5,0.451619864,0.384069443,499740,491992,999480
42,64,6,0.515945435,0.448064327,499740,491992,999480
42,64,7,0.451683044,0.384125948,499740,491992,999480
42,64,8,0.515519381,0.448066235,499740,491992,999480
42,64,9,0.451613426,0.384138107,499740,491992,999480
47,64,0,0.182412386,0.176553726,499936,492186,999872
47,64,1,0.182374954,0.176582813,499936,492186,999872
47,64,2,0.358225107,0.352163553,499936,492186,999872
47,64,3,0.534116268,0.528021336,499936,492186,999872
47,64,4,0.548279285,0.542024136,499936,492186,999872
47,64,5,0.364156246,0.358030319,499936,492186,999872
47,64,6,0.364217281,0.358177900,499936,492186,999872
47,64,7,0.357201815,0.351148367,499936,492186,999872
47,64,8,0.358218193,0.352150202,499936,492186,999872
47,64,9,0.358221292,0.352186441,499936,492186,999872
1,64,0,0.643347025,0.576075792,499877,492195,999754
1,64,1,0.710394382,0.643072128,499877,492195,999754
1,64,2,0.644402742,0.577102184,499877,492195,999754
1,64,3,0.771383047,0.704064369,499877,492195,999754
1,64,4,0.771505594,0.704102039,499877,492195,999754
1,64,5,0.579368114,0.512061834,499877,492195,999754
1,64,6,0.579278469,0.512111664,499877,492195,999754
1,64,7,0.578393936,0.511053801,499877,492195,999754
1,64,8,0.579311609,0.512128592,499877,492195,999754
1,64,9,0.580476761,0.512060404,499877,492195,999754
18,64,0,0.579541206,0.512086868,500038,491949,1000076
18,64,1,0.579505205,0.512023687,500038,491949,1000076
18,64,2,0.579546928,0.512100935,500038,491949,1000076
18,64,3,0.707546473,0.640079975,500038,491949,1000076
18,64,4,0.643541098,0.576074839,500038,491949,1000076
18,64,5,0.515638828,0.448140144,500038,491949,1000076
18,64,6,0.579973698,0.512110949,500038,491949,1000076
18,64,7,0.515650034,0.448169231,500038,491949,1000076
18,64,8,0.579526186,0.512105942,500038,491949,1000076
18,64,9,0.515732527,0.448161602,500038,491949,1000076
13,64,0,0.579359055,0.512085199,499794,492017,999588
13,64,1,0.646332979,0.579079151,499794,492017,999588
13,64,2,0.580331087,0.513069630,499794,492017,999588
13,64,3,0.707330465,0.640072107,499794,492017,999588
13,64,4,0.707349777,0.640075922,499794,492017,999588
13,64,5,0.515349150,0.448132992,499794,492017,999588
13,64,6,0.579198599,0.451849461,499794,492017,999588
13,64,7,0.514374018,0.447140455,499794,492017,999588
13,64,8,0.578659773,0.450875759,499794,492017,999588
13,64,9,0.516361237,0.448149920,499794,492017,999588
0,64,0,0.642914295,0.575074673,500109,492321,1000218
0,64,1,0.643858433,0.576025009,500109,492321,1000218
0,64,2,0.644885778,0.577064514,500109,492321,1000218
0,64,3,0.831316233,0.703068018,500109,492321,1000218
0,64,4,0.832105875,0.704094410,500109,492321,1000218
0,64,5,0.596700668,0.529017925,500109,492321,1000218
0,64,6,0.640430927,0.512047768,500109,492321,1000218
0,64,7,0.580806255,0.513027191,500109,492321,1000218
0,64,8,0.579869270,0.512097836,500109,492321,1000218
0,64,9,0.577820778,0.510026455,500109,492321,1000218
10,64,0,0.579561710,0.512105227,499829,492191,999658
10,64,1,0.579563856,0.512069941,499829,492191,999658
10,64,2,0.579539299,0.512081385,499829,492191,999658
10,64,3,0.707592249,0.640083075,499829,492191,999658
10,64,4,0.643522024,0.576076984,499829,492191,999658
10,64,5,0.515595436,0.448076010,499829,492191,999658
10,64,6,0.579423189,0.451183081,499829,492191,999658
10,64,7,0.515547037,0.448108912,499829,492191,999658
10,64,8,0.577261925,0.449174166,499829,492191,999658
10,64,9,0.515609741,0.448109388,499829,492191,999658
37,64,0,0.579354525,0.512072325,500242,492471,1000484
37,64,1,0.642337084,0.575065613,500242,492471,1000484
37,64,2,0.516291857,0.449027777,500242,492471,1000484
37,64,3,0.643315554,0.576039314,500242,492471,1000484
37,64,4,0.643378019,0.576117039,500242,492471,1000484
37,64,5,0.451524734,0.384338856,500242,492471,1000484
37,64,6,0.579373598,0.512073040,500242,492471,1000484
37,64,7,0.506393671,0.439104319,500242,492471,1000484
37,64,8,0.579361916,0.512079000,500242,492471,1000484
37,64,9,0.516439915,0.448107958,500242,492471,1000484
14,64,0,0.579619169,0.512069225,500214,492521,1000428
14,64,1,0.576822996,0.448810816,500214,492521,1000428
14,64,2,0.579568148,0.512070894,500214,492521,1000428
14,64,3,0.707916260,0.640418291,500214,492521,1000428
14,64,4,0.643842220,0.576326847,500214,492521,1000428
14,64,5,0.515756369,0.448085308,500214,492521,1000428
14,64,6,0.576006889,0.448148012,500214,492521,1000428
14,64,7,0.515641451,0.448132277,500214,492521,1000428
14,64,8,0.515691042,0.448138237,500214,492521,1000428
14,64,9,0.515758753,0.448154449,500214,492521,1000428
39,64,0,0.358217716,0.352357149,500001,492261,1000002
39,64,1,0.358207464,0.352220297,500001,492261,1000002
39,64,2,0.358115196,0.352033377,500001,492261,1000002
39,64,3,0.534152508,0.528021574,500001,492261,1000002
39,64,4,0.537285805,0.531008005,500001,492261,1000002
39,64,5,0.353115797,0.347014427,500001,492261,1000002
39,64,6,0.353115797,0.347048044,500001,492261,1000002
39,64,7,0.357122183,0.351048231,500001,492261,1000002
39,64,8,0.358154297,0.352045774,500001,492261,1000002
39,64,9,0.358180046,0.352115154,500001,492261,1000002
57,64,0,0.579289198,0.512058020,499899,491971,999798
57,64,1,0.641456366,0.513634920,499899,491971,999798
57,64,2,0.580338001,0.513090134,499899,491971,999798
57,64,3,0.707325935,0.640085697,499899,491971,999798
57,64,4,0.707357168,0.640087128,499899,491971,999798
57,64,5,0.515314817,0.448081732,499899,491971,999798
57,64,6,0.515285969,0.448054552,499899,491971,999798
57,64,7,0.518324375,0.451066732,499899,491971,999798
57,64,8,0.515207767,0.448032379,499899,491971,999798
57,64,9,0.516337872,0.448070288,499899,491971,999798
22,64,0,0.579695463,0.512067795,499895,492108,999790
22,64,1,0.579643726,0.512071133,499895,492108,999790
22,64,2,0.515614510,0.448090076,499895,492108,999790
22,64,3,0.707609177,0.640069962,499895,492108,999790
22,64,4,0.643551826,0.576039791,499895,492108,999790
22,64,5,0.515652895,0.448108673,499895,492108,999790
22,64,6,0.640052557,0.512078047,499895,492108,999790
22,64,7,0.515600920,0.448150873,499895,492108,999790
22,64,8,0.579583645,0.512076378,499895,492108,999790
22,64,9,0.515759945,0.448138475,499895,492108,999790
29,64,0,0.579399586,0.512074471,499921,492039,999842
29,64,1,0.642448425,0.575092077,499921,492039,999842
29,64,2,0.452323675,0.385051012,499921,492039,999842
29,64,3,0.514278889,0.448067188,499921,492039,999842
29,64,4,0.514258146,0.448121071,499921,492039,999842
29,64,5,0.451426029,0.384074211,499921,492039,999842
29,64,6,0.515495777,0.448081255,499921,492039,999842
29,64,7,0.451479435,0.384128571,499921,492039,999842
29,64,8,0.515418053,0.448085308,499921,492039,999842
29,64,9,0.452521801,0.384131908,499921,492039,999842
30,64,0,0.515595198,0.448069334,500074,492186,1000148
30,64,1,0.515594006,0.448073149,500074,492186,1000148
30,64,2,0.387081861,0.320280790,500074,492186,1000148
30,64,3,0.515256405,0.448019981,500074,492186,1000148
30,64,4,0.451298475,0.384068966,500074,492186,1000148
30,64,5,0.451602697,0.384069204,500074,492186,1000148
30,64,6,0.515909195,0.448085785,500074,492186,1000148
30,64,7,0.451627493,0.384108543,500074,492186,1000148
30,64,8,0.515520334,0.448035717,500074,492186,1000148
30,64,9,0.451716900,0.384107828,500074,492186,1000148
33,64,0,0.643465996,0.576075792,500142,492480,1000284
33,64,1,0.706474781,0.639090300,500142,492480,1000284
33,64,2,0.580428362,0.513059616,500142,492480,1000284
33,64,3,0.642417908,0.576056480,500142,492480,1000284
33,64,4,0.643687010,0.577197075,500142,492480,1000284
33,64,5,0.579511166,0.512087345,500142,492480,1000284
33,64,6,0.643449783,0.576096535,500142,492480,1000284
33,64,7,0.578468561,0.511118412,500142,492480,1000284
33,64,8,0.643440008,0.576089144,500142,492480,1000284
33,64,9,0.580516815,0.512120247,500142,492480,1000284
35,64,0,0.532137871,0.526199579,500089,492327,1000178
35,64,1,0.533203125,0.527145624,500089,492327,1000178
35,64,2,0.534075737,0.528032780,500089,492327,1000178
35,64,3,0.534432650,0.528864622,500089,492327,1000178
35,64,4,0.534436941,0.528849363,500089,492327,1000178
35,64,5,0.529051304,0.523026466,500089,492327,1000178
35,64,6,0.529066086,0.523048878,500089,492327,1000178
35,64,7,0.533067465,0.527051210,500089,492327,1000178
35,64,8,0.533020735,0.526998520,500089,492327,1000178
35,64,9,0.533063173,0.527049303,500089,492327,1000178
48,64,0,0.703229904,0.575077772,499937,492174,999874
48,64,1,0.640414000,0.512055635,499937,492174,999874
48,64,2,0.641639233,0.513073444,499937,492174,999874
48,64,3,0.767203093,0.639098883,499937,492174,999874
48,64,4,0.704265594,0.576135159,499937,492174,999874
48,64,5,0.577908039,0.449045181,499937,492174,999874
48,64,6,0.573280096,0.445079565,499937,492174,999874
48,64,7,0.514096975,0.385237217,499937,492174,999874
48,64,8,0.580351353,0.452074766,499937,492174,999874
48,64,9,0.511350393,0.383165598,499937,492174,999874
34,64,0,0.579620600,0.512125254,500135,492315,1000270
34,64,1,0.579533100,0.512076855,500135,492315,1000270
34,64,2,0.515580416,0.448068857,500135,492315,1000270
34,64,3,0.579158306,0.512056351,500135,492315,1000270
34,64,4,0.577336073,0.449912786,500135,492315,1000270
34,64,5,0.515502691,0.448076725,500135,492315,1000270
34,64,6,0.579896927,0.512076139,500135,492315,1000270
34,64,7,0.515562057,0.448089600,500135,492315,1000270
34,64,8,0.579565287,0.512074709,500135,492315,1000270
34,64,9,0.515671968,0.448110104,500135,492315,1000270
21,64,0,0.643373251,0.576078892,500015,492143,1000030
21,64,1,0.706364632,0.639082670,500015,492143,1000030
21,64,2,0.516369820,0.449096441,500015,492143,1000030
21,64,3,0.707313776,0.640059471,500015,492143,1000030
21,64,4,0.707363844,0.640066862,500015,492143,1000030
21,64,5,0.515398026,0.448077917,500015,492143,1000030
21,64,6,0.579382181,0.512072325,500015,492143,1000030
21,64,7,0.515414238,0.448141813,500015,492143,1000030
21,64,8,0.579381466,0.512069225,500015,492143,1000030
21,64,9,0.516436815,0.448115110,500015,492143,1000030
46,64,0,0.515612125,0.448099375,500151,492563,1000302
46,64,1,0.515574455,0.448064804,500151,492563,1000302
46,64,2,0.451533794,0.384063005,500151,492563,1000302
46,64,3,0.579556465,0.512095213,500151,492563,1000302
46,64,4,0.515606642,0.448112011,500151,492563,1000302
46,64,5,0.387650013,0.320106030,500151,492563,1000302
46,64,6,0.575988770,0.448076487,500151,492563,1000302
46,64,7,0.451582432,0.384072304,500151,492563,1000302
46,64,8,0.515046358,0.387033939,500151,492563,1000302
46,64,9,0.451620817,0.384079695,500151,492563,1000302
16,64,0,0.702983856,0.575078011,499904,491913,999808
26,64,0,0.579657793,0.512190580,500146,492276,1000292
26,64,1,0.579083443,0.451205492,500146,492276,1000292
26,64,2,0.515536547,0.448066711,500146,492276,1000292
26,64,3,0.579156399,0.512067318,500146,492276,1000292
26,64,4,0.515191555,0.448089600,500146,492276,1000292
26,64,5,0.513797760,0.385429621,500146,492276,1000292
26,64,6,0.579992294,0.452151537,500146,492276,1000292
26,64,7,0.511501551,0.444085121,500146,492276,1000292
26,64,8,0.519555569,0.452108860,500146,492276,1000292
26,64,9,0.515625000,0.452105284,500146,492276,1000292
43,64,0,0.358233213,0.352281570,499881,492108,999762
43,64,1,0.358239889,0.352202177,499881,492108,999762
43,64,2,0.358233690,0.352186203,499881,492108,999762
43,64,3,0.534188271,0.528029203,499881,492108,999762
43,64,4,0.537369967,0.531030655,499881,492108,999762
43,64,5,0.298355579,0.292118549,499881,492108,999762
43,64,6,0.463146925,0.457033396,499881,492108,999762
43,64,7,0.533166885,0.527040958,499881,492108,999762
43,64,8,0.533160210,0.527039528,499881,492108,999762
43,64,9,0.533196211,0.527040958,499881,492108,999762
41,64,0,0.643447638,0.576092720,500268,492503,1000536
41,64,1,0.642402411,0.575058699,500268,492503,1000536
41,64,2,0.576396942,0.509069920,500268,492503,1000536
41,64,3,0.707402468,0.640077829,500268,492503,1000536
41,64,4,0.707447767,0.640105724,500268,492503,1000536
41,64,5,0.515461206,0.448093176,500268,492503,1000536
41,64,6,0.579442978,0.512101889,500268,492503,1000536
41,64,7,0.578373432,0.511084795,500268,492503,1000536
41,64,8,0.579432726,0.512101889,500268,492503,1000536
41,64,9,0.576475382,0.509170771,500268,492503,1000536
60,64,0,0.639085770,0.511075497,500226,492368,1000452
60,64,1,0.576369762,0.448122501,500226,492368,1000452
60,64,2,0.640247107,0.512034655,500226,492368,1000452
60,64,3,0.706909180,0.639064550,500226,492368,1000452
60,64,4,0.704066515,0.576087713,500226,492368,1000452
60,64,5,0.517129660,0.389158010,500226,492368,1000452
60,64,6,0.572056055,0.445071220,500226,492368,1000452
60,64,7,0.388968229,0.321162462,500226,492368,1000452
60,64,8,0.512133598,0.384075403,500226,492368,1000452
60,64,9,0.448343277,0.320128918,500226,492368,1000452
38,64,0,0.579583406,0.512071371,500248,492340,1000496
38,64,1,0.515560389,0.448053837,500248,492340,1000496
38,64,2,0.515572309,0.448024988,500248,492340,1000496
38,64,3,0.643570662,0.576071739,500248,492340,1000496
38,64,4,0.579589605,0.512057543,500248,492340,1000496
38,64,5,0.451677799,0.384103775,500248,492340,1000496
38,64,6,0.515941381,0.448085785,500248,492340,1000496
38,64,7,0.515558243,0.448076963,500248,492340,1000496
38,64,8,0.515594244,0.448103666,500248,492340,1000496
38,64,9,0.511717319,0.448187351,500248,492340,1000496
59,64,0,0.358074188,0.352012873,500239,492374,1000478
59,64,1,0.358066320,0.352016926,500239,492374,1000478
59,64,2,0.358155251,0.352037191,500239,492374,1000478
59,64,3,0.358317137,0.352360249,500239,492374,1000478
59,64,4,0.455053091,0.350326061,500239,492374,1000478
59,64,5,0.353156328,0.346996784,500239,492374,1000478
59,64,6,0.364178419,0.358024359,500239,492374,1000478
59,64,7,0.357188940,0.351027012,500239,492374,1000478
59,64,8,0.358215809,0.352021933,500239,492374,1000478
59,64,9,0.358144283,0.352006912,500239,492374,1000478
45,64,0,0.643393755,0.576064110,500249,492534,1000498
45,64,1,0.638390541,0.571068048,500249,492534,1000498
45,64,2,0.580397606,0.513069391,500249,492534,1000498
45,64,3,0.707382441,0.640077591,500249,492534,1000498
45,64,4,0.703449488,0.636115313,500249,492534,1000498
45,64,5,0.515398502,0.448054790,500249,492534,1000498
45,64,6,0.579378128,0.512073278,500249,492534,1000498
45,64,7,0.578387499,0.511074066,500249,492534,1000498
45,64,8,0.579401731,0.512067795,500249,492534,1000498
45,64,9,0.572392702,0.509090185,500249,492534,1000498
25,64,0,0.643433809,0.576079607,500163,492490,1000326
25,64,1,0.642390251,0.575043678,500163,492490,1000326
25,64,2,0.516457558,0.449074745,500163,492490,1000326
25,64,3,0.577500343,0.454253674,500163,492490,1000326
25,64,4,0.583232164,0.516071558,500163,492490,1000326
25,64,5,0.455510855,0.384144783,500163,492490,1000326
25,64,6,0.515480280,0.448116064,500163,492490,1000326
25,64,7,0.515329123,0.448080301,500163,492490,1000326
25,64,8,0.515489578,0.448107004,500163,492490,1000326
25,64,9,0.512292385,0.387953997,500163,492490,1000326
20,64,0,0.703068495,0.575080633,499847,492172,999694
19,64,0,0.532686710,0.526972532,500070,492341,1000140
19,64,1,0.533734322,0.528008938,500070,492341,1000140
19,64,2,0.533338308,0.527205944,500070,492341,1000140
19,64,3,0.710227966,0.704035044,500070,492341,1000140
19,64,4,0.713383675,0.707018137,500070,492341,1000140
19,64,5,0.529224396,0.523035765,500070,492341,1000140
19,64,6,0.540226460,0.534058571,500070,492341,1000140
19,64,7,0.533213139,0.527038336,500070,492341,1000140
19,64,8,0.533194304,0.527049780,500070,492341,1000140
19,64,9,0.533191919,0.527039528,500070,492341,1000140
12,64,0,0.639168262,0.511122704,500307,492499,1000614
12,64,1,0.640169621,0.512079239,500307,492499,1000614
12,64,2,0.580963373,0.513108969,500307,492499,1000614
12,64,3,0.767077446,0.639071465,500307,492499,1000614
12,64,4,0.707960844,0.640087366,500307,492499,1000614
12,64,5,0.577003479,0.449151516,500307,492499,1000614
12,64,6,0.644214630,0.517094374,500307,492499,1000614
12,64,7,0.589346170,0.461135864,500307,492499,1000614
12,64,8,0.575966835,0.508109331,500307,492499,1000614
12,64,9,0.579129934,0.451150179,500307,492499,1000614
56,64,0,0.639218330,0.511074305,499810,492057,999620
56,64,1,0.579526186,0.451148987,499810,492057,999620
56,64,2,0.640291929,0.512083292,499810,492057,999620
56,64,3,0.763199091,0.635080099,499810,492057,999620
56,64,4,0.700664520,0.572128773,499810,492057,999620
56,64,5,0.513240099,0.389102221,499810,492057,999620
56,64,6,0.573009729,0.445061207,499810,492057,999620
56,64,7,0.513014793,0.385074377,499810,492057,999620
56,64,8,0.508579254,0.384094477,499810,492057,999620
56,64,9,0.515253782,0.387081861,499810,492057,999620
11,64,0,0.532170296,0.526035070,500017,492314,1000034
11,64,1,0.533167601,0.527034521,500017,492314,1000034
11,64,2,0.534185648,0.528037310,500017,492314,1000034
11,64,3,0.710133553,0.703953981,500017,492314,1000034
11,64,4,0.713301897,0.707009554,500017,492314,1000034
11,64,5,0.529173374,0.523019314,500017,492314,1000034
11,64,6,0.540180445,0.534027576,500017,492314,1000034
11,64,7,0.533128977,0.526966095,500017,492314,1000034
11,64,8,0.533178806,0.527031898,500017,492314,1000034
11,64,9,0.533172131,0.527038097,500017,492314,1000034
40,64,0,0.703536749,0.575173855,500142,492252,1000284
40,64,1,0.700026035,0.572075367,500142,492252,1000284
40,64,2,0.641006470,0.513080835,500142,492252,1000284
40,64,3,0.767053127,0.639119387,500142,492252,1000284
40,64,4,0.647924900,0.580109835,500142,492252,1000284
40,64,5,0.520921707,0.453132868,500142,492252,1000284
40,64,6,0.572528362,0.445113897,500142,492252,1000284
40,64,7,0.577193260,0.449084282,500142,492252,1000284
40,64,8,0.579923868,0.512089252,500142,492252,1000284
40,64,9,0.575225830,0.447121382,500142,492252,1000284
8,64,0,0.707736015,0.575184107,500107,492374,1000214
8,64,1,0.676222324,0.548106194,500107,492374,1000214
8,64,2,0.705114126,0.577095509,500107,492374,1000214
8,64,3,0.770604372,0.642245054,500107,492374,1000214
8,64,4,0.772001743,0.644063711,500107,492374,1000214
8,64,5,0.548864126,0.481091022,500107,492374,1000214
8,64,6,0.640285254,0.512155056,500107,492374,1000214
8,64,7,0.580843449,0.513105869,500107,492374,1000214
8,64,8,0.640076637,0.512142658,500107,492374,1000214
8,64,9,0.638139725,0.510108709,500107,492374,1000214
28,64,0,0.575320244,0.447077751,500038,492134,1000076
28,64,1,0.574996710,0.447092533,500038,492134,1000076
28,64,2,0.450017691,0.321315527,500038,492134,1000076
28,64,3,0.575489044,0.447096586,500038,492134,1000076
28,64,4,0.576434135,0.447152853,500038,492134,1000076
28,64,5,0.581036806,0.453070402,500038,492134,1000076
28,64,6,0.608080864,0.481140375,500038,492134,1000076
28,64,7,0.580940485,0.513082504,500038,492134,1000076
28,64,8,0.640054464,0.512146235,500038,492134,1000076
28,64,9,0.614638805,0.486081362,500038,492134,1000076
4,64,0,0.703190327,0.575119257,499887,492096,999774
4,64,1,0.708748341,0.580072880,499887,492096,999774
4,64,2,0.705110312,0.577114344,499887,492096,999774
4,64,3,0.770924568,0.703096151,499887,492096,999774
4,64,4,0.776072264,0.648079634,499887,492096,999774
4,64,5,0.576901674,0.509117365,499887,492096,999774
4,64,6,0.580894709,0.513051987,499887,492096,999774
4,64,7,0.572983027,0.445099592,499887,492096,999774
4,64,8,0.600069284,0.472142935,499887,492096,999774
4,64,9,0.642247438,0.514150858,499887,492096,999774
16,64,1,0.636139870,0.508096457,499904,491913,999808
16,64,2,0.705048800,0.577088118,499904,491913,999808
16,64,3,0.828032494,0.703066349,499904,491913,999808
16,64,4,0.772345543,0.644073009,499904,491913,999808
16,64,5,0.580762386,0.517083406,499904,491913,999808
16,64,6,0.643951178,0.576086521,499904,491913,999808
16,64,7,0.640997648,0.517153740,499904,491913,999808
16,64,8,0.646986485,0.518383741,499904,491913,999808
16,64,9,0.581923485,0.514107943,499904,491913,999808
44,64,0,0.639365196,0.511122227,500170,492425,1000340
44,64,1,0.640166759,0.512081146,500170,492425,1000340
44,64,2,0.576689482,0.448063135,500170,492425,1000340
44,64,3,0.703246117,0.575113297,500170,492425,1000340
44,64,4,0.643994093,0.516146183,500170,492425,1000340
44,64,5,0.460952759,0.393136263,500170,492425,1000340
44,64,6,0.510721207,0.383080006,500170,492425,1000340
44,64,7,0.452966452,0.385082483,500170,492425,1000340
44,64,8,0.576530457,0.448112488,500170,492425,1000340
44,64,9,0.575246811,0.447092295,500170,492425,1000340
24,64,0,0.578902245,0.511050940,499933,492024,999866
24,64,1,0.579963684,0.512079716,499933,492024,999866
24,64,2,0.576086283,0.448076725,499933,492024,999866
24,64,3,0.639805079,0.511450529,499933,492024,999866
24,64,4,0.624557972,0.495424032,499933,492024,999866
24,64,5,0.520895720,0.453146458,499933,492024,999866
24,64,6,0.639253139,0.512135506,499933,492024,999866
24,64,7,0.580930233,0.513074160,499933,492024,999866
24,64,8,0.640128613,0.512148857,499933,492024,999866
24,64,9,0.581940413,0.514089346,499933,492024,999866
32,64,0,0.703186989,0.575080633,500042,492163,1000084
32,64,1,0.664312363,0.536074400,500042,492163,1000084
32,64,2,0.705226421,0.577072620,500042,492163,1000084
32,64,3,0.704874039,0.576199293,500042,492163,1000084
32,64,4,0.641821623,0.508174419,500042,492163,1000084
32,64,5,0.637298107,0.509149313,500042,492163,1000084
32,64,6,0.636074781,0.509111881,500042,492163,1000084
32,64,7,0.641825914,0.513079643,500042,492163,1000084
32,64,8,0.640417576,0.512115717,500042,492163,1000084
32,64,9,0.639180899,0.511066675,500042,492163,1000084
36,64,0,0.643091679,0.515072823,500031,492197,1000062
36,64,1,0.640009880,0.512089968,500031,492197,1000062
36,64,2,0.641180515,0.513100386,500031,492197,1000062
36,64,3,0.710927963,0.643070936,500031,492197,1000062
36,64,4,0.706769943,0.578041792,500031,492197,1000062
36,64,5,0.520952225,0.453125000,500031,492197,1000062
36,64,6,0.640086174,0.509085178,500031,492197,1000062
36,64,7,0.516944885,0.445090294,500031,492197,1000062
36,64,8,0.555935383,0.484080076,500031,492197,1000062
36,64,9,0.623092651,0.495079994,500031,492197,1000062
20,64,1,0.643994570,0.516095400,499847,492172,999694
20,64,2,0.641263723,0.513082504,499847,492172,999694
20,64,3,0.706874847,0.639070988,499847,492172,999694
20,64,4,0.643884897,0.576069355,499847,492172,999694
20,64,5,0.512957573,0.445180416,499847,492172,999694
20,64,6,0.640223980,0.513149500,499847,492172,999694
20,64,7,0.637005091,0.509074211,499847,492172,999694
20,64,8,0.640270472,0.512148619,499847,492172,999694
20,64,9,0.582925320,0.515082836,499847,492172,999694
55,128,0,1.411100149,1.404030323,500021,496103,1000042
55,128,1,1.415159702,1.408035517,500021,496103,1000042
55,128,2,1.415190220,1.408023119,500021,496103,1000042
55,128,3,1.415321589,1.408031940,500021,496103,1000042
55,128,4,1.421204090,1.414110422,500021,496103,1000042
55,128,5,1.405210972,1.398128271,500021,496103,1000042
55,128,6,1.415157557,1.408035040,500021,496103,1000042
55,128,7,1.415139198,1.408039331,500021,496103,1000042
55,128,8,1.404427052,1.397700071,500021,496103,1000042
55,128,9,1.422518492,1.415755749,500021,496103,1000042
43,128,0,1.763162136,1.756007433,499881,496060,999762
43,128,1,2.126168013,2.119016409,499881,496060,999762
43,128,2,2.119254589,2.112019777,499881,496060,999762
43,128,3,2.119128942,2.112008333,499881,496060,999762
43,128,4,2.121074677,2.113927126,499881,496060,999762
43,128,5,2.120179892,2.113021612,499881,496060,999762
43,128,6,2.115203857,2.108016014,499881,496060,999762
43,128,7,2.108201504,2.101015568,499881,496060,999762
43,128,8,2.130148649,2.122976780,499881,496060,999762
43,128,9,1.774305582,1.767320633,499881,496060,999762
83,128,0,1.763356686,1.756604910,499977,496107,999954
83,128,1,1.763307095,1.756606579,499977,496107,999954
83,128,2,1.767336130,1.760585785,499977,496107,999954
83,128,3,1.767488241,1.760639668,499977,496107,999954
83,128,4,1.769320965,1.762606382,499977,496107,999954
83,128,5,1.768351078,1.761602163,499977,496107,999954
83,128,6,1.767319202,1.760587454,499977,496107,999954
83,128,7,1.767298460,1.760596991,499977,496107,999954
83,128,8,1.767417908,1.760684729,499977,496107,999954
83,128,9,1.774540663,1.767727613,499977,496107,999954
47,128,0,1.411102295,1.404126167,499936,496156,999872
47,128,1,1.763102531,1.756119013,499936,496156,999872
47,128,2,1.767119408,1.760127068,499936,496156,999872
47,128,3,2.119124651,2.112015009,499936,496156,999872
47,128,4,2.110034704,2.103014231,499936,496156,999872
47,128,5,2.120023489,2.113018274,499936,496156,999872
47,128,6,2.115063190,2.108010769,499936,496156,999872
47,128,7,2.119061708,2.112012386,499936,496156,999872
47,128,8,2.119055033,2.112016201,499936,496156,999872
47,128,9,1.774185181,1.767239332,499936,496156,999872
71,128,0,1.763247728,1.756009340,500001,496015,1000002
71,128,1,1.763238668,1.756013632,500001,496015,1000002
71,128,2,1.767378092,1.760069370,500001,496015,1000002
71,128,3,1.767406940,1.760014534,500001,496015,1000002
71,128,4,1.758279324,1.751018763,500001,496015,1000002
71,128,5,1.757277727,1.750023127,500001,496015,1000002
71,128,6,1.767277718,1.760007620,500001,496015,1000002
71,128,7,1.767273188,1.760021448,500001,496015,1000002
71,128,8,1.767419815,1.760234833,500001,496015,1000002
71,128,9,1.774527788,1.767309666,500001,496015,1000002
91,128,0,1.411313057,1.404085159,500042,496081,1000084
91,128,1,1.763433695,1.756196737,500042,496081,1000084
91,128,2,1.767514944,1.760204792,500042,496081,1000084
91,128,3,1.767601967,1.760178804,500042,496081,1000084
91,128,4,1.758428812,1.751190901,500042,496081,1000084
91,128,5,1.757422924,1.750238180,500042,496081,1000084
91,128,6,1.767397881,1.760196924,500042,496081,1000084
91,128,7,1.767410755,1.760197639,500042,496081,1000084
91,128,8,1.767443657,1.760289907,500042,496081,1000084
91,128,9,1.774448633,1.767345905,500042,496081,1000084
75,128,0,1.763086796,1.756007195,499907,495994,999814
75,128,1,1.763080359,1.756011486,499907,495994,999814
75,128,2,1.767091274,1.760001659,499907,495994,999814
75,128,3,1.767124176,1.760012388,499907,495994,999814
75,128,4,1.758089304,1.751015186,499907,495994,999814
75,128,5,1.757073641,1.750015020,499907,495994,999814
75,128,6,1.778081656,1.771017075,499907,495994,999814
75,128,7,1.767067194,1.760009050,499907,495994,999814
75,128,8,1.767190456,1.760162115,499907,495994,999814
75,128,9,1.763244867,1.756237507,499907,495994,999814
79,128,0,1.763190269,1.756001711,499867,495893,999734
79,128,1,1.763227940,1.756012917,499867,495893,999734
79,128,2,1.767239094,1.760012388,499867,495893,999734
79,128,3,1.767362118,1.760011196,499867,495893,999734
79,128,4,1.758179426,1.751009941,499867,495893,999734
79,128,5,1.768262386,1.761101961,499867,495893,999734
79,128,6,1.756198168,1.749011517,499867,495893,999734
79,128,7,1.767215967,1.760009289,499867,495893,999734
79,128,8,1.767182350,1.760032415,499867,495893,999734
79,128,9,1.763288736,1.756137609,499867,495893,999734
31,128,0,1.774111986,1.767030478,499871,495979,999742
31,128,1,1.763105631,1.756027937,499871,495979,999742
31,128,2,1.767195463,1.760191202,499871,495979,999742
31,128,3,1.767360926,1.760213614,499871,495979,999742
31,128,4,1.769140720,1.762143373,499871,495979,999742
31,128,5,1.768151522,1.761176348,499871,495979,999742
31,128,6,2.053414583,1.760058641,499871,495979,999742
31,128,7,1.415166140,1.408245802,499871,495979,999742
31,128,8,1.415098906,1.408216000,499871,495979,999742
31,128,9,1.415169239,1.408276320,499871,495979,999742
87,128,0,1.763172865,1.756134033,499779,495867,999558
87,128,1,1.763198614,1.756133318,499779,495867,999558
87,128,2,1.767174959,1.760125160,499779,495867,999558
87,128,3,1.767344713,1.760121346,499779,495867,999558
87,128,4,1.758162737,1.751118183,499779,495867,999558
87,128,5,1.768206120,1.761129379,499779,495867,999558
87,128,6,1.767157078,1.760126114,499779,495867,999558
87,128,7,1.767153740,1.760106087,499779,495867,999558
87,128,8,1.767201185,1.760125160,499779,495867,999558
87,128,9,1.763221502,1.756171703,499779,495867,999558
63,128,0,1.411141872,1.404007196,499746,495681,999492
63,128,1,1.411116123,1.404018879,499746,495681,999492
63,128,2,1.415171623,1.408015013,499746,495681,999492
63,128,3,1.415287495,1.408010006,499746,495681,999492
63,128,4,1.415117264,1.408013344,499746,495681,999492
63,128,5,1.416092157,1.409009933,499746,495681,999492
63,128,6,1.415150642,1.408025265,499746,495681,999492
63,128,7,1.415111780,1.408009529,499746,495681,999492
63,128,8,1.063109398,1.056040287,499746,495681,999492
63,128,9,1.063106537,1.056036711,499746,495681,999492
27,128,0,1.774325609,1.767143250,499987,496119,999974
27,128,1,1.763321161,1.756139755,499987,496119,999974
27,128,2,1.767415524,1.760219812,499987,496119,999974
27,128,3,1.767471552,1.760214329,499987,496119,999974
27,128,4,1.758351564,1.751225710,499987,496119,999974
27,128,5,1.768363714,1.761237621,499987,496119,999974
27,128,6,1.767361403,1.760206699,499987,496119,999974
27,128,7,1.767316580,1.760213375,499987,496119,999974
27,128,8,1.767270327,1.760179043,499987,496119,999974
27,128,9,1.763274193,1.756218672,499987,496119,999974
39,128,0,2.115320444,2.108017445,500001,496061,1000002
39,128,1,2.126298428,2.119021654,500001,496061,1000002
39,128,2,2.119305849,2.112027407,500001,496061,1000002
39,128,3,2.119357109,2.112013340,500001,496061,1000002
39,128,4,2.011506319,2.004140139,500001,496061,1000002
39,128,5,1.768497229,1.761142969,500001,496061,1000002
39,128,6,1.767441273,1.760133505,500001,496061,1000002
39,128,7,1.767398357,1.760056973,500001,496061,1000002
39,128,8,1.767425299,1.760128260,500001,496061,1000002
39,128,9,1.763434649,1.756139278,500001,496061,1000002
3,128,0,2.467069387,2.459991455,499898,496032,999796
3,128,1,2.467028141,2.459948301,499898,496032,999796
3,128,2,2.471134186,2.463994980,499898,496032,999796
3,128,3,2.471094370,2.463940620,499898,496032,999796
3,128,4,2.264209270,2.257239342,499898,496032,999796
3,128,5,2.120266676,2.113292933,499898,496032,999796
3,128,6,2.115250349,2.108198166,499898,496032,999796
3,128,7,2.119197607,2.112217665,499898,496032,999796
3,128,8,2.119264364,2.112364292,499898,496032,999796
3,128,9,2.115331411,2.108396530,499898,496032,999796
95,128,0,1.422123194,1.415019035,499760,495839,999520
95,128,1,1.763144255,1.756017447,499760,495839,999520
95,128,2,1.767174959,1.760013342,499760,495839,999520
95,128,3,1.767191410,1.760012865,499760,495839,999520
95,128,4,1.780141830,1.773011923,499760,495839,999520
95,128,5,1.768151283,1.761013269,499760,495839,999520
95,128,6,1.763161421,1.756010294,499760,495839,999520
95,128,7,1.767169714,1.760023594,499760,495839,999520
95,128,8,1.767546415,1.760664940,499760,495839,999520
95,128,9,1.763569355,1.756672382,499760,495839,999520
59,128,0,1.411135912,1.404016256,500239,496305,1000478
59,128,1,1.415153742,1.408024549,500239,496305,1000478
59,128,2,1.415244579,1.408137560,500239,496305,1000478
59,128,3,1.415285349,1.408115864,500239,496305,1000478
59,128,4,1.421172380,1.414145947,500239,496305,1000478
59,128,5,1.427264214,1.420120955,500239,496305,1000478
59,128,6,1.415178061,1.408139944,500239,496305,1000478
59,128,7,1.415212870,1.408157110,500239,496305,1000478
59,128,8,1.415154457,1.408035040,500239,496305,1000478
59,128,9,1.415156841,1.408022881,500239,496305,1000478
48,128,0,2.050204754,1.793092966,499937,496022,999874
48,128,1,2.050487757,1.789082527,499937,496022,999874
48,128,2,2.014242411,1.755066156,499937,496022,999874
48,128,3,2.217344999,1.960076094,499937,496022,999874
48,128,4,2.054441690,1.796084881,499937,496022,999874
48,128,5,1.920030594,1.662079334,499937,496022,999874
48,128,6,1.955011368,1.697075844,499937,496022,999874
48,128,7,2.049910545,1.792094231,499937,496022,999874
48,128,8,2.045852423,1.791098356,499937,496022,999874
48,128,9,1.922209740,1.664098501,499937,496022,999874
111,128,0,1.411159039,1.404026508,499899,495942,999798
111,128,1,1.598229885,1.591013193,499899,495942,999798
111,128,2,1.415291786,1.408141613,499899,495942,999798
111,128,3,1.415515661,1.408217192,499899,495942,999798
111,128,4,1.415335178,1.408162355,499899,495942,999798
111,128,5,1.416265965,1.409112930,499899,495942,999798
111,128,6,1.411193609,1.404020309,499899,495942,999798
111,128,7,1.415300131,1.408174038,499899,495942,999798
111,128,8,1.415491581,1.408307791,499899,495942,999798
111,128,9,1.415408373,1.408291578,499899,495942,999798
127,128,0,1.070243597,1.063193083,499940,496021,999880
127,128,1,1.070265770,1.063231945,499940,496021,999880
127,128,2,1.063265562,1.056180239,499940,496021,999880
127,128,3,1.063398361,1.056175947,499940,496021,999880
127,128,4,1.063285112,1.056201458,499940,496021,999880
127,128,5,1.064299107,1.057236671,499940,496021,999880
127,128,6,1.059248209,1.052153587,499940,496021,999880
127,128,7,1.063272953,1.056193829,499940,496021,999880
127,128,8,1.063328266,1.056348562,499940,496021,999880
127,128,9,1.063332796,1.056371927,499940,496021,999880
52,128,0,1.923523188,1.665104866,499829,495930,999658
52,128,1,1.942854404,1.685098410,499829,495930,999658
52,128,2,1.865576506,1.607098579,499829,495930,999658
52,128,3,2.046456099,1.791094542,499829,495930,999658
52,128,4,1.922362328,1.664088249,499829,495930,999658
52,128,5,1.664305449,1.406130791,499829,495930,999658
52,128,6,1.667457581,1.409121752,499829,495930,999658
52,128,7,1.918277979,1.660108328,499829,495930,999658
52,128,8,1.918252468,1.663123846,499829,495930,999658
52,128,9,1.922378540,1.664094448,499829,495930,999658
62,128,0,1.919560909,1.660068989,499810,496028,999620
62,128,1,1.793490410,1.540063620,499810,496028,999620
62,128,2,1.574579239,1.317075729,499810,496028,999620
62,128,3,1.797465086,1.543069363,499810,496028,999620
62,128,4,1.920531988,1.664087772,499810,496028,999620
62,128,5,1.571150541,1.313082218,499810,496028,999620
62,128,6,1.794589996,1.537084818,499810,496028,999620
62,128,7,1.919902325,1.662074327,499810,496028,999620
62,128,8,2.053438663,1.795057774,499810,496028,999620
62,128,9,1.926064968,1.666123867,499810,496028,999620
51,128,0,1.774227858,1.767013073,500031,496113,1000062
51,128,1,1.774250746,1.767012358,500031,496113,1000062
51,128,2,1.767308950,1.760017395,500031,496113,1000062
51,128,3,1.767240524,1.760013819,500031,496113,1000062
51,128,4,1.780211926,1.773009777,500031,496113,1000062
51,128,5,1.768231153,1.761016846,500031,496113,1000062
51,128,6,1.763213396,1.756014585,500031,496113,1000062
51,128,7,1.767220736,1.760003805,500031,496113,1000062
51,128,8,1.767268181,1.760023832,500031,496113,1000062
51,128,9,1.763235569,1.756017685,500031,496113,1000062
54,128,0,1.919650078,1.660091639,499939,495978,999878
54,128,1,1.793476582,1.536085367,499939,495978,999878
54,128,2,1.789350748,1.532082081,499939,495978,999878
54,128,3,1.793593407,1.535085201,499939,495978,999878
54,128,4,1.920526981,1.664093018,499939,495978,999878
54,128,5,1.743071318,1.485087395,499939,495978,999878
54,128,6,1.794383287,1.537099600,499939,495978,999878
54,128,7,1.919986963,1.662086487,499939,495978,999878
54,128,8,1.925592899,1.667071342,499939,495978,999878
54,128,9,1.921942949,1.664091110,499939,495978,999878
49,128,0,2.049041986,1.792098045,500181,496246,1000362
49,128,1,2.177094936,1.920076609,500181,496246,1000362
49,128,2,2.180042982,1.923085928,500181,496246,1000362
49,128,3,2.177027702,1.920083761,500181,496246,1000362
49,128,4,2.047997713,1.791080475,500181,496246,1000362
49,128,5,1.914028406,1.661087036,500181,496246,1000362
49,128,6,2.049062729,1.792090178,500181,496246,1000362
49,128,7,2.053008318,1.792088985,500181,496246,1000362
49,128,8,1.924895525,1.668061972,500181,496246,1000362
49,128,9,1.917007446,1.660069227,500181,496246,1000362
64,128,0,2.178867340,1.921070576,499983,496028,999966
64,128,1,2.055293798,1.797092676,499983,496028,999966
64,128,2,2.122102261,1.864073515,499983,496028,999966
64,128,3,2.049951315,1.791091204,499983,496028,999966
64,128,4,2.049948931,1.792089939,499983,496028,999966
64,128,5,1.919784307,1.662094831,499983,496028,999966
64,128,6,1.918780088,1.661091566,499983,496028,999966
64,128,7,2.049801826,1.792080402,499983,496028,999966
64,128,8,2.181272507,1.798467875,499983,496028,999966
64,128,9,2.050181627,1.792114735,499983,496028,999966
15,128,0,1.675278187,1.668288469,499809,495919,999618
15,128,1,1.763265848,1.756276846,499809,495919,999618
15,128,2,1.767362118,1.760346413,499809,495919,999618
15,128,3,1.767892361,1.760861397,499809,495919,999618
15,128,4,1.758700132,1.751860619,499809,495919,999618
15,128,5,2.109080791,2.102006674,499809,495919,999618
15,128,6,2.104150534,2.097003937,499809,495919,999618
15,128,7,2.119100094,2.112003088,499809,495919,999618
15,128,8,2.119148016,2.112012625,499809,495919,999618
15,128,9,1.939214706,1.932168484,499809,495919,999618
70,128,0,1.923765659,1.664089441,500114,496205,1000228
70,128,1,1.914540052,1.657056808,500114,496205,1000228
70,128,2,1.917609930,1.660065651,500114,496205,1000228
70,128,3,1.921720028,1.663068533,500114,496205,1000228
70,128,4,1.921592712,1.664079189,500114,496205,1000228
70,128,5,1.798882961,1.541082382,500114,496205,1000228
70,128,6,1.790520191,1.533077002,500114,496205,1000228
70,128,7,1.923962831,1.666071177,500114,496205,1000228
70,128,8,1.918010473,1.659506321,500114,496205,1000228
70,128,9,1.922140598,1.664101362,500114,496205,1000228
69,128,0,1.920867920,1.664053202,500097,496250,1000194
69,128,1,2.048837662,1.792058945,500097,496250,1000194
69,128,2,2.051814079,1.795067549,500097,496250,1000194
69,128,3,1.920763493,1.664068222,500097,496250,1000194
69,128,4,1.915867329,1.660068989,500097,496250,1000194
69,128,5,1.789861441,1.533077955,500097,496250,1000194
69,128,6,1.920834541,1.664083958,500097,496250,1000194
69,128,7,1.920796871,1.664063931,500097,496250,1000194
69,128,8,1.920866728,1.664096594,500097,496250,1000194
69,128,9,1.920954466,1.664084196,500097,496250,1000194
68,128,0,2.051141977,1.793063879,500154,496163,1000308
68,128,1,2.055184126,1.797092676,500154,496163,1000308
68,128,2,2.022268057,1.764094353,500154,496163,1000308
68,128,3,2.054235220,1.799081564,500154,496163,1000308
68,128,4,2.054440022,1.796088696,500154,496163,1000308
68,128,5,1.927727699,1.670067549,500154,496163,1000308
68,128,6,1.878914356,1.621106625,500154,496163,1000308
68,128,7,2.050044060,1.792077065,500154,496163,1000308
68,128,8,2.045956135,1.787138462,500154,496163,1000308
68,128,9,2.050305367,1.792135715,500154,496163,1000308
53,128,0,1.920926094,1.664084673,500111,496193,1000222
53,128,1,2.048951149,1.792068720,500111,496193,1000222
53,128,2,2.051925421,1.795100451,500111,496193,1000222
53,128,3,2.048919916,1.792082787,500111,496193,1000222
53,128,4,1.923941374,1.668097258,500111,496193,1000222
53,128,5,1.789939642,1.533099651,500111,496193,1000222
53,128,6,1.920923233,1.664105415,500111,496193,1000222
53,128,7,1.920922756,1.664066792,500111,496193,1000222
53,128,8,1.920920610,1.664081097,500111,496193,1000222
53,128,9,1.920947075,1.664020300,500111,496193,1000222
33,128,0,2.177020311,1.920088291,500142,496330,1000284
33,128,1,2.305088997,2.048097610,500142,496330,1000284
33,128,2,2.304064274,2.047106504,500142,496330,1000284
33,128,3,2.305099010,2.048116684,500142,496330,1000284
33,128,4,2.303808451,2.047086239,500142,496330,1000284
33,128,5,2.082043648,1.825081587,500142,496330,1000284
33,128,6,2.305036545,2.048079014,500142,496330,1000284
33,128,7,2.304824114,2.048093557,500142,496330,1000284
33,128,8,2.177073002,1.920108080,500142,496330,1000284
33,128,9,2.049068451,1.792115688,500142,496330,1000284
107,128,0,1.422307491,1.415123224,500134,496121,1000268
107,128,1,1.774246931,1.767018318,500134,496121,1000268
107,128,2,1.767290592,1.760030746,500134,496121,1000268
107,128,3,1.767367125,1.760132551,500134,496121,1000268
107,128,4,1.780249119,1.773024559,500134,496121,1000268
107,128,5,1.768249512,1.761014462,500134,496121,1000268
107,128,6,1.763231993,1.756006241,500134,496121,1000268
107,128,7,1.767351866,1.760122061,500134,496121,1000268
107,128,8,1.767367840,1.760198355,500134,496121,1000268
107,128,9,1.774373055,1.767247438,500134,496121,1000268
60,128,0,1.795745611,1.537087679,500226,496253,1000452
60,128,1,1.789528847,1.532024622,500226,496253,1000452
60,128,2,1.741741657,1.483075619,500226,496253,1000452
60,128,3,1.920546532,1.661079407,500226,496253,1000452
60,128,4,1.790473223,1.536109686,500226,496253,1000452
60,128,5,1.668207169,1.410088539,500226,496253,1000452
60,128,6,1.791428089,1.533096790,500226,496253,1000452
60,128,7,1.796328545,1.538074493,500226,496253,1000452
60,128,8,1.926263571,1.667127371,500226,496253,1000452
60,128,9,1.798523903,1.540105104,500226,496253,1000452
66,128,0,2.047800541,1.792069197,499860,495968,999720
66,128,1,1.920732498,1.663366556,499860,495968,999720
66,128,2,1.987618685,1.730063438,499860,495968,999720
66,128,3,2.052133083,1.669566393,499860,495968,999720
66,128,4,1.921617270,1.664069653,499860,495968,999720
66,128,5,1.799124002,1.541094065,499860,495968,999720
66,128,6,1.818362474,1.561064243,499860,495968,999720
66,128,7,2.052086830,1.794081926,499860,495968,999720
66,128,8,2.049628496,1.791137457,499860,495968,999720
66,128,9,2.050060272,1.792094946,499860,495968,999720
56,128,0,1.923372030,1.665057659,499810,495961,999620
56,128,1,1.922490597,1.665114164,499810,495961,999620
56,128,2,1.805478573,1.547093630,499810,495961,999620
56,128,3,1.920359373,1.665040493,499810,495961,999620
56,128,4,1.922395229,1.664104223,499810,495961,999620
56,128,5,1.724325657,1.466112614,499810,495961,999620
56,128,6,1.791229486,1.533123493,499810,495961,999620
56,128,7,1.918164968,1.660100222,499810,495961,999620
56,128,8,1.934224844,1.675121069,499810,495961,999620
56,128,9,1.926544905,1.668122053,499810,495961,999620
38,128,0,2.307469130,2.050075531,500248,496281,1000496
38,128,1,2.046516895,1.789098501,500248,496281,1000496
38,128,2,2.049491644,1.792076588,500248,496281,1000496
38,128,3,2.305667162,2.048080206,500248,496281,1000496
38,128,4,2.180397034,1.920088291,500248,496281,1000496
38,128,5,2.052465200,1.793067217,500248,496281,1000496
38,128,6,2.050390959,1.793056488,500248,496281,1000496
38,128,7,2.051681042,1.794088364,500248,496281,1000496
38,128,8,2.049444437,1.791085720,500248,496281,1000496
38,128,9,1.922111988,1.664153576,500248,496281,1000496
77,128,0,1.921023369,1.664093494,500055,496124,1000110
77,128,1,2.048945665,1.792066574,500055,496124,1000110
77,128,2,1.920938969,1.664103746,500055,496124,1000110
77,128,3,1.920998812,1.664102077,500055,496124,1000110
77,128,4,1.920003653,1.664086103,500055,496124,1000110
77,128,5,1.793908834,1.537066698,500055,496124,1000110
77,128,6,1.788806677,1.532124758,500055,496124,1000110
77,128,7,1.792938948,1.536083937,500055,496124,1000110
77,128,8,1.920934677,1.664050817,500055,496124,1000110
77,128,9,1.921061277,1.664087772,500055,496124,1000110
76,128,0,1.919486284,1.661128044,499921,496005,999842
76,128,1,1.923411846,1.665113449,499921,496005,999842
76,128,2,1.937497854,1.679076672,499921,496005,999842
76,128,3,1.926433802,1.667122364,499921,496005,999842
76,128,4,1.918422937,1.664102316,499921,496005,999842
76,128,5,1.796212912,1.538065434,499921,496005,999842
76,128,6,1.667066336,1.409117699,499921,496005,999842
76,128,7,1.794343710,1.537115097,499921,496005,999842
76,128,8,1.926405430,1.667117834,499921,496005,999842
76,128,9,1.922509193,1.664092779,499921,496005,999842
7,128,0,2.126266718,2.119152069,500058,496221,1000116
7,128,1,2.126250744,2.119148254,500058,496221,1000116
7,128,2,2.119169235,2.112048626,500058,496221,1000116
7,128,3,2.119281530,2.112120628,500058,496221,1000116
7,128,4,2.132162333,2.125040293,500058,496221,1000116
7,128,5,2.120133877,2.113042831,500058,496221,1000116
7,128,6,2.115146875,2.108038187,500058,496221,1000116
42,128,0,2.311469078,2.054080009,499740,495856,999480
42,128,1,2.174948215,1.917073727,499740,495856,999480
42,128,2,2.053461552,1.796091318,499740,495856,999480
42,128,3,2.297806263,2.040081263,499740,495856,999480
42,128,4,2.308508873,2.051076651,499740,495856,999480
42,128,5,2.172364712,1.915071011,499740,495856,999480
42,128,6,2.050484180,1.793085098,499740,495856,999480
42,128,7,2.047732353,1.790096998,499740,495856,999480
42,128,8,2.049499273,1.791093349,499740,495856,999480
42,128,9,1.922129393,1.664120913,499740,495856,999480
7,128,7,2.119121313,2.112038851,500058,496221,1000116
7,128,8,2.119284153,2.112205267,500058,496221,1000116
7,128,9,2.126290798,2.119195938,500058,496221,1000116
65,128,0,2.048922062,1.792079210,499945,496055,999890
65,128,1,2.176950932,1.920075178,499945,496055,999890
65,128,2,2.047872305,1.791074276,499945,496055,999890
65,128,3,2.048955441,1.792071342,499945,496055,999890
65,128,4,2.047967196,1.792083502,499945,496055,999890
65,128,5,1.921958923,1.665098190,499945,496055,999890
65,128,6,2.048952579,1.792085886,499945,496055,999890
65,128,7,1.921008348,1.664042950,499945,496055,999890
65,128,8,2.049026251,1.792102575,499945,496055,999890
65,128,9,2.049056530,1.792077065,499945,496055,999890
74,128,0,1.904014587,1.648096085,500014,496097,1000028
74,128,1,1.922470093,1.665071964,500014,496097,1000028
74,128,2,1.921541452,1.664077997,500014,496097,1000028
74,128,3,1.925600052,1.667067528,500014,496097,1000028
74,128,4,1.797509432,1.538097382,500014,496097,1000028
74,128,5,1.667246819,1.409064293,500014,496097,1000028
74,128,6,1.666750669,1.409055710,500014,496097,1000028
74,128,7,1.920019627,1.662060976,500014,496097,1000028
74,128,8,2.049669743,1.791092634,500014,496097,1000028
74,128,9,2.045051575,1.788092136,500014,496097,1000028
23,128,0,1.763142586,1.756011248,499931,496078,999862
23,128,1,1.774166584,1.767027378,499931,496078,999862
23,128,2,1.767226458,1.760028601,499931,496078,999862
23,128,3,1.767201662,1.760039806,499931,496078,999862
23,128,4,1.780146122,1.773034811,499931,496078,999862
23,128,5,1.768142223,1.761026382,499931,496078,999862
23,128,6,1.752138853,1.745037079,499931,496078,999862
23,128,7,1.767168760,1.760037661,499931,496078,999862
23,128,8,1.767228603,1.760116339,499931,496078,999862
23,128,9,1.774166584,1.767029047,499931,496078,999862
32,128,0,2.306374073,2.049086332,500042,496063,1000084
32,128,1,2.303455830,2.041096687,500042,496063,1000084
32,128,2,2.235558748,1.976099730,500042,496063,1000084
32,128,3,2.305569410,2.048100233,500042,496063,1000084
32,128,4,2.305408716,2.048080683,500042,496063,1000084
32,128,5,2.176378727,1.918068647,500042,496063,1000084
32,128,6,2.051177979,1.793107033,500042,496063,1000084
32,128,7,2.272193909,2.016095400,500042,496063,1000084
32,128,8,2.178215265,1.919097424,500042,496063,1000084
32,128,9,2.050430775,1.792126656,500042,496063,1000084
34,128,0,2.311512709,2.054075003,500135,496259,1000270
34,128,1,2.178602695,1.921073437,500135,496259,1000270
34,128,2,2.173575163,1.916096926,500135,496259,1000270
34,128,3,2.313929081,2.056096554,500135,496259,1000270
34,128,4,2.232547998,1.975068808,500135,496259,1000270
34,128,5,2.180497646,1.921074867,500135,496259,1000270
34,128,6,2.178680420,1.921078682,500135,496259,1000270
34,128,7,2.175665140,1.918091059,500135,496259,1000270
34,128,8,2.177492142,1.919093609,500135,496259,1000270
34,128,9,2.048994780,1.792113066,500135,496259,1000270
41,128,0,2.176942587,1.920077801,500268,496347,1000536
41,128,1,2.176999331,1.920103073,500268,496347,1000536
41,128,2,2.176952124,1.920104742,500268,496347,1000536
41,128,3,2.304654121,2.048090935,500268,496347,1000536
41,128,4,2.179866076,1.923083067,500268,496347,1000536
41,128,5,2.049942732,1.793096542,500268,496347,1000536
41,128,6,2.304823399,2.048085690,500268,496347,1000536
41,128,7,2.176997662,1.920104027,500268,496347,1000536
41,128,8,2.177000761,1.920107603,500268,496347,1000536
41,128,9,2.049026012,1.792123795,500268,496347,1000536
24,128,0,2.174395800,1.917096138,499933,496015,999866
24,128,1,2.175486326,1.921115160,499933,496015,999866
24,128,2,2.150751352,1.891126156,499933,496015,999866
24,128,3,2.305572987,2.044136047,499933,496015,999866
24,128,4,2.305762529,2.048085213,499933,496015,999866
24,128,5,2.176151276,1.918092966,499933,496015,999866
24,128,6,2.051412821,1.793131113,499933,496015,999866
24,128,7,2.180327177,1.924119473,499933,496015,999866
24,128,8,2.050240517,1.791093111,499933,496015,999866
24,128,9,1.922461510,1.664174318,499933,496015,999866
61,128,0,1.792823553,1.536075354,500134,496131,1000268
61,128,1,1.916855812,1.660070419,500134,496131,1000268
61,128,2,1.920927525,1.664085388,500134,496131,1000268
61,128,3,1.792780161,1.536056280,500134,496131,1000268
61,128,4,1.795770168,1.536081791,500134,496131,1000268
61,128,5,1.665825605,1.409093857,500134,496131,1000268
61,128,6,1.792846918,1.536084890,500134,496131,1000268
61,128,7,1.664813995,1.408072710,500134,496131,1000268
61,128,8,1.792869568,1.536092520,500134,496131,1000268
61,128,9,1.792895794,1.536094427,500134,496131,1000268
44,128,0,2.054424286,1.797093630,500170,496293,1000340
44,128,1,2.046582937,1.789100647,500170,496293,1000340
44,128,2,2.082558393,1.827079058,500170,496293,1000340
44,128,3,2.309489489,2.052096844,500170,496293,1000340
44,128,4,2.177455425,1.920089006,500170,496293,1000340
44,128,5,2.056133986,1.798084497,500170,496293,1000340
44,128,6,2.051191330,1.793090343,500170,496293,1000340
44,128,7,2.176131964,1.920094013,500170,496293,1000340
44,128,8,2.050110579,1.791086197,500170,496293,1000340
44,128,9,1.922652483,1.664113760,500170,496293,1000340
35,128,0,2.115087271,2.108013630,500089,496254,1000178
35,128,1,2.126104593,2.119065285,500089,496254,1000178
35,128,2,2.119085550,2.112017393,500089,496254,1000178
35,128,3,2.119070530,2.112023592,500089,496254,1000178
35,128,4,2.132081509,2.125006437,500089,496254,1000178
35,128,5,2.120062113,2.113029242,500089,496254,1000178
35,128,6,2.126130342,2.119016171,500089,496254,1000178
35,128,7,2.119113207,2.112036228,500089,496254,1000178
35,128,8,2.119106293,2.112030983,500089,496254,1000178
35,128,9,2.126142979,2.119051456,500089,496254,1000178
26,128,0,2.243613482,1.988142729,500146,496158,1000292
26,128,1,2.054524422,1.797101021,500146,496158,1000292
26,128,2,2.045410156,1.788100004,500146,496158,1000292
26,128,3,2.301644325,2.044077873,500146,496158,1000292
26,128,4,2.176374197,1.919060946,500146,496158,1000292
26,128,5,2.048468828,1.789068937,500146,496158,1000292
26,128,6,2.178418398,1.925069094,500146,496158,1000292
26,128,7,2.171542645,1.914109945,500146,496158,1000292
26,128,8,2.177441359,1.919071436,500146,496158,1000292
26,128,9,2.049070597,1.792126179,500146,496158,1000292
88,128,0,2.310359716,2.053045273,500026,496074,1000052
88,128,1,2.311588049,2.052086830,500026,496074,1000052
88,128,2,2.171540976,1.916084528,500026,496074,1000052
88,128,3,2.177350044,1.924093246,500026,496074,1000052
88,128,4,2.177337885,1.920078039,500026,496074,1000052
88,128,5,1.928816319,1.670662403,500026,496074,1000052
88,128,6,1.923159599,1.665066957,500026,496074,1000052
88,128,7,2.048192501,1.792101860,500026,496074,1000052
88,128,8,2.050411224,1.791077375,500026,496074,1000052
88,128,9,1.922478676,1.664102077,500026,496074,1000052
30,128,0,2.183645725,1.924134254,500074,496156,1000148
30,128,1,2.050626040,1.793093204,500074,496156,1000148
30,128,2,2.045524120,1.788093805,500074,496156,1000148
30,128,3,2.177906513,1.920100212,500074,496156,1000148
30,128,4,2.176474333,1.919069767,500074,496156,1000148
30,128,5,2.048435926,1.789077044,500074,496156,1000148
30,128,6,2.052087784,1.794518948,500074,496156,1000148
30,128,7,2.171585321,1.914090872,500074,496156,1000148
30,128,8,2.177500010,1.919066429,500074,496156,1000148
30,128,9,2.049036264,1.792098999,500074,496156,1000148
93,128,0,2.049118280,1.792073250,500158,496218,1000316
93,128,1,2.049134731,1.792073011,500158,496218,1000316
93,128,2,2.049132824,1.792071104,500158,496218,1000316
93,128,3,2.049154758,1.788079500,500158,496218,1000316
93,128,4,2.048159599,1.791067600,500158,496218,1000316
93,128,5,1.794112921,1.537075996,500158,496218,1000316
93,128,6,1.921144247,1.664082766,500158,496218,1000316
93,128,7,1.921121359,1.664085627,500158,496218,1000316
93,128,8,1.921104670,1.664064169,500158,496218,1000316
93,128,9,1.789237738,1.532119036,500158,496218,1000316
86,128,0,2.051438808,1.794071198,500138,496391,1000276
86,128,1,2.054502726,1.797067881,500138,496391,1000276
86,128,2,2.045513391,1.788066387,500138,496391,1000276
86,128,3,2.181888819,1.924069405,500138,496391,1000276
86,128,4,2.044490099,1.788061857,500138,496391,1000276
86,128,5,1.928412437,1.673072815,500138,496391,1000276
86,128,6,1.921500921,1.664068699,500138,496391,1000276
86,128,7,2.055636168,1.798058987,500138,496391,1000276
86,128,8,2.101415157,1.843057871,500138,496391,1000276
86,128,9,1.921103477,1.664110422,500138,496391,1000276
19,128,0,2.115184546,2.108012199,500070,496197,1000140
19,128,1,2.126198292,2.119021654,500070,496197,1000140
19,128,2,2.119227171,2.112043381,500070,496197,1000140
19,128,3,2.119248390,2.112019062,500070,496197,1000140
19,128,4,2.121229410,2.114032745,500070,496197,1000140
19,128,5,2.120240927,2.113035917,500070,496197,1000140
19,128,6,2.115238667,2.108037472,500070,496197,1000140
19,128,7,2.108224630,2.101034880,500070,496197,1000140
19,128,8,2.119253397,2.112031221,500070,496197,1000140
19,128,9,2.115331411,2.108133078,500070,496197,1000140
46,128,0,2.175451517,1.918067455,500151,496435,1000302
46,128,1,1.922511578,1.669084787,500151,496435,1000302
46,128,2,1.893467188,1.636070013,500151,496435,1000302
46,128,3,2.209828854,1.952069998,500151,496435,1000302
46,128,4,2.180453300,1.923062801,500151,496435,1000302
46,128,5,2.044616461,1.787076473,500151,496435,1000302
46,128,6,1.922551632,1.665070772,500151,496435,1000302
46,128,7,2.025567532,1.768063545,500151,496435,1000302
46,128,8,2.049523354,1.792066813,500151,496435,1000302
46,128,9,1.921002388,1.664098263,500151,496435,1000302
89,128,0,2.176749706,1.920072794,499898,495932,999796
89,128,1,2.172873974,1.916082144,499898,495932,999796
89,128,2,2.180844307,1.924072266,499898,495932,999796
89,128,3,2.176817179,1.920068264,499898,495932,999796
89,128,4,2.179842472,1.923073769,499898,495932,999796
89,128,5,1.917796135,1.661070824,499898,495932,999796
89,128,6,2.052895546,1.796081543,499898,495932,999796
89,128,7,2.048880577,1.792082548,499898,495932,999796
89,128,8,1.925129175,1.668289661,499898,495932,999796
89,128,9,1.916874409,1.660095692,499898,495932,999796
22,128,0,2.303511381,2.046117783,499895,496020,999790
22,128,1,2.178593636,1.921130896,499895,496020,999790
22,128,2,2.181453466,1.924128056,499895,496020,999790
22,128,3,2.305933475,2.048094988,499895,496020,999790
22,128,4,2.304471016,2.047074795,499895,496020,999790
22,128,5,2.168519735,1.911083221,499895,496020,999790
22,128,6,2.050546408,1.793119669,499895,496020,999790
22,128,7,2.179564953,1.922098160,499895,496020,999790
22,128,8,2.177416563,1.920053720,499895,496020,999790
22,128,9,2.049122334,1.792155504,499895,496020,999790
67,128,0,1.762958765,1.756038427,499977,496019,999954
67,128,1,1.766912460,1.760028124,499977,496019,999954
67,128,2,1.767071009,1.760143280,499977,496019,999954
67,128,3,1.767045498,1.760125875,499977,496019,999954
67,128,4,1.769052267,1.762176752,499977,496019,999954
67,128,5,1.768042803,1.761235476,499977,496019,999954
67,128,6,1.767051220,1.760241508,499977,496019,999954
67,128,7,1.778038502,1.771170139,499977,496019,999954
67,128,8,2.119037867,2.112012386,499977,496019,999954
67,128,9,2.137076378,2.130040169,499977,496019,999954
20,128,0,2.182507992,1.925141096,499847,495945,999694
20,128,1,2.178534985,1.921129704,499847,495945,999694
20,128,2,2.195546627,1.936141253,499847,495945,999694
20,128,3,2.305417538,2.044117451,499847,495945,999694
20,128,4,2.305472136,2.048084497,499847,495945,999694
20,128,5,2.176307917,1.918085575,499847,495945,999694
20,128,6,2.051250458,1.793140173,499847,495945,999694
20,128,7,2.236246586,1.976093054,499847,495945,999694
20,128,8,2.178099394,1.919066191,499847,495945,999694
20,128,9,2.050457239,1.792156219,499847,495945,999694
82,128,0,1.923821211,1.664172649,499874,496069,999748
82,128,1,1.918552637,1.661126375,499874,496069,999748
82,128,2,1.921618700,1.664068937,499874,496069,999748
82,128,3,1.918309212,1.663719893,499874,496069,999748
82,128,4,1.917599916,1.660173893,499874,496069,999748
82,128,5,1.799038649,1.541145563,499874,496069,999748
82,128,6,1.666658640,1.409115791,499874,496069,999748
82,128,7,1.924013615,1.666112661,499874,496069,999748
82,128,8,2.049469709,1.795074940,499874,496069,999748
82,128,9,2.049047470,1.792094469,499874,496069,999748
45,128,0,2.048896551,1.792078495,500249,496460,1000498
45,128,1,2.172850370,1.916077852,500249,496460,1000498
45,128,2,2.048835516,1.792096615,500249,496460,1000498
45,128,3,2.176891327,1.920073748,500249,496460,1000498
45,128,4,2.183883190,1.927082062,500249,496460,1000498
45,128,5,2.057726622,1.801087141,500249,496460,1000498
45,128,6,2.176822662,1.920082092,500249,496460,1000498
45,128,7,2.176815033,1.920059919,500249,496460,1000498
45,128,8,2.176818132,1.920074463,500249,496460,1000498
45,128,9,2.048863888,1.788110018,500249,496460,1000498
50,128,0,2.175495625,1.918075323,499732,495780,999464
50,128,1,2.049884796,1.668431282,499732,495780,999464
50,128,2,1.925468445,1.668066263,499732,495780,999464
50,128,3,2.106061697,1.852087021,499732,495780,999464
50,128,4,2.056492329,1.796066046,499732,495780,999464
50,128,5,1.976664305,1.721065760,499732,495780,999464
50,128,6,1.922452211,1.665075302,499732,495780,999464
50,128,7,2.051876068,1.794085026,499732,495780,999464
50,128,8,2.049468756,1.795081615,499732,495780,999464
50,128,9,2.049037933,1.792091370,499732,495780,999464
84,128,0,2.139595270,1.917090178,499957,496153,999914
84,128,1,2.174573898,1.917076111,499957,496153,999914
84,128,2,2.259395123,2.000076532,499957,496153,999914
84,128,3,2.177345753,1.920081854,499957,496153,999914
84,128,4,2.178384066,1.920081377,499957,496153,999914
84,128,5,2.052114487,1.794091463,499957,496153,999914
84,128,6,1.963251352,1.705084562,499957,496153,999914
84,128,7,2.048196554,1.792084932,499957,496153,999914
84,128,8,2.046236277,1.787090063,499957,496153,999914
84,128,9,1.922554255,1.664116621,499957,496153,999914
81,128,0,2.049109459,1.792090178,499767,495786,999534
81,128,1,2.049855709,1.792733431,499767,495786,999534
81,128,2,2.048185587,1.791136742,499767,495786,999534
81,128,3,2.049069881,1.792091131,499767,495786,999534
81,128,4,2.052023649,1.792084694,499767,495786,999534
81,128,5,1.794797182,1.537673712,499767,495786,999534
81,128,6,1.921090126,1.664100647,499767,495786,999534
81,128,7,1.920997858,1.664094448,499767,495786,999534
81,128,8,2.049161911,1.792092323,499767,495786,999534
81,128,9,2.049119949,1.792091131,499767,495786,999534
72,128,0,2.043524265,1.785082102,499838,495920,999676
72,128,1,2.023367882,1.765070677,499838,495920,999676
72,128,2,1.990468264,1.736075163,499838,495920,999676
72,128,3,2.050340414,1.795081854,499838,495920,999676
72,128,4,1.918408155,1.660118341,499838,495920,999676
72,128,5,1.784156084,1.526112080,499838,495920,999676
72,128,6,1.799076796,1.537075520,499838,495920,999676
72,128,7,1.922056437,1.664079905,499838,495920,999676
72,128,8,2.046246290,1.791130304,499838,495920,999676
72,128,9,2.050641298,1.792122841,499838,495920,999676
57,128,0,1.920907497,1.664086342,499899,495934,999798
57,128,1,2.048829794,1.792023420,499899,495934,999798
57,128,2,1.920973063,1.664092064,499899,495934,999798
57,128,3,1.920867443,1.664080381,499899,495934,999798
57,128,4,1.919932365,1.663115740,499899,495934,999798
57,128,5,1.668824911,1.411954165,499899,495934,999798
57,128,6,1.792884588,1.536088943,499899,495934,999798
57,128,7,1.788838863,1.532096624,499899,495934,999798
57,128,8,1.920972109,1.664093971,499899,495934,999798
57,128,9,1.920969248,1.664080143,499899,495934,999798
78,128,0,1.919775963,1.660083055,500035,496065,1000070
78,128,1,1.922355890,1.665068626,500035,496065,1000070
78,128,2,1.789806128,1.532133818,500035,496065,1000070
78,128,3,1.797712326,1.539090157,500035,496065,1000070
78,128,4,1.792668581,1.536070108,500035,496065,1000070
78,128,5,1.536180735,1.278285980,500035,496065,1000070
78,128,6,1.533706665,1.276087999,500035,496065,1000070
78,128,7,1.736378670,1.478489161,500035,496065,1000070
78,128,8,2.017502546,1.763085127,500035,496065,1000070
78,128,9,2.049040794,1.792094469,500035,496065,1000070
25,128,0,2.049202204,1.792145252,500163,496285,1000326
25,128,1,2.177132368,1.920123339,500163,496285,1000326
25,128,2,2.177168608,1.920135498,500163,496285,1000326
25,128,3,2.177167416,1.920122623,500163,496285,1000326
25,128,4,2.176072598,1.919108629,500163,496285,1000326
25,128,5,2.049878836,1.793052912,500163,496285,1000326
25,128,6,2.049155712,1.792142153,500163,496285,1000326
25,128,7,2.053131342,1.796101570,500163,496285,1000326
25,128,8,2.049189329,1.792109728,500163,496285,1000326
25,128,9,1.921156168,1.664141655,500163,496285,1000326
119,128,0,1.411224127,1.403999329,500028,496140,1000056
119,128,1,1.422241211,1.415025711,500028,496140,1000056
119,128,2,1.415225506,1.408016920,500028,496140,1000056
119,128,3,1.415323257,1.408062220,500028,496140,1000056
119,128,4,1.415242434,1.408028126,500028,496140,1000056
119,128,5,1.416239738,1.409024239,500028,496140,1000056
119,128,6,1.400253773,1.393021345,500028,496140,1000056
119,128,7,1.415220976,1.408014774,500028,496140,1000056
119,128,8,1.426194429,1.419028759,500028,496140,1000056
119,128,9,1.415251017,1.408074379,500028,496140,1000056
29,128,0,2.048828363,1.792086840,499921,496003,999842
29,128,1,2.176785707,1.920084000,499921,496003,999842
29,128,2,2.176931381,1.920095205,499921,496003,999842
29,128,3,2.176861286,1.920095921,499921,496003,999842
29,128,4,2.175812960,1.919072390,499921,496003,999842
29,128,5,1.928852558,1.672078848,499921,496003,999842
29,128,6,2.048845768,1.792086601,499921,496003,999842
29,128,7,2.044888735,1.788084507,499921,496003,999842
29,128,8,2.048817158,1.792077303,499921,496003,999842
29,128,9,1.920842409,1.664091587,499921,496003,999842
80,128,0,2.047832727,1.793820381,500178,496282,1000356
80,128,1,2.047008276,1.789130926,500178,496282,1000356
80,128,2,1.986682177,1.728664398,500178,496282,1000356
80,128,3,2.050050259,1.791110039,500178,496282,1000356
80,128,4,1.922729492,1.664710522,500178,496282,1000356
80,128,5,1.787835360,1.530161381,500178,496282,1000356
80,128,6,1.798785448,1.537126303,500178,496282,1000356
80,128,7,1.917892456,1.660074711,500178,496282,1000356
80,128,8,2.045814037,1.791080475,500178,496282,1000356
80,128,9,2.049076796,1.792094707,500178,496282,1000356
73,128,0,2.045130014,1.788066149,499873,495954,999746
73,128,1,2.181137323,1.924069643,499873,495954,999746
73,128,2,2.048157454,1.791095972,499873,495954,999746
73,128,3,2.049052238,1.792073488,499873,495954,999746
73,128,4,1.920054913,1.664084196,499873,495954,999746
73,128,5,1.790121555,1.533064365,499873,495954,999746
73,128,6,1.921078444,1.664058924,499873,495954,999746
73,128,7,1.925031662,1.668061972,499873,495954,999746
73,128,8,2.049150229,1.792077780,499873,495954,999746
73,128,9,2.049204350,1.792092085,499873,495954,999746
58,128,0,1.983565092,1.728077888,500063,496057,1000126
58,128,1,1.792015076,1.534407139,500063,496057,1000126
58,128,2,1.789541006,1.532084227,500063,496057,1000126
58,128,3,1.793617487,1.535086632,500063,496057,1000126
58,128,4,1.992634058,1.736075878,500063,496057,1000126
58,128,5,1.663036585,1.405091286,500063,496057,1000126
58,128,6,1.794517279,1.537094355,500063,496057,1000126
58,128,7,1.919977665,1.662062645,500063,496057,1000126
58,128,8,2.049470425,1.795066357,500063,496057,1000126
58,128,9,2.052987099,1.792095184,500063,496057,1000126
17,128,0,2.308698416,2.052098751,500225,496276,1000450
17,128,1,2.300977945,2.044133663,500225,496276,1000450
17,128,2,2.304003239,2.047125101,500225,496276,1000450
17,128,3,2.304957151,2.048120499,500225,496276,1000450
17,128,4,2.303799152,2.047085762,500225,496276,1000450
17,128,5,2.177666664,1.921077967,500225,496276,1000450
17,128,6,2.177011967,1.920125723,500225,496276,1000450
17,128,7,2.176994801,1.920109034,500225,496276,1000450
17,128,8,2.177016735,1.920114279,500225,496276,1000450
17,128,9,2.049113989,1.792180777,500225,496276,1000450
92,128,0,2.178431988,1.921090841,499942,495978,999884
92,128,1,2.156446218,1.921079874,499942,495978,999884
92,128,2,2.154502869,1.895077944,499942,495978,999884
92,128,3,2.179362297,1.918087721,499942,495978,999884
92,128,4,2.050357103,1.792077065,499942,495978,999884
92,128,5,1.916344404,1.658068895,499942,495978,999884
92,128,6,1.927168369,1.669086218,499942,495978,999884
92,128,7,2.050096750,1.790078640,499942,495978,999884
92,128,8,1.918294430,1.663104057,499942,495978,999884
92,128,9,1.921641588,1.664090157,499942,495978,999884
123,128,0,1.400027514,1.392992258,499987,496064,999974
123,128,1,1.433055878,1.426030636,499987,496064,999974
123,128,2,1.415082455,1.408015490,499987,496064,999974
123,128,3,1.415094376,1.408027649,499987,496064,999974
123,128,4,1.415033102,1.408004761,499987,496064,999974
123,128,5,1.416043043,1.409011602,499987,496064,999974
123,128,6,1.411077976,1.404037476,499987,496064,999974
123,128,7,1.415043354,1.408004761,499987,496064,999974
123,128,8,1.415066242,1.408031464,499987,496064,999974
123,128,9,1.415089846,1.408035517,499987,496064,999974
37,128,0,2.045054913,1.788094282,500242,496411,1000484
37,128,1,2.180954933,1.924076319,500242,496411,1000484
37,128,2,2.176963329,1.920086622,500242,496411,1000484
37,128,3,2.180918694,1.924073696,500242,496411,1000484
37,128,4,2.175795078,1.919078588,500242,496411,1000484
37,128,5,1.921938896,1.665091038,500242,496411,1000484
37,128,6,2.176924944,1.920070887,500242,496411,1000484
37,128,7,2.177035332,1.920081139,500242,496411,1000484
37,128,8,2.176943064,1.920078993,500242,496411,1000484
37,128,9,2.049027681,1.792097569,500242,496411,1000484
40,128,0,2.306851864,2.049091578,500142,496236,1000284
40,128,1,2.178550959,1.921101570,500142,496236,1000284
40,128,2,2.147517443,1.892104864,500142,496236,1000284
40,128,3,2.305583715,2.048091888,500142,496236,1000284
40,128,4,2.309508324,2.048084497,500142,496236,1000284
40,128,5,2.044277191,1.786101103,500142,496236,1000284
40,128,6,2.043364525,1.785085201,500142,496236,1000284
40,128,7,2.304247379,2.044090271,500142,496236,1000284
40,128,8,2.174351215,1.916111231,500142,496236,1000284
40,128,9,2.049830675,1.792115211,500142,496236,1000284
10,128,0,2.363561392,2.106074572,499829,495995,999658
10,128,1,2.214806557,1.957072020,499829,495995,999658
10,128,2,2.303504944,2.046071291,499829,495995,999658
10,128,3,2.306099176,2.048130989,499829,495995,999658
10,128,4,2.300586939,2.043107510,499829,495995,999658
10,128,5,2.180535316,1.921077967,499829,495995,999658
10,128,6,2.178516865,1.921071291,499829,495995,999658
10,128,7,2.303503513,2.046074867,499829,495995,999658
10,128,8,2.181500435,1.923064947,499829,495995,999658
10,128,9,2.125015974,1.868137360,499829,495995,999658
11,128,0,2.126161575,2.119003296,500017,496111,1000034
11,128,1,2.126127958,2.119013548,500017,496111,1000034
11,128,2,2.119219303,2.112029791,500017,496111,1000034
11,128,3,2.119143248,2.111911297,500017,496111,1000034
11,128,4,2.121163130,2.114013433,500017,496111,1000034
11,128,5,2.120189905,2.113029957,500017,496111,1000034
11,128,6,2.115191698,2.108035088,500017,496111,1000034
11,128,7,2.130181313,2.123021603,500017,496111,1000034
11,128,8,2.108129978,2.101010084,500017,496111,1000034
11,128,9,2.126167297,2.119023085,500017,496111,1000034
90,128,0,2.055615664,1.798069239,499997,496004,999994
90,128,1,2.050616264,1.793071032,499997,496004,999994
90,128,2,2.049478054,1.792057991,499997,496004,999994
90,128,3,2.054108381,1.796062469,499997,496004,999994
90,128,4,2.048517227,1.792069674,499997,496004,999994
90,128,5,1.920669079,1.665076971,499997,496004,999994
90,128,6,1.922485828,1.665071249,499997,496004,999994
90,128,7,2.047711611,1.790067196,499997,496004,999994
90,128,8,2.053558111,1.795062304,499997,496004,999994
90,128,9,2.048864603,1.792081833,499997,496004,999994
21,128,0,2.177062035,1.920121908,500015,496107,1000030
21,128,1,2.301038265,2.044102669,500015,496107,1000030
21,128,2,2.311903477,2.055086374,500015,496107,1000030
21,128,3,2.304839134,2.048074245,500015,496107,1000030
21,128,4,2.307661057,2.051085234,500015,496107,1000030
21,128,5,2.050133228,1.793116093,500015,496107,1000030
21,128,6,2.177033663,1.920082331,500015,496107,1000030
21,128,7,2.176932096,1.920073748,500015,496107,1000030
21,128,8,2.172174692,1.791308641,500015,496107,1000030
21,128,9,2.053077459,1.792105198,500015,496107,1000030
36,128,0,2.182467937,1.921094656,500031,496086,1000062
36,128,1,2.174458981,1.917088509,500031,496086,1000062
36,128,2,2.102503777,1.839119196,500031,496086,1000062
36,128,3,2.305417299,2.044041395,500031,496086,1000062
36,128,4,2.305647612,2.048097849,500031,496086,1000062
36,128,5,2.052335024,1.794113636,500031,496086,1000062
36,128,6,2.051305294,1.793080330,500031,496086,1000062
36,128,7,2.304337502,2.044090748,500031,496086,1000062
36,128,8,2.054852724,1.795666695,500031,496086,1000062
36,128,9,2.049556017,1.792096853,500031,496086,1000062
94,128,0,2.051422834,1.794062614,499903,495930,999806
94,128,1,2.041842937,1.788067579,499903,495930,999806
94,128,2,2.049410343,1.792065382,499903,495930,999806
94,128,3,2.050058842,1.792070866,499903,495930,999806
94,128,4,2.052410126,1.796060562,499903,495930,999806
94,128,5,1.920504332,1.665070057,499903,495930,999806
94,128,6,1.921447754,1.664055586,499903,495930,999806
94,128,7,2.047634363,1.790063620,499903,495930,999806
94,128,8,2.049410343,1.791063070,499903,495930,999806
94,128,9,2.048738003,1.792077780,499903,495930,999806
103,128,0,1.763063431,1.756012440,500017,496128,1000034
103,128,1,1.763082981,1.756023169,500017,496128,1000034
103,128,2,1.767087698,1.760012150,500017,496128,1000034
103,128,3,1.767033339,1.759992838,500017,496128,1000034
103,128,4,1.773047686,1.766006708,500017,496128,1000034
103,128,5,1.768125534,1.761065722,500017,496128,1000034
103,128,6,1.763022900,1.756048203,500017,496128,1000034
103,128,7,1.767069817,1.760022402,500017,496128,1000034
103,128,8,1.767074823,1.760041237,500017,496128,1000034
103,128,9,1.774117708,1.767043352,500017,496128,1000034
28,128,0,2.178560257,1.921081305,500038,496152,1000076
28,128,1,2.175521851,1.913097620,500038,496152,1000076
28,128,2,2.082537651,1.827116966,500038,496152,1000076
28,128,3,2.307583570,2.050078154,500038,496152,1000076
28,128,4,2.177335978,1.920056581,500038,496152,1000076
28,128,5,2.056331396,1.798068047,500038,496152,1000076
28,128,6,2.047068357,1.789082289,500038,496152,1000076
28,128,7,2.180056572,1.920083761,500038,496152,1000076
28,128,8,1.926456690,1.667109489,500038,496152,1000076
28,128,9,1.911907911,1.530539274,500038,496152,1000076
18,128,0,2.431506395,2.174081564,500038,495977,1000076
18,128,1,2.302819490,2.045081139,500038,495977,1000076
18,128,2,2.185535669,1.928104639,500038,495977,1000076
18,128,3,2.305940151,2.048109770,500038,495977,1000076
18,128,4,2.304532051,2.047089100,500038,495977,1000076
18,128,5,2.122611046,1.913095236,500038,495977,1000076
18,128,6,2.174550056,1.917088270,500038,495977,1000076
18,128,7,2.307487965,2.050094366,500038,495977,1000076
18,128,8,2.174103737,1.915498734,500038,495977,1000076
18,128,9,2.181052685,1.920095921,500038,495977,1000076
4,128,0,2.430492878,2.172100306,499887,496016,999774
4,128,1,2.303605795,2.049157858,499887,496016,999774
4,128,2,2.319262743,2.060117483,499887,496016,999774
4,128,3,2.434260845,2.177089691,499887,496016,999774
4,128,4,2.302225113,2.044125319,499887,496016,999774
4,128,5,2.303931713,2.046096802,499887,496016,999774
4,128,6,2.179175854,1.921094894,499887,496016,999774
4,128,7,2.304276466,2.044086695,499887,496016,999774
4,128,8,2.177997112,1.919098377,499887,496016,999774
4,128,9,2.173352718,1.916109800,499887,496016,999774
85,128,0,2.177021503,1.920077801,500033,496207,1000066
85,128,1,2.304849148,2.048041821,500033,496207,1000066
85,128,2,2.176964760,1.920070410,500033,496207,1000066
85,128,3,2.176923275,1.920059681,500033,496207,1000066
85,128,4,2.176048279,1.919077873,500033,496207,1000066
85,128,5,2.050030708,1.793070078,500033,496207,1000066
85,128,6,2.049049377,1.792079449,500033,496207,1000066
85,128,7,2.048997879,1.792077065,500033,496207,1000066
85,128,8,2.049025297,1.792083502,500033,496207,1000066
85,128,9,2.049061537,1.792090654,500033,496207,1000066
14,128,0,2.439261198,2.182082176,500214,496475,1000428
14,128,1,2.050559044,1.793141842,500214,496475,1000428
14,128,2,2.181471825,1.924099684,500214,496475,1000428
14,128,3,2.305809498,2.048087597,500214,496475,1000428
14,128,4,2.180495024,1.924125910,500214,496475,1000428
14,128,5,2.048574924,1.793118477,500214,496475,1000428
14,128,6,2.050394535,1.793065310,500214,496475,1000428
14,128,7,2.175265074,1.918010473,500214,496475,1000428
14,128,8,2.181375265,1.924064875,500214,496475,1000428
14,128,9,2.100906372,1.844087124,500214,496475,1000428
13,128,0,2.177004337,1.920092821,499794,495926,999588
13,128,1,2.300748587,2.044083595,499794,495926,999588
13,128,2,2.177074909,1.920155525,499794,495926,999588
13,128,3,2.177044392,1.920147419,499794,495926,999588
13,128,4,2.180043697,1.923077345,499794,495926,999588
13,128,5,2.050018549,1.793074846,499794,495926,999588
13,128,6,2.176782370,1.920080423,499794,495926,999588
13,128,7,2.049075842,1.792110682,499794,495926,999588
13,128,8,2.048947573,1.792011499,499794,495926,999588
13,128,9,2.048970938,1.792094231,499794,495926,999588
16,128,0,2.306225061,2.049102545,499904,495882,999808
16,128,1,2.311247110,2.052083731,499904,495882,999808
16,128,2,2.251275778,1.992120266,499904,495882,999808
16,128,3,2.402121544,2.141114235,499904,495882,999808
16,128,4,2.433143854,2.176096439,499904,495882,999808
16,128,5,2.300090551,2.042095900,499904,495882,999808
16,128,6,2.310862541,2.049093246,499904,495882,999808
16,128,7,2.284133434,2.028136015,499904,495882,999808
16,128,8,2.181897879,1.923091173,499904,495882,999808
16,128,9,2.177239895,1.920108795,499904,495882,999808
5,128,0,2.308763981,2.052094221,500177,496214,1000354
5,128,1,2.432575226,2.176099539,500177,496214,1000354
5,128,2,2.307939291,2.051171541,500177,496214,1000354
5,128,3,2.312921286,2.052126169,500177,496214,1000354
5,128,4,2.299901009,2.043109655,500177,496214,1000354
5,128,5,2.177840471,1.921099424,500177,496214,1000354
5,128,6,2.304615259,2.048098087,500177,496214,1000354
5,128,7,2.176877975,1.920099497,500177,496214,1000354
5,128,8,2.176873207,1.920083523,500177,496214,1000354
5,128,9,2.174985170,1.920112371,500177,496214,1000354
104,128,0,2.306432486,2.049103260,499881,495973,999762
104,128,1,2.299472332,2.045106411,499881,495973,999762
104,128,2,2.291563034,2.036111832,499881,495973,999762
104,128,3,2.305408955,2.048077106,499881,495973,999762
104,128,4,2.182410479,1.924094439,499881,495973,999762
104,128,5,2.044292927,1.786091328,499881,495973,999762
104,128,6,1.923255682,1.665104151,499881,495973,999762
104,128,7,2.172142029,1.916098356,499881,495973,999762
104,128,8,2.305180073,2.044090509,499881,495973,999762
104,128,9,2.150468111,1.920109987,499881,495973,999762
105,128,0,2.305051804,2.048106909,499794,495698,999588
105,128,1,2.313106298,2.056092739,499794,495698,999588
105,128,2,2.296089649,2.039078712,499794,495698,999588
105,128,3,2.301130295,2.048085451,499794,495698,999588
105,128,4,2.316047430,2.059068918,499794,495698,999588
105,128,5,2.046149254,1.789100170,499794,495698,999588
105,128,6,2.173020601,1.916084528,499794,495698,999588
105,128,7,2.177109718,1.920092821,499794,495698,999588
105,128,8,2.300729036,2.044078827,499794,495698,999588
105,128,9,2.179198027,1.928112507,499794,495698,999588
0,128,0,2.434017181,2.177051783,500109,496292,1000218
0,128,1,2.439056635,2.180008650,500109,496292,1000218
0,128,2,2.335142374,2.076073885,500109,496292,1000218
0,128,3,2.435120583,2.212998867,500109,496292,1000218
0,128,4,2.432951689,2.176017284,500109,496292,1000218
0,128,5,2.303942680,2.045974970,500109,496292,1000218
0,128,6,2.306787014,2.049023628,500109,496292,1000218
0,128,7,2.308246374,2.052177906,500109,496292,1000218
0,128,8,2.303878784,2.045037508,500109,496292,1000218
0,128,9,2.309129953,2.048043728,500109,496292,1000218
115,128,0,1.411741734,1.404828072,500334,496490,1000668
115,128,1,1.411719084,1.404772043,500334,496490,1000668
115,128,2,1.415806293,1.408799887,500334,496490,1000668
115,128,3,1.415791512,1.408779860,500334,496490,1000668
115,128,4,1.415624857,1.408762693,500334,496490,1000668
115,128,5,1.460598230,1.453746557,500334,496490,1000668
115,128,6,1.426694870,1.419783831,500334,496490,1000668
115,128,7,1.415671110,1.408763409,500334,496490,1000668
115,128,8,1.767137766,1.760021687,500334,496490,1000668
115,128,9,1.767159224,1.760023355,500334,496490,1000668
9,128,0,2.304803610,2.048071384,500244,496409,1000488
9,128,1,2.305026531,2.048133612,500244,496409,1000488
9,128,2,2.304148197,2.047138691,500244,496409,1000488
9,128,3,2.305109262,2.048099995,500244,496409,1000488
9,128,4,2.308002234,2.051085711,500244,496409,1000488
9,128,5,2.177935123,1.921077728,500244,496409,1000488
9,128,6,2.304631233,2.048077345,500244,496409,1000488
9,128,7,2.177009583,1.920059443,500244,496409,1000488
9,128,8,2.177005529,1.920086384,500244,496409,1000488
9,128,9,2.175055742,1.920102596,500244,496409,1000488
126,128,0,2.051515102,1.794112444,500030,496161,1000060
126,128,1,2.049787283,1.792088032,500030,496161,1000060
126,128,2,2.049356937,1.792063713,500030,496161,1000060
126,128,3,2.049960375,1.792121410,500030,496161,1000060
126,128,4,1.796611547,1.536117077,500030,496161,1000060
126,128,5,1.667329311,1.408063889,500030,496161,1000060
126,128,6,1.793374777,1.536062956,500030,496161,1000060
126,128,7,2.049616337,1.792063236,500030,496161,1000060
126,128,8,2.045444965,1.788077831,500030,496161,1000060
126,128,9,2.048773050,1.792136192,500030,496161,1000060
12,128,0,2.306049347,2.045092583,500307,496447,1000614
12,128,1,2.178212166,1.921160936,500307,496447,1000614
12,128,2,2.178253412,1.919145107,500307,496447,1000614
12,128,3,2.309012175,2.048103809,500307,496447,1000614
12,128,4,2.305035830,2.048089743,500307,496447,1000614
12,128,5,2.175804377,1.918063641,500307,496447,1000614
12,128,6,2.170832396,1.917080164,500307,496447,1000614
12,128,7,2.179804325,1.924093723,500307,496447,1000614
12,128,8,2.173868656,1.916081667,500307,496447,1000614
12,128,9,2.185270071,1.920099497,500307,496447,1000614
8,128,0,2.306006193,2.049118280,500107,496192,1000214
8,128,1,2.310943604,2.052080870,500107,496192,1000214
8,128,2,2.310538054,1.931528091,500107,496192,1000214
8,128,3,2.384985209,2.128087521,500107,496192,1000214
8,128,4,2.306000948,2.048127651,500107,496192,1000214
8,128,5,2.175924301,1.918119669,500107,496192,1000214
8,128,6,2.178694248,1.921070576,500107,496192,1000214
8,128,7,2.303686857,2.044086695,500107,496192,1000214
8,128,8,2.308089733,2.050082922,500107,496192,1000214
8,128,9,2.304994822,2.048108101,500107,496192,1000214
98,128,0,2.179490328,1.922072649,499930,496002,999860
98,128,1,2.178656340,1.921075583,499930,496002,999860
98,128,2,2.177537441,1.920062304,499930,496002,999860
98,128,3,2.273856878,2.016074181,499930,496002,999860
98,128,4,2.048475742,1.792055368,499930,496002,999860
98,128,5,1.916669369,1.661062241,499930,496002,999860
98,128,6,1.922406673,1.665057898,499930,496002,999860
98,128,7,2.179472208,1.922067165,499930,496002,999860
98,128,8,2.305503845,2.048071861,499930,496002,999860
98,128,9,2.173815727,1.920077324,499930,496002,999860
114,128,0,2.179607868,1.922103405,500294,496501,1000588
114,128,1,2.174950361,1.917096376,500294,496501,1000588
114,128,2,2.177404881,1.920081377,500294,496501,1000588
114,128,3,2.237984419,1.980083942,500294,496501,1000588
114,128,4,2.048473597,1.791078806,500294,496501,1000588
114,128,5,1.792630434,1.533082247,500294,496501,1000588
114,128,6,1.793421984,1.536082268,500294,496501,1000588
114,128,7,2.079566240,1.822089672,500294,496501,1000588
114,128,8,2.221400023,1.964051485,500294,496501,1000588
114,128,9,2.173754454,1.920105457,500294,496501,1000588
102,128,0,2.051518679,1.794061899,500214,496164,1000428
102,128,1,2.050504446,1.793069363,500214,496164,1000428
102,128,2,2.053459167,1.796065092,500214,496164,1000428
102,128,3,2.181876898,1.924079895,500214,496164,1000428
102,128,4,2.052476168,1.796071053,500214,496164,1000428
102,128,5,1.920499802,1.665073395,500214,496164,1000428
102,128,6,1.922375202,1.665064335,500214,496164,1000428
102,128,7,2.175427437,1.918067932,500214,496164,1000428
102,128,8,2.308083773,1.926823378,500214,496164,1000428
102,128,9,2.173898697,1.920107365,500214,496164,1000428
121,128,0,2.051338911,1.794252157,500048,496072,1000096
121,128,1,2.176897764,1.920109510,500048,496072,1000096
121,128,2,2.176921844,1.920099020,500048,496072,1000096
121,128,3,2.176818609,1.920074701,500048,496072,1000096
121,128,4,2.047914028,1.791094065,500048,496072,1000096
121,128,5,1.920348406,1.663266659,500048,496072,1000096
121,128,6,2.048943043,1.792099714,500048,496072,1000096
121,128,7,2.048858166,1.792073965,500048,496072,1000096
121,128,8,2.048880577,1.792116165,500048,496072,1000096
121,128,9,2.042942047,1.792121410,500048,496072,1000096
1,128,0,2.305217266,2.048152685,499877,496104,999754
1,128,1,2.429433584,2.172453165,499877,496104,999754
1,128,2,2.428062916,2.171082497,499877,496104,999754
1,128,3,2.432929039,2.176059246,499877,496104,999754
1,128,4,2.304092884,2.047109365,499877,496104,999754
1,128,5,2.174038410,1.917100430,499877,496104,999754
1,128,6,2.305058956,2.048084497,499877,496104,999754
1,128,7,2.304971695,2.048057556,499877,496104,999754
1,128,8,2.305092812,2.048080683,499877,496104,999754
1,128,9,2.299075603,2.048077345,499877,496104,999754
120,128,0,2.306397676,2.045084000,500006,496105,1000012
120,128,1,2.175483465,1.921124935,500006,496105,1000012
120,128,2,2.238464117,1.980081558,500006,496105,1000012
120,128,3,2.051635742,1.794111967,500006,496105,1000012
120,128,4,2.049489737,1.792096853,500006,496105,1000012
120,128,5,1.928207159,1.670073032,500006,496105,1000012
120,128,6,2.051353693,1.793086767,500006,496105,1000012
120,128,7,2.080368519,1.824093580,500006,496105,1000012
120,128,8,2.082205296,1.824081421,500006,496105,1000012
120,128,9,2.048451424,1.792145729,500006,496105,1000012
100,128,0,2.342280149,2.085085630,500005,496116,1000010
100,128,1,2.299470901,2.045083523,500005,496116,1000010
100,128,2,2.207411528,1.948092699,500005,496116,1000010
100,128,3,2.181442499,1.924086809,500005,496116,1000010
100,128,4,2.182383776,1.924084902,500005,496116,1000010
100,128,5,2.048194170,1.790087223,500005,496116,1000010
100,128,6,2.047197342,1.789076805,500005,496116,1000010
100,128,7,2.046148539,1.788082123,500005,496116,1000010
100,128,8,2.177256823,1.920104265,500005,496116,1000010
100,128,9,2.176602840,1.920120716,500005,496116,1000010
6,128,0,2.307577610,2.050127029,499961,496031,999922
6,128,1,2.178680897,1.921138525,499961,496031,999922
6,128,2,2.181506395,1.924111605,499961,496031,999922
6,128,3,2.301923037,2.044113636,499961,496031,999922
6,128,4,2.304522276,2.047065020,499961,496031,999922
6,128,5,2.172497272,1.915073395,499961,496031,999922
6,128,6,2.178546190,1.921077251,499961,496031,999922
6,128,7,2.179510593,1.922092199,499961,496031,999922
6,128,8,2.173461914,1.916058064,499961,496031,999922
6,128,9,2.211037636,1.920085669,499961,496031,999922
113,128,0,2.177142143,1.924117804,500100,496076,1000200
113,128,1,2.305125475,2.048116922,500100,496076,1000200
113,128,2,2.284031630,2.027096272,500100,496076,1000200
113,128,3,2.177093267,1.920095444,500100,496076,1000200
113,128,4,2.172148466,1.915093422,500100,496076,1000200
113,128,5,2.046082735,1.789094448,500100,496076,1000200
113,128,6,2.177089453,1.920093536,500100,496076,1000200
113,128,7,2.045091867,1.792090178,500100,496076,1000200
113,128,8,2.177126646,1.920095921,500100,496076,1000200
113,128,9,2.175158739,1.924117088,500100,496076,1000200
2,128,0,2.431381226,2.174078465,499748,495818,999496
2,128,1,2.302789211,2.045047522,499748,495818,999496
2,128,2,2.307339191,2.050027847,499748,495818,999496
2,128,3,2.305957556,2.048069477,499748,495818,999496
2,128,4,2.277685881,2.048077822,499748,495818,999496
2,128,5,2.180476665,1.925054550,499748,495818,999496
2,128,6,2.174372435,1.917032957,499748,495818,999496
2,128,7,2.307302952,2.050036430,499748,495818,999496
2,128,8,2.305333138,2.048040390,499748,495818,999496
2,128,9,2.303698301,2.048075914,499748,495818,999496
117,128,0,2.048824787,1.792117119,499807,495814,999614
117,128,1,2.176776886,1.920118332,499807,495814,999614
117,128,2,2.176578522,1.920077801,499807,495814,999614
117,128,3,2.304601192,2.048092127,499807,495814,999614
117,128,4,2.175822258,1.919099808,499807,495814,999614
117,128,5,2.045774221,1.789094448,499807,495814,999614
117,128,6,2.176693201,1.920070887,499807,495814,999614
117,128,7,2.176593304,1.920070648,499807,495814,999614
117,128,8,2.176807880,1.920114517,499807,495814,999614
117,128,9,2.170711756,1.920121431,499807,495814,999614
106,128,0,2.048051834,1.790405035,499894,495944,999788
106,128,1,2.050618887,1.793083906,499894,495944,999788
106,128,2,2.053525448,1.796087742,499894,495944,999788
106,128,3,2.173942804,1.916074514,499894,495944,999788
106,128,4,1.920509577,1.664069653,499894,495944,999788
106,128,5,1.788707733,1.533091784,499894,495944,999788
106,128,6,1.793508291,1.536087036,499894,495944,999788
106,128,7,2.053579330,1.796093702,499894,495944,999788
106,128,8,2.109486818,1.852082729,499894,495944,999788
106,128,9,2.179763556,1.920111179,499894,495944,999788
109,128,0,2.176893473,1.916098118,499986,496066,999972
109,128,1,2.304822922,2.048099756,499986,496066,999972
109,128,2,2.176837206,1.920097589,499986,496066,999972
109,128,3,2.176900625,1.920089006,499986,496066,999972
109,128,4,2.175864935,1.919086695,499986,496066,999972
109,128,5,2.049849749,1.793096781,499986,496066,999972
109,128,6,2.048833132,1.792093039,499986,496066,999972
109,128,7,2.048884392,1.792096138,499986,496066,999972
109,128,8,2.176776409,1.920097828,499986,496066,999972
109,128,9,2.176861286,1.920108795,499986,496066,999972
122,128,0,2.175512791,1.918102741,499937,496047,999874
122,128,1,2.178826809,1.921064377,499937,496047,999874
122,128,2,2.173381567,1.916069269,499937,496047,999874
122,128,3,2.177962542,1.920109510,499937,496047,999874
122,128,4,1.916489124,1.659082890,499937,496047,999874
122,128,5,1.796511889,1.537059546,499937,496047,999874
122,128,6,1.921489239,1.664061785,499937,496047,999874
122,128,7,2.175506353,1.918065786,499937,496047,999874
122,128,8,2.045450449,1.788085699,499937,496047,999874
122,128,9,2.173639059,1.919124603,499937,496047,999874
125,128,0,2.048990011,1.792130709,500019,496203,1000038
125,128,1,2.176857233,1.920119762,500019,496203,1000038
125,128,2,2.176617146,1.920091152,500019,496203,1000038
125,128,3,2.049008608,1.792136908,500019,496203,1000038
125,128,4,2.047931910,1.791110039,500019,496203,1000038
125,128,5,1.921909332,1.665094614,500019,496203,1000038
125,128,6,2.052850723,1.796075344,500019,496203,1000038
125,128,7,2.048598766,1.792072773,500019,496203,1000038
125,128,8,2.048763752,1.792088509,500019,496203,1000038
125,128,9,2.048727751,1.792095184,500019,496203,1000038
124,128,0,2.182354689,1.921098471,499886,495928,999772
124,128,1,2.054550886,1.797156811,499886,495928,999772
124,128,2,2.114847183,1.856106758,499886,495928,999772
124,128,3,1.923490763,1.666126251,499886,495928,999772
124,128,4,1.921471357,1.664127111,499886,495928,999772
124,128,5,1.800247431,1.542075872,499886,495928,999772
124,128,6,1.926218510,1.668077946,499886,495928,999772
124,128,7,2.046235323,1.790081739,499886,495928,999772
124,128,8,2.049260378,1.792109013,499886,495928,999772
124,128,9,2.045518398,1.796121836,499886,495928,999772
101,128,0,2.176939487,1.920108318,500115,496234,1000230
101,128,1,2.304843664,2.048087358,500115,496234,1000230
101,128,2,2.303794384,2.047077656,500115,496234,1000230
101,128,3,2.305033445,2.048087120,500115,496234,1000230
101,128,4,2.259786844,2.003077507,500115,496234,1000230
101,128,5,2.049811125,1.793076515,500115,496234,1000230
101,128,6,2.048845053,1.792066574,500115,496234,1000230
101,128,7,2.048850298,1.792073488,500115,496234,1000230
101,128,8,2.176703215,1.920100451,500115,496234,1000230
101,128,9,2.176689386,1.920109749,500115,496234,1000230
118,128,0,2.175610065,1.918098450,499906,495902,999812
118,128,1,2.178904772,1.921069145,499906,495902,999812
118,128,2,2.173481941,1.916068792,499906,495902,999812
118,128,3,2.177963734,1.920086861,499906,495902,999812
118,128,4,1.916682482,1.659092426,499906,495902,999812
118,128,5,1.796510696,1.537072659,499906,495902,999812
118,128,6,1.921599865,1.664062977,499906,495902,999812
118,128,7,2.175162554,1.793671370,499906,495902,999812
118,128,8,2.049592018,1.792090654,499906,495902,999812
118,128,9,2.170889139,1.919109344,499906,495902,999812
108,128,0,2.178425550,1.917095423,500142,496326,1000284
108,128,1,2.222621918,1.921095848,500142,496326,1000284
108,128,2,2.219557762,1.964101076,500142,496326,1000284
108,128,3,2.179428339,1.922092676,500142,496326,1000284
108,128,4,2.177587986,1.920094967,500142,496326,1000284
108,128,5,1.928077221,1.670088530,500142,496326,1000284
108,128,6,1.794243097,1.536095619,500142,496326,1000284
108,128,7,2.056094885,1.800099611,500142,496326,1000284
108,128,8,2.177273035,1.920087814,500142,496326,1000284
108,128,9,2.170491457,1.920118809,500142,496326,1000284
97,128,0,2.304768801,2.048084497,500038,496101,1000076
97,128,1,2.308804512,2.052089214,500038,496101,1000076
97,128,2,2.303761721,2.047085762,500038,496101,1000076
97,128,3,2.304831505,2.052088499,500038,496101,1000076
97,128,4,2.311723709,2.055082560,500038,496101,1000076
97,128,5,2.049788713,1.793087482,500038,496101,1000076
97,128,6,2.176753283,1.920074224,500038,496101,1000076
97,128,7,2.176748276,1.920086145,500038,496101,1000076
97,128,8,2.304493427,2.048094749,500038,496101,1000076
97,128,9,2.308564901,2.052116871,500038,496101,1000076
110,128,0,2.043394804,1.786087036,499895,496062,999790
110,128,1,1.925528049,1.668083429,499895,496062,999790
110,128,2,1.925444126,1.668081760,499895,496062,999790
110,128,3,2.046238661,1.788079500,499895,496062,999790
110,128,4,1.920437574,1.663070917,499895,496062,999790
110,128,5,1.664697886,1.405090332,499895,496062,999790
110,128,6,1.665399790,1.408076048,499895,496062,999790
110,128,7,1.921592712,1.664076567,499895,496062,999790
110,128,8,2.049485683,1.792072535,499895,496062,999790
110,128,9,2.174592257,1.919094086,499895,496062,999790
112,128,0,2.302465200,2.045116663,500358,496409,1000716
112,128,1,2.339541435,2.077131271,500358,496409,1000716
112,128,2,2.214718580,1.920103788,500358,496409,1000716
112,128,3,2.179444075,1.922101259,500358,496409,1000716
112,128,4,2.177421093,1.920105696,500358,496409,1000716
112,128,5,2.020108938,1.762103081,500358,496409,1000716
116,128,0,2.301168919,1.919582844,499976,496134,999952
116,128,1,2.175444126,1.921113014,499976,496134,999952
116,128,2,2.170397520,1.911082745,499976,496134,999952
116,128,3,2.179332495,1.922069788,499976,496134,999952
116,128,4,2.177353144,1.920091629,499976,496134,999952
116,128,5,1.928186655,1.670104027,499976,496134,999952
116,128,6,2.051088095,1.793085575,499976,496134,999952
116,128,7,2.176061630,1.920069695,499976,496134,999952
116,128,8,2.145161390,1.888118505,499976,496134,999952
116,128,9,2.118611097,1.792121887,499976,496134,999952
96,128,0,2.311664581,2.050595045,500046,496245,1000092
96,128,1,2.306276798,2.049088240,500046,496245,1000092
96,128,2,2.287141085,2.028094292,500046,496245,1000092
96,128,3,2.305083275,2.052103043,500046,496245,1000092
96,128,4,2.305140257,2.048082352,500046,496245,1000092
96,128,5,2.091886520,1.834083557,500046,496245,1000092
96,128,6,2.042781353,1.785084724,500046,496245,1000092
96,128,7,2.151740074,1.896083593,500046,496245,1000092
96,128,8,2.304788351,2.048081636,500046,496245,1000092
96,128,9,2.333206415,2.048141956,500046,496245,1000092
112,128,6,1.923357487,1.665100813,500358,496409,1000716
112,128,7,2.048294067,1.792106628,500358,496409,1000716
112,128,8,2.181105852,1.924047470,500358,496409,1000716
112,128,9,2.209913492,1.920199633,500358,496409,1000716
99,128,0,1.774182558,1.767146111,499893,496086,999786
99,128,1,1.763155460,1.756126165,499893,496086,999786
99,128,2,1.767185211,1.760143518,499893,496086,999786
99,128,3,1.767384768,1.760121584,499893,496086,999786
99,128,4,1.758224010,1.751143694,499893,496086,999786
99,128,5,1.768213749,1.761145115,499893,496086,999786
99,128,6,1.767182827,1.760153055,499893,496086,999786
99,128,7,1.767207623,1.760140657,499893,496086,999786
99,128,8,2.119075775,2.112020254,499893,496086,999786
99,128,9,2.309503794,2.093015909,499893,496086,999786
